id,time,team,source,size,odds,book,sport,date,timestamp,market,over/under,Line #,implied_prob,r,fd_odds,fd_odds_5s,fd_odds_10s,dk_odds,dk_odds_5s,dk_odds_10s,br_odds,br_odds_5s,br_odds_10s,czr_odds,czr_odds_5s,czr_odds_10s,es_odds,es_odds_5s,es_odds_10s,ka_odds,ka_odds_5s,ka_odds_10s,mgm_odds,mgm_odds_5s,mgm_odds_10s,li_odds,li_odds_5s,li_odds_10s,nv_odds,nv_odds_5s,nv_odds_10s,fv_odds,fv_odds_5s,fv_odds_10s
1875767,1/21/2026 4:34,born,ws,6300,-160,c,ts,1/20/2026,23:34:27,0,,,0.6154,w,0.6667,0.6667,0.6667,0.6721,0.6743,0.6743,0.6825,0.6825,0.6825,0.6154,0.6154,0.6154,0.6667,0.6667,0.6667,0.6667,0.6564,0.6564,,,,0.6923,0.6875,0.6875,,,,0.635,0.6337,0.6337
1876286,1/21/2026 5:35,born,ws,5700,125,c,ts,1/20/2026,0:35:41,0,,,0.4444,w,0.5,0.4878,0.4878,0.537,0.5074,0.5074,0.5,0.4762,0.4762,0.4444,0.4444,0.4444,0.5238,0.4762,0.4762,0.5169,0.5283,0.5283,,,,0.5,0.5,0.5,0.5,0.5,0.5,0.4717,0.4587,0.4587
1875648,1/21/2026 4:22,born,ws,7800,-152,d,ts,1/20/2026,23:22:59,0,,,0.6032,w,0.6923,0.6923,0.6923,0.6032,0.6441,0.6441,0.6454,,,0.6552,0.6552,0.6552,,,,0.6564,0.6855,0.6855,,,,0.6552,,,,,,0.6183,0.654,0.654
1876065,1/21/2026 5:07,born,ws,7800,-145,c,ts,1/20/2026,0:07:01,0,,,0.5918,w,0.6774,0.6296,0.6296,0.67,0.639,0.6429,0.6721,0.6454,0.6454,0.5918,0.5918,0.5918,0.6667,0.6296,0.6296,0.6269,0.6269,0.5868,,,,0.661,0.6491,0.6491,0.6479,0.6479,0.6479,0.6183,0.5968,0.5984
1871298,1/21/2026 0:13,cerf,ws,6800,-310,d,ts,1/20/2026,19:13:16,0,,,0.7561,w,0.8,0.8182,0.8182,0.7561,0.8092,0.8092,0.8198,0.8333,0.8333,0.7826,0.7826,0.7826,0.8,0.8182,0.8182,0.7921,0.8113,0.8113,,,,0.8333,0.8413,0.8413,,,,0.7696,0.7886,0.7886
1870849,1/20/2026 8:25,dimi,ws,5100,118,f,ts,1/20/2026,3:25:50,0,,,0.4587,,,,,,,,,,,,,,,,,,,,,,,,,,,,,,,
1870940,1/20/2026 9:08,dimi,ws,3500,230,c,ts,1/20/2026,4:08:21,0,,,0.303,,,,,,,,,,,,,,,,,,,,,,,,,,,,,,,
1870759,1/20/2026 8:00,duck,ws,5800,-145,c,ts,1/20/2026,3:00:23,0,,,0.5918,w,,,,,,,,,,,,,,,,,,,,,,,,,,,,,,
1871109,1/20/2026 10:35,duck,ws,19900,-205,l,ts,1/20/2026,5:35:26,0,,,0.6721,w,,,,,,,,,,,,,,,,,,,,,,,,,,,,,,
1871103,1/20/2026 10:31,duck,ws,6300,105,c,ts,1/20/2026,5:31:53,0,,,0.4878,w,,,,,,,,,,,,,,,,,,,,,,,,,,,,,,
1871099,1/20/2026 10:28,duck,ws,4600,150,c,ts,1/20/2026,5:28:16,0,,,0.4,w,,,,,,,,,,,,,,,,,,,,,,,,,,,,,,
1874208,1/21/2026 3:19,fery,ws,3700,200,f,ts,1/20/2026,22:19:00,0,,,0.3333,l,0.3333,,0.3846,0.3968,,0.4367,0.4,,0.4484,,,,0.4167,,0.4167,0.3559,,0.4082,,,,0.4255,,0.4444,,,,0.3546,,0.3906
1876431,1/21/2026 6:13,foki,ws,7400,165,l,ts,1/20/2026,1:13:35,0,,,0.3774,w,0.5,0.3846,0.3846,0.4695,0.365,0.365,0.5074,0.3509,0.3509,0.3333,0.3333,0.3333,0.4651,0.3704,0.3704,0.4695,0.4386,0.3356,,,,0.3774,0.3846,0.3846,0.5025,0.3731,0.3731,0.4167,0.3344,0.3344
1876414,1/21/2026 6:12,foki,ws,5800,160,c,ts,1/20/2026,1:12:15,0,,,0.3846,w,0.4167,0.4167,0.5,0.4348,0.4202,0.5098,0.4545,0.4545,0.5169,0.3846,0.4545,0.4545,0.4348,0.4348,0.4348,0.4695,0.4785,0.537,,,,0.4762,0.4878,0.5238,0.5238,0.5238,0.5238,0.4149,0.4237,0.4808
1876405,1/21/2026 6:09,foki,ws,4900,100,f,ts,1/20/2026,1:09:29,0,,,0.5,w,0.5,0.5,0.5,0.537,0.5413,0.5413,0.5885,0.5885,0.5885,0.5455,0.5455,0.5455,0.5349,0.5349,0.5349,0.5575,0.5475,0.537,,,,0.5652,0.5652,0.5833,0.5516,0.5516,0.5516,0.5169,0.5192,0.5192
1870679,1/20/2026 7:43,frit,ws,13900,-400,c,ts,1/20/2026,2:43:08,0,,,0.8,w,,,,,,,,,,,,,,,,,,,,,,,,,,,,,,
1870570,1/20/2026 7:16,frit,ws,7900,-280,c,ts,1/20/2026,2:16:31,0,,,0.7368,w,,,,,,,,,,,,,,,,,,,,,,,,,,,,,,
1870979,1/20/2026 9:34,geer,ws,5100,-115,c,ts,1/20/2026,4:34:18,0,,,0.5349,,,,,,,,,,,,,,,,,,,,,,,,,,,,,,,
1871026,1/20/2026 9:56,geer,ws,8700,160,c,ts,1/20/2026,4:56:09,0,,,0.3846,,,,,,,,,,,,,,,,,,,,,,,,,,,,,,,
1870967,1/20/2026 9:28,geer,ws,6100,103,d,ts,1/20/2026,4:28:15,0,,,0.4926,,,,,,,,,,,,,,,,,,,,,,,,,,,,,,,
1871116,1/20/2026 10:40,geer,ws,34300,-1000,c,ts,1/20/2026,5:40:37,0,,,0.9091,,,,,,,,,,,,,,,,,,,,,,,,,,,,,,,
1872147,1/21/2026 1:18,gibs,ws,6300,130,c,ts,1/20/2026,20:18:46,0,,,0.4348,l,0.5,,,0.5305,,,0.5238,,,0.4878,,,0.5455,,,0.4785,,,,,,0.4878,,,,,,0.4785,,
1872852,1/21/2026 1:52,gibs,ws,18100,-115,c,ts,1/20/2026,20:52:49,0,,,0.5349,l,0.6774,0.5833,0.5833,0.6296,0.5455,0.5455,0.639,0.5455,0.5455,0.5349,0.5349,0.5349,0.6296,0.5,0.5,0.6564,0.5575,0.5671,,,,0.5745,0.5556,0.5556,,,,0.5951,0.5169,0.5146
1872314,1/21/2026 1:26,gibs,ws,11600,-360,c,ts,1/20/2026,20:26:32,0,,,0.7826,l,0.8571,0.8,0.8,0.8483,0.8363,0.7859,0.8551,0.8131,0.8131,0.7826,0.7826,0.7826,0.8333,0.8333,0.7778,0.8302,0.84,0.763,,,,0.8333,0.8165,0.8148,,,,0.8054,0.7807,0.7625
1870566,1/20/2026 7:15,hurk,ws,6500,-272,d,ts,1/20/2026,2:15:41,0,,,0.7312,w,,,,,,,,,,,,,,,,,,,,,,,,,,,,,,
1872608,1/21/2026 1:41,jacq,ws,3400,205,f,ts,1/20/2026,20:41:14,0,,,0.3279,,0.3279,,0.3279,0.4202,,0.4202,0.4082,,0.4082,0.3846,,0.3448,0.4167,,0.4167,0.3663,,0.3559,,,,0.3922,,0.3636,0.3953,,,0.3484,,0.3378
1872684,1/21/2026 1:44,jacq,ws,4700,200,c,ts,1/20/2026,20:44:51,0,,,0.3333,,0.4,0.3571,0.3571,0.4132,0.4132,0.3597,0.4255,0.4255,0.3846,0.3333,0.3333,0.3333,0.4,0.4,0.3448,0.3876,0.3876,0.3968,,,,0.3846,0.3636,0.3636,,,,0.3623,0.3472,0.3257
1872735,1/21/2026 1:46,jacq,ws,3100,190,c,ts,1/20/2026,20:46:41,0,,,0.3448,,0.4,,0.3636,0.4132,,0.3509,0.4292,,0.3922,0.3448,,0.3448,0.4167,,0.3571,0.3876,,0.3774,,,,0.3774,,0.3704,,,,0.3623,,0.3333
1872638,1/21/2026 1:42,jacq,ws,5500,190,c,ts,1/20/2026,20:42:43,0,,,0.3448,,0.4255,0.3922,0.3922,0.4484,0.3831,0.3831,0.4202,0.3922,0.3922,0.3448,0.3448,0.3448,0.4167,0.3704,0.3704,0.4082,0.3356,0.3356,,,,0.3922,0.3922,0.3922,,,,0.3759,0.346,0.346
1870895,1/20/2026 8:46,kopr,ws,3500,340,c,ts,1/20/2026,3:46:19,0,,,0.2273,w,,,,,,,,,,,,,,,,,,,,,,,,,,,,,,
1875750,1/21/2026 4:33,kudp,ws,7800,340,c,ts,1/20/2026,23:33:34,0,,,0.2273,,0.303,0.2,0.2,0.3623,0.2415,0.2415,0.3279,0.2597,0.2597,0.2273,0.2273,0.2273,0.3333,0.25,0.25,0.2941,0.2841,0.2841,,,,0.2381,0.2381,0.2381,,,,0.2778,0.1953,0.1953
1875331,1/21/2026 4:01,kudp,ws,5200,140,c,ts,1/20/2026,23:01:02,0,,,0.4167,,0.4878,0.4878,,0.4808,0.4808,,0.4878,0.4878,,0.4167,0.4167,,0.4651,0.4651,,0.4484,0.4484,,,,,0.5,0.4762,,,,,0.4444,0.4405,
1875738,1/21/2026 4:32,kudp,ws,4000,520,l,ts,1/20/2026,23:32:59,0,,,0.1613,,0.2,0.1333,0.1333,0.2469,0.1466,0.1466,0.2439,0.1786,0.1786,0.1538,0.1538,0.1538,0.25,,,0.232,0.2114,0.1276,,,,0.1852,0.1613,0.1613,,0.134,0.134,0.1792,0.1274,0.1164
1875808,1/21/2026 4:37,kudp,ws,18100,200,l,ts,1/20/2026,23:37:55,0,,,0.3333,,0.4651,0.3226,,0.4854,,,0.4717,0.3333,,0.3226,0.3226,,0.4762,0.303,,0.4785,0.4274,,,,,0.3333,0.3333,,,,,0.4348,0.3067,
1870964,1/20/2026 9:25,kuzm,ws,3400,244,d,ts,1/20/2026,4:25:18,0,,,0.2907,,,,,,,,,,,,,,,,,,,,,,,,,,,,,,,
1870989,1/20/2026 9:40,maru,ws,8000,-145,c,ts,1/20/2026,4:40:31,0,,,0.5918,,,,,,,,,,,,,,,,,,,,,,,,,,,,,,,
1870945,1/20/2026 9:14,maru,ws,3700,154,d,ts,1/20/2026,4:14:01,0,,,0.3937,,,,,,,,,,,,,,,,,,,,,,,,,,,,,,,
1870990,1/20/2026 9:41,maru,ws,12300,-210,c,ts,1/20/2026,4:41:42,0,,,0.6774,,,,,,,,,,,,,,,,,,,,,,,,,,,,,,,
1870978,1/20/2026 9:33,maru,ws,3600,159,d,ts,1/20/2026,4:33:42,0,,,0.3861,,,,,,,,,,,,,,,,,,,,,,,,,,,,,,,
1873603,1/21/2026 2:34,mbok,ws,6000,-260,c,ts,1/20/2026,21:34:01,0,,,0.7222,w,,,,0.7691,,,,,,0.7222,,,0.7778,,,0.763,,,,,,0.7917,,,,,,0.7361,,
1873660,1/21/2026 2:38,mbok,ws,6300,-218,d,ts,1/20/2026,21:38:02,0,,,0.6855,w,,,,0.6855,,0.7579,,,,0.7368,,0.7368,0.7059,,0.75,0.7436,,0.7826,,,,0.7468,,0.7619,,,,0.6979,,0.7207
1873637,1/21/2026 2:35,mbok,ws,6000,-260,c,ts,1/20/2026,21:35:32,0,,,0.7222,w,,,,0.7696,0.7669,,,,,0.7222,0.7222,,0.7778,0.7778,,0.7727,0.7727,,,,,0.7872,0.7849,,,,,0.7361,0.7354,
1874290,1/21/2026 3:23,medv,ws,3500,200,c,ts,1/20/2026,22:23:28,0,,,0.3333,w,0.4167,0.4,0.4,0.4082,0.3731,0.3731,0.3774,0.3571,0.3571,0.3333,0.3333,0.3333,0.4,0.3846,0.3846,0.4184,0.4184,0.4386,,,,0.3774,0.3704,0.3704,,,,0.3571,0.3333,0.3333
1875858,1/21/2026 4:43,opel,ws,2000,1200,c,ts,1/20/2026,23:43:09,0,,,0.0769,,0.1754,,0.1333,0.1429,,0.1316,0.16,,0.1333,0.0769,,0.0769,0.1429,,0.1111,0.1276,,0.1276,,,,0.1258,,0.125,,,,0.1081,,0.0873
1876095,1/21/2026 5:11,opel,ws,2200,500,c,ts,1/20/2026,0:11:04,0,,,0.1667,,0.2273,0.1724,0.1724,0.2227,0.1715,0.173,0.25,0.1961,0.1961,0.1667,0.1667,0.1667,0.2222,0.1818,0.2105,0.2114,0.1802,0.1695,,,,0.1905,0.1905,0.1923,,0.1901,0.1901,0.1825,0.1475,0.1495
1876110,1/21/2026 5:11,opel,ws,3900,450,c,ts,1/20/2026,0:11:54,0,,,0.1818,,0.25,0.2174,0.2174,0.2375,0.2119,0.2119,0.2667,0.2381,0.2381,0.1818,0.1818,0.1818,0.25,0.2222,0.2222,0.2427,0.2114,0.2114,,,,0.2326,0.2326,0.2326,0.2331,0.2331,0.2331,0.2088,0.1855,0.1855
1875313,1/21/2026 4:00,opel,ws,3800,210,c,ts,1/20/2026,23:00:15,0,,,0.3226,,0.3922,,0.3333,0.4149,,0.3509,0.4032,,0.3636,0.3226,,0.3226,0.4,,0.3448,0.3559,,0.3049,,,,0.3636,,0.3509,,,,0.346,,0.3049
1871093,1/20/2026 10:25,osak,ws,12500,-1115,b,ts,1/20/2026,5:25:18,0,,,0.9177,,,,,,,,,,,,,,,,,,,,,,,,,,,,,,,
1871057,1/20/2026 10:11,osak,ws,11700,-1000,b,ts,1/20/2026,5:11:05,0,,,0.9091,,,,,,,,,,,,,,,,,,,,,,,,,,,,,,,
1871078,1/20/2026 10:19,osak,ws,12200,-1115,b,ts,1/20/2026,5:19:32,0,,,0.9177,,,,,,,,,,,,,,,,,,,,,,,,,,,,,,,
1871047,1/20/2026 10:07,osak,ws,10200,-910,b,ts,1/20/2026,5:07:52,0,,,0.901,,,,,,,,,,,,,,,,,,,,,,,,,,,,,,,
1872130,1/21/2026 1:17,paut,ws,33000,-2400,d,ts,1/20/2026,20:17:13,0,,,0.96,w,0.9877,0.9877,0.9877,0.96,0.9783,0.9783,,,,,0.9934,0.9934,0.9836,0.9836,0.9836,0.9907,0.9907,0.9907,,,,,,,,,,0.9716,0.9724,0.9724
1871299,1/21/2026 0:13,paut,ws,13100,-700,c,ts,1/20/2026,19:13:17,0,,,0.875,w,0.9259,0.9231,,0.9123,0.8947,,0.9259,0.9091,,0.875,0.875,,0.9231,0.9091,,0.9063,0.8874,,,,,0.9317,0.9317,,,,,0.8886,0.8785,
1875654,1/21/2026 4:23,pota,ws,5200,-120,c,ts,1/20/2026,23:23:43,0,,,0.5455,w,0.6,0.5238,0.5238,0.6198,0.6032,0.5413,0.6364,0.6364,0.5536,0.5455,0.5455,0.5455,0.6,0.6,0.5455,0.5868,0.5671,0.5575,,,,0.5833,0.5652,0.5652,,,,0.5652,0.537,0.5122
1875422,1/21/2026 4:08,pota,ws,5600,175,c,ts,1/20/2026,23:08:07,0,,,0.3636,w,0.4651,0.4255,0.4255,0.4425,0.4167,0.4132,0.4202,0.3846,0.3846,0.3636,0.3636,0.3636,0.4545,0.4167,0.4167,0.4274,0.3663,0.3663,,,,0.4082,0.4,0.4,,,,0.3953,0.361,0.361
1875480,1/21/2026 4:11,pota,ws,4800,240,c,ts,1/20/2026,23:11:03,0,,,0.2941,w,0.3774,,,0.3846,,,0.3802,,,0.2941,,,0.4,,,0.3968,,,,,,0.3226,,,,,,0.3226,,
1875569,1/21/2026 4:16,radu,ws,6900,-145,c,ts,1/20/2026,23:16:18,0,,,0.5918,l,0.6774,0.6296,0.6296,0.67,0.6732,0.6296,0.6503,0.6503,0.6078,0.5918,0.5918,0.5918,0.6491,0.6491,,0.6466,0.5968,0.5968,,,,0.661,0.6364,0.6429,,,,0.6154,0.5951,0.5902
1875559,1/21/2026 4:15,radu,ws,5100,-130,c,ts,1/20/2026,23:15:53,0,,,0.5652,l,0.6296,0.6296,0.6296,0.6241,0.6241,0.6241,0.6139,0.6139,0.6139,0.5652,0.5652,0.5652,,,,0.6078,0.5968,0.5968,,,,0.6296,0.6296,0.6078,,,,0.5833,0.5798,0.5745
1875597,1/21/2026 4:18,radu,ws,5800,-150,c,ts,1/20/2026,23:18:03,0,,,0.6,l,0.6667,0.6154,0.6154,0.6587,0.6154,0.6154,0.6721,0.6078,0.6078,0.6,0.6,0.6,0.6667,0.6154,0.6154,0.6564,0.6169,0.6078,,,,0.6429,0.6296,0.6296,,,,0.6183,0.5816,0.5816
1871651,1/21/2026 0:43,rubl,ws,12800,-600,c,ts,1/20/2026,19:43:58,0,,,0.8571,w,0.913,,0.913,0.9029,,0.9029,0.893,,0.893,0.8571,,0.875,,,,0.8874,,0.8874,,,,0.9286,,0.9283,,,0.9169,0.8724,,0.8733
1873445,1/21/2026 2:23,shna,ws,12800,-2500,c,ts,1/20/2026,21:23:51,0,,,0.9615,w,0.9804,0.9804,0.9677,0.9833,0.9833,0.9833,,,,0.9615,0.9615,0.9615,0.9934,0.9934,0.9934,0.9814,0.9814,0.9814,,,,,,,0.993,0.993,0.993,0.9662,0.9643,0.9565
1873069,1/21/2026 2:03,shna,ws,12900,-260,c,ts,1/20/2026,21:03:44,0,,,0.7222,w,0.8,0.7143,0.7143,0.8088,0.723,0.723,0.8198,0.759,0.759,0.7222,0.7222,0.7222,0.8,0.7059,0.7059,0.7727,0.7727,0.7245,,,,0.7561,0.7561,0.7561,,,,0.7519,0.7076,0.6997
1873442,1/21/2026 2:23,shna,ws,12800,-2500,c,ts,1/20/2026,21:23:46,0,,,0.9615,w,0.9804,0.9677,,0.9833,0.9833,,,,,0.9615,0.9615,,0.9934,0.9934,,0.9814,0.9814,,,,,,,,0.993,0.993,,0.9643,0.9565,
1871535,1/21/2026 0:36,shna,ws,8700,-110,c,ts,1/20/2026,19:36:08,0,,,0.5238,w,0.6154,,0.5833,0.5968,,0.5614,0.5726,,0.5536,0.5238,,0.5238,0.6,,0.5833,0.6169,,0.5968,,,,0.5833,,0.5745,,,,0.5575,,0.537
1870997,1/20/2026 9:43,stru,ws,5000,194,d,ts,1/20/2026,4:43:51,0,,,0.3401,l,,,,,,,,,,,,,,,,,,,,,,,,,,,,,,
1870991,1/20/2026 9:41,stru,ws,5200,150,c,ts,1/20/2026,4:41:50,0,,,0.4,l,,,,,,,,,,,,,,,,,,,,,,,,,,,,,,
1870846,1/20/2026 8:24,stru,ws,7200,-115,c,ts,1/20/2026,3:24:52,0,,,0.5349,l,,,,,,,,,,,,,,,,,,,,,,,,,,,,,,
1870917,1/20/2026 8:54,stru,ws,6600,-220,c,ts,1/20/2026,3:54:19,0,,,0.6875,l,,,,,,,,,,,,,,,,,,,,,,,,,,,,,,
1871730,1/21/2026 0:49,svit,ws,6300,-400,c,ts,1/20/2026,19:49:09,0,,,0.8,w,0.8571,0.8462,0.7826,0.8261,0.8261,0.7783,0.8621,0.8621,0.8198,0.8,0.8,0.8,0.8462,0.8462,0.8,0.8113,0.8113,0.763,,,,0.8561,0.8246,0.8165,,,,0.8102,0.8081,0.7642
1874721,1/21/2026 3:40,taus,ws,8200,-195,f,ts,1/20/2026,22:40:33,0,,,0.661,w,0.661,0.7143,0.7143,0.6855,0.6855,0.7333,0.7333,0.7333,0.7701,0.75,0.75,0.75,0.7059,0.7059,0.75,0.6855,0.6855,0.734,,,,0.7647,0.7778,0.7753,0.7436,0.7436,0.7436,0.6835,0.6894,0.7159
1875125,1/21/2026 3:53,taus,ws,6200,-170,c,ts,1/20/2026,22:53:22,0,,,0.6296,w,0.6774,0.6552,0.6552,0.67,0.67,0.6454,0.7143,0.7143,0.6923,0.6296,0.6296,0.6296,0.6825,0.6825,0.6667,0.6855,0.6753,0.6753,,,,0.6923,0.6774,0.6825,,,,0.6479,0.6377,0.631
1875697,1/21/2026 4:27,taus,ws,12300,-700,c,ts,1/20/2026,23:27:59,0,,,0.875,w,0.9375,0.8889,0.8889,0.9123,0.8684,0.8649,0.9346,0.8773,0.893,0.875,0.875,0.875,0.9091,0.8667,0.8667,0.9158,0.9063,0.8779,,,,0.9029,0.898,0.898,,,,0.8878,0.8555,0.8525
1875360,1/21/2026 4:04,taus,ws,14900,-300,c,ts,1/20/2026,23:04:05,0,,,0.75,w,0.8182,0.7872,0.7872,0.8489,0.8073,0.8047,0.8276,0.7826,0.7826,0.75,0.75,0.75,0.8333,,,0.8208,0.8016,0.7921,,,,0.8113,0.8095,0.8113,,,,0.7807,0.7561,0.7555
1876184,1/21/2026 5:17,tien,ws,12000,-530,f,ts,1/20/2026,0:17:34,0,,,0.8413,w,0.8413,0.8413,0.8413,0.9107,0.9107,0.9107,0.8851,0.8851,0.8851,0.9,0.875,0.875,0.9091,0.9091,0.9091,0.8874,0.8779,0.8779,,,,0.9245,0.9209,0.9103,0.8879,,,0.8571,0.8525,0.8476
1883120,1/22/2026 5:33,anis,ws,26400,-1200,c,ts,1/21/2026,0:33:12,0,,,0.9231,w,0.96,0.96,0.9333,0.9615,0.9615,0.9231,0.9804,0.9524,0.9434,0.9231,0.9231,0.9231,0.9756,0.9756,0.9756,,,,,,,0.9875,0.9584,0.9594,0.948,0.9169,0.895,0.9412,0.9205,0.9121
1883067,1/22/2026 5:24,anis,ws,6800,-359,d,ts,1/21/2026,0:24:54,0,,,0.7821,w,0.8,0.8113,0.8113,0.7821,0.7912,0.8276,0.8413,0.8413,0.8413,0.8182,0.8462,0.8462,0.9756,0.9756,0.9756,,,,,,,0.8387,0.8425,0.8425,,,,0.7951,0.8016,0.8058
1882888,1/22/2026 5:07,anis,ws,18800,-1400,c,ts,1/21/2026,0:07:37,0,,,0.9333,w,0.9677,0.9524,,0.9615,0.9615,,0.9804,0.9615,,0.9333,0.9333,,0.9756,0.9756,,,,,,,,0.9763,0.9731,,,,,0.9448,0.9294,
1882999,1/22/2026 5:18,anis,ws,11100,-870,d,ts,1/21/2026,0:18:27,0,,,0.8969,w,0.931,0.9474,0.9474,0.8969,,,0.9177,0.9524,0.9524,0.9412,0.9412,0.9412,0.9756,0.9756,0.9756,,,,,,,0.961,0.969,0.9695,0.929,0.929,0.929,0.9065,0.9223,0.9225
1881994,1/22/2026 3:37,bert,ws,6000,-400,c,ts,1/21/2026,22:37:32,0,,,0.8,w,0.8824,,,0.8374,,,0.8276,,,0.8,,,,,,,,,,,,,,,,,,0.8099,,
1882980,1/22/2026 5:17,bert,ws,3200,210,c,ts,1/21/2026,0:17:39,0,,,0.3226,w,0.4255,0.3509,0.3509,0.3802,0.3289,0.3058,0.3636,0.3636,0.2941,0.3226,0.3226,0.3226,,,,,,,,,,,,,,,,0.3413,0.3106,0.2801
1882256,1/22/2026 4:01,bert,ws,12900,-145,c,ts,1/21/2026,23:01:24,0,,,0.5918,w,0.6774,0.5918,0.5918,0.6835,0.5798,0.5798,0.6923,0.6139,0.6139,0.6875,0.5918,0.5918,,,,,,,,,,,,,,,,0.6454,0.5595,0.5595
1883230,1/22/2026 5:49,bert,ws,10800,-320,c,ts,1/21/2026,0:49:34,0,,,0.7619,w,0.8214,0.7778,0.7778,0.8138,0.7585,0.7585,0.8276,0.8276,0.7826,0.7619,0.7619,0.7619,,,,,,,,,,,,,,,,0.7831,0.7531,0.7375
1880521,1/22/2026 2:18,dard,ws,5700,-115,c,ts,1/21/2026,21:18:14,0,,,0.5349,w,0.6154,,,0.6154,,,0.5885,,,0.5349,,,0.6154,,,,,,,,,0.5833,,,,,,0.5556,,
1880547,1/22/2026 2:19,dard,ws,6200,-115,c,ts,1/21/2026,21:19:31,0,,,0.5349,w,0.6154,0.6154,,,0.6139,,0.5968,0.5495,,0.5349,0.5349,,,0.6154,,,,,,,,0.5918,0.5745,,0.6337,0.5885,,0.5575,0.5455,
1880715,1/22/2026 2:30,dard,ws,19800,-450,c,ts,1/21/2026,21:30:04,0,,,0.8182,w,,,,0.9138,0.9138,0.8567,0.893,0.8551,0.8551,0.8182,0.8182,0.8182,0.9091,0.9091,0.8667,,,,,,,0.8851,0.8758,0.8765,,0.8619,0.8619,0.8483,0.8299,0.8201
1880684,1/22/2026 2:28,dard,ws,9000,-280,c,ts,1/21/2026,21:28:52,0,,,0.7368,w,,,,0.8217,0.8185,0.7802,0.8077,0.7826,0.7826,0.7368,0.7368,0.7368,0.8182,0.8182,0.7778,,,,,,,0.7895,0.7849,0.7826,,,,0.7561,0.7409,0.7347
1881368,1/22/2026 2:59,djok,ws,27500,-3400,d,ts,1/21/2026,21:59:50,0,,,0.9714,,0.995,,0.995,0.9714,,0.9778,,,,0.995,,0.995,,,,,,,,,,0.9901,,0.9901,,,,0.9784,,0.9792
1881374,1/22/2026 3:00,djok,ws,11900,-4100,d,ts,1/21/2026,22:00:46,0,,,0.9762,,0.995,,0.995,0.9762,,0.9773,,,,0.995,,0.995,,,,,,,,,,0.9901,,0.9901,,,,0.9789,,0.9791
1882919,1/22/2026 5:13,gea,ws,6600,101,d,ts,1/21/2026,0:13:51,0,,,0.4975,l,0.5556,0.5556,0.5556,0.4975,0.5122,0.5122,,,,0.5833,0.5833,0.5833,,,,,,,,,,,,,,,,0.5238,0.5261,0.5261
1883229,1/22/2026 5:49,gea,ws,11100,-300,c,ts,1/21/2026,0:49:29,0,,,0.75,l,0.8039,0.8039,0.8039,0.8134,0.7732,0.7712,,,,0.75,0.75,0.7059,0.8182,0.7778,0.7778,,,,,,,,,,,,,0.7727,0.7596,0.7525
1883226,1/22/2026 5:49,gea,ws,10700,-240,c,ts,1/21/2026,0:49:05,0,,,0.7059,l,0.8039,,0.7619,0.7712,,0.7275,,,,0.7059,,0.7059,0.7778,,0.75,,,,,,,,,,,,,0.7525,,0.7191
1883375,1/22/2026 6:18,gea,ws,6600,-231,d,ts,1/21/2026,1:18:25,0,,,0.6979,l,0.7561,0.7619,0.7619,0.6979,0.7126,,,,,0.75,0.75,0.75,0.7333,0.7333,0.7647,,,,,,,,,,,,,0.7143,0.7222,
1881466,1/22/2026 3:07,hurk,ws,5000,100,f,ts,1/21/2026,22:07:28,0,,,0.5,l,0.5,0.5,0.5122,0.5392,0.5392,0.5413,0.5968,0.5968,0.5968,0.5745,0.5745,0.5745,0.5455,0.5455,0.5455,0.537,0.5169,0.5169,,,,0.5833,0.5833,0.5745,0.5556,0.5556,0.5556,0.5192,0.5169,0.5192
1880821,1/22/2026 2:34,hurk,ws,6400,-180,c,ts,1/21/2026,21:34:19,0,,,0.6429,l,0.6875,0.6875,,0.729,0.729,,0.7143,0.7143,,0.6429,0.6429,,0.7059,0.7059,,0.6855,0.6564,,,,,0.7183,0.6825,,0.6678,0.6678,,0.661,0.6503,
1881714,1/22/2026 3:21,hurk,ws,8200,-125,c,ts,1/21/2026,22:21:41,0,,,0.5556,l,0.6154,,,0.6364,,,0.6454,,,0.5556,,,0.6296,,,0.5868,,,,,,0.6364,,,,,,0.5851,,
1880687,1/22/2026 2:28,kals,ws,9300,-481,d,ts,1/21/2026,21:28:54,0,,,0.8279,w,,,,0.8279,0.8279,0.8611,0.8621,0.8621,0.8851,0.875,0.875,0.875,0.8667,0.8667,0.8824,0.8779,0.8779,0.9063,,,,0.8953,0.9057,0.9057,,,,0.839,0.8382,0.8557
1882110,1/22/2026 3:46,marc,ws,3400,320,c,ts,1/21/2026,22:46:23,0,,,0.2381,l,0.3226,,,0.2825,,,0.2985,,,0.2381,,,0.2857,,,,,,,,,0.303,,,,,,0.2604,,
1881739,1/22/2026 3:23,marc,ws,3400,284,d,ts,1/21/2026,22:23:24,0,,,0.2604,l,0.2857,0.3125,,0.2604,0.289,,0.3636,0.3922,,0.3333,0.3333,,0.2857,0.2857,,,,,,,,0.339,0.3509,,,,,0.2825,0.304,
1882329,1/22/2026 4:09,marc,ws,3100,210,c,ts,1/21/2026,23:09:11,0,,,0.3226,l,0.4,0.4,0.3509,0.3788,0.3788,0.3344,0.3802,0.3802,0.3333,0.3226,0.3226,0.3226,0.3704,0.3704,0.3125,,,,,,,0.3636,0.3509,0.339,0.4016,,,0.3413,0.3333,0.2976
1882510,1/22/2026 4:25,marc,ws,2100,400,c,ts,1/21/2026,23:25:15,0,,,0.2,l,0.2632,0.1961,0.1961,0.266,0.266,0.1946,0.2299,0.1852,0.1852,0.2,0.2,0.2,0.2667,0.2667,0.2667,,,,,,,0.2128,0.2083,0.2,0.2451,0.1942,0.1942,0.2146,0.1692,0.1639
1882810,1/22/2026 4:52,mert,ws,6900,-338,d,ts,1/21/2026,23:52:47,0,,,0.7717,w,0.8182,,0.8182,0.7717,,0.7783,0.8276,,0.8333,0.8,,0.8,0.8333,,0.8333,,,,,,,0.8305,,0.8319,0.8217,,0.8217,0.7845,,0.7868
1882812,1/22/2026 4:52,mert,ws,8300,-338,d,ts,1/21/2026,23:52:55,0,,,0.7717,w,0.8182,,0.8182,0.7717,,0.7717,0.8276,,0.8276,0.8,,0.8,0.8333,,0.8333,,,,,,,0.8305,,0.8319,0.8188,,0.8217,0.7872,,0.7845
1881386,1/22/2026 3:01,muse,ws,10800,-600,f,ts,1/21/2026,22:01:37,0,,,0.8571,w,0.8571,0.8571,0.8571,0.8936,0.8864,0.8864,0.9091,0.9091,0.9091,0.9,0.9,0.9,0.9231,0.9,0.9,,,,,,,0.9342,0.9342,0.9342,,,,0.87,0.8599,0.8599
1881465,1/22/2026 3:07,muse,ws,25100,-550,f,ts,1/21/2026,22:07:28,0,,,0.8462,w,0.8462,0.8889,0.9231,0.9038,0.9048,0.9474,0.9091,0.9434,0.9434,0.9333,0.9333,0.9333,0.9231,0.9231,0.9474,,,,,,,0.9543,0.9707,0.9707,,0.941,0.933,0.8783,0.8913,0.9137
1882465,1/22/2026 4:21,nosk,ws,12700,-360,c,ts,1/21/2026,23:21:12,0,,,0.7826,w,0.8571,0.8182,0.8182,0.8459,0.8073,0.8035,0.8851,0.8413,0.8413,0.7826,0.7826,0.8571,0.8571,0.8571,0.8182,,,,,,,0.8374,0.8246,0.8333,0.7877,0.7877,0.7877,0.8054,0.7859,0.7947
1882666,1/22/2026 4:38,nosk,ws,11400,-670,d,ts,1/21/2026,23:38:33,0,,,0.8701,w,0.8889,,0.9048,0.8701,,0.9,0.9615,,0.9615,0.9091,,0.9091,0.9,,0.9091,,,,,,,0.9355,,0.9446,0.89,,0.89,0.8824,,0.897
1882598,1/22/2026 4:32,nosk,ws,9000,-180,c,ts,1/21/2026,23:32:30,0,,,0.6429,w,0.7222,0.6552,0.6552,0.7297,0.6678,0.6678,0.7468,0.6923,0.6923,0.6429,0.6429,0.6429,0.7333,0.6667,0.6667,,,,,,,0.7059,0.6875,0.6875,0.7214,0.6633,0.6633,0.6845,0.6364,0.6364
1882470,1/22/2026 4:21,nosk,ws,11300,-324,d,ts,1/21/2026,23:21:46,0,,,0.7642,w,0.8,0.8462,0.8462,0.7642,0.827,0.827,0.8413,0.8485,0.8485,0.8182,0.8182,0.8182,0.8,0.8571,0.8571,,,,,,,0.845,0.8529,0.8529,0.8208,0.8208,0.8208,0.7863,0.8092,0.8092
1882168,1/22/2026 3:51,osta,ws,10800,-220,c,ts,1/21/2026,22:51:27,0,,,0.6875,l,0.7619,0.7222,0.7222,0.7802,0.7151,0.7151,0.7468,0.7409,0.7409,0.6875,0.6875,0.6875,0.7778,0.75,0.75,0.7727,0.7245,0.705,,,,0.7436,0.7436,0.7436,,,,0.7207,0.6933,0.6914
1882550,1/22/2026 4:28,osta,ws,6600,-117,d,ts,1/21/2026,23:28:38,0,,,0.5392,l,0.6,0.6491,0.6491,0.5392,0.5951,0.5951,0.5816,0.6429,0.6429,0.6429,0.6429,0.6429,0.5652,0.6154,0.6154,0.5781,0.6269,0.6269,,,,0.6429,0.6296,0.6296,,,,0.5633,0.5951,0.5951
1882543,1/22/2026 4:28,osta,ws,7800,-130,f,ts,1/21/2026,23:28:07,0,,,0.5652,l,0.5652,0.6364,0.6364,0.5984,0.6226,0.6845,0.6255,0.6923,0.6923,0.6429,0.6875,0.6875,0.6154,0.6154,0.6825,0.6269,0.6466,0.6855,,,,0.6667,0.6875,0.6875,0.6429,0.6429,0.6429,0.5918,0.6241,0.639
1882787,1/22/2026 4:50,osta,ws,13900,100,c,ts,1/21/2026,23:50:28,0,,,0.5,l,0.6296,0.5349,0.5349,0.6255,0.6255,0.5122,0.6109,0.5098,0.5098,0.5,0.5,0.5,0.6296,0.6296,0.5238,0.6364,0.6364,0.5074,,,,0.5745,0.5455,0.5455,0.495,0.495,0.495,0.5575,0.5,0.4902
1881401,1/22/2026 3:02,plis,ws,9400,-450,c,ts,1/21/2026,22:02:56,0,,,0.8182,,0.8667,0.8667,0.8305,0.8649,0.8649,0.8117,0.8773,0.8773,0.8333,0.8182,0.8182,0.8182,0.8667,0.8667,0.8182,,,,,,,0.8726,0.8507,0.8496,,0.8217,0.8217,0.8322,0.8258,0.7955
1881199,1/22/2026 2:48,plis,ws,8400,-280,c,ts,1/21/2026,21:48:35,0,,,0.7368,,0.7826,0.7297,0.7297,0.8117,0.7396,0.7409,0.8131,0.7531,0.7701,0.7368,0.7368,0.7368,0.8182,0.8182,0.7647,,,,,,,0.7802,0.7727,0.7727,0.768,0.768,0.768,0.7549,0.7167,0.7183
1881167,1/22/2026 2:46,plis,ws,6000,-240,c,ts,1/21/2026,21:46:32,0,,,0.7059,,0.7727,0.7727,0.6774,0.7312,0.7312,0.7312,0.7826,0.7826,0.7015,0.7059,0.7059,0.7059,0.7647,0.7647,0.7647,,,,,,,0.75,0.7368,0.7015,0.7727,,0.6845,0.7199,0.7167,0.6633
1881231,1/22/2026 2:50,plis,ws,15700,-550,c,ts,1/21/2026,21:50:19,0,,,0.8462,,0.9,0.8571,0.8571,0.9254,0.863,0.863,0.9091,0.8851,0.8773,0.8462,0.8462,0.8462,0.9091,0.8824,0.8824,,,,,,,0.9043,0.8883,0.8883,0.884,0.884,0.884,0.8701,0.8403,0.8371
1882509,1/22/2026 4:25,pres,ws,2000,900,c,ts,1/21/2026,23:25:15,0,,,0.1,l,0.1724,0.1538,0.1538,0.1597,0.1299,0.1299,0.1538,0.1538,0.1538,0.1,0.1,0.1,0.1667,0.1429,0.1429,,,,,,,0.1587,0.1538,0.1538,0.1241,0.1241,0.1241,0.1151,0.1062,0.1062
1883107,1/22/2026 5:30,sieg,ws,7500,165,c,ts,1/21/2026,0:30:58,0,,,0.3774,l,0.4545,0.3636,0.3636,0.4808,0.4219,0.4149,0.4831,0.4115,0.4115,0.3774,0.3774,0.3774,0.9231,0.9231,0.9231,0.4386,0.4386,0.3559,,,,0.4082,0.4167,0.4082,,,,0.4329,0.3984,0.3906
1881516,1/22/2026 3:09,sieg,ws,5600,-150,c,ts,1/21/2026,22:09:51,0,,,0.6,l,0.6667,0.6491,0.6491,0.6785,0.6644,0.6441,0.6667,0.6364,0.639,0.6,0.6,0.6,0.6667,0.6667,0.6296,0.6466,0.6364,0.6364,,,,0.6552,0.6491,0.6491,0.6364,0.6364,0.6364,0.6198,0.6032,0.6
1882266,1/22/2026 4:02,sieg,ws,9000,135,c,ts,1/21/2026,23:02:07,0,,,0.4255,l,0.5238,0.4651,0.4651,0.5327,0.4695,0.4695,0.5283,0.4717,0.4717,0.4255,0.4255,0.4255,0.5238,0.5238,0.4545,0.537,0.5575,0.4587,,,,0.4762,0.4545,0.4545,0.5192,0.4505,0.4505,0.4831,0.4292,0.4255
1882241,1/22/2026 3:59,sieg,ws,5300,175,c,ts,1/21/2026,22:59:32,0,,,0.3636,l,0.4348,0.3846,,0.4525,,,0.4444,0.4115,,0.3636,0.3636,,0.4348,0.4,,0.4274,0.4274,,,,,0.4,0.4,,0.4049,0.4049,,0.3937,0.3676,
1881259,1/22/2026 2:52,sone,ws,1700,1100,c,ts,1/21/2026,21:52:39,0,,,0.0833,,0.2041,0.1667,0.1667,0.1351,0.0971,0.0971,0.1639,0.1333,0.1333,0.0833,0.0833,0.0833,0.1538,0.1111,0.1111,,,,,,,0.1235,0.122,0.122,0.1321,0.1321,0.1321,0.1106,0.0864,0.0864
1881464,1/22/2026 3:07,sone,ws,1900,800,c,ts,1/21/2026,22:07:26,0,,,0.1111,,0.2041,0.125,0.125,0.1351,0.0847,0.0847,0.16,0.1333,0.1333,0.1111,0.1111,0.1111,0.1429,0.1111,0.1111,,,,,,,0.122,0.1149,0.1156,,0.13,0.1381,0.1258,0.077,0.0772
1882900,1/22/2026 5:10,spiz,ws,10900,-750,e,ts,1/21/2026,0:10:34,0,,,0.8824,w,0.9231,0.9231,0.9231,0.9398,0.9398,0.9398,0.9259,0.9259,0.9259,0.9231,0.9231,0.9091,0.8824,0.8824,0.8824,0.8969,0.8969,0.8969,,,,0.9394,0.9288,0.9262,0.929,,0.91,0.893,0.8888,0.8869
1883131,1/22/2026 5:34,spiz,ws,15600,-400,f,ts,1/21/2026,0:34:04,0,,,0.8,w,0.8,0.8667,0.8667,0.8279,0.8279,0.8507,0.8773,0.901,0.901,0.9,0.9,0.9,0.8824,0.8824,0.8824,0.8494,0.859,0.8969,,,,0.8701,0.9005,0.9005,0.87,0.87,0.87,0.8246,0.8473,0.8542
1882611,1/22/2026 4:33,spiz,ws,7100,-300,c,ts,1/21/2026,23:33:29,0,,,0.75,w,0.8039,,0.7727,0.7727,,0.7253,0.8276,,0.8077,0.75,,0.75,0.7778,,0.7647,0.7826,,0.7727,,,,0.7727,,0.7674,,,0.7778,0.7647,,0.7382
1883322,1/22/2026 6:04,spiz,ws,19800,-550,f,ts,1/21/2026,1:04:59,0,,,0.8462,w,0.8462,0.875,0.875,0.875,0.875,0.902,0.9091,0.9259,0.9259,0.9231,0.9231,0.9231,0.9,0.9,0.9231,0.9158,0.9158,0.9158,,,,0.9333,0.943,0.943,0.902,0.902,0.902,0.8716,0.8832,0.8856
1882526,1/22/2026 4:26,stea,ws,19200,-700,c,ts,1/21/2026,23:26:16,0,,,0.875,w,0.9167,0.9167,,0.9231,0.9231,,0.9346,0.893,,0.875,0.875,,0.9231,0.9231,,,,,,,,0.9387,0.8907,,,0.8328,,0.8951,0.8675,
1882463,1/22/2026 4:21,stea,ws,7200,-170,c,ts,1/21/2026,23:21:09,0,,,0.6296,w,0.6774,0.6774,0.6154,0.6785,0.6785,0.6255,0.7354,0.6923,0.6774,0.6296,0.6296,0.6296,0.6923,0.6923,0.6296,,,,,,,0.7059,0.6552,0.6552,0.6016,0.6016,0.6016,0.6575,0.635,0.6032
1882137,1/22/2026 3:48,stea,ws,6800,-250,f,ts,1/21/2026,22:48:22,0,,,0.7143,w,0.7143,0.7561,0.7561,0.768,0.768,0.8233,0.759,0.7826,0.7826,0.8,0.8,0.8,0.8,0.8,0.8182,,,,,,,0.8039,0.823,0.8198,,,,0.7305,0.7506,0.7543
1881409,1/22/2026 3:04,tjen,ws,3100,320,c,ts,1/21/2026,22:04:19,0,,,0.2381,l,0.3226,0.2564,,0.3521,0.3521,,0.3175,0.25,,0.2941,0.2381,,0.3125,0.3125,,,,,,,,0.2632,0.2532,,0.2755,0.2755,,0.2849,0.2242,
1881418,1/22/2026 3:04,tjen,ws,5500,240,c,ts,1/21/2026,22:04:56,0,,,0.2941,l,0.4348,,,0.4464,,,0.3175,,,0.2941,,,0.4167,,,,,,,,,0.3226,,,0.3322,,,0.3279,,
1881421,1/22/2026 3:05,tjen,ws,3100,175,c,ts,1/21/2026,22:05:13,0,,,0.3636,l,0.4348,0.4348,0.4348,0.4464,0.4464,0.4464,0.4,0.4,0.4,0.3636,0.3636,0.2941,0.4167,0.4167,0.4167,,,,,,,0.4167,0.4,0.4,0.4274,,,0.3802,0.3759,0.3731
1881141,1/22/2026 2:45,tjen,ws,3600,280,c,ts,1/21/2026,21:45:38,0,,,0.2632,l,0.3448,0.2778,0.2778,0.4049,0.3175,0.3175,0.3077,0.2985,0.2985,0.2632,0.2632,0.2632,0.3704,0.303,0.303,,,,,,,0.3175,0.303,0.303,0.2941,0.2941,0.2941,0.289,0.2545,0.2545
1882252,1/22/2026 4:01,wuy,ws,3500,159,d,ts,1/21/2026,23:01:19,0,,,0.3861,l,0.4425,0.4425,0.4425,0.3861,,,0.4386,0.4545,0.4545,0.4444,0.4444,0.4444,0.4167,0.4545,0.4545,0.4484,0.4587,0.4587,,,,0.4545,0.4545,0.4545,0.4545,0.4545,0.4545,0.4049,0.4184,0.4184
1883008,1/22/2026 5:18,wuy,ws,2000,650,c,ts,1/21/2026,0:18:57,0,,,0.1333,l,0.1786,0.1786,0.1333,0.1949,0.1949,0.1453,0.1961,0.1961,0.1667,0.1333,0.1333,0.1333,0.1818,0.1818,0.1818,0.1695,0.1905,0.1379,,,,0.1923,0.1709,0.1653,0.1852,0.1481,,0.1481,0.1364,0.1148
1883415,1/22/2026 6:47,wuy,ws,4500,185,f,ts,1/21/2026,1:47:34,0,,,0.3509,l,0.3509,0.3704,0.3704,0.4065,0.4065,0.4255,0.4484,0.4484,0.4484,0.4167,0.4167,0.4167,0.4,0.4,0.4167,0.3876,0.3876,0.3876,,,,0.4444,0.4651,0.4651,,,,0.3759,0.3788,0.3802
1882490,1/22/2026 4:23,zanb,ws,3000,155,f,ts,1/21/2026,23:23:25,0,,,0.3922,w,0.3922,0.4545,0.4545,0.4464,0.4464,0.4545,0.4651,0.4651,0.4651,0.4255,0.4255,0.4255,0.4348,0.4348,0.4545,,,,,,,0.4545,0.4545,0.4545,0.4444,0.4444,0.4444,0.4082,0.4202,0.4219
1882596,1/22/2026 4:32,zanb,ws,5700,190,c,ts,1/21/2026,23:32:21,0,,,0.3448,w,0.4167,,0.3704,0.4016,,0.3846,0.4292,,0.3846,0.3448,,0.3448,0.4167,,0.3846,,,,,,,0.3922,,0.3846,0.4115,,0.3717,0.3774,,0.3448
1882652,1/22/2026 4:36,zanb,ws,12600,120,c,ts,1/21/2026,23:36:41,0,,,0.4545,w,0.6296,0.5,0.5,0.5968,0.5968,0.4739,0.6139,0.4902,0.4902,0.4545,0.4545,0.4545,0.6,0.6,0.4651,,,,,,,0.4878,0.4762,0.4762,0.4608,0.4673,0.4673,0.5098,0.4651,0.4484
1882773,1/22/2026 4:48,zanb,ws,6000,-400,c,ts,1/21/2026,23:48:44,0,,,0.8,w,0.8462,,0.8113,0.8485,,0.8031,0.8485,,0.8198,0.8,,0.8,0.8462,,0.8182,,,,,,,0.845,,0.8261,0.8418,,0.798,0.8102,,0.7783
1889034,1/23/2026 3:20,alcz,ws,33600,-2600,d,ts,1/22/2026,22:20:22,0,,,0.963,w,0.9877,,0.9877,0.963,,0.963,,,,0.995,,0.995,0.9836,,0.9836,0.9907,,0.9907,,,,0.9901,,0.9901,,,,0.9739,,0.9754
1889408,1/23/2026 3:35,alcz,ws,15900,-3300,d,ts,1/22/2026,22:35:37,0,,,0.9706,w,0.9877,0.9877,0.9877,0.9706,0.9783,0.9783,,,,0.9967,0.9967,0.9967,0.9836,0.9836,0.9836,0.9907,0.9907,0.9907,,,,0.9901,0.9901,0.9901,,,,0.9749,0.9754,0.9754
1889739,1/23/2026 3:47,alcz,ws,13900,-4200,d,ts,1/22/2026,22:47:52,0,,,0.9767,w,0.995,0.995,0.995,0.9767,0.9901,0.9901,,,,0.9967,0.9967,0.9967,0.9934,0.9934,0.9934,,,,,,,0.9901,0.9901,0.9901,,,,0.9798,0.9831,0.9831
1890411,1/23/2026 5:16,gauf,ws,10800,-550,c,ts,1/22/2026,0:16:10,0,,,0.8462,w,0.8824,0.8824,0.8571,0.8795,0.8795,0.8795,0.9091,0.9091,0.9091,0.8462,0.8462,0.8462,,,,0.8874,0.8684,0.8684,,,,0.9052,0.9038,0.9038,0.8759,0.8759,0.8759,0.8599,0.8573,0.8507
1890294,1/23/2026 5:01,gauf,ws,12700,-830,d,ts,1/22/2026,0:01:41,0,,,0.8925,w,0.9231,,,0.8925,,,0.9259,,,0.9412,,,,,,0.9158,,,,,,0.9584,,,,,,0.9038,,
1890433,1/23/2026 5:23,gauf,ws,7700,-162,d,ts,1/22/2026,0:23:15,0,,,0.6183,w,0.6491,,,0.6183,,,0.7143,,,0.6875,,,,,,0.6564,,,,,,0.7143,,,,,,0.6416,,
1890305,1/23/2026 5:03,gauf,ws,18800,-700,d,ts,1/22/2026,0:03:07,0,,,0.875,w,0.9231,0.9259,0.9259,0.875,0.9194,0.9194,0.9177,0.9346,0.9259,0.9333,0.9231,0.9231,,,,0.9063,0.9158,0.9063,,,,0.9548,0.9571,0.9585,0.929,0.929,0.929,0.8946,0.9016,0.9001
1886720,1/23/2026 1:41,maro,ws,3200,260,c,ts,1/22/2026,20:41:09,0,,,0.2778,l,0.3333,0.2857,0.2857,0.3509,0.3096,0.3096,0.3636,0.3175,0.3175,0.2778,0.2778,0.2778,0.3448,0.303,0.303,0.3049,0.2941,0.2941,,,,0.3279,0.3279,0.3279,0.2985,0.2985,0.2985,0.2976,0.2667,0.2667
1888674,1/23/2026 3:08,maro,ws,5300,-129,d,ts,1/22/2026,22:08:51,0,,,0.5633,l,0.6296,0.5652,0.5652,0.5633,0.5633,0.5633,0.6183,0.6183,0.6183,0.5918,0.5918,0.6552,0.5833,0.5833,0.5833,0.6169,0.6078,0.6078,,,,0.6154,0.6226,0.6364,0.5885,0.5885,0.6466,0.5816,0.5671,0.5745
1888682,1/23/2026 3:09,maro,ws,6200,-145,c,ts,1/22/2026,22:09:08,0,,,0.5918,l,0.697,0.6296,0.6296,0.6255,0.5708,0.5708,0.6721,0.6,0.6,0.5918,0.5918,0.5918,0.6491,0.5833,0.5833,0.6269,0.6269,0.5968,,,,0.6296,0.6154,0.6226,,,0.5885,0.6124,0.5816,0.5763
1889900,1/23/2026 3:57,maro,ws,2500,550,c,ts,1/22/2026,22:57:57,0,,,0.1538,l,0.1923,0.1923,0.1667,0.2288,0.2288,0.1653,0.2222,0.2222,0.1739,0.2,0.1538,0.1538,0.2,0.2,0.2,0.2114,0.2114,0.2008,,,,0.2105,0.1802,0.1786,0.1953,0.1953,0.1953,0.1736,0.1653,0.1377
1887504,1/23/2026 2:09,mbok,ws,6700,-210,c,ts,1/22/2026,21:09:39,0,,,0.6774,w,0.75,0.75,,0.7319,0.7319,,0.7354,0.7354,,0.6774,0.6774,,0.75,0.75,,0.7151,0.7151,,,,,0.7403,0.7101,,,,,0.6951,0.6885,
1885634,1/23/2026 1:01,mbok,ws,9500,-200,l,ts,1/22/2026,20:01:18,0,,,0.6667,w,0.7143,0.7143,0.5652,0.7167,0.7167,,0.7468,0.7468,0.6364,0.7059,0.5918,0.5918,0.7143,0.7143,0.6296,0.7245,0.734,0.6169,,,,0.697,0.6226,0.6226,,,,0.6923,0.661,0.5763
1887649,1/23/2026 2:14,mbok,ws,33700,-450,c,ts,1/22/2026,21:14:31,0,,,0.8182,w,0.9231,0.8246,0.8246,0.918,0.8205,0.8205,0.901,0.8333,0.8333,0.8182,0.8182,0.8182,0.9091,0.8333,0.8333,0.8969,0.8779,0.8113,,,,0.84,0.84,0.8387,,,,0.8693,0.8066,0.7921
1887316,1/23/2026 2:04,mbok,ws,8700,-105,c,ts,1/22/2026,21:04:04,0,,,0.5122,w,0.6154,0.5455,0.5455,0.6403,0.5392,0.5392,0.5763,0.5192,0.5192,0.5122,0.5122,0.5122,0.6154,0.5349,0.5349,0.6078,0.5283,0.5283,,,,0.5652,0.5455,0.5349,,,,0.5516,0.5,0.5
1885839,1/23/2026 1:09,medv,ws,7300,-320,d,ts,1/22/2026,20:09:49,0,,,0.7619,w,0.8039,,,0.7619,,,0.8077,,,0.8182,,,0.7778,,,0.8208,,,,,,0.8246,,,0.8069,,,0.7753,,
1885439,1/23/2026 0:43,medv,ws,11000,-580,f,ts,1/22/2026,19:43:28,0,,,0.8529,w,0.8529,0.8529,0.8529,0.918,0.918,0.918,0.8851,0.8851,0.8851,0.9091,0.875,0.875,0.9231,0.9231,0.9231,0.9063,0.8969,0.8969,,,,0.9216,0.9194,0.9163,0.9029,0.9029,0.886,0.8675,0.8632,0.8624
1890029,1/23/2026 4:16,medv,ws,18600,-800,d,ts,1/22/2026,23:16:42,0,,,0.8889,w,0.92,0.9677,0.9677,0.8889,0.8889,0.9485,0.9524,0.9901,,0.9615,0.9615,0.9615,0.9231,0.9231,0.9756,0.9251,0.9251,0.9533,,,,,,,0.985,0.985,0.985,0.9062,0.9316,0.9407
1888572,1/23/2026 3:04,medv,ws,3700,230,c,ts,1/22/2026,22:04:38,0,,,0.303,w,0.3704,,0.3636,0.3831,,0.3289,0.3571,,0.2941,0.3448,,0.303,0.3704,,0.3125,0.3356,,0.3049,,,,0.3636,,0.339,0.369,,0.3236,0.33,,0.2907
1890483,1/23/2026 6:10,much,ws,12200,-1540,d,ts,1/22/2026,1:10:26,0,,,0.939,w,0.9524,0.9677,0.9677,0.939,0.96,0.9697,0.9901,0.9901,,0.9804,0.9804,0.9804,0.9615,0.9615,0.9756,0.9627,0.9627,0.972,,,,,,,0.977,0.989,0.989,0.9462,0.9523,0.9544
1890479,1/23/2026 6:09,much,ws,11400,-1520,d,ts,1/22/2026,1:09:14,0,,,0.9383,w,0.9524,0.9677,0.9677,0.9383,0.9545,0.9677,0.9901,0.9901,,0.9804,0.9804,0.9804,0.9615,0.9615,0.9756,0.9627,0.9627,0.9627,,,,,,,0.976,0.988,0.988,0.9451,0.9512,0.951
1890510,1/23/2026 6:39,paol,ws,3300,347,d,ts,1/22/2026,1:39:44,0,,,0.2237,l,0.25,,,0.2237,,,0.3077,,,0.2941,,,0.2667,,,0.274,,,,,,0.2985,,,,,,0.2457,,
1890514,1/23/2026 6:56,paol,ws,3000,300,c,ts,1/22/2026,1:56:13,0,,,0.25,l,0.303,,,0.3195,0.3155,0.3155,0.3125,0.3125,0.3125,0.25,0.25,0.25,0.303,0.303,0.303,0.3155,0.3155,0.3155,,,,0.2985,0.2985,0.2941,,,,0.2695,0.2674,0.266
1890492,1/23/2026 6:20,paol,ws,4900,130,c,ts,1/22/2026,1:20:50,0,,,0.4348,l,0.4878,0.4651,0.4651,0.4854,0.4831,0.4831,0.5098,0.5098,0.5098,0.4348,0.4348,0.4348,0.5,0.5,0.5,0.4975,0.4975,0.4695,,,,0.5,0.5,0.5,,,,0.4587,0.4525,0.4505
1890512,1/23/2026 6:55,paol,ws,3200,380,c,ts,1/22/2026,1:55:11,0,,,0.2083,l,0.2632,0.2632,0.2632,0.2976,0.2976,0.2976,0.2817,0.2817,0.2817,0.2083,0.2083,0.2083,0.2857,0.2857,0.2857,0.2427,0.232,0.232,,,,0.2632,0.2597,0.25,,,,0.2299,0.2283,0.2257
1889818,1/23/2026 3:51,paut,ws,11600,-2200,d,ts,1/22/2026,22:51:41,0,,,0.9565,w,0.9756,0.9756,0.9756,0.9565,0.9565,0.9565,,,,,,,,,,0.9907,0.9907,0.9907,,,,,,,,,,0.9614,0.9597,0.9597
1890147,1/23/2026 4:38,puti,ws,18500,-220,c,ts,1/22/2026,23:38:06,0,,,0.6875,w,0.7917,,,0.7669,,,0.7531,,,0.6875,,,0.8,,,0.7826,,,,,,0.7101,,,,,,0.7354,,
1889489,1/23/2026 3:38,puti,ws,7800,-310,f,ts,1/22/2026,22:38:35,0,,,0.7561,w,0.7561,0.8182,0.8182,0.7778,0.7778,0.8316,0.8198,0.8198,0.8551,0.8462,0.8462,0.8462,0.8,0.8,0.8571,0.7826,0.7826,0.8208,,,,0.845,0.8561,0.8561,,,,0.7717,0.7845,0.8066
1890326,1/23/2026 5:05,puti,ws,14900,-260,c,ts,1/22/2026,0:05:10,0,,,0.7222,w,0.8113,0.7436,0.7436,0.8211,0.7199,0.7199,0.7895,0.726,0.726,0.7222,0.7059,0.7059,0.8,0.7059,0.7059,0.8016,0.7727,0.7245,,,,0.7727,0.75,0.7436,0.7167,0.7167,0.7167,0.7567,0.7024,0.6914
1890033,1/23/2026 4:17,puti,ws,17900,-300,c,ts,1/22/2026,23:17:09,0,,,0.75,w,0.8462,0.7727,0.7727,0.8462,0.7305,0.7305,0.8485,0.7826,0.7826,0.75,0.75,0.75,0.8462,0.7647,0.7647,0.8208,0.8016,0.7245,,,,0.7802,0.7802,0.7802,,,,0.7881,0.7423,0.729
1888021,1/23/2026 2:32,saba,ws,12700,-1020,d,ts,1/22/2026,21:32:21,0,,,0.9107,w,0.9474,,,0.9107,,,0.9524,,,0.9412,,,0.9474,,,0.9251,,,,,,0.9752,,,,,,0.9215,,
1885508,1/23/2026 0:46,saba,ws,18900,-1600,c,ts,1/22/2026,19:46:48,0,,,0.9412,w,0.9756,0.9756,0.9756,0.9515,0.9515,0.9515,0.9804,0.9804,0.9804,0.9412,0.9524,0.9524,0.9756,0.9756,0.9756,0.972,0.972,0.972,,,,,,,,,,0.9513,0.952,0.952
1887984,1/23/2026 2:29,saba,ws,22500,-950,d,ts,1/22/2026,21:29:50,0,,,0.9048,w,0.9412,0.9524,0.9524,0.9048,0.9333,0.9333,0.9615,0.9709,0.9709,0.9615,0.9615,0.9615,0.9474,0.9615,0.9615,0.9346,0.9346,0.9346,,,,0.9763,,,,,,0.9221,0.9322,0.9322
1886105,1/23/2026 1:19,saba,ws,13300,-1600,c,ts,1/22/2026,20:19:24,0,,,0.9412,w,0.9756,0.96,0.96,0.9583,0.9583,0.939,0.9709,0.9709,0.9615,0.9412,0.9412,0.9412,0.9756,0.9756,0.9615,0.972,0.9533,0.9533,,,,0.9901,0.9852,0.9839,,,,0.9486,0.9412,0.938
1888454,1/23/2026 2:54,sonm,ws,3800,154,d,ts,1/22/2026,21:54:02,0,,,0.3937,l,0.4545,0.4545,0.4545,0.3937,0.3937,0.3937,0.4348,0.4348,0.4348,0.4545,0.4545,0.4545,0.4167,0.4167,0.4167,0.4695,0.4695,0.4695,,,,0.4545,0.4545,0.4545,,,,0.4132,0.4098,0.4098
1888673,1/23/2026 3:08,sonm,ws,5600,210,c,ts,1/22/2026,22:08:51,0,,,0.3226,l,0.4167,0.3704,0.3704,0.4219,0.3185,0.3185,0.3922,0.3571,0.3571,0.3226,0.3226,0.3226,0.4,0.3448,0.3448,0.3876,0.3876,0.3876,,,,0.3571,0.3571,0.3571,,,,0.3546,0.3175,0.3175
1889800,1/23/2026 3:50,sonm,ws,5800,220,e,ts,1/22/2026,22:50:13,0,,,0.3125,l,0.4,,,0.4367,,,0.3802,,,0.3448,,,0.3125,,,0.3774,,,,,,0.3774,,,,,,0.3484,,
1888498,1/23/2026 2:57,sonm,ws,3400,150,c,ts,1/22/2026,21:57:50,0,,,0.4,l,0.4651,0.4167,0.4167,0.4739,0.4566,0.3861,0.4608,0.4608,0.4115,0.4,0.4,0.4,0.4651,0.4651,0.4167,0.4587,0.4386,0.4386,,,,0.4348,0.4167,0.4167,,,,0.4184,0.4098,0.3745
1885594,1/23/2026 0:55,taus,ws,4800,230,c,ts,1/22/2026,19:55:03,0,,,0.303,l,0.3846,,0.303,0.3984,,,0.3846,,0.3279,0.303,,0.303,0.4,,0.3125,0.3968,,0.3049,,,,0.339,,0.3175,,,,0.3333,,0.2793
1887396,1/23/2026 2:07,taus,ws,9400,140,c,ts,1/22/2026,21:07:18,0,,,0.4167,l,0.5122,,,0.5025,,,0.5192,,,0.4167,,,0.5,,,0.4975,,,,,,0.4762,,,,,,0.463,,
1886901,1/23/2026 1:48,taus,ws,6100,225,l,ts,1/22/2026,20:48:26,0,,,0.3077,l,0.3846,0.2857,0.2857,0.3968,0.2817,0.2817,0.3774,0.2985,0.2985,0.2941,0.2941,0.2941,0.3846,0.2857,0.2857,0.3663,0.346,0.274,,,,0.3077,0.2985,0.303,,,,0.3436,0.2653,0.2558
1887362,1/23/2026 2:06,taus,ws,7100,150,c,ts,1/22/2026,21:06:07,0,,,0.4,l,0.4878,0.4348,0.4348,0.4673,0.3788,0.3788,0.5098,0.4608,0.4608,0.4,0.4,0.4,0.4651,0.4167,0.4167,0.4695,0.4386,0.4184,,,,0.4444,0.4348,0.4444,,,,0.4367,0.4032,0.4016
1885504,1/23/2026 0:46,tien,ws,6100,-130,f,ts,1/22/2026,19:46:25,0,,,0.5652,w,0.5652,,0.6296,0.6047,,0.6599,0.6078,,0.639,0.6552,,0.6552,0.6154,,0.6491,0.6269,,0.6269,,,,0.661,,0.6721,0.631,,0.631,0.5885,,0.6063
1885455,1/23/2026 0:44,tien,ws,5000,-140,c,ts,1/22/2026,19:44:20,0,,,0.5833,w,0.6296,0.5349,,0.6633,0.6633,,0.6454,0.6454,,0.5833,0.5833,,0.6667,0.6667,,0.6466,0.6078,,,,,0.6364,0.5918,,0.5652,0.5652,,0.6032,0.5708,
1885618,1/23/2026 0:59,tien,ws,8300,-170,c,ts,1/22/2026,19:59:04,0,,,0.6296,w,0.7059,0.6296,0.6296,0.7191,0.7191,0.6255,0.7101,0.7101,0.661,0.6296,0.6296,0.6296,0.6923,0.6923,0.6296,0.6753,0.6667,0.6667,,,,0.6923,0.6491,0.6491,0.6269,0.6269,0.6269,0.6564,0.6364,0.6
1885916,1/23/2026 1:13,tien,ws,7500,-274,d,ts,1/22/2026,20:13:06,0,,,0.7326,w,0.7778,,,0.7326,,,0.8077,,,0.7826,,,0.7647,,,0.763,,,,,,0.8131,,,0.7988,,,0.7494,,
1890595,1/23/2026 8:37,cerf,ws,7000,-400,c,ts,1/23/2026,3:37:00,0,,,0.8,w,,,,,,,,,,,,,,,,,,,,,,,,,,,,,,
1890583,1/23/2026 8:28,cerf,ws,6500,-212,d,ts,1/23/2026,3:28:51,0,,,0.6795,w,,,,,,,,,,,,,,,,,,,,,,,,,,,,,,
1890521,1/23/2026 7:11,cerf,ws,9600,127,d,ts,1/23/2026,2:11:46,0,,,0.4405,w,,,,,,,,,,,,,,,,,,,,,,,,,,,,,,
1890531,1/23/2026 7:25,cerf,ws,6100,-215,b,ts,1/23/2026,2:25:28,0,,,0.6825,w,,,,,,,,,,,,,,,,,,,,,,,,,,,,,,
1893938,1/24/2026 2:46,dard,ws,10900,-450,c,ts,1/23/2026,21:46:43,0,,,0.8182,w,0.8571,0.8571,0.8571,0.8571,0.8571,0.8571,0.8851,0.8851,0.8851,0.8182,0.8182,0.8182,0.8667,0.8667,0.8667,,,,,,,0.8857,0.8611,0.8462,0.8739,0.8739,0.8328,0.8347,0.8267,0.8227
1893401,1/24/2026 2:15,dard,ws,4900,-105,d,ts,1/23/2026,21:15:52,0,,,0.5122,w,0.5349,0.5652,0.5652,0.5122,0.5455,0.5951,0.5763,0.6109,0.6109,0.5833,0.5833,0.5833,0.5455,0.5455,0.6,,,,,,,0.6,0.6154,0.6154,0.5633,0.5633,0.5633,0.5305,0.5536,0.5614
1893231,1/24/2026 2:03,dard,ws,5800,230,c,ts,1/23/2026,21:03:29,0,,,0.303,w,0.3636,0.3333,0.3333,0.4032,0.369,0.369,0.3846,0.3472,0.3472,0.303,0.303,0.303,0.4167,0.3704,0.3704,,,,,,,0.3846,0.3704,0.3704,,0.3571,0.3571,0.3401,0.3115,0.3106
1893828,1/24/2026 2:40,dard,ws,6400,-200,c,ts,1/23/2026,21:40:47,0,,,0.6667,w,0.7143,0.7143,0.6774,0.7101,0.7101,0.7101,0.7409,0.7409,0.7409,0.6667,0.6667,0.6667,0.7143,0.7143,0.7143,,,,,,,0.7333,0.7183,0.7015,0.7175,0.7175,0.6764,0.6835,0.6785,0.6633
1892194,1/24/2026 0:25,keys,ws,10500,-800,c,ts,1/23/2026,19:25:12,0,,,0.8889,w,0.9333,,,0.9231,,,0.9346,,,0.8889,,,0.9333,,,,,,,,,0.9417,,,,,,0.8986,,
1892183,1/24/2026 0:20,keys,ws,9100,-900,d,ts,1/23/2026,19:20:51,0,,,0.9,w,0.9375,0.9474,0.9474,0.9,0.901,0.901,0.9346,0.9346,0.9346,0.9231,0.9231,0.9231,0.9333,0.9333,0.9333,,,,,,,0.9574,0.9574,0.9592,,,,0.9076,0.9071,0.9076
1894583,1/24/2026 3:37,mach,ws,2100,452,d,ts,1/23/2026,22:37:42,0,,,0.1812,l,0.25,0.2941,0.2941,0.1812,0.2604,0.2646,0.2128,0.2667,0.2564,0.2632,0.2632,0.2632,0.2105,0.2105,0.2667,0.2114,0.232,0.2532,,,,0.2703,0.274,0.274,,,,0.1961,0.2242,0.2326
1892640,1/24/2026 1:24,mach,ws,7800,-220,c,ts,1/23/2026,20:24:33,0,,,0.6875,l,0.7727,0.697,0.697,0.7549,0.7382,0.7191,0.7531,0.6923,0.6923,0.6875,0.6875,0.6875,0.7778,0.7778,0.7059,0.7436,0.734,0.6951,,,,0.7183,0.7183,0.7183,0.7118,0.7118,0.7118,0.7076,0.6795,0.6656
1894417,1/24/2026 3:19,mach,ws,2100,740,l,ts,1/23/2026,22:19:08,0,,,0.119,l,0.2,0.1429,0.1429,0.149,,,0.1562,0.0952,0.1111,0.1333,0.1333,0.1333,0.1667,0.125,0.125,0.1695,0.1486,0.1064,,,,0.119,0.119,0.1227,,,,0.1364,0.0889,0.0879
1894509,1/24/2026 3:25,mach,ws,9900,200,c,ts,1/23/2026,22:25:25,0,,,0.3333,l,0.5,0.3509,0.3509,0.4237,0.3247,0.3247,0.3922,0.3125,0.3125,0.3333,0.3333,0.3333,0.4348,0.4348,0.3125,0.4386,0.4082,0.3559,,,,0.3509,0.3333,0.339,,,,0.3891,0.3205,0.2924
1890576,1/23/2026 8:14,mina,ws,9100,-415,d,ts,1/23/2026,3:14:51,0,,,0.8058,w,,,,,,,,,,,,,,,,,,,,,,,,,,,,,,
1894326,1/24/2026 3:12,muse,ws,7700,-380,c,ts,1/23/2026,22:12:10,0,,,0.7917,w,0.8305,0.8113,0.8113,0.8445,0.8205,0.8205,0.8773,0.8621,0.8621,0.7917,0.7917,0.7917,0.8667,0.8462,0.8462,0.8113,0.8113,0.7921,,,,0.8473,0.8473,0.8473,,,,0.8051,0.7942,0.7925
1892143,1/24/2026 0:13,muse,ws,7900,-170,f,ts,1/23/2026,19:13:42,0,,,0.6296,w,0.6296,0.6667,0.6364,0.6885,0.6885,0.7059,0.7015,0.7015,0.7409,0.7222,0.7222,0.7222,0.6825,0.6825,0.7143,0.6855,0.6951,0.7151,,,,0.7222,0.75,0.75,0.7214,0.7214,0.7214,0.654,0.6575,0.6743
1893337,1/24/2026 2:10,muse,ws,9500,-280,f,ts,1/23/2026,21:10:45,0,,,0.7368,w,0.7368,0.7826,0.7917,0.7669,0.7669,0.7763,0.8413,0.8413,0.8413,0.7826,0.7826,0.7826,0.7778,0.7778,0.7778,0.7727,0.763,0.763,,,,0.8291,0.8361,0.8361,0.8047,,,0.7567,0.7658,0.7706
1894500,1/24/2026 3:24,muse,ws,20200,-240,c,ts,1/23/2026,22:24:29,0,,,0.7059,w,0.8,0.7222,0.7222,0.798,0.7275,0.7275,0.8485,0.7701,0.7895,0.7059,0.7059,0.7059,0.8333,0.8333,0.7647,0.7727,0.763,0.7151,,,,0.7802,0.759,0.7619,,,,0.7573,0.7159,0.7085
1892182,1/24/2026 0:20,pegu,ws,17500,-2200,d,ts,1/23/2026,19:20:51,0,,,0.9565,w,0.9804,0.9804,0.9804,0.9565,0.96,0.96,,,,0.9901,0.9901,0.9901,0.9836,0.9836,0.9836,,,,,,,,,,,,,0.9635,0.964,0.964
1894643,1/24/2026 3:55,shel,ws,7200,-320,c,ts,1/23/2026,22:55:09,0,,,0.7619,w,0.823,0.823,0.823,0.8028,0.7647,0.7625,0.8276,0.8131,0.8131,0.7619,0.7619,0.7619,0.8,,,,,,,,,0.8095,0.8039,0.8039,,0.7826,0.7826,0.7758,0.7669,0.7669
1894647,1/24/2026 3:56,shel,ws,11800,-280,c,ts,1/23/2026,22:56:05,0,,,0.7368,w,0.8305,0.7872,0.7872,0.8008,0.7361,0.729,0.8131,0.7826,0.7895,0.7368,0.7368,0.7368,0.8,0.7647,0.7647,,,,,,,0.7849,0.7849,0.7895,,,,0.7625,0.7368,0.7409
1895258,1/24/2026 5:15,shel,ws,10600,-2500,c,ts,1/23/2026,0:15:17,0,,,0.9615,w,0.9804,0.9756,,0.9828,0.9828,,,,,0.9615,0.9615,,0.9836,0.9836,,,,,,,,,,,0.991,0.991,,0.9655,0.9537,
1894645,1/24/2026 3:55,shel,ws,6200,-320,c,ts,1/23/2026,22:55:24,0,,,0.7619,w,0.823,,0.823,0.8028,,0.8028,0.8131,,0.8131,0.7826,,0.7619,0.8,,0.8,,,,,,,0.823,,0.8165,,,,0.7753,,0.7727
1890586,1/23/2026 8:29,shna,ws,1800,445,d,ts,1/23/2026,3:29:48,0,,,0.1835,l,,,,,,,,,,,,,,,,,,,,,,,,,,,,,,
1890596,1/23/2026 8:37,shna,ws,4300,386,d,ts,1/23/2026,3:37:04,0,,,0.2058,l,,,,,,,,,,,,,,,,,,,,,,,,,,,,,,
1890575,1/23/2026 8:13,shna,ws,3000,164,f,ts,1/23/2026,3:13:24,0,,,0.3788,l,,,,,,,,,,,,,,,,,,,,,,,,,,,,,,
1890584,1/23/2026 8:29,shna,ws,2100,441,d,ts,1/23/2026,3:29:32,0,,,0.1848,l,,,,,,,,,,,,,,,,,,,,,,,,,,,,,,
1895201,1/24/2026 5:04,sinn,ws,22900,-3300,d,ts,1/23/2026,0:04:09,0,,,0.9706,w,0.995,,0.995,0.9706,,0.9792,,,,0.9901,,0.9901,0.9934,,0.9934,0.9907,,0.9907,,,,,,,,,,0.9767,,0.9775
1894039,1/24/2026 2:53,sinn,ws,18700,-1260,d,ts,1/23/2026,21:53:20,0,,,0.9265,w,0.96,0.96,0.96,0.9265,0.95,0.9451,,,,0.9615,0.9615,0.9615,0.9615,0.9615,0.9615,0.9533,0.9533,0.9627,,,,0.9881,0.9899,0.9899,,0.991,0.991,0.9391,0.9414,0.9427
1893458,1/24/2026 2:18,sinn,ws,8000,-367,d,ts,1/23/2026,21:18:37,0,,,0.7859,w,0.8182,0.8462,0.8462,0.7859,0.811,0.811,,,,0.8182,0.8333,0.8333,0.8333,0.8571,0.8571,0.8494,0.8684,0.84,,,,0.8507,0.8551,0.8507,0.858,0.858,0.858,0.8,0.8175,0.8124
1895013,1/24/2026 4:39,sinn,ws,18400,-400,f,ts,1/23/2026,23:39:22,0,,,0.8,w,0.8,0.8462,0.8462,0.881,0.881,0.881,,,,0.8462,0.8462,0.8462,0.8824,0.8824,0.8824,0.8684,0.859,0.859,,,,0.8942,0.8985,0.8985,,,,0.8305,0.8403,0.842
1895033,1/24/2026 4:41,spiz,ws,5500,355,l,ts,1/23/2026,23:41:22,0,,,0.2198,l,0.3333,0.2857,0.2857,0.2597,0.2114,0.2114,,,,0.2632,0.2632,0.2632,0.25,0.2105,0.2105,0.2632,0.2532,0.2217,,,,0.2198,0.2299,0.2247,0.4444,0.4444,0.4444,0.2558,0.2169,0.2062
1895016,1/24/2026 4:39,spiz,ws,2500,523,d,ts,1/23/2026,23:39:30,0,,,0.1605,l,0.2857,0.25,0.25,0.1605,0.1605,0.1605,,,,0.2,0.2,0.2,0.1818,0.1818,0.1818,0.1905,0.1695,0.159,,,,0.1923,0.1923,0.1887,,,,0.1783,0.1639,0.1597
1890572,1/23/2026 8:12,svit,ws,5800,-143,d,ts,1/23/2026,3:12:13,0,,,0.5885,w,,,,,,,,,,,,,,,,,,,,,,,,,,,,,,
1890574,1/23/2026 8:13,svit,ws,5200,-143,d,ts,1/23/2026,3:13:04,0,,,0.5885,w,,,,,,,,,,,,,,,,,,,,,,,,,,,,,,
1908725,1/25/2026 3:05,alcz,ws,6300,-400,c,ts,1/24/2026,22:05:25,0,,,0.8,w,0.8462,0.8462,0.8462,0.8361,0.8361,0.8325,0.8485,0.8485,0.8413,0.8,0.8,0.8,0.8462,0.8462,0.8462,0.84,0.84,0.84,,,,0.8496,0.8462,0.8473,,,,0.8106,0.8084,0.8051
1909239,1/25/2026 3:54,alcz,ws,16000,-610,d,ts,1/24/2026,22:54:53,0,,,0.8592,w,0.9231,,0.8889,0.8592,,0.8592,0.9177,,0.9177,0.9,,0.9,0.9091,,0.9091,0.8969,,0.8969,,,,0.9322,,0.9313,,,,0.8779,,0.8681
1908875,1/25/2026 3:16,alcz,ws,19800,-670,d,ts,1/24/2026,22:16:50,0,,,0.8701,w,0.92,0.9333,0.9333,0.8701,0.899,0.899,0.9091,0.9259,0.9259,0.9333,0.9333,0.9333,,0.9231,0.9231,0.9158,0.9158,0.9158,,,,0.9497,0.9546,0.952,,,,0.8919,0.9008,0.9002
1895390,1/24/2026 10:21,butv,ws,20000,-1200,c,ts,1/24/2026,5:21:48,0,,,0.9231,,,,,,,,,,,,,,,,,,,,,,,,,,,,,,,
1895391,1/24/2026 10:31,butv,ws,6200,-320,c,ts,1/24/2026,5:31:43,0,,,0.7619,,,,,,,,,,,,,,,,,,,,,,,,,,,,,,,
1895377,1/24/2026 9:37,butv,ws,4900,200,c,ts,1/24/2026,4:37:02,0,,,0.3333,,,,,,,,,,,,,,,,,,,,,,,,,,,,,,,
1895402,1/24/2026 10:40,butv,ws,5500,-136,d,ts,1/24/2026,5:40:55,0,,,0.5763,,,,,,,,,,,,,,,,,,,,,,,,,,,,,,,
1895380,1/24/2026 10:02,djok,ws,33600,-1740,d,ts,1/24/2026,5:02:33,0,,,0.9457,,,,,,,,,,,,,,,,,,,,,,,,,,,,,,,
1909721,1/25/2026 5:50,gauf,ws,18400,-320,c,ts,1/24/2026,0:50:36,0,,,0.7619,w,0.8462,0.8462,0.8667,0.8073,0.7664,0.7664,0.8276,0.8276,0.8276,0.7619,0.7917,0.7917,,,,0.8302,0.8302,0.84,,,,0.8519,0.8561,0.8658,0.8478,0.8478,0.871,0.7984,0.7988,0.8054
1909776,1/25/2026 6:42,gauf,ws,12500,-800,c,ts,1/24/2026,1:42:09,0,,,0.8889,w,0.9375,0.9167,0.9167,0.9359,0.9194,0.9206,0.9434,0.9177,0.9177,0.8889,0.8889,0.8889,,,,0.9063,0.9063,0.8874,,,,0.9329,0.931,0.931,,,,0.9005,0.889,0.8853
1909752,1/25/2026 6:03,gauf,ws,15900,-359,d,ts,1/24/2026,1:03:10,0,,,0.7821,w,0.8462,0.8824,0.8824,0.7821,0.8501,0.8501,0.8333,0.8413,0.8701,0.7917,0.8333,0.8333,,,,0.8494,0.859,0.8779,,,,0.8726,0.8883,0.8883,,,,0.811,0.8325,0.8428
1909748,1/25/2026 6:00,gauf,ws,17800,-500,c,ts,1/24/2026,1:00:19,0,,,0.8333,w,0.875,,,0.881,,,0.9091,,,0.8333,,,,,,0.8969,,,,,,0.8958,,,0.872,,,0.858,,
1895414,1/24/2026 10:55,harl,ws,4000,175,c,ts,1/24/2026,5:55:28,0,,,0.3636,,,,,,,,,,,,,,,,,,,,,,,,,,,,,,,
1895436,1/24/2026 11:13,harl,ws,4400,165,c,ts,1/24/2026,6:13:14,0,,,0.3774,,,,,,,,,,,,,,,,,,,,,,,,,,,,,,,
1895379,1/24/2026 9:38,harl,ws,8700,-130,f,ts,1/24/2026,4:38:33,0,,,0.5652,,,,,,,,,,,,,,,,,,,,,,,,,,,,,,,
1895410,1/24/2026 10:52,harl,ws,3100,226,d,ts,1/24/2026,5:52:21,0,,,0.3067,,,,,,,,,,,,,,,,,,,,,,,,,,,,,,,
1907553,1/25/2026 2:07,saba,ws,12800,-2500,c,ts,1/24/2026,21:07:22,0,,,0.9615,w,0.9877,0.9877,0.9877,0.9756,0.9825,0.9825,,,,0.9615,0.9615,0.9615,0.9836,0.9836,0.9836,0.9814,0.9814,0.972,,,,,,,0.998,0.998,0.998,0.9662,0.9646,0.9625
1906555,1/25/2026 0:49,saba,ws,15400,-380,c,ts,1/24/2026,19:49:23,0,,,0.7917,w,0.8571,0.8182,0.8182,0.8505,0.8201,0.8201,0.8621,0.8276,0.8276,0.7917,0.7917,0.7917,0.8667,0.8333,0.8333,0.8494,0.8302,0.8016,,,,0.8473,0.8473,0.8473,0.8299,0.8299,0.8258,0.8185,0.7963,0.793
1907542,1/25/2026 2:06,saba,ws,32800,-1200,c,ts,1/24/2026,21:06:16,0,,,0.9231,w,0.9677,0.9474,0.9474,0.9697,0.9342,0.9342,0.9901,0.9615,0.9615,0.9231,0.9231,0.9333,0.9756,0.9615,0.9615,0.9627,0.9533,0.9533,,,,0.9837,0.9761,0.9771,0.955,0.955,0.955,0.9482,0.9302,0.9309
1907511,1/25/2026 2:03,saba,ws,12700,-550,c,ts,1/24/2026,21:03:25,0,,,0.8462,w,0.9,0.8667,0.8667,0.8876,0.8435,0.8397,0.9177,0.8701,0.8773,0.8462,0.8462,0.8462,0.9,0.8667,0.8667,0.8874,0.8684,0.8684,,,,0.8969,0.8817,0.8901,0.8689,0.8689,0.8689,0.8658,0.839,0.8423
1911104,1/26/2026 3:42,anis,ws,12300,-700,c,ts,1/25/2026,22:42:03,0,,,0.875,w,0.9259,,,0.9254,,,0.9259,,,0.875,,,0.9231,,,,,,,,,0.9177,,,0.8729,,,0.8894,,
1911177,1/26/2026 3:57,anis,ws,9300,-800,c,ts,1/25/2026,22:57:26,0,,,0.8889,w,0.9231,0.8824,0.8824,0.9219,0.9167,0.902,0.9346,0.893,0.893,0.8889,0.8889,0.8889,0.9333,0.9333,0.9,,,,,,,0.9324,0.9153,0.917,0.8959,0.8959,0.8959,0.8975,0.8686,0.8656
1911194,1/26/2026 4:03,anis,ws,13200,-1400,c,ts,1/25/2026,23:03:48,0,,,0.9333,w,0.9524,0.9412,0.9412,0.9706,0.96,0.9405,0.9709,0.9709,0.9615,0.9333,0.9333,0.9333,0.9756,0.9756,0.9615,,,,,,,0.9876,0.9777,0.9771,0.971,0.955,0.955,0.9421,0.9354,0.9297
1911243,1/26/2026 4:15,anis,ws,9700,-900,c,ts,1/25/2026,23:15:36,0,,,0.9,w,0.9231,0.9,0.875,0.9383,0.9206,0.9091,0.9434,0.9434,0.9346,0.9,0.9,0.9,0.9474,0.9474,0.9231,,,,,,,0.949,0.9385,0.9317,0.8789,0.8789,0.8789,0.908,0.8972,0.8804
1911258,1/26/2026 4:55,carb,ws,3500,250,f,ts,1/25/2026,23:55:35,0,,,0.2857,l,0.2857,,,0.3663,,,0.3846,,,0.3636,,,,,,,,,,,,,,,,,,0.2985,,
1911118,1/26/2026 3:46,carb,ws,9400,-320,c,ts,1/25/2026,22:46:52,0,,,0.7619,l,0.8571,0.8113,0.8113,0.8236,0.7807,0.7807,0.8198,0.7895,0.7895,0.8,0.7619,0.7619,,,,,,,,,,,,,,,,0.789,0.7468,0.7468
1911256,1/26/2026 4:45,carb,ws,4600,230,c,ts,1/25/2026,23:45:43,0,,,0.303,l,0.3636,,0.303,0.3774,,0.3021,0.4032,,0.3226,0.303,,0.303,,,,,,,,,,,,,,,,0.33,,0.2674
1911125,1/26/2026 3:49,carb,ws,8400,-300,c,ts,1/25/2026,22:49:44,0,,,0.75,l,0.8462,0.7872,0.7872,0.8273,0.7854,0.7854,0.8077,0.759,0.759,0.75,0.75,0.75,,,,,,,,,,,,,,,,0.7674,0.7297,0.7297
1911264,1/26/2026 5:08,ferg,ws,15500,-1600,c,ts,1/25/2026,0:08:58,0,,,0.9412,,0.9722,,,0.98,,,,,,0.9412,,,,,,,,,,,,,,,,,,0.9497,,
1911252,1/26/2026 4:37,ferg,ws,11200,-190,c,ts,1/25/2026,23:37:59,0,,,0.6552,,0.7368,,,0.7449,,,0.7468,,,0.7368,,,,,,,,,,,,,,,,,,0.6951,,
1911236,1/26/2026 4:09,ferg,ws,6000,-115,c,ts,1/25/2026,23:09:33,0,,,0.5349,,0.6078,,,0.6169,,,0.6032,,,0.5349,,,,,,,,,,,,,,,,,,0.5575,,
1911226,1/26/2026 4:07,ferg,ws,8700,-110,c,ts,1/25/2026,23:07:57,0,,,0.5238,,0.6078,0.5238,0.5238,0.6269,0.6198,0.6198,0.6032,0.5349,0.5349,0.5238,0.5238,0.5238,,,,,,,,,,,,,,,,0.5575,0.4975,0.4975
1913414,1/27/2026 5:03,bert,ws,3300,166,d,ts,1/26/2026,0:03:35,0,,,0.3759,l,0.4255,,0.4255,0.3759,,0.3788,0.4651,,0.4651,0.4167,,0.4167,,,,,,,,,,,,,,,,0.3937,,0.3937
1913413,1/27/2026 5:03,bert,ws,3200,164,d,ts,1/26/2026,0:03:23,0,,,0.3788,l,0.4255,,0.4651,0.3788,,0.4739,0.4651,,0.495,0.4348,,0.4348,,,,,,,,,,,,,,,,0.3968,,0.4329
1913415,1/27/2026 5:04,bert,ws,3200,155,d,ts,1/26/2026,0:04:54,0,,,0.3922,l,0.4348,0.4651,0.4651,0.3922,0.4717,0.4717,0.4717,0.495,0.495,0.4651,0.4651,0.4444,,,,,,,,,,,,,,,,0.4098,0.4425,0.4386
1913417,1/27/2026 5:09,bert,ws,6000,125,c,ts,1/26/2026,0:09:37,0,,,0.4444,l,0.5122,,0.4651,0.4975,,0.4167,0.5327,,0.495,0.4444,,0.4545,,,,,,,,,,,,,,,,0.4739,,0.431
1913347,1/27/2026 4:27,tien,ws,9500,340,c,ts,1/26/2026,23:27:22,0,,,0.2273,l,0.3226,,,0.3509,,,0.3077,,,0.3333,,,0.3509,,,0.3356,,,,,,0.2532,,,,,,0.2967,,
1913044,1/27/2026 3:04,tien,ws,3400,279,d,ts,1/26/2026,22:04:59,0,,,0.2639,l,0.3125,,,0.2639,,,0.3125,,,0.2941,,,0.2899,,,0.3049,,,,,,0.339,,,0.339,,,0.2778,,
1913341,1/27/2026 4:26,tien,ws,4300,550,c,ts,1/26/2026,23:26:43,0,,,0.1538,l,0.25,0.1724,,0.2398,0.1567,,0.2222,0.1639,,0.1538,0.1538,,0.25,,,0.2217,0.2114,,,,,0.1942,0.1739,,,,,0.1848,0.1401,
1913348,1/27/2026 4:27,tien,ws,6900,295,l,ts,1/26/2026,23:27:22,0,,,0.2532,l,0.3226,,,0.3509,,,0.3077,,,0.3333,,,0.3509,,,0.3356,,,,,,0.2532,,,,,,0.2967,,
1913419,1/27/2026 5:17,zver,ws,13500,-800,c,ts,1/26/2026,0:17:11,0,,,0.8889,w,0.9333,0.9231,0.9231,0.918,0.8925,0.8925,0.9434,0.9259,0.9259,0.8889,0.8889,0.8889,0.9167,0.9167,0.9,0.9063,0.9063,0.9063,,,,0.9471,0.9363,0.9344,,,,0.9014,0.89,0.8888
1913259,1/27/2026 3:56,zver,ws,9800,-304,d,ts,1/26/2026,22:56:30,0,,,0.7525,w,0.7872,0.8246,0.8246,0.7525,,,0.8,0.8333,0.8333,0.8182,0.8182,0.8182,0.84,0.84,0.84,0.763,0.7921,0.8113,,,,0.8462,0.8519,0.8519,0.8217,0.8217,0.8217,0.7696,0.7959,0.798
1913334,1/27/2026 4:25,zver,ws,22600,-550,c,ts,1/26/2026,23:25:23,0,,,0.8462,w,0.92,0.875,0.875,0.9083,0.8387,0.8387,0.9259,0.893,0.893,0.8462,0.8462,0.8462,0.9,0.84,0.84,0.8969,0.859,0.8494,,,,0.8947,0.8864,0.883,,,,0.8773,0.841,0.839
1913249,1/27/2026 3:54,zver,ws,6400,-400,c,ts,1/26/2026,22:54:13,0,,,0.8,w,0.8667,0.8462,0.8182,0.8188,0.8117,,0.8413,0.8413,0.8198,0.8,0.8,0.8,0.84,0.84,0.84,0.8302,0.8302,0.8208,,,,0.8485,0.84,0.8413,0.8358,0.802,0.802,0.8106,0.8031,0.7938
1913770,1/27/2026 20:43,alvf,ws,5300,300,c,ts,1/27/2026,15:43:56,0,,,0.25,,0.3125,,,0.3448,,,0.3509,,,0.25,,,,,,,,,,,,,,,,,,0.2841,,
1918543,1/28/2026 4:10,anis,ws,7700,550,c,ts,1/27/2026,23:10:54,0,,,0.1538,l,0.2857,0.1786,0.1786,0.2427,,,0.2326,0.16,0.16,0.1538,0.1538,0.1538,0.25,0.1667,0.1667,,,,,,,0.1626,0.1626,0.1587,0.2092,0.2092,0.2092,0.2088,0.1255,0.1255
1918329,1/28/2026 3:48,anis,ws,5000,165,c,ts,1/27/2026,22:48:38,0,,,0.3774,l,0.4348,0.3333,0.3333,0.4484,0.3704,0.3704,0.4386,0.3704,0.3704,0.4545,0.3774,0.3774,0.4348,0.3509,0.3509,,,,,,,0.3774,0.3636,0.3636,0.9,0.9,0.9,0.4098,0.3236,0.3236
1917404,1/28/2026 2:54,anis,ws,3000,235,d,ts,1/27/2026,21:54:36,0,,,0.2985,l,0.3333,,,0.2985,,,0.3774,,,0.3333,,,0.3333,,,,,,,,,0.3846,,,0.999,,,0.3175,,
1917607,1/28/2026 3:05,anis,ws,2000,438,d,ts,1/27/2026,22:05:01,0,,,0.1859,l,0.25,0.25,0.25,0.1859,0.2222,0.2222,0.2326,0.2326,0.2326,0.2381,0.2381,0.2381,0.2353,0.2353,,,,,,,,0.2469,0.2469,0.2469,0.9,0.9,0.9,0.1996,0.2024,0.2033
1914829,1/28/2026 1:01,cass,ws,3400,158,d,ts,1/27/2026,20:01:48,0,,,0.3876,l,0.4255,0.4762,0.4762,0.3876,0.4444,0.4444,0.4717,0.5,0.5,0.4762,0.4762,0.4762,,,,,,,,,,,,,,,,0.4065,0.4444,0.4444
1915085,1/28/2026 1:13,cass,ws,3200,178,d,ts,1/27/2026,20:13:20,0,,,0.3597,l,0.4255,,,0.3597,,,0.4255,,,0.4167,,,,,,,,,,,,,,,,,,0.3774,,
1919085,1/28/2026 5:39,djok,ws,3800,150,c,ts,1/27/2026,0:39:11,0,,,0.4,,0.4545,,0.5,0.495,0.495,0.495,0.4444,0.4444,0.4444,0.4444,0.4,0.4,0.4651,0.4651,0.4651,,,,,,,0.4651,0.4545,0.4255,0.4785,0.4785,0.4115,0.4237,0.4149,0.4167
1919084,1/28/2026 5:39,djok,ws,3800,150,c,ts,1/27/2026,0:39:03,0,,,0.4,,,0.4348,0.4,0.495,0.4425,,0.4444,0.4444,0.4115,0.4,0.4,0.4,0.4651,0.4651,0.4167,,,,,,,0.4444,0.4255,0.4255,0.4115,0.4115,0.4115,0.4065,0.4,0.3774
1919081,1/28/2026 5:38,djok,ws,3800,175,c,ts,1/27/2026,0:38:22,0,,,0.3636,,0.4348,,0.4,0.4219,,0.4219,0.4032,,0.4032,0.4,,0.3636,0.4167,,0.4167,,,,,,,0.4348,,0.3922,0.4115,,0.3831,0.3891,,0.365
1918731,1/28/2026 4:40,djok,ws,9200,-260,c,ts,1/27/2026,23:40:17,0,,,0.7222,,0.7826,0.7727,0.7727,0.7947,0.7717,0.7717,0.7895,0.7753,0.7753,0.7222,0.7222,0.7222,0.7849,0.7778,0.7778,,,,,,,0.7674,0.7674,0.7674,0.7579,0.7579,0.7579,0.7429,0.734,0.734
1913541,1/27/2026 19:39,erha,ws,11600,-201,d,ts,1/27/2026,14:39:27,0,,,0.6678,,0.7674,0.7674,0.7674,0.6678,0.6904,0.6904,0.7531,0.7531,0.7531,0.7222,0.7222,0.7222,,,,,,,,,,,,,,,,0.6997,0.7015,0.7015
1913476,1/27/2026 19:19,erha,ws,9800,165,c,ts,1/27/2026,14:19:43,0,,,0.3774,,0.4651,,,0.4739,,,0.5,,,0.3774,,,,,,,,,,,,,,,,,,0.4292,,
1913527,1/27/2026 19:30,erha,ws,11600,165,c,ts,1/27/2026,14:30:28,0,,,0.3774,,0.4878,,,0.4673,,,0.495,,,0.3774,,,,,,,,,,,,,,,,,,0.4386,,
1913536,1/27/2026 19:38,erha,ws,6000,-215,d,ts,1/27/2026,14:38:45,0,,,0.6825,,0.7561,0.7561,0.7561,0.6825,0.6825,0.6825,0.7531,0.7468,0.7468,0.7059,0.7059,0.7059,,,,,,,,,,,,,,,,0.6979,0.6942,0.6942
1913431,1/27/2026 18:58,kola,ws,2200,416,d,ts,1/27/2026,13:58:50,0,,,0.1938,,0.25,0.2703,0.2703,0.1938,0.2364,0.2364,0.2703,0.2899,0.2899,0.25,0.25,0.25,,,,,,,,,,,,,,,,0.2092,0.2288,0.2288
1913524,1/27/2026 19:29,kola,ws,3600,450,c,ts,1/27/2026,14:29:07,0,,,0.1818,,0.2564,0.1754,0.1754,0.2268,0.1767,0.1767,0.2667,0.1786,0.1786,0.1818,0.1818,0.1818,,,,,,,,,,,,,,,,0.2066,0.133,0.133
1913509,1/27/2026 19:26,kola,ws,3200,450,c,ts,1/27/2026,14:26:33,0,,,0.1818,,0.25,0.1667,,0.2237,0.2237,,0.2667,0.2,,0.1818,0.1818,,,,,,,,,,,,,,,,,0.2037,0.1449,
1913426,1/27/2026 18:54,kola,ws,2000,443,d,ts,1/27/2026,13:54:23,0,,,0.1842,,0.2381,0.2439,0.2439,0.1842,0.1961,0.1931,0.2632,0.2632,0.2703,0.2273,0.2273,0.2273,,,,,,,,,,,,,,,,0.198,0.2016,0.2041
1913901,1/27/2026 21:50,mont,ws,9700,-700,c,ts,1/27/2026,16:50:52,0,,,0.875,w,0.9167,0.8824,0.8824,0.9367,0.9,0.9,0.9346,0.901,0.901,0.875,0.875,0.875,,,,,,,,,,,,,,,,0.8852,0.8521,0.8521
1913979,1/27/2026 22:23,mont,ws,25100,-2000,c,ts,1/27/2026,17:23:04,0,,,0.9524,w,0.9836,,0.96,0.9863,,0.9524,,,0.9901,0.9524,,0.9615,,,,,,,,,,,,,,,,0.9631,,0.9413
1918461,1/28/2026 4:02,osom,ws,29800,-900,c,ts,1/27/2026,23:02:33,0,,,0.9,w,0.96,0.9474,0.9474,0.9474,0.9315,0.9315,,,,0.9,0.9091,0.9091,,,,,,,,,,,,,,,,0.9249,0.9121,0.9121
1918824,1/28/2026 5:04,osom,ws,9100,-700,c,ts,1/27/2026,0:04:23,0,,,0.875,w,0.9355,,0.9167,0.9138,,0.9057,,,,,,0.875,,,,,,,,,,,,,0.932,,0.916,,,0.877
1918456,1/28/2026 4:02,osom,ws,25600,-800,c,ts,1/27/2026,23:02:08,0,,,0.8889,w,0.9474,,,0.9333,,,,,,0.8889,,,,,,,,,,,,,,,,,,0.9075,,
1918368,1/28/2026 3:51,osom,ws,12900,-380,c,ts,1/27/2026,22:51:25,0,,,0.7917,w,0.8667,,0.7917,0.8382,,0.7877,,,,0.7917,,0.7917,,,,,,,,,,,,,,,,0.8141,,0.7561
1914812,1/28/2026 0:59,ryba,ws,8300,-115,e,ts,1/27/2026,19:59:54,0,,,0.5349,w,0.6154,0.5652,0.5652,0.6154,0.6047,0.5781,0.5968,0.5595,0.5595,0.5833,0.5833,0.5833,0.5349,0.5349,0.5349,,,,,,,0.6078,0.5918,0.5918,0.5868,0.5868,0.5868,0.5671,0.5392,0.537
1914774,1/28/2026 0:56,ryba,ws,5200,-103,d,ts,1/27/2026,19:56:48,0,,,0.5074,w,0.5556,0.6,0.6,0.5074,0.5652,0.5652,0.5475,0.5781,0.5781,0.6,0.6,0.6,0.5349,0.5349,0.5349,,,,,,,0.5918,0.6078,0.6078,,0.6016,0.6016,0.5283,0.5575,0.5575
1914763,1/28/2026 0:55,ryba,ws,5500,-115,c,ts,1/27/2026,19:55:44,0,,,0.5349,w,0.6296,0.5455,0.5455,0.631,0.5575,0.5575,0.5781,0.5305,0.5305,0.5349,0.5349,0.5349,0.5349,0.5349,0.5349,,,,,,,0.5652,0.5556,0.5455,0.5434,0.5434,0.5434,0.5556,0.5098,0.5098
1914711,1/28/2026 0:51,ryba,ws,7500,120,c,ts,1/27/2026,19:51:45,0,,,0.4545,w,0.5349,0.4878,0.4878,0.5745,0.537,0.537,0.5146,0.4854,0.4717,0.4545,0.4545,0.4545,0.5349,0.5349,0.5349,,,,,,,0.5122,0.5,0.5,0.4902,0.4902,0.4902,0.4902,0.4608,0.4566
1914094,1/27/2026 23:51,rybx,ws,3100,550,c,ts,1/27/2026,18:51:28,0,,,0.1538,,0.2273,0.1538,0.1538,0.2101,0.122,0.122,0.2299,0.1739,0.1739,0.1538,0.1538,0.1538,,,,,,,,,,,,,,,,0.1757,0.1124,0.1124
1914098,1/27/2026 23:52,rybx,ws,1900,500,c,ts,1/27/2026,18:52:53,0,,,0.1667,,0.2326,0.1667,0.1667,0.2212,0.1437,0.1437,0.2326,0.1739,0.1739,0.1667,0.1667,0.1667,,,,,,,,,,,,,,,,0.1805,0.122,0.122
1914179,1/28/2026 0:09,rybx,ws,6500,450,c,ts,1/27/2026,19:09:24,0,,,0.1818,,0.3125,0.2174,0.2174,0.2364,0.1664,,0.2667,0.1739,0.2,0.1818,0.1818,0.1818,,,,,,,,,,,,,,,,0.2268,0.1473,
1914167,1/28/2026 0:08,rybx,ws,8700,500,c,ts,1/27/2026,19:08:16,0,,,0.1667,,0.3125,0.2,0.2,0.2525,0.1527,0.1701,0.2667,0.1724,0.1724,0.1667,0.1667,0.2083,,,,,,,,,,,,,,,,0.2278,0.1342,0.1458
1914775,1/28/2026 0:56,swia,ws,7600,130,c,ts,1/27/2026,19:56:49,0,,,0.4348,l,0.5,0.4545,0.4545,0.5413,0.5122,0.4831,0.5169,0.4854,0.4854,0.4762,0.4348,0.4348,0.5122,0.5122,0.5122,,,,,,,0.5,0.4878,0.4878,,0.4717,0.4717,0.4808,0.4444,0.4425
1914719,1/28/2026 0:52,swia,ws,5800,-105,e,ts,1/27/2026,19:52:23,0,,,0.5122,l,0.5652,0.5122,0.5122,0.5935,0.5816,0.5413,0.5885,0.5392,0.5392,0.5652,0.5238,0.5238,0.5122,0.5122,0.5122,,,,,,,0.5745,0.5455,0.5455,0.5495,0.5349,0.5349,0.537,0.5025,0.5
1915719,1/28/2026 1:41,swia,ws,7100,240,c,ts,1/27/2026,20:41:36,0,,,0.2941,l,0.3846,,,0.3436,,,0.3802,,,0.2941,,,0.3571,,,,,,,,,0.303,,,,,,0.3367,,
1914790,1/28/2026 0:58,swia,ws,5200,-105,e,ts,1/27/2026,19:58:04,0,,,0.5122,l,0.5556,0.5556,,0.6416,0.6416,,0.5816,0.5816,,0.5238,0.5238,,0.5122,0.5122,,,,,,,,0.5652,0.5455,,,0.5349,,0.5327,0.5283,
1913518,1/27/2026 19:28,torr,ws,16800,-450,c,ts,1/27/2026,14:28:10,0,,,0.8182,,0.8889,,0.8039,0.8795,,0.8106,0.893,,0.8077,0.8182,,0.8182,,,,,,,,,,,,,,,,0.8438,,0.7674
1913526,1/27/2026 19:30,torr,ws,15900,-600,c,ts,1/27/2026,14:30:12,0,,,0.8571,,0.9167,0.8276,0.8276,0.9074,0.839,0.839,0.9346,0.8485,0.8485,0.8571,0.8571,0.8571,,,,,,,,,,,,,,,,0.8761,0.7992,0.7992
1913498,1/27/2026 19:23,torr,ws,12700,-450,c,ts,1/27/2026,14:23:45,0,,,0.8182,,0.9048,0.8571,0.8571,0.8571,0.8285,0.8285,0.8773,0.8131,0.8276,0.875,0.8182,0.8182,,,,,,,,,,,,,,,,0.8454,0.793,0.7984
1913528,1/27/2026 19:30,torr,ws,47300,-1000,c,ts,1/27/2026,14:30:56,0,,,0.9091,,0.9722,0.9167,0.9167,0.9844,0.9123,0.9074,,0.9091,0.9346,0.9091,0.9091,0.9091,,,,,,,,,,,,,,,,0.9463,0.8755,0.8811
1913807,1/27/2026 21:12,vand,ws,6900,-240,c,ts,1/27/2026,16:12:58,0,,,0.7059,,0.8,0.7619,0.7619,0.7506,0.7143,0.7183,0.7701,0.7333,0.7409,0.7059,0.7059,0.7059,,,,,,,,,,,,,,,,0.7222,0.6875,0.6894
1913815,1/27/2026 21:18,vand,ws,15800,-240,c,ts,1/27/2026,16:18:36,0,,,0.7059,,0.8039,0.7297,0.7297,0.8316,0.7143,0.7143,0.7826,0.7333,0.7333,0.7727,0.7059,0.7059,,,,,,,,,,,,,,,,0.7543,0.6774,0.6774
1913864,1/27/2026 21:37,vand,ws,6200,120,c,ts,1/27/2026,16:37:05,0,,,0.4545,,0.5122,,,0.5392,,,0.5475,,,0.4545,,,,,,,,,,,,,,,,,,0.4854,,
1913804,1/27/2026 21:08,vand,ws,5800,-130,c,ts,1/27/2026,16:08:20,0,,,0.5652,,0.6429,0.5833,0.5833,0.6212,0.5516,0.5516,0.6364,0.5885,0.5885,0.5652,0.5652,0.5652,,,,,,,,,,,,,,,,0.5851,0.5392,0.5392
1913768,1/27/2026 20:43,vari,ws,12800,-260,c,ts,1/27/2026,15:43:01,0,,,0.7222,,0.8214,0.75,,0.7727,0.7167,,0.8,0.7468,,0.7222,0.7222,,,,,,,,,,,,,,,,,0.7519,0.696,
1913759,1/27/2026 20:42,vari,ws,7300,-200,c,ts,1/27/2026,15:42:15,0,,,0.6667,,0.75,,0.7059,0.723,,0.6923,0.7354,,0.7015,0.6667,,0.6667,,,,,,,,,,,,,,,,0.6865,,0.6528
1913748,1/27/2026 20:40,vari,ws,16800,-240,c,ts,1/27/2026,15:40:23,0,,,0.7059,,0.8182,0.7368,0.7368,0.7912,0.7167,0.7167,0.7895,0.7468,0.7468,0.7059,0.7059,0.7059,,,,,,,,,,,,,,,,0.7468,0.6914,0.6914
1913803,1/27/2026 21:00,vari,ws,18900,-2000,c,ts,1/27/2026,16:00:33,0,,,0.9524,,0.9804,0.96,0.96,0.9882,0.9444,0.951,,0.9709,0.9709,0.9524,0.9524,0.9524,,,,,,,,,,,,,,,,0.9606,0.9278,0.9286
1920650,1/29/2026 0:43,johg,ws,36300,-700,c,ts,1/28/2026,19:43:20,0,,,0.875,,0.9474,0.875,0.875,0.9515,0.8684,0.8684,0.9615,0.893,0.893,0.875,0.875,0.875,,,,,,,,,,,,,,,,0.9128,0.8413,0.8413
1920538,1/29/2026 0:37,johg,ws,27000,-600,c,ts,1/28/2026,19:37:08,0,,,0.8571,,0.9355,0.8824,0.8824,0.9153,0.8718,0.8734,0.9434,0.901,0.893,0.9231,0.8571,0.8571,,,,,,,,,,,,,,,,0.8955,0.8498,0.8433
1920592,1/29/2026 0:40,johg,ws,18800,-700,c,ts,1/28/2026,19:40:22,0,,,0.875,,0.9355,0.8824,0.8824,0.9351,0.8684,0.8684,0.9434,0.893,0.893,0.875,0.875,0.875,,,,,,,,,,,,,,,,0.8946,0.841,0.841
1920068,1/29/2026 0:15,johg,ws,11100,-400,c,ts,1/28/2026,19:15:08,0,,,0.8,,0.8571,0.7917,0.7917,0.8649,0.812,0.7955,0.8701,0.8276,0.8276,0.8,0.8,0.8,,,,,,,,,,,,,,,,0.8185,0.7674,0.7647
1919347,1/28/2026 20:16,koto,ws,23000,-220,c,ts,1/28/2026,15:16:25,0,,,0.6875,,0.8,0.697,0.697,0.7859,0.6885,0.6885,0.8077,0.697,0.697,0.6875,0.6875,0.6875,,,,,,,,,,,,,,,,0.7475,0.6491,0.6491
1919351,1/28/2026 20:17,koto,ws,6500,-400,c,ts,1/28/2026,15:17:05,0,,,0.8,,0.8571,,0.8,0.8592,,,0.8551,,0.8551,0.8,,0.8,,,,,,,,,,,,,,,,0.8106,,
1919211,1/28/2026 19:34,koto,ws,11600,160,c,ts,1/28/2026,14:34:06,0,,,0.3846,,0.5238,0.4082,0.4082,0.5,0.4082,0.4082,0.4762,0.3704,0.3704,0.3846,0.3846,0.3448,,,,,,,,,,,,,,,,0.4444,0.3534,0.3448
1919208,1/28/2026 19:33,koto,ws,7000,280,c,ts,1/28/2026,14:33:31,0,,,0.2632,,0.3774,,,0.3623,,,0.3448,,,0.2632,,,,,,,,,,,,,,,,,,0.3067,,
1919774,1/28/2026 23:34,poli,ws,1800,850,d,ts,1/28/2026,18:34:05,0,,,0.1053,l,0.1667,0.1667,0.1667,0.1053,0.1205,0.1205,0.1818,0.1818,0.1818,0.1538,0.1538,0.1538,,,,,,,,,,,,,,,,0.1192,0.1203,0.1203
1920673,1/29/2026 0:44,poli,ws,2300,630,d,ts,1/28/2026,19:44:27,0,,,0.137,l,0.1887,0.1887,0.1887,0.137,0.1433,0.1433,0.2381,0.2174,0.2174,0.1538,0.1538,0.1538,,,,,,,,,,,,,,,,0.1536,0.1475,0.1475
1920476,1/29/2026 0:34,poli,ws,4700,300,c,ts,1/28/2026,19:34:58,0,,,0.25,l,0.3333,,,0.3378,,,0.3226,,,0.25,,,,,,,,,,,,,,,,,,0.2801,,
1919784,1/28/2026 23:40,poli,ws,2200,720,d,ts,1/28/2026,18:40:52,0,,,0.122,l,0.1887,0.1667,0.1667,0.122,0.122,0.159,0.2,0.2,0.1852,0.1429,0.1429,0.1429,,,,,,,,,,,,,,,,0.1385,0.1271,0.1253
1919110,1/28/2026 19:02,zink,ws,5800,210,c,ts,1/28/2026,14:02:18,0,,,0.3226,,0.4255,0.3125,0.3125,0.4049,0.2933,0.2933,0.3922,0.3125,0.3125,0.3226,0.3226,0.3226,,,,,,,,,,,,,,,,0.3559,0.2688,0.2688
1919120,1/28/2026 19:05,zink,ws,14000,340,c,ts,1/28/2026,14:05:27,0,,,0.2273,,0.3333,0.2174,0.2174,0.4115,0.2123,0.2123,0.4082,0.2326,0.2326,0.2273,0.2273,0.2273,,,,,,,,,,,,,,,,0.3175,0.1802,0.1802
1933034,1/30/2026 5:39,alcz,ws,9900,-880,d,ts,1/29/2026,0:39:35,0,,,0.898,w,0.931,0.9333,0.9333,0.898,0.9275,0.9275,0.9434,0.9615,0.9615,0.9333,0.9333,0.9333,0.9167,0.9355,0.9355,0.9158,0.9158,0.9158,,,,0.9625,0.9733,0.9743,0.954,0.954,0.954,0.9077,0.9186,0.9189
1932959,1/30/2026 5:25,alcz,ws,11300,-810,d,ts,1/29/2026,0:25:37,0,,,0.8901,w,0.931,0.9231,0.9231,0.8901,0.8901,0.8864,0.9524,0.9524,0.9524,0.9231,0.9231,0.9231,0.9091,0.9091,0.9091,0.9063,0.9063,0.9063,,,,0.9468,0.9433,0.9432,0.933,0.933,0.933,0.9005,0.8976,0.8972
1932829,1/30/2026 4:52,alcz,ws,10500,-810,d,ts,1/29/2026,23:52:57,0,,,0.8901,w,0.9167,0.931,0.931,0.8901,0.9153,0.9153,0.9346,0.9434,0.9434,0.9231,0.9231,0.9231,0.9091,0.9091,0.9167,0.9158,0.9158,0.9158,,,,0.955,0.9558,0.9562,0.941,0.941,0.941,0.8997,0.9059,0.9065
1932872,1/30/2026 5:08,alcz,ws,8500,-387,d,ts,1/29/2026,0:08:11,0,,,0.7947,w,0.8305,,0.8182,0.7947,,0.7947,0.8621,,0.8621,0.8333,,0.8,,,0.8148,0.8302,,0.8208,,,,0.8561,,0.84,0.8397,,0.8299,0.8092,,0.7967
1926679,1/29/2026 23:32,kord,ws,6000,125,c,ts,1/29/2026,18:32:08,0,,,0.4444,w,0.5455,0.4651,0.4651,0.4739,0.4902,0.3922,0.5122,0.5122,0.4484,0.4444,0.4444,0.4444,,,,,,,,,,,,,,,,0.4739,0.4425,0.4082
1926677,1/29/2026 23:31,kord,ws,3100,155,d,ts,1/29/2026,18:31:47,0,,,0.3922,w,0.4651,0.4651,0.4651,0.3922,,0.3968,0.4484,0.4348,0.4348,0.4444,0.4444,0.4444,,,,,,,,,,,,,,,,0.4082,,0.4016
1926718,1/29/2026 23:40,kord,ws,7500,120,c,ts,1/29/2026,18:40:57,0,,,0.4545,w,0.5652,0.4878,0.4878,0.537,0.4505,0.4505,0.5169,0.4444,0.4444,0.4545,0.4545,0.4348,,,,,,,,,,,,,,,,0.4902,0.4255,0.4219
1926744,1/29/2026 23:48,kord,ws,13200,-900,c,ts,1/29/2026,18:48:17,0,,,0.9,w,0.9474,,,0.9398,,,0.9615,,,0.9,,,,,,,,,,,,,,,,,,0.911,,
1926542,1/29/2026 22:11,vera,ws,8100,-240,c,ts,1/29/2026,17:11:34,0,,,0.7059,w,0.7674,0.7222,0.7222,0.726,0.696,0.696,0.8,0.7409,0.7409,0.75,0.7059,0.7059,,,,,,,,,,,,,,,,0.729,0.6795,0.6795
1926527,1/29/2026 22:04,vera,ws,20300,-180,c,ts,1/29/2026,17:04:12,0,,,0.6429,w,0.7368,0.6491,0.6491,0.729,0.6564,,0.7938,0.7059,0.7059,0.6429,0.6429,0.6429,,,,,,,,,,,,,,,,0.7033,0.6226,
1926528,1/29/2026 22:07,vera,ws,8000,-260,c,ts,1/29/2026,17:07:03,0,,,0.7222,w,0.7778,0.7222,0.7222,0.7664,0.7183,0.7143,0.8131,0.7753,0.7826,0.7222,0.7222,0.7222,,,,,,,,,,,,,,,,0.7409,0.6979,0.6979
1926552,1/29/2026 22:22,vera,ws,37400,-900,c,ts,1/29/2026,17:22:00,0,,,0.9,w,0.9677,0.92,0.92,0.9515,,,,0.9177,0.9177,0.9,0.9,0.9,,,,,,,,,,,,,,,,0.9312,,
1926416,1/29/2026 21:29,vick,ws,10800,-400,c,ts,1/29/2026,16:29:08,0,,,0.8,,0.8571,,,0.8571,,,0.8773,,,0.8,,,,,,,,,,,,,,,,,,0.8179,,
1926419,1/29/2026 21:29,vick,ws,33700,-600,c,ts,1/29/2026,16:29:49,0,,,0.8571,,0.9412,0.875,0.875,0.9333,0.8571,0.8571,0.9434,0.8851,0.8851,0.8571,0.8571,0.8571,,,,,,,,,,,,,,,,0.8972,0.8339,0.8339
1926399,1/29/2026 21:24,vick,ws,6600,-260,c,ts,1/29/2026,16:24:04,0,,,0.7222,,0.7826,0.697,0.697,0.7778,0.7059,0.7059,0.8,0.726,0.726,0.7222,0.7222,0.7222,,,,,,,,,,,,,,,,0.7375,0.6633,0.6633
1926434,1/29/2026 21:32,vick,ws,14900,-380,c,ts,1/29/2026,16:32:52,0,,,0.7917,,0.8571,,,0.8571,,,0.8773,,,0.7917,,,,,,,,,,,,,,,,,,0.8175,,
1926081,1/29/2026 20:01,zava,ws,7800,-210,c,ts,1/29/2026,15:01:07,0,,,0.6774,,0.7436,,0.6875,0.75,,0.7059,0.759,,0.7143,0.6774,,0.6774,,,,,,,,,,,,,,,,0.6979,,0.6479
1926356,1/29/2026 21:13,zava,ws,3300,300,c,ts,1/29/2026,16:13:13,0,,,0.25,,0.339,0.2778,0.2778,0.3077,0.2564,0.2564,0.3125,0.2564,0.2564,0.25,0.25,0.25,,,,,,,,,,,,,,,,0.2717,0.2193,0.2193
1926085,1/29/2026 20:01,zava,ws,7800,-210,c,ts,1/29/2026,15:01:56,0,,,0.6774,,0.7436,,,0.75,,,0.759,,,0.6774,,,,,,,,,,,,,,,,,,0.6979,,
1926375,1/29/2026 21:18,zava,ws,3300,230,c,ts,1/29/2026,16:18:35,0,,,0.303,,0.4,,,0.3636,,,0.3571,,,0.303,,,,,,,,,,,,,,,,,,0.3236,,
1936976,1/31/2026 4:19,arak,ws,600,1400,d,ts,1/30/2026,23:19:31,0,,,0.0667,l,0.125,,0.1333,0.0667,,0.0714,0.1724,,0.1923,0.1111,,0.125,,,,,,,,,,,,,,,,0.0861,,0.0989
1937150,1/31/2026 5:12,arak,ws,3500,350,d,ts,1/30/2026,0:12:04,0,,,0.2222,l,0.2632,,,,,,0.3636,,,0.2632,,,,,,,,,,,,,,,,,,,,
1937137,1/31/2026 5:07,arak,ws,2300,600,d,ts,1/30/2026,0:07:17,0,,,0.1429,l,0.1887,,0.1887,0.1429,,0.1538,0.2632,,0.2632,0.1667,,0.1905,,,,,,,,,,,,,,,,0.1595,,0.1631
1937158,1/31/2026 5:16,arak,ws,2400,500,d,ts,1/30/2026,0:16:31,0,,,0.1667,l,0.2,,0.2,0.1667,,0.1905,0.2985,,0.2985,0.2083,,0.25,,,,,,,,,,,,,,,,0.1835,,0.1894
1937148,1/31/2026 5:11,koba,ws,7100,-278,b,ts,1/30/2026,0:11:35,0,,,0.7354,,0.8113,0.8571,0.8571,0.8571,0.8824,0.8824,0.7354,0.7826,0.7826,0.875,0.875,0.875,,,,,,,,,,,,,,,,0.7506,0.7917,0.7917
1937042,1/31/2026 4:40,koba,ws,10500,-590,b,ts,1/30/2026,23:40:22,0,,,0.8551,,0.9355,0.9524,0.9524,0.9524,0.9615,0.9615,0.8551,0.901,0.901,0.9722,0.9722,0.9722,,,,,,,,,,,,,,,,0.8677,0.8935,0.8935
1937165,1/31/2026 5:17,koba,ws,12800,-305,b,ts,1/30/2026,0:17:40,0,,,0.7531,,0.8571,0.8571,0.8571,0.875,0.875,0.875,0.7531,0.7531,0.7531,0.8571,0.8571,0.8571,,,,,,,,,,,,,,,,0.7792,0.7792,0.7792
1937112,1/31/2026 5:04,koba,ws,6100,-385,b,ts,1/30/2026,0:04:38,0,,,0.7938,,0.8667,0.8667,0.8667,0.9,0.8889,0.8889,0.7938,0.7938,0.7938,0.9,0.875,0.875,,,,,,,,,,,,,,,,0.8043,0.8004,0.8004
1935486,1/31/2026 1:57,krum,ws,3700,240,c,ts,1/30/2026,20:57:42,0,,,0.2941,,0.3636,,,0.3891,,,0.3571,,,0.2941,,,,,,,,,,,,,,,,,,0.3165,,
1936184,1/31/2026 2:40,svaz,ws,18600,-450,c,ts,1/30/2026,21:40:17,0,,,0.8182,w,0.9048,,0.8571,0.8901,,0.8165,0.893,,0.8333,0.8182,,0.8182,,,,,,,,,,,,,,,,0.8464,,0.7967
1934844,1/31/2026 1:22,svaz,ws,10700,-150,c,ts,1/30/2026,20:22:47,0,,,0.6,w,0.6774,0.6154,0.6154,0.6764,0.5935,0.5935,0.7015,0.6721,0.6721,0.6,0.6,0.6,,,,,,,,,,,,,,,,0.635,0.5918,0.5918
1936029,1/31/2026 2:33,svaz,ws,15400,-550,c,ts,1/30/2026,21:33:34,0,,,0.8462,w,0.92,,,0.9123,,,0.9091,,,0.8462,,,,,,,,,,,,,,,,,,0.866,,
1935509,1/31/2026 2:01,svaz,ws,6600,-169,d,ts,1/30/2026,21:01:25,0,,,0.6283,w,0.697,,0.697,0.6283,,0.631,0.726,,0.726,0.6552,,0.6552,,,,,,,,,,,,,,,,0.6479,,0.6491
1937311,1/31/2026 9:17,frie,ws,11100,111,d,ts,1/31/2026,4:17:58,0,,,0.4739,,,,,,,,,,,,,,,,,,,,,,,,,,,,,,,
1937324,1/31/2026 10:11,jacq,ws,6700,-240,c,ts,1/31/2026,5:11:55,0,,,0.7059,,0.7619,,0.7222,0.7238,,0.6997,0.8131,,0.7938,0.7059,,0.7059,0.75,,0.7059,0.763,,0.8302,,,,0.7561,,0.7436,,,,0.7222,,0.696
1937355,1/31/2026 10:40,jacq,ws,5500,-114,d,ts,1/31/2026,5:40:49,0,,,0.5327,,0.5652,0.6154,0.6154,0.5327,0.569,0.6109,0.6226,0.6226,0.6667,0.6296,0.6296,0.6296,0.5556,0.5556,0.6154,0.5868,0.5868,0.763,,,,0.6,0.6364,0.6429,,,,0.5536,0.5781,0.5935
1937356,1/31/2026 10:41,jacq,ws,5700,-106,d,ts,1/31/2026,5:41:08,0,,,0.5146,,0.5556,0.5652,0.5652,0.5146,0.537,0.5327,0.6109,0.6109,0.6226,0.5918,0.5918,0.5918,0.5556,0.5556,0.5556,0.5968,0.5968,0.5868,,,,0.5833,0.5833,0.5918,,,,0.537,0.5413,0.5495
1937392,1/31/2026 10:57,jacq,ws,8100,-105,l,ts,1/31/2026,5:57:12,0,,,0.5122,,0.5918,0.4878,0.4878,0.5902,0.5902,0.4762,0.6364,0.6364,0.5392,0.5,0.5,0.5,0.6,0.6,0.4762,0.6169,0.6269,0.5968,,,,0.5122,0.5122,0.5122,,,,0.5434,0.5025,0.4651
1937267,1/31/2026 8:41,roda,ws,5800,650,d,ts,1/31/2026,3:41:05,0,,,0.1333,,,,,,,,,,,,,,,,,,,,,,,,,,,,,,,
1937269,1/31/2026 8:44,roda,ws,3800,375,f,ts,1/31/2026,3:44:44,0,,,0.2105,,,,,,,,,,,,,,,,,,,,,,,,,,,,,,,
1937248,1/31/2026 7:16,star,ws,3100,157,d,ts,1/31/2026,2:16:00,0,,,0.3891,,,,,,,,,,,,,,,,,,,,,,,,,,,,,,,
1937244,1/31/2026 7:09,star,ws,3100,235,f,ts,1/31/2026,2:09:47,0,,,0.2985,,,,,,,,,,,,,,,,,,,,,,,,,,,,,,,
1956831,2/2/2026 21:41,agut,ws,16800,-240,c,ts,2/2/2026,16:41:11,0,,,0.7059,,0.8,0.7368,0.7368,0.8131,0.7275,0.7512,0.8,0.7531,0.7409,0.7059,0.7059,0.7059,0.8,0.7143,0.75,,,,,,,0.759,0.759,0.7531,0.998,0.998,0.998,0.7468,0.705,0.7033
1957008,2/2/2026 22:32,agut,ws,9300,-120,l,ts,2/2/2026,17:32:56,0,,,0.5455,,0.6296,0.5455,0.5455,0.6032,,,0.6078,0.5455,0.5455,0.5918,0.5455,0.5455,0.6,0.5455,0.5455,,,,,,,0.5455,0.5455,0.5455,,,,0.5798,0.5122,0.5122
1956967,2/2/2026 22:19,agut,ws,6800,-125,c,ts,2/2/2026,17:19:27,0,,,0.5556,,0.6364,0.5918,0.5918,0.6124,0.5633,0.5633,0.6255,0.5851,0.5851,0.6154,0.5556,0.5556,0.6154,0.6154,0.5652,,,,,,,0.6078,0.5918,0.5833,0.998,0.998,0.998,0.5951,0.5495,0.5434
1956802,2/2/2026 21:01,agut,ws,3300,165,c,ts,2/2/2026,16:01:49,0,,,0.3774,,0.4348,0.3846,0.3846,0.431,0.4065,0.3774,0.4545,0.4545,0.4115,0.3774,0.3774,0.3774,0.4167,0.4167,0.3704,,,,,,,0.4255,0.4082,0.4082,,,,0.3953,0.3731,0.3597
1958039,2/3/2026 2:04,arak,ws,14300,-800,c,ts,2/2/2026,21:04:18,0,,,0.8889,w,0.9524,0.92,0.92,0.9231,0.8824,0.8824,0.9709,0.9434,0.9434,0.8889,0.8889,0.8889,,,,,,,,,,,,,,,,0.9022,0.8716,0.8716
1957585,2/3/2026 1:23,arak,ws,6400,-135,c,ts,2/2/2026,20:23:40,0,,,0.5745,w,0.6364,,0.5745,0.6364,,0.5652,0.6667,,0.6109,0.5745,,0.5745,,,,,,,,,,,,,,,,0.5968,,0.5434
1958012,2/3/2026 2:02,arak,ws,11200,-475,d,ts,2/2/2026,21:02:16,0,,,0.8261,w,0.8889,0.9167,0.9167,0.8261,0.8824,0.8824,0.9091,0.9346,0.9346,0.8889,0.8889,0.8889,,,,,,,,,,,,,,,,0.8423,0.87,0.87
1957656,2/3/2026 1:32,arak,ws,9400,-220,c,ts,2/2/2026,20:32:35,0,,,0.6875,w,0.7674,0.7222,0.7222,0.7333,0.6923,0.6923,0.7895,0.7531,0.7531,0.6875,0.6875,0.6875,,,,,,,,,,,,,,,,0.7118,0.6774,0.6774
1956759,2/2/2026 20:03,bart,ws,3300,280,f,ts,2/2/2026,15:03:24,0,,,0.2632,,0.2632,,0.2632,0.3205,,0.3205,0.3509,,0.3333,0.3333,,0.3636,0.3448,,0.3448,0.3257,,0.3257,,,,0.3448,,0.3636,,,,0.2833,,0.2907
1956761,2/2/2026 20:12,bart,ws,4200,190,c,ts,2/2/2026,15:12:25,0,,,0.3448,,0.4255,0.4255,0.3922,0.3704,0.3745,0.3745,0.4115,0.4,0.4,0.3448,0.4444,0.4444,0.3846,0.3846,0.3846,0.3876,0.3663,0.3663,,,,0.4167,0.4082,0.4255,,,,0.369,0.3663,0.3623
1956731,2/2/2026 19:26,bart,ws,8000,125,c,ts,2/2/2026,14:26:35,0,,,0.4444,,0.5349,0.4878,0.4878,0.5349,0.4608,0.4608,0.5283,0.4878,0.4878,0.4444,0.4444,0.4444,0.5238,0.4651,0.4651,0.5074,0.4695,0.4695,,,,0.5,0.4878,0.4878,,,,0.4831,0.4444,0.4444
1956750,2/2/2026 19:56,bart,ws,8800,100,c,ts,2/2/2026,14:56:12,0,,,0.5,,0.5918,,,0.6109,,,0.5816,,,0.5,,,0.6,,,0.5671,,,,,,0.5455,,,,,,0.5349,,
1956688,2/2/2026 18:23,blin,ws,2300,650,c,ts,2/2/2026,13:23:27,0,,,0.1333,,0.2083,0.2083,,0.1698,0.1698,,0.1923,0.1923,,0.1333,0.2632,,0.1852,0.1852,,,,,,,,0.2381,0.2597,,,,,0.1502,0.1742,
1956682,2/2/2026 18:20,cani,ws,7000,150,c,ts,2/2/2026,13:20:03,0,,,0.4,,0.4762,,,0.4695,,,0.495,,,0.4,,,,,,,,,,,,,,,,,,0.4367,,
1956700,2/2/2026 18:45,cani,ws,2500,527,d,ts,2/2/2026,13:45:01,0,,,0.1595,,0.25,0.25,0.25,0.1595,0.1821,0.1821,0.2174,0.2174,0.2174,0.2,0.2,0.2,,,,,,,,,,,,,,,,0.1776,0.1795,0.1795
1956618,2/2/2026 17:24,cani,ws,5800,-145,c,ts,2/2/2026,12:24:33,0,,,0.5918,,0.6774,0.6429,0.6429,0.6454,0.6139,0.6198,0.6552,0.6364,0.6364,0.5918,0.5918,0.5918,,,,,,,,,,,,,,,,0.6109,0.5918,0.5935
1956671,2/2/2026 18:08,cani,ws,6400,-115,c,ts,2/2/2026,13:08:31,0,,,0.5349,,0.6078,0.5652,0.5652,0.6255,0.5745,0.5652,0.6,0.5495,0.5495,0.5349,0.5349,0.5349,,,,,,,,,,,,,,,,0.5595,0.5169,0.5122
1956725,2/2/2026 19:18,fell,ws,15500,-500,c,ts,2/2/2026,14:18:41,0,,,0.8333,,0.9091,,,0.9167,,,0.893,,,0.8333,,,,,,,,,,,,,,,,,,0.8549,,
1959437,2/3/2026 5:25,jasi,ws,9900,-150,c,ts,2/2/2026,0:25:08,0,,,0.6,l,0.6875,0.6491,0.6491,0.6466,0.5833,0.5833,0.6923,0.661,0.661,0.6,0.6,0.6,,,,,,,,,,,,,,,,0.6324,0.5968,0.5968
1959401,2/3/2026 5:17,jasi,ws,7000,-144,d,ts,2/2/2026,0:17:16,0,,,0.5902,l,0.6552,,0.6667,0.5902,,0.6454,0.6875,,0.697,0.6429,,0.6296,,,,,,,,,,,,,,,,0.6139,,0.6255
1959436,2/3/2026 5:24,jasi,ws,12700,-119,d,ts,2/2/2026,0:24:11,0,,,0.5434,l,0.6364,0.6774,0.6774,0.5434,0.6032,0.6032,0.6454,0.6721,0.6721,0.6154,0.6154,0.6154,,,,,,,,,,,,,,,,0.5918,0.6169,0.6169
1956755,2/2/2026 20:02,kirc,ws,100,1100,d,ts,2/2/2026,15:02:40,0,,,0.0833,,0.1538,0.1667,0.1667,0.0833,0.0952,0.0952,0.1538,0.1538,0.1538,0.1333,0.1333,0.1333,,,,,,,,,,,,,,,,0.0984,0.1034,0.1034
1956745,2/2/2026 19:49,kirc,ws,2700,489,d,ts,2/2/2026,14:49:27,0,,,0.1698,,0.2439,,0.2439,0.1698,,0.1789,0.2439,,0.2439,0.2,,0.1818,,,,,,,,,,,,,,,,0.189,,0.1876
1956734,2/2/2026 19:32,kirc,ws,3100,340,f,ts,2/2/2026,14:32:11,0,,,0.2273,,0.2273,,0.2273,0.3236,,0.3195,0.3226,,0.3226,0.3226,,0.3226,,,,,,,,,,,,,,,,0.2475,,0.2469
1956733,2/2/2026 19:31,kirc,ws,3200,340,f,ts,2/2/2026,14:31:44,0,,,0.2273,,0.2273,0.2273,0.25,0.3195,0.2985,0.3115,0.3226,0.3226,0.339,0.3333,0.3333,0.3333,,,,,,,,,,,,,,,,0.2481,0.2463,0.2639
1956708,2/2/2026 18:53,kopp,ws,3300,211,d,ts,2/2/2026,13:53:45,0,,,0.3215,,0.3636,0.3636,0.3636,0.3846,0.3322,0.3322,0.4484,0.4292,0.4292,0.3774,0.3774,0.3774,,,,,,,,,,,,,,,,0.3597,0.3425,0.3425
1956726,2/2/2026 19:18,kopp,ws,2100,820,d,ts,2/2/2026,14:18:53,0,,,0.1087,,0.1667,0.1667,0.1667,0.1087,0.1282,0.1282,0.1961,0.1961,0.1961,0.1538,0.1538,0.2381,,,,,,,,,,,,,,,,0.1247,0.1264,0.1366
1956710,2/2/2026 18:59,kopp,ws,4700,276,d,ts,2/2/2026,13:59:39,0,,,0.266,,0.3125,0.3226,0.3226,0.266,0.2899,0.3106,0.3922,0.3922,0.3922,0.3636,0.3636,0.3636,,,,,,,,,,,,,,,,0.2959,0.3021,0.304
1956723,2/2/2026 19:16,kopp,ws,4900,386,d,ts,2/2/2026,14:16:59,0,,,0.2058,,0.2703,,,0.2058,,,0.303,,,0.2632,,,,,,,,,,,,,,,,,,0.232,,
1957528,2/3/2026 1:17,koya,ws,5300,-120,c,ts,2/2/2026,20:17:52,0,,,0.5455,,0.6154,0.5652,0.5652,0.5833,0.5556,0.5556,0.6226,0.5851,0.5851,0.5455,0.5455,0.5455,,,,,,,,,,,,,,,,0.5652,0.5261,0.5261
1956691,2/2/2026 18:26,loko,ws,15900,105,c,ts,2/2/2026,13:26:42,0,,,0.4878,,0.6226,,0.5238,0.6063,,0.4975,0.5968,,0.4717,0.4878,,0.4878,,,,,,,,,,,,,,,,0.5556,,0.4587
1956681,2/2/2026 18:18,loko,ws,12300,-170,c,ts,2/2/2026,13:18:49,0,,,0.6296,,0.7297,,0.6429,0.7101,,0.6154,0.7143,,0.661,0.6296,,0.6296,,,,,,,,,,,,,,,,0.6667,,0.6016
1956689,2/2/2026 18:23,loko,ws,14000,-135,c,ts,2/2/2026,13:23:54,0,,,0.5745,,0.7059,0.6226,0.6226,0.6599,0.6,0.5935,0.6667,0.5726,0.5885,0.5745,0.5745,0.5745,,,,,,,,,,,,,,,,0.6241,0.5575,0.5633
1956679,2/2/2026 18:15,loko,ws,7700,-180,c,ts,2/2/2026,13:15:20,0,,,0.6429,,0.7297,0.661,0.661,0.7268,0.6599,0.6599,0.7059,0.6667,0.6667,0.6429,0.6429,0.6429,,,,,,,,,,,,,,,,0.6656,0.6169,0.6169
1956633,2/2/2026 17:39,mmoh,ws,32000,-1600,c,ts,2/2/2026,12:39:20,0,,,0.9412,,0.9836,0.9524,0.9524,0.9818,0.9342,0.9342,,0.9434,0.9434,0.9412,0.9412,0.9412,,,,,,,,,,,,,,,,0.9578,0.9106,0.9106
1956626,2/2/2026 17:32,mmoh,ws,25100,-600,c,ts,2/2/2026,12:32:29,0,,,0.8571,,0.9412,0.9048,0.9048,0.9153,0.8551,0.8551,0.9346,0.893,0.893,0.8571,0.8571,0.8571,,,,,,,,,,,,,,,,0.887,0.8452,0.8452
1956669,2/2/2026 18:07,mmoh,ws,22400,-900,c,ts,2/2/2026,13:07:44,0,,,0.9,,0.9524,0.9412,,0.9324,,,0.9709,0.9709,,0.9,0.9,,,,,,,,,,,,,,,,,0.9186,,
1956667,2/2/2026 18:07,mmoh,ws,52200,-400,c,ts,2/2/2026,13:07:05,0,,,0.8,,0.9412,0.8276,0.8276,0.9123,0.7963,0.7963,0.9434,0.8333,0.8333,0.8,0.8,0.8,,,,,,,,,,,,,,,,0.887,0.7821,0.7821
1962984,2/4/2026 2:26,bolt,ws,6000,-260,c,ts,2/3/2026,21:26:39,0,,,0.7222,w,0.7917,,0.7561,0.7797,,0.7743,0.7826,,0.7826,0.7222,,0.7222,,,,,,,,,,,,,,,,0.7361,,0.723
1963771,2/4/2026 3:05,bolt,ws,6900,-324,d,ts,2/3/2026,22:05:25,0,,,0.7642,w,0.8182,,0.8571,0.7642,,0.8239,0.8333,,0.8485,0.8182,,0.8182,,,,,,,,,,,,,,,,0.7778,,0.8047
1963588,2/4/2026 2:55,bolt,ws,11400,-193,d,ts,2/3/2026,21:55:22,0,,,0.6587,w,0.7368,0.7368,0.7368,0.6587,,0.6587,0.759,0.759,0.759,0.7059,0.7059,0.7059,,,,,,,,,,,,,,,,0.6914,,0.6914
1963711,2/4/2026 3:02,bolt,ws,16300,-550,c,ts,2/3/2026,22:02:11,0,,,0.8462,w,0.92,0.8889,0.8889,0.8864,0.844,0.8462,0.9259,0.893,0.8851,0.8462,0.8462,0.8462,,,,,,,,,,,,,,,,0.867,0.8425,0.8384
1963900,2/4/2026 3:17,ilag,ws,9400,105,c,ts,2/3/2026,22:17:12,0,,,0.4878,l,0.5833,0.5238,0.5238,0.5495,0.4785,0.4785,0.5781,0.5327,0.5327,0.4878,0.4878,0.4878,,,,,,,,,,,,,,,,0.5261,0.4808,0.4808
1962630,2/4/2026 2:07,ilag,ws,8900,-125,c,ts,2/3/2026,21:07:27,0,,,0.5556,l,0.6429,0.6,0.6,0.6296,0.569,0.569,0.6364,0.5816,0.5816,0.5556,0.5556,,,,,,,,,,,,,,,,,0.5885,0.5413,
1963305,2/4/2026 2:40,ilag,ws,3200,175,c,ts,2/3/2026,21:40:46,0,,,0.3636,l,0.4348,,0.3846,0.4405,,,0.4167,,0.3774,0.3636,,0.3636,,,,,,,,,,,,,,,,0.3817,,
1962924,2/4/2026 2:24,ilag,ws,8200,115,c,ts,2/3/2026,21:24:02,0,,,0.4651,l,0.5918,0.5238,0.5238,0.5169,0.4762,0.4673,0.5283,0.4673,0.4831,0.4651,0.4651,0.4651,,,,,,,,,,,,,,,,0.5,0.4525,0.4525
1960354,2/3/2026 20:54,mard,ws,11600,-140,c,ts,2/3/2026,15:54:02,0,,,0.5833,,0.6875,0.5918,0.5918,0.6845,0.6063,0.5951,0.661,0.6032,0.6032,0.5833,0.5833,0.5833,,,,,,,,,,,,,,,,0.6226,0.5575,0.5575
1960352,2/3/2026 20:53,mard,ws,8400,-125,c,ts,2/3/2026,15:53:09,0,,,0.5556,,0.6429,0.5652,0.5652,0.6403,0.5726,0.5614,0.6255,0.5781,0.569,0.5556,0.5556,0.5349,,,,,,,,,,,,,,,,0.5851,0.5305,0.5238
1960420,2/3/2026 21:03,mard,ws,5100,-150,c,ts,2/3/2026,16:03:58,0,,,0.6,,0.661,,0.5918,0.6732,,0.6139,0.6721,,0.6226,0.6,,0.5745,,,,,,,,,,,,,,,,0.6169,,0.569
1960506,2/3/2026 21:22,mard,ws,23700,-1600,c,ts,2/3/2026,16:22:36,0,,,0.9412,,0.9783,0.9524,0.9524,0.9831,0.9462,0.9462,,0.9615,0.9615,0.9804,0.9412,0.9412,,,,,,,,,,,,,,,,0.9603,0.9198,0.9198
1963982,2/4/2026 3:21,marn,ws,6300,110,c,ts,2/3/2026,22:21:38,0,,,0.4762,w,0.5238,0.4651,0.4651,0.6269,0.4785,0.4785,0.5595,0.4902,0.4902,0.4762,0.4762,0.4762,,,,,,,,,,,,,,,,0.5025,0.4386,0.4386
1963030,2/4/2026 2:28,marn,ws,16500,100,d,ts,2/3/2026,21:28:27,0,,,0.5,w,0.5833,,0.6875,0.5,,0.7101,0.6364,,0.7101,0.7059,,0.7059,,,,,,,,,,,,,,,,0.5671,,0.6552
1963168,2/4/2026 2:33,marn,ws,17800,-135,c,ts,2/3/2026,21:33:15,0,,,0.5745,w,0.6774,0.5455,,0.7059,0.569,,0.7015,0.5763,,0.7059,0.5745,,,,,,,,,,,,,,,,,0.6479,0.5238,
1962976,2/4/2026 2:26,marn,ws,14600,-145,c,ts,2/3/2026,21:26:16,0,,,0.5918,w,0.6774,,,0.696,,,0.7101,,,0.5918,,,,,,,,,,,,,,,,,,0.6416,,
1960512,2/3/2026 22:36,oliv,ws,5400,-110,c,ts,2/3/2026,17:36:03,0,,,0.5238,w,0.5833,0.5455,0.5455,0.6,0.5516,0.5516,0.5968,0.5556,0.5556,0.5238,0.5238,0.5238,,,,,,,,,,,,,,,,0.5434,0.5074,0.5074
1960509,2/3/2026 22:20,oliv,ws,5000,100,c,ts,2/3/2026,17:20:51,0,,,0.5,w,0.5833,0.5455,0.5455,0.5455,0.5074,0.5074,0.5633,0.5327,0.5327,0.5,0.5,0.5,,,,,,,,,,,,,,,,0.5192,0.4902,0.4902
1960516,2/3/2026 22:42,oliv,ws,9400,-170,c,ts,2/3/2026,17:42:18,0,,,0.6296,w,0.7059,,0.661,0.7214,,0.6296,0.7101,,0.6667,0.6296,,0.6296,,,,,,,,,,,,,,,,0.6575,,0.6109
1960511,2/3/2026 22:25,oliv,ws,6200,-117,d,ts,2/3/2026,17:25:28,0,,,0.5392,w,0.5918,0.6429,0.6429,0.5392,0.5951,0.5951,0.6364,0.6667,0.6667,0.5918,0.5918,0.6154,,,,,,,,,,,,,,,,0.5614,0.5984,0.6
1960147,2/3/2026 20:25,shis,ws,8100,-235,d,ts,2/3/2026,15:25:35,0,,,0.7015,l,0.7619,,0.7619,0.7015,,0.7167,0.7895,,0.7895,0.7619,,0.7368,,,,,,,,,,,,,,,,0.7214,,0.7199
1960145,2/3/2026 20:25,shis,ws,7900,-300,d,ts,2/3/2026,15:25:01,0,,,0.75,l,0.8113,0.8113,0.8113,0.75,0.7658,0.7658,0.8276,0.8276,0.8333,0.7917,0.7917,0.7917,,,,,,,,,,,,,,,,0.7664,0.7701,0.7732
1960425,2/3/2026 21:04,shis,ws,5700,130,c,ts,2/3/2026,16:04:42,0,,,0.4348,l,0.5,0.4545,0.4545,0.5146,0.4464,0.4464,0.5122,0.4484,0.4673,0.4348,0.4348,0.4348,,,,,,,,,,,,,,,,0.463,0.4082,0.4184
1960452,2/3/2026 21:12,shis,ws,5400,150,c,ts,2/3/2026,16:12:03,0,,,0.4,l,0.4762,0.4255,0.4255,0.4673,0.3968,0.3968,0.4762,0.4167,0.4167,0.4,0.4,0.4,,,,,,,,,,,,,,,,0.4274,0.3759,0.3759
1960084,2/3/2026 20:16,vand,ws,15100,-1200,c,ts,2/3/2026,15:16:26,0,,,0.9231,,0.9677,0.9412,0.9412,0.9706,0.9688,0.9359,0.9709,0.9709,0.9346,0.9231,0.9231,0.9231,,,,,,,,,,,,,,,,0.9339,0.9188,0.901
1960143,2/3/2026 20:24,vand,ws,13200,-280,c,ts,2/3/2026,15:24:46,0,,,0.7368,,0.8462,,0.7872,0.7849,,0.7183,0.8077,,0.759,0.7368,,0.7368,,,,,,,,,,,,,,,,0.7658,,0.7167
1960122,2/3/2026 20:20,vand,ws,34200,-500,c,ts,2/3/2026,15:20:41,0,,,0.8333,,0.9355,0.8571,0.8571,0.9351,0.8192,0.8192,0.9259,0.8333,0.8333,0.8333,0.8333,0.8333,,,,,,,,,,,,,,,,0.8808,0.8035,0.8035
1960107,2/3/2026 20:17,vand,ws,23500,-600,c,ts,2/3/2026,15:17:58,0,,,0.8571,,0.9412,0.8889,0.8889,0.9231,0.8363,0.8363,0.9346,0.8485,0.8485,0.8571,0.8571,0.8571,,,,,,,,,,,,,,,,0.8851,0.8249,0.8249
1960190,2/3/2026 20:35,vava,ws,6100,-125,c,ts,2/3/2026,15:35:06,0,,,0.5556,l,0.6154,0.6154,0.6154,0.6094,0.5951,0.6154,0.6255,0.6139,0.6139,0.5556,0.5556,0.5556,0.5833,0.5833,0.5833,0.6078,0.6078,0.5968,,,,0.6154,0.6154,0.6154,,,,0.5781,0.5726,0.5726
1960471,2/3/2026 21:14,vava,ws,1800,810,d,ts,2/3/2026,16:14:44,0,,,0.1099,l,0.1333,,,0.1099,,,0.1818,,,0.2273,,,0.1429,,,0.1379,,,,,,0.1887,,,,,,0.1239,,
1960342,2/3/2026 20:52,vava,ws,5600,-145,c,ts,2/3/2026,15:52:13,0,,,0.5918,l,0.6552,,,0.661,,,0.6454,,,0.5918,,,0.6491,,,0.6364,,,,,,0.6552,,,0.7436,,,0.6109,,
1960466,2/3/2026 21:14,vava,ws,2000,526,d,ts,2/3/2026,16:14:11,0,,,0.1597,l,0.1818,0.2273,0.2273,0.1597,0.2105,0.2105,0.2353,0.274,0.274,0.25,0.25,0.25,0.1818,0.1818,0.2222,0.1905,0.2114,0.232,,,,0.2326,0.2381,0.2439,,,,0.1742,0.198,0.2037
1965794,2/4/2026 21:37,mach,ws,4600,362,d,ts,2/4/2026,16:37:15,0,,,0.2165,v,0.2564,0.3333,0.3333,0.2165,0.2959,0.2959,0.2597,0.2597,0.3077,0.3333,0.3333,0.3333,0.4545,0.4545,0.4545,0.2632,0.2841,0.3559,,,,0.3125,0.3279,0.3279,0.5,0.5,0.5,0.2469,0.2801,0.2915
1965800,2/4/2026 21:38,mach,ws,4700,230,c,ts,2/4/2026,16:38:22,0,,,0.303,v,0.3636,0.2778,0.2778,0.3717,0.2451,0.2451,0.3571,0.2778,0.2778,0.303,0.303,0.303,0.4545,0.4545,0.4545,0.3559,0.3356,0.2941,,,,0.3226,0.2899,0.2899,0.5,0.5,0.5,0.3195,0.2646,0.2538
1965805,2/4/2026 21:39,mach,ws,4200,240,l,ts,2/4/2026,16:39:38,0,,,0.2941,v,0.3333,0.2941,0.2941,0.3534,0.2584,0.2584,0.3509,0.2778,0.2778,0.303,0.303,0.303,0.4545,0.4545,0.4545,0.3559,0.3257,0.2941,,,,0.3077,0.2941,0.2941,0.5556,0.5556,0.5556,0.3195,0.2667,0.2632
1965803,2/4/2026 21:39,mach,ws,3300,279,d,ts,2/4/2026,16:39:08,0,,,0.2639,v,0.2941,0.3571,0.3571,0.2639,0.3311,0.3311,0.2941,0.339,0.339,0.3636,0.3636,0.3636,0.4545,0.4545,0.4545,0.3049,0.3559,0.3559,,,,0.3636,0.3636,0.3636,0.5556,0.9,0.9,0.2849,0.3236,0.3236
1966160,2/5/2026 0:13,sact,ws,1100,1680,d,ts,2/4/2026,19:13:34,0,,,0.0562,l,0.1351,,0.1351,0.0562,,0.0735,0.1429,,0.1538,0.0833,,0.0909,,,,,,,,,,,,,,,,0.0795,,0.0857
1966134,2/5/2026 0:12,sact,ws,1500,1740,d,ts,2/4/2026,19:12:32,0,,,0.0543,l,0.1351,0.1351,0.1351,0.0543,0.0543,0.0543,0.1481,0.1481,0.1481,0.0833,,,,,,,,,,,,,,,,,,0.0812,,
1966646,2/5/2026 0:33,sact,ws,500,6400,d,ts,2/4/2026,19:33:14,0,,,0.0154,l,0.0833,0.0833,0.0833,0.0154,0.0154,0.0154,0.1053,0.1053,0.1053,0.0667,,,,,,,,,,,,,,,,,,0.0345,,
1966164,2/5/2026 0:13,sact,ws,2500,2200,d,ts,2/4/2026,19:13:51,0,,,0.0435,l,0.1351,,0.1351,0.0435,,0.0562,0.1429,,0.1429,0.0833,,0.0833,,,,,,,,,,,,,,,,0.0786,,0.0795
1965052,2/4/2026 9:11,yast,ws,4300,347,d,ts,2/4/2026,4:11:18,0,,,0.2237,,,,,,,,,,,,,,,,,,,,,,,,,,,,,,,
1965051,2/4/2026 9:10,yast,ws,3300,265,d,ts,2/4/2026,4:10:16,0,,,0.274,,,,,,,,,,,,,,,,,,,,,,,,,,,,,,,
1965053,2/4/2026 9:11,yast,ws,3100,347,d,ts,2/4/2026,4:11:29,0,,,0.2237,,,,,,,,,,,,,,,,,,,,,,,,,,,,,,,
1973648,2/5/2026 19:04,augr,ws,9900,-450,c,ts,2/5/2026,14:04:17,0,,,0.8182,w,0.875,0.8305,0.8305,0.8734,0.8734,0.8205,,,,0.8182,0.8182,0.8462,,,,0.8494,0.84,0.8113,,,,,,,,,,0.8331,0.812,0.7996
1973614,2/5/2026 18:19,augr,ws,14200,-311,d,ts,2/5/2026,13:19:25,0,,,0.7567,w,0.8182,,,0.7567,,,,,,0.875,,,,,,0.8016,,,,,,,,,0.999,,,0.7854,,
1973667,2/5/2026 19:23,augr,ws,37800,-1000,c,ts,2/5/2026,14:23:12,0,,,0.9091,w,0.9677,,,0.975,,,,,,0.9091,,,,,,0.9533,,,,,,,,,,,,0.9391,,
1973612,2/5/2026 18:06,augr,ws,34400,-450,c,ts,2/5/2026,13:06:11,0,,,0.8182,w,0.9231,0.8246,0.8246,0.9123,,,,,,0.8182,0.8182,0.8182,,,,0.8779,0.8016,0.8016,,,,,,,0.999,0.999,0.999,0.8703,0.7959,0.793
1973881,2/5/2026 20:24,blan,ws,6800,400,c,ts,2/5/2026,15:24:47,0,,,0.2,l,0.2941,,0.2,0.3175,,0.2577,0.3175,,0.2439,0.2,,0.2,0.3125,,0.25,,,,,,,0.2469,,0.2381,0.3521,,0.3521,0.2469,,0.189
1973736,2/5/2026 19:50,blan,ws,3100,350,f,ts,2/5/2026,14:50:59,0,,,0.2222,l,0.2222,0.2222,0.2222,0.2632,0.2632,0.2703,0.3077,0.3077,0.303,0.3226,0.2941,0.2941,0.2857,0.2857,0.2857,,,,,,,0.2941,0.2941,0.2899,,,,0.2427,0.2381,0.2353
1973892,2/5/2026 20:26,blan,ws,3800,700,d,ts,2/5/2026,15:26:46,0,,,0.125,l,0.1667,0.2041,0.2041,0.125,0.1972,0.1972,0.2,0.2299,0.2299,0.2381,0.2381,0.2381,0.1818,0.2353,0.2353,,,,,,,0.2247,0.2299,0.2299,0.4274,0.4274,0.4274,0.1529,0.1808,0.1808
1973743,2/5/2026 19:52,blan,ws,4100,350,f,ts,2/5/2026,14:52:57,0,,,0.2222,l,0.2222,0.2222,0.2222,0.289,0.2439,0.2439,0.3226,0.2985,0.2985,0.3226,0.3226,0.3226,0.303,0.2857,0.2857,,,,,,,0.2899,0.2899,0.2985,,,,0.2494,0.2381,0.241
1973693,2/5/2026 19:41,boyt,ws,4800,403,d,ts,2/5/2026,14:41:16,0,,,0.1988,l,0.2564,0.3125,0.3125,0.1988,0.3106,0.3106,0.2985,0.3509,0.3509,0.3333,0.3333,0.3333,,,,,,,,,,,,,,,,0.2315,0.2865,0.2865
1973960,2/5/2026 20:38,fils,ws,9200,-500,c,ts,2/5/2026,15:38:54,0,,,0.8333,w,0.9,0.8182,0.8182,0.8684,0.7812,0.7812,0.8701,0.8,0.8,0.8889,0.8333,0.8333,0.8824,0.8,0.8,,,,,,,0.8649,0.8165,0.8305,0.999,0.999,0.999,0.851,0.7738,0.7773
1973741,2/5/2026 19:52,fils,ws,6400,-280,c,ts,2/5/2026,14:52:40,0,,,0.7368,w,0.8276,0.8276,0.8276,0.8051,0.7691,0.7691,0.7701,0.7701,0.7701,0.7368,0.7368,0.7368,0.7778,0.7778,0.7778,,,,,,,0.7895,0.7826,0.7778,,,,0.7506,0.7462,0.7442
1974117,2/5/2026 21:14,fils,ws,10800,-1600,c,ts,2/5/2026,16:14:17,0,,,0.9412,w,0.9756,,0.9524,0.9706,,0.9419,,,0.9615,0.9412,,0.9412,0.9756,,0.9615,,,,,,,0.9869,,0.9791,,,,0.9511,,0.9332
1973921,2/5/2026 20:31,fils,ws,10100,-341,d,ts,2/5/2026,15:31:57,0,,,0.7732,w,0.8246,0.875,0.875,0.7732,0.845,0.845,0.8131,0.8485,0.8485,0.875,0.875,0.875,0.8,0.8571,0.8571,,,,,,,0.8462,0.8675,0.8693,0.999,0.999,0.999,0.7877,0.8264,0.8273
1973730,2/5/2026 19:49,korp,ws,3300,230,f,ts,2/5/2026,14:49:35,0,,,0.303,w,0.303,0.303,0.3704,0.3584,0.3584,0.4184,,,,0.4167,0.4167,0.4167,0.3448,0.3448,0.4,0.3356,0.3356,0.4184,,,,0.4082,0.4348,0.4348,0.4444,0.4444,0.4444,0.3226,0.3058,0.3534
1973850,2/5/2026 20:13,korp,ws,5100,119,d,ts,2/5/2026,15:13:58,0,,,0.4566,w,0.5,0.5455,,0.4566,0.5475,,,,,0.5745,0.5745,,0.5,0.5,,0.4878,0.4975,,,,,0.5652,0.5652,,,,,0.4808,0.5098,
1973924,2/5/2026 20:32,korp,ws,28800,-800,c,ts,2/5/2026,15:32:38,0,,,0.8889,w,0.9677,0.92,0.92,0.96,0.9432,0.8958,,,,0.8889,0.8889,0.8889,0.9615,0.9615,0.9,0.9346,0.8969,0.8874,,,,0.9408,0.9275,0.9267,,,,0.9155,0.8829,0.8723
1973751,2/5/2026 19:54,korp,ws,4800,100,c,ts,2/5/2026,14:54:55,0,,,0.5,w,0.5556,0.5556,0.5556,0.5595,0.5595,0.5595,,,,0.5,0.5,0.5,0.5652,0.5652,0.5652,0.5575,0.5575,0.5671,,,,0.5652,0.5455,0.5349,,,,0.5192,0.5122,0.5098
1973904,2/5/2026 20:28,snig,ws,16900,100,l,ts,2/5/2026,15:28:44,0,,,0.5,w,0.6,0.4348,0.4348,0.5984,0.4926,0.4926,0.5968,0.4717,0.4717,0.5918,0.4762,0.4762,0.6154,0.5238,0.5238,0.6078,0.5781,0.5283,,,,0.5,0.4878,0.4878,,,,0.569,0.4545,0.4367
1973928,2/5/2026 20:32,snig,ws,20000,115,c,ts,2/5/2026,15:32:42,0,,,0.4651,w,0.6,0.4545,0.4545,0.5968,,,0.5968,0.4115,0.4115,0.4651,0.4651,0.4651,0.6,0.4545,0.4545,0.5781,0.5671,0.4484,,,,0.5,0.4545,0.4545,,,,0.5305,0.431,0.4098
1973906,2/5/2026 20:29,snig,ws,16800,-145,c,ts,2/5/2026,15:29:08,0,,,0.5918,w,0.7143,,0.6,0.7059,,0.5868,0.7059,,0.5968,0.5918,,0.5918,0.7059,,0.5833,0.7151,,0.5968,,,,0.661,,0.6078,0.998,,,0.6564,,0.5633
1973804,2/5/2026 20:02,snig,ws,7000,-260,c,ts,2/5/2026,15:02:49,0,,,0.7222,w,0.8039,0.8039,0.7619,0.7608,0.7608,0.7608,0.759,0.759,0.759,0.7222,0.7222,0.7222,0.7778,0.7778,0.7778,0.763,0.763,0.763,,,,0.802,0.7727,0.759,0.998,0.998,0.998,0.7389,0.7319,0.7238
1973923,2/5/2026 20:32,yuay,ws,7900,-105,l,ts,2/5/2026,15:32:04,0,,,0.5122,l,0.6,0.5,0.5,0.6,0.4902,0.4902,0.6226,0.5192,0.5192,0.4651,0.4651,0.4651,0.6154,0.4651,0.4651,0.5868,0.5868,0.4785,,,,0.5122,0.5122,0.5,,,,0.5434,0.4808,0.4608
1973922,2/5/2026 20:32,yuay,ws,17800,115,c,ts,2/5/2026,15:32:02,0,,,0.4651,l,0.6,0.5,0.4545,0.6,0.4902,0.4902,0.6226,0.5192,0.5192,0.4651,0.4651,0.4651,0.6154,0.4651,0.4651,0.5868,0.5868,0.4785,,,,0.5122,0.5,0.4878,,,,0.5434,0.4785,0.4484
1973824,2/5/2026 20:08,yuay,ws,3600,270,f,ts,2/5/2026,15:08:25,0,,,0.2703,l,0.2703,0.3333,0.3333,0.3135,0.3155,0.3597,0.339,0.339,0.3922,0.3846,0.3846,0.3846,0.3333,0.3333,0.3704,0.3155,0.3155,0.3559,,,,0.3571,0.3704,0.3704,0.4274,0.4274,0.4274,0.2933,0.3049,0.3289
1973965,2/5/2026 20:39,yuay,ws,5600,400,l,ts,2/5/2026,15:39:14,0,,,0.2,l,0.2564,,0.1724,0.2933,,0.2049,0.2857,,0.2,0.2083,,0.2083,0.2857,,0.2,0.2841,,0.1905,,,,0.25,,0.1923,,,,0.2304,,0.1546
1980847,2/7/2026 1:25,gojo,ws,6000,-320,c,ts,2/6/2026,20:25:38,0,,,0.7619,w,0.8214,,0.8039,0.789,,0.7685,0.8276,,0.8131,0.7619,,0.7619,,,,,,,,,,,,,,,,0.7738,,0.7567
1980977,2/7/2026 1:39,gojo,ws,8900,-400,c,ts,2/6/2026,20:39:39,0,,,0.8,w,0.875,,0.8462,0.8428,,0.8127,0.8551,,0.8413,0.8,,0.8,,,,,,,,,,,,,,,,0.8148,,0.7899
1980664,2/7/2026 0:53,gojo,ws,7200,-260,c,ts,2/6/2026,19:53:10,0,,,0.7222,w,0.7674,,0.7222,0.7792,,,0.8198,,0.7826,0.7222,,0.7222,,,,,,,,,,,,,,,,0.7389,,
1981203,2/7/2026 2:21,gojo,ws,10500,-1560,d,ts,2/6/2026,21:21:39,0,,,0.9398,w,0.9783,0.9722,0.9722,0.9398,0.9643,0.9468,,,0.9804,0.9524,0.9524,0.9524,,,,,,,,,,,,,,,,0.9459,0.9479,0.9374
1981865,2/7/2026 3:24,habh,ws,3100,275,d,ts,2/6/2026,22:24:17,0,,,0.2667,l,,,,0.2667,,0.3333,0.3509,,0.3509,0.3226,,0.3226,,,,,,,,,,0.3279,,0.3509,,,,0.2865,,0.303
1982177,2/7/2026 6:05,hass,ws,21900,-1600,c,ts,2/6/2026,1:05:34,0,,,0.9412,,0.9756,0.9756,0.9756,0.9804,0.9804,0.9804,,,,0.9412,0.9722,0.9722,,,,,,,,,,0.7436,0.7436,0.7436,,,,0.9528,0.9578,0.9578
1982114,2/7/2026 5:16,hass,ws,4800,-135,c,ts,2/6/2026,0:16:19,0,,,0.5745,,,,,0.6364,0.6364,0.6364,0.6552,0.6552,0.5885,0.5745,0.5745,0.5745,,,,,,,,,,0.6296,0.6,0.5918,,,,0.5902,0.5763,0.5516
1982176,2/7/2026 5:59,huan,ws,1900,900,c,ts,2/6/2026,0:59:14,0,,,0.1,,0.1667,,,0.1667,,,0.1852,,,0.1667,,,,,,,,,,,,0.1575,,,,,,0.1305,,
1982184,2/7/2026 6:38,kwon,ws,15900,-255,l,ts,2/6/2026,1:38:55,0,,,0.7183,,0.8462,0.7059,0.7059,0.84,0.84,0.7143,0.8333,0.7059,0.7059,0.6774,0.6774,0.6774,0.8462,0.8462,0.7143,,,,,,,0.7183,0.7101,0.7059,,,,0.7555,0.6785,0.6644
1982178,2/7/2026 6:29,kwon,ws,6100,-280,c,ts,2/6/2026,1:29:44,0,,,0.7368,,0.8,0.8,0.8,0.8,0.8,0.8,0.7938,0.7938,0.7938,0.7368,0.7368,0.7368,0.8,0.8,0.8,,,,,,,0.7917,0.7727,0.7531,,,,0.75,0.7442,0.7382
1982183,2/7/2026 6:38,kwon,ws,15000,-210,c,ts,2/6/2026,1:38:53,0,,,0.6774,,0.8462,0.7059,0.7059,0.84,0.7143,0.7143,0.8333,0.7059,0.7059,0.6774,0.6774,0.6774,0.8462,0.7143,0.7143,,,,,,,0.7101,0.7101,0.7059,,,,0.7519,0.6644,0.6644
1982185,2/7/2026 6:39,kwon,ws,21000,-450,c,ts,2/6/2026,1:39:37,0,,,0.8182,,0.9167,0.8462,0.8462,0.9,0.9,0.84,0.901,0.8131,0.8333,0.8182,0.8182,0.8182,0.9091,0.8462,0.8462,,,,,,,0.8529,0.8425,0.8425,,,,0.8498,0.8031,0.8008
1982692,2/7/2026 16:19,basi,ws,2000,730,d,ts,2/7/2026,11:19:45,0,,,0.1205,,0.1667,,0.2,0.1205,,0.1672,,,,0.2381,,0.2381,0.1852,,0.2083,0.1379,,0.2008,,,,0.2041,,0.2222,0.156,,0.1901,0.1372,,0.1686
1982606,2/7/2026 15:09,brum,ws,9600,-900,d,ts,2/7/2026,10:09:05,0,,,0.9,,,,,,,,,,,,,,,,,,,,,,,,,,,,,,,
1987420,2/7/2026 20:44,card,ws,4000,210,c,ts,2/7/2026,15:44:58,0,,,0.3226,,0.3846,0.3846,0.3846,0.4167,0.4167,0.4167,,,,0.3226,0.3226,0.3226,,,,,,,,,,0.4,0.3704,0.3333,,,,0.3521,0.3401,0.3257
1987194,2/7/2026 20:39,card,ws,3300,190,c,ts,2/7/2026,15:39:47,0,,,0.3448,,0.4,0.4,0.3704,0.4255,0.4255,0.3846,,,,0.3448,0.3448,0.3448,,,,,,,,,,0.4082,0.3846,0.3846,,,,0.3636,0.3546,0.339
1987920,2/7/2026 21:02,card,ws,18300,100,l,ts,2/7/2026,16:02:36,0,,,0.5,,0.6296,,0.4545,0.6364,,0.4762,,,,0.4878,,0.4545,,,,,,,,,,0.5,,0.5,,,,0.5745,,0.4274
1987673,2/7/2026 20:52,card,ws,16400,-1200,c,ts,2/7/2026,15:52:33,0,,,0.9231,,0.96,0.9048,0.9048,0.9615,0.9,0.9,,,,0.9231,0.9231,0.9231,,,,,,,,,,0.9222,0.9222,0.9222,,,,0.9348,0.8853,0.8853
1982745,2/7/2026 16:54,cecc,ws,9300,-830,d,ts,2/7/2026,11:54:45,0,,,0.8925,,0.931,0.9474,0.9474,0.8925,0.9265,0.9265,,,,0.9524,0.9524,0.9524,,,,0.9063,0.9346,0.9346,,,,0.9677,0.9719,0.9761,0.966,0.966,0.97,0.9008,0.9192,0.9155
1988475,2/7/2026 21:23,cola,ws,3800,425,l,ts,2/7/2026,16:23:58,0,,,0.1905,,0.25,0.1695,0.1695,0.2571,0.165,0.165,0.2703,0.2174,0.2174,,,,0.25,0.1852,0.1852,0.2532,0.2114,0.2114,,,,0.1905,0.1923,0.1905,,,,0.2169,0.157,0.1565
1983376,2/7/2026 18:16,cola,ws,3500,180,l,ts,2/7/2026,13:16:19,0,,,0.3571,,0.4444,0.4444,0.3846,0.3906,0.3906,0.3497,0.4,0.4,0.3509,,,,0.4,0.4,0.3333,0.3876,0.3876,0.3663,,,,0.3571,0.3571,0.3571,0.431,0.3717,0.3717,0.3774,0.3717,0.3195
1987848,2/7/2026 20:59,cola,ws,5300,-130,e,ts,2/7/2026,15:59:23,0,,,0.5652,,0.75,0.75,0.75,0.5671,0.5726,0.5726,0.5816,0.5816,0.5816,,,,0.5652,0.5833,0.5833,0.6078,0.6169,0.6169,,,,0.5918,0.5918,0.6226,,,,0.5816,0.5833,0.5935
1984506,2/7/2026 19:08,cola,ws,6800,115,l,ts,2/7/2026,14:08:19,0,,,0.4651,,0.5556,0.4762,0.4762,0.5238,0.4386,0.4386,0.5238,0.463,0.463,,,,0.5349,0.4545,0.4545,0.5074,0.4386,0.4274,,,,0.4651,0.4651,0.4651,0.4545,0.4545,0.4545,0.4975,0.4274,0.4255
1982642,2/7/2026 15:33,damm,ws,2100,400,c,ts,2/7/2026,10:33:37,0,,,0.2,,,,,,,,,,,,,,,,,,,,,,,,,,,,,,,
1982528,2/7/2026 14:20,damm,ws,12100,-200,c,ts,2/7/2026,9:20:32,0,,,0.6667,,,,,,,,,,,,,,,,,,,,,,,,,,,,,,,
1982663,2/7/2026 15:49,damm,ws,3000,275,e,ts,2/7/2026,10:49:06,0,,,0.2667,,,,,,,,,,,,,,,,,,,,,,,,,,,,,,,
1982532,2/7/2026 14:21,damm,ws,16200,-280,c,ts,2/7/2026,9:21:19,0,,,0.7368,,,,,,,,,,,,,,,,,,,,,,,,,,,,,,,
1982534,2/7/2026 14:22,dejo,ws,5700,110,c,ts,2/7/2026,9:22:04,0,,,0.4762,,,,,,,,,,,,,,,,,,,,,,,,,,,,,,,
1982531,2/7/2026 14:20,dejo,ws,5500,115,c,ts,2/7/2026,9:20:45,0,,,0.4651,,,,,,,,,,,,,,,,,,,,,,,,,,,,,,,
1982604,2/7/2026 15:08,dejo,ws,2600,430,f,ts,2/7/2026,10:08:45,0,,,0.1887,,,,,,,,,,,,,,,,,,,,,,,,,,,,,,,
1982746,2/7/2026 16:55,drog,ws,300,2100,d,ts,2/7/2026,11:55:08,0,,,0.0455,l,0.1,0.1,0.1,0.0455,0.0526,0.0526,0.1176,0.1176,0.1176,0.125,0.125,0.125,,,,0.0852,0.0852,0.0746,,,,0.1042,,,0.0921,0.0921,0.089,0.0625,0.0654,0.064
1983205,2/7/2026 18:07,drog,ws,2300,550,c,ts,2/7/2026,13:07:24,0,,,0.1538,l,0.2083,0.1176,0.1176,0.2155,0.1136,0.1136,0.2041,0.1333,0.1333,0.1538,0.1538,0.1538,,,,0.2114,0.117,0.1276,,,,0.1212,0.1227,0.122,0.1171,0.1171,0.1171,0.1706,0.0883,0.0911
1982666,2/7/2026 15:49,gomb,ws,5200,215,l,ts,2/7/2026,10:49:28,0,,,0.3175,,,,,,,,,,,,,,,,,,,,,,,,,,,,,,,
1982307,2/7/2026 9:42,grac,ws,7600,-340,c,ts,2/7/2026,4:42:19,0,,,0.7727,,,,,,,,,,,,,,,,,,,,,,,,,,,,,,,
1982297,2/7/2026 9:12,grac,ws,5500,-125,c,ts,2/7/2026,4:12:37,0,,,0.5556,,,,,,,,,,,,,,,,,,,,,,,,,,,,,,,
1982308,2/7/2026 9:47,grac,ws,10900,-1200,c,ts,2/7/2026,4:47:47,0,,,0.9231,,,,,,,,,,,,,,,,,,,,,,,,,,,,,,,
1982298,2/7/2026 9:13,grac,ws,4900,-150,c,ts,2/7/2026,4:13:08,0,,,0.6,,,,,,,,,,,,,,,,,,,,,,,,,,,,,,,
1982787,2/7/2026 17:05,kick,ws,1300,1800,d,ts,2/7/2026,12:05:18,0,,,0.0526,,0.1176,0.1176,0.1176,0.0526,0.1,0.1,0.125,0.125,0.125,0.1333,0.1333,0.1429,0.0909,0.0909,0.129,0.1486,0.1486,0.1486,,,,0.122,0.1307,0.1351,0.1211,0.1211,0.1372,0.0772,0.0816,0.0866
1982544,2/7/2026 14:25,molc,ws,22500,-115,l,ts,2/7/2026,9:25:34,0,,,0.5349,,,,,,,,,,,,,,,,,,,,,,,,,,,,,,,
1982542,2/7/2026 14:25,molc,ws,12400,120,l,ts,2/7/2026,9:25:01,0,,,0.4545,,,,,,,,,,,,,,,,,,,,,,,,,,,,,,,
1982546,2/7/2026 14:25,molc,ws,30600,165,b,ts,2/7/2026,9:25:46,0,,,0.3774,,,,,,,,,,,,,,,,,,,,,,,,,,,,,,,
1982567,2/7/2026 14:37,molc,ws,21800,-330,d,ts,2/7/2026,9:37:32,0,,,0.7674,,,,,,,,,,,,,,,,,,,,,,,,,,,,,,,
1982541,2/7/2026 14:24,mull,ws,8900,-145,l,ts,2/7/2026,9:24:00,0,,,0.5918,,,,,,,,,,,,,,,,,,,,,,,,,,,,,,,
1982517,2/7/2026 14:14,mull,ws,11700,-220,l,ts,2/7/2026,9:14:48,0,,,0.6875,,,,,,,,,,,,,,,,,,,,,,,,,,,,,,,
1982552,2/7/2026 14:28,mull,ws,7200,105,l,ts,2/7/2026,9:28:43,0,,,0.4878,,,,,,,,,,,,,,,,,,,,,,,,,,,,,,,
1982400,2/7/2026 10:59,nisy,ws,3700,255,l,ts,2/7/2026,5:59:13,0,,,0.2817,,,,,,,,,,,,,,,,,,,,,,,,,,,,,,,
1982329,2/7/2026 10:11,nisy,ws,13800,-140,l,ts,2/7/2026,5:11:23,0,,,0.5833,,,,,,,,,,,,,,,,,,,,,,,,,,,,,,,
1982318,2/7/2026 10:04,nisy,ws,6000,-105,l,ts,2/7/2026,5:04:08,0,,,0.5122,,,,,,,,,,,,,,,,,,,,,,,,,,,,,,,
1982320,2/7/2026 10:04,nisy,ws,12800,-155,l,ts,2/7/2026,5:04:53,0,,,0.6078,,,,,,,,,,,,,,,,,,,,,,,,,,,,,,,
1982383,2/7/2026 10:44,rodj,ws,9300,-175,l,ts,2/7/2026,5:44:01,0,,,0.6364,,,,,,,,,,,,,,,,,,,,,,,,,,,,,,,
1982404,2/7/2026 11:00,rodj,ws,28900,-395,l,ts,2/7/2026,6:00:53,0,,,0.798,,,,,,,,,,,,,,,,,,,,,,,,,,,,,,,
1982402,2/7/2026 11:00,rodj,ws,7200,-290,l,ts,2/7/2026,6:00:09,0,,,0.7436,,,,,,,,,,,,,,,,,,,,,,,,,,,,,,,
1982368,2/7/2026 10:31,rodj,ws,3000,225,l,ts,2/7/2026,5:31:40,0,,,0.3077,,,,,,,,,,,,,,,,,,,,,,,,,,,,,,,
1986645,2/7/2026 20:25,rybx,ws,2100,690,d,ts,2/7/2026,15:25:30,0,,,0.1266,,0.1538,,,0.1266,,,0.1887,,,0.2381,,,0.1538,,,,,,,,,0.2128,,,,,,0.1385,,
1998686,2/8/2026 5:09,scho,ws,28900,-500,c,ts,2/7/2026,0:09:02,0,,,0.8333,l,0.931,0.8667,0.8667,0.9083,0.8384,0.8384,0.9177,0.8485,0.8485,0.8333,0.8333,0.8333,,,,,,,,,,,,,,,,0.8736,0.8081,0.8081
1998096,2/8/2026 4:34,scho,ws,7100,-400,c,ts,2/7/2026,23:34:01,0,,,0.8,l,0.875,0.8462,0.8462,0.8425,0.8138,0.8138,0.8485,0.8198,0.8198,0.8,0.8,0.8,,,,,,,,,,,,,,,,0.8117,0.7868,0.7868
1982439,2/7/2026 11:57,seie,ws,5400,117,d,ts,2/7/2026,6:57:09,0,,,0.4608,,,,,,,,,,,,,,,,,,,,,,,,,,,,,,,
1982469,2/7/2026 12:39,seie,ws,11500,115,c,ts,2/7/2026,7:39:11,0,,,0.4651,,,,,,,,,,,,,,,,,,,,,,,,,,,,,,,
1982466,2/7/2026 12:36,seie,ws,5700,140,c,ts,2/7/2026,7:36:56,0,,,0.4167,,,,,,,,,,,,,,,,,,,,,,,,,,,,,,,
1982430,2/7/2026 11:39,seie,ws,5000,-150,c,ts,2/7/2026,6:39:56,0,,,0.6,,,,,,,,,,,,,,,,,,,,,,,,,,,,,,,
1982412,2/7/2026 11:16,sier,ws,3100,160,c,ts,2/7/2026,6:16:11,0,,,0.3846,,,,,,,,,,,,,,,,,,,,,,,,,,,,,,,
1982363,2/7/2026 10:25,sier,ws,5700,120,c,ts,2/7/2026,5:25:45,0,,,0.4545,,,,,,,,,,,,,,,,,,,,,,,,,,,,,,,
1982382,2/7/2026 10:42,sier,ws,3200,175,c,ts,2/7/2026,5:42:54,0,,,0.3636,,,,,,,,,,,,,,,,,,,,,,,,,,,,,,,
1982365,2/7/2026 10:27,sier,ws,3600,162,d,ts,2/7/2026,5:27:18,0,,,0.3817,,,,,,,,,,,,,,,,,,,,,,,,,,,,,,,
1982314,2/7/2026 9:57,star,ws,6200,-240,c,ts,2/7/2026,4:57:19,0,,,0.7059,,,,,,,,,,,,,,,,,,,,,,,,,,,,,,,
1982321,2/7/2026 10:07,star,ws,7700,-240,c,ts,2/7/2026,5:07:24,0,,,0.7059,,,,,,,,,,,,,,,,,,,,,,,,,,,,,,,
1982347,2/7/2026 10:19,star,ws,10400,120,l,ts,2/7/2026,5:19:20,0,,,0.4545,,,,,,,,,,,,,,,,,,,,,,,,,,,,,,,
1982351,2/7/2026 10:21,star,ws,7400,-135,c,ts,2/7/2026,5:21:17,0,,,0.5745,,,,,,,,,,,,,,,,,,,,,,,,,,,,,,,
1982540,2/7/2026 14:23,sure,ws,26800,-150,l,ts,2/7/2026,9:23:41,0,,,0.6,,,,,,,,,,,,,,,,,,,,,,,,,,,,,,,
1982530,2/7/2026 14:20,sure,ws,5800,106,b,ts,2/7/2026,9:20:45,0,,,0.4854,,,,,,,,,,,,,,,,,,,,,,,,,,,,,,,
1982533,2/7/2026 14:21,sure,ws,4800,-105,c,ts,2/7/2026,9:21:36,0,,,0.5122,,,,,,,,,,,,,,,,,,,,,,,,,,,,,,,
1982539,2/7/2026 14:23,sure,ws,12900,-145,c,ts,2/7/2026,9:23:40,0,,,0.5918,,,,,,,,,,,,,,,,,,,,,,,,,,,,,,,
1982429,2/7/2026 11:39,zvon,ws,6900,-280,c,ts,2/7/2026,6:39:53,0,,,0.7368,,,,,,,,,,,,,,,,,,,,,,,,,,,,,,,
1982428,2/7/2026 11:39,zvon,ws,9300,-199,d,ts,2/7/2026,6:39:40,0,,,0.6656,,,,,,,,,,,,,,,,,,,,,,,,,,,,,,,
1982433,2/7/2026 11:42,zvon,ws,21500,-1200,c,ts,2/7/2026,6:42:18,0,,,0.9231,,,,,,,,,,,,,,,,,,,,,,,,,,,,,,,
1982431,2/7/2026 11:41,zvon,ws,12700,-600,c,ts,2/7/2026,6:41:33,0,,,0.8571,,,,,,,,,,,,,,,,,,,,,,,,,,,,,,,
1999227,2/8/2026 16:48,cecc,ws,5100,150,c,ts,2/8/2026,11:48:27,0,,,0.4,,0.4762,0.4082,0.4082,0.5,0.4098,0.4098,0.4717,0.4115,0.4115,0.4,0.4,0.4,0.4878,0.4,0.4,0.4587,0.3663,0.3663,,,,0.4348,0.4255,0.4255,0.4049,0.4049,0.4049,0.4274,0.3676,0.3676
1999902,2/8/2026 18:20,cecc,ws,1900,410,b,ts,2/8/2026,13:20:40,0,,,0.1961,,0.2632,0.2632,0.2632,0.2584,0.2584,0.2584,0.1961,0.1961,0.1961,0.2632,0.2632,0.2632,0.2778,0.2778,0.2778,0.2427,0.2427,0.2427,,,,0.2597,0.2353,0.2198,0.2242,0.2242,0.2242,0.2092,0.2045,0.2016
1999909,2/8/2026 18:21,cecc,ws,3000,430,b,ts,2/8/2026,13:21:21,0,,,0.1887,,0.25,0.25,0.25,0.2457,0.2457,0.2457,0.1887,0.125,0.125,0.2632,0.2632,0.2632,0.25,0.25,0.25,0.2941,0.3155,0.2941,,,,0.2632,0.2632,0.2632,0.2381,0.2381,0.2381,0.2096,0.1859,0.1859
1999735,2/8/2026 18:07,cecc,ws,2200,517,d,ts,2/8/2026,13:07:07,0,,,0.1621,,0.1887,,0.2632,0.1621,,0.2639,0.2174,,0.2703,0.2941,,0.2941,0.1923,,0.2667,0.1802,,0.2532,,,,0.274,,0.2778,0.2481,,0.2481,0.1779,,0.2294
2000454,2/8/2026 19:09,dell,ws,6900,-145,c,ts,2/8/2026,14:09:26,0,,,0.5918,w,0.6875,0.6875,0.6154,0.6711,0.6711,0.6047,0.6429,0.6429,0.6032,0.5918,0.5918,0.5918,0.6154,0.6667,0.6,0.6564,0.6364,0.5968,,,,0.6429,0.6226,0.6154,0.6169,0.6078,0.6078,0.6109,0.6032,0.5708
2001190,2/8/2026 20:01,dell,ws,12000,-480,d,ts,2/8/2026,15:01:15,0,,,0.8276,w,0.8889,0.8889,0.8667,0.8276,0.8516,,0.901,0.901,0.901,0.875,0.8571,0.8571,0.8621,0.8621,0.8621,0.8494,0.8494,0.84,,,,0.887,0.8844,0.8765,0.8879,0.875,0.8549,0.8447,0.845,0.8392
1999788,2/8/2026 18:11,gojo,ws,10000,-106,d,ts,2/8/2026,13:11:34,0,,,0.5146,l,0.6063,0.6063,0.6063,0.5146,0.5495,0.5575,0.6109,0.6109,,0.5652,0.5652,0.5652,,,,,,,,,,,,,,,,0.5536,0.5575,0.5556
2000124,2/8/2026 18:36,gojo,ws,10500,110,d,ts,2/8/2026,13:36:28,0,,,0.4762,l,0.5455,0.5833,0.5833,0.4762,0.5392,0.5413,0.6032,0.6032,0.6032,0.5745,0.5745,0.5745,,,,,,,,,,,,,,,,0.5215,0.5455,0.5455
2000533,2/8/2026 19:18,gojo,ws,4500,160,c,ts,2/8/2026,14:18:02,0,,,0.3846,l,0.4444,0.3774,0.3774,0.5305,0.3846,0.3846,0.4484,0.4484,0.4,0.3846,0.3846,0.3846,,,,,,,,,,,,,,,,0.4082,0.3663,0.3472
1999979,2/8/2026 18:25,gojo,ws,10700,100,b,ts,2/8/2026,13:25:11,0,,,0.5,l,0.6296,0.5652,0.5652,0.654,0.654,0.5885,0.5,0.5,0.5,0.5556,0.5556,0.5556,,,,,,,,,,,,,,,,0.5434,0.5122,0.5074
1999732,2/8/2026 18:06,kasa,ws,3700,355,l,ts,2/8/2026,13:06:52,0,,,0.2198,w,0.2778,0.2273,,0.2725,0.2725,,0.2817,0.2817,,0.2381,0.2381,,0.2941,0.2941,,0.274,0.274,,,,,0.2198,0.2198,,0.2141,0.207,,0.2445,0.2268,
1999283,2/8/2026 17:06,kasa,ws,10000,-160,f,ts,2/8/2026,12:06:57,0,,,0.6154,w,0.6154,,0.6774,0.705,,0.705,0.7015,,0.7015,,,,0.6875,,0.6875,0.6753,,0.6753,,,,0.7183,,0.7368,,,,0.6466,,0.654
1999623,2/8/2026 17:49,kasa,ws,4200,305,l,ts,2/8/2026,12:49:58,0,,,0.2469,w,0.3226,0.2564,0.2564,0.3175,0.2445,0.2445,0.2899,0.2381,0.2381,,,,0.3077,0.2667,0.2667,0.3049,0.3049,0.2841,,,,0.2532,0.2469,0.2469,0.2242,0.2242,0.2242,0.274,0.211,0.2183
1999858,2/8/2026 18:17,kasa,ws,8300,150,b,ts,2/8/2026,13:17:03,0,,,0.4,w,0.5,0.4167,,0.5413,0.4608,,0.4,0.4,,0.4444,0.4444,,0.5122,0.5122,,0.4975,0.4695,,,,,0.4545,0.4348,,0.4651,0.3817,,0.4425,0.4049,
2001530,2/8/2026 20:40,kyps,ws,13700,-200,c,ts,2/8/2026,15:40:42,0,,,0.6667,l,0.7778,0.7059,0.7059,0.7455,0.6825,,0.7701,0.7143,0.7059,0.6667,0.6667,0.6667,0.7647,0.7059,0.7059,0.7436,0.6951,0.6753,,,,0.7015,0.7015,0.7101,0.7118,0.7118,0.7118,0.7059,0.661,0.6587
2000968,2/8/2026 19:46,kyps,ws,6400,120,l,ts,2/8/2026,14:46:12,0,,,0.4545,l,0.5455,,0.4878,0.5025,,0.4386,0.5122,,0.4484,0.5122,,0.4348,0.4878,,0.4348,0.5169,,0.4386,,,,0.4762,,0.4444,0.4695,,0.463,0.4854,,0.4237
2001641,2/8/2026 20:52,kyps,ws,10500,190,c,ts,2/8/2026,15:52:19,0,,,0.3448,l,0.4444,0.3448,0.3448,0.4255,0.3226,,0.4651,0.3279,0.3636,0.3448,0.3448,0.3448,0.4545,0.3509,0.3509,0.4184,0.3356,0.346,,,,0.3509,0.3571,0.3774,0.3436,0.3436,0.3436,0.4032,0.3021,0.3195
2000570,2/8/2026 19:20,kyps,ws,7100,280,c,ts,2/8/2026,14:20:50,0,,,0.2632,l,0.3636,,0.2632,0.3344,,0.2198,0.3472,,0.2632,0.2632,,0.2632,0.3333,,0.2353,0.3356,,0.2532,,,,0.2703,,0.2532,0.2545,,0.2421,0.2907,,0.2174
1999295,2/8/2026 17:08,line,ws,3800,450,c,ts,2/8/2026,12:08:43,0,,,0.1818,w,0.2632,,,0.2577,,,0.2532,,,0.1818,,,0.2353,,,0.2632,,,,,,0.2128,,,0.1912,,,0.2083,,
1999236,2/8/2026 16:54,line,ws,6000,190,c,ts,2/8/2026,11:54:00,0,,,0.3448,w,0.4348,,,0.463,,,0.4115,,,0.3448,,,0.4348,,,0.4184,,,,,,0.3774,,,0.3717,,,0.3802,,
1999406,2/8/2026 17:22,line,ws,15000,-130,c,ts,2/8/2026,12:22:12,0,,,0.5652,w,0.6774,,,0.7015,,,0.6825,,,0.5652,,,0.6875,,,0.6667,,,,,,0.6,,,,,,0.6198,,
1999326,2/8/2026 17:12,line,ws,6400,130,c,ts,2/8/2026,12:12:29,0,,,0.4348,w,0.5122,,,0.505,,,,,,0.4348,,,0.5238,,,0.5074,,,,,,0.5,,,0.5098,,,0.4717,,
2001100,2/8/2026 19:53,pela,ws,12100,155,l,ts,2/8/2026,14:53:19,0,,,0.3922,w,0.5,0.3704,0.3704,0.5025,0.3846,0.3846,0.4762,0.3571,0.3571,,,,0.5238,0.3846,0.3846,0.4785,0.3559,0.3559,,,,0.4444,0.3922,0.3846,0.3717,0.3717,0.3717,0.4587,0.3356,0.3344
2000563,2/8/2026 19:20,pela,ws,5000,101,d,ts,2/8/2026,14:20:22,0,,,0.4975,w,0.5556,0.5918,0.5918,0.4975,0.5885,0.5816,0.5455,0.5885,0.5781,,,,0.5556,0.6,0.6,0.5575,0.5781,0.5781,,,,0.5918,0.6078,0.6078,0.5671,0.6016,0.6016,0.5169,0.5575,0.5536
2001173,2/8/2026 19:59,pela,ws,26300,-105,l,ts,2/8/2026,14:59:00,0,,,0.5122,w,0.6774,0.5,0.5,0.6678,0.4505,0.4505,0.661,0.5413,0.5413,,,,0.6667,0.4878,0.4878,0.6269,0.4878,0.4878,,,,0.5122,0.5122,0.5122,,0.5,0.5,0.6183,0.4717,0.4717
1999825,2/8/2026 18:13,ribf,ws,4700,225,b,ts,2/8/2026,13:13:57,0,,,0.3077,,0.4444,0.4444,0.4444,0.3876,0.3876,0.3876,0.3077,0.3333,0.4255,0.3774,0.3774,0.3774,,,,,,,,,,,,,,,,0.3356,0.3448,0.3788
1999913,2/8/2026 18:21,ribf,ws,3700,165,b,ts,2/8/2026,13:21:38,0,,,0.3774,,0.5,0.4348,0.4348,0.4831,0.4082,0.4082,0.3774,0.3774,0.3774,0.4,0.4,0.4,,,,,,,,,,,,,,,,0.3968,0.3636,0.3636
2000254,2/8/2026 18:45,ribf,ws,5500,130,c,ts,2/8/2026,13:45:53,0,,,0.4348,,0.5556,0.4878,0.4878,0.5392,0.4587,0.4587,0.4762,0.4255,0.4255,0.5122,0.4348,0.4348,,,,,,,,,,,,,,,,0.4785,0.4132,0.4132
2000700,2/8/2026 19:29,scha,ws,8200,-380,c,ts,2/8/2026,14:29:02,0,,,0.7917,,0.8571,0.8571,0.8039,0.8521,0.8361,0.8361,0.8551,0.8551,0.8551,0.7917,0.7917,0.7917,,,,,,,,,,,,,,,,0.8058,0.8012,0.7845
2000876,2/8/2026 19:40,scha,ws,7600,-268,d,ts,2/8/2026,14:40:59,0,,,0.7283,,0.7826,,,0.7283,,,0.8,,,0.8333,,,,,,,,,,,,,,,,,,0.7455,,
1999824,2/8/2026 18:13,scha,ws,9100,-170,f,ts,2/8/2026,13:13:56,0,,,0.6296,,0.6296,0.6296,0.6296,0.6885,0.6885,0.7024,0.7895,0.7333,,0.6875,0.6875,0.6875,,,,,,,,,,,,,,,,0.6575,0.6364,0.6124
1999830,2/8/2026 18:14,scha,ws,7800,-165,f,ts,2/8/2026,13:14:27,0,,,0.6226,,0.6226,0.6667,0.6667,0.7015,0.7409,0.7409,0.7333,0.7333,0.7333,0.7222,0.7222,0.7222,,,,,,,,,,,,,,,,0.6466,0.6633,0.6633
2001318,2/8/2026 20:17,svaz,ws,32200,-555,l,ts,2/8/2026,15:17:39,0,,,0.8473,w,0.9286,,0.8462,0.9123,,0.8175,0.9177,,0.8276,0.8889,,0.8889,0.9231,,0.8462,0.9063,,0.84,,,,0.8639,,0.8473,0.92,,0.8549,0.8883,,0.8039
2000456,2/8/2026 19:09,svaz,ws,10400,-1400,c,ts,2/8/2026,14:09:45,0,,,0.9333,w,0.9783,0.9474,0.9474,0.9697,0.9333,0.9333,0.9709,0.9346,0.9346,0.9333,0.9333,0.9333,0.9804,0.9333,0.9333,0.9533,0.9251,0.9251,,,,0.9643,0.9643,0.9667,0.961,0.961,0.961,0.9401,0.9102,0.9087
2001400,2/8/2026 20:26,svaz,ws,53000,-925,l,ts,2/8/2026,15:26:23,0,,,0.9024,w,0.9722,,,0.9737,,,0.9901,,,0.9333,,,0.9804,,,0.9533,,,,,,0.9024,,,0.9139,,,0.947,,
2001402,2/8/2026 20:26,svaz,ws,33600,-1400,c,ts,2/8/2026,15:26:24,0,,,0.9333,w,0.9722,0.8947,0.8947,0.9737,0.8718,0.8718,0.9901,0.8851,0.8851,0.9333,0.9333,0.9412,0.9804,0.8889,0.8889,0.9627,0.8874,0.8874,,,,0.9048,0.9083,0.9184,0.9139,0.9139,0.936,0.953,0.8624,0.8649
2000039,2/8/2026 18:30,uchm,ws,3400,175,c,ts,2/8/2026,13:30:42,0,,,0.3636,l,0.3846,0.3846,0.3846,0.3817,0.3846,0.3846,0.5475,0.5475,0.5475,0.3636,0.3636,0.3636,0.3846,0.3846,0.3846,0.346,0.3663,0.3663,,,,0.3846,0.3846,0.3846,,,,0.3704,0.3731,0.3731
1999611,2/8/2026 17:48,uchm,ws,6600,-210,f,ts,2/8/2026,12:48:12,0,,,0.6774,l,0.6774,,0.75,0.7167,,0.7812,0.7354,,0.7701,0.7619,,0.7619,0.7333,,0.7778,0.7151,,0.7537,,,,0.7727,,0.7917,0.7877,,0.7877,0.6951,,0.7361
1999854,2/8/2026 18:16,uchm,ws,5600,-144,d,ts,2/8/2026,13:16:38,0,,,0.5902,l,0.6364,0.697,0.697,0.5902,0.6622,0.6587,0.6667,0.6667,0.6667,0.6875,0.6875,0.6875,0.6154,0.6154,0.7059,0.6169,0.6466,0.6753,,,,0.7143,0.7143,0.6923,,0.711,0.711,0.6094,0.639,0.6441
2001042,2/8/2026 19:49,wild,ws,14200,110,l,ts,2/8/2026,14:49:59,0,,,0.4762,l,0.5652,0.4762,0.4762,0.5708,0.4525,0.4525,0.5726,0.4762,0.4762,,,,0.5652,0.4545,0.4545,0.5671,0.4785,0.4878,,,,0.4762,0.4762,0.4762,,0.4651,0.4651,0.537,0.4386,0.4367
2000958,2/8/2026 19:44,wild,ws,8200,100,l,ts,2/8/2026,14:44:48,0,,,0.5,l,0.5652,,,0.5671,,,0.5763,,,,,,0.5652,,,0.5475,,,,,,0.5,,,0.4717,,,0.5327,,
2001055,2/8/2026 19:50,wild,ws,13800,-130,l,ts,2/8/2026,14:50:34,0,,,0.5652,l,0.6491,0.5652,0.5652,0.6416,0.6296,0.5671,0.6667,0.5455,0.5455,,,,0.6491,0.6491,0.5556,0.6466,0.6364,0.5671,,,,0.5918,0.5652,0.5745,0.6212,0.5633,0.5633,0.6139,0.5327,0.5261
2001162,2/8/2026 19:57,wild,ws,17000,115,l,ts,2/8/2026,14:57:43,0,,,0.4651,l,0.5652,0.4444,0.4444,0.5968,,,0.5816,0.4587,0.4587,,,,0.5833,0.4545,0.4545,0.5575,0.4386,0.4386,,,,0.4651,0.4651,0.4651,0.4367,0.4367,,0.5392,0.4184,0.4184
2002332,2/9/2026 15:58,anis,ws,13700,-900,c,ts,2/9/2026,10:58:33,0,,,0.9,v,0.9375,0.9375,0.9231,0.9444,0.9444,0.9219,0.9434,0.9434,0.9259,0.9,0.9,0.9231,0.9474,0.9474,0.9231,0.9251,0.9251,0.8969,,,,0.959,0.9383,0.9371,0.954,0.92,0.92,0.9114,0.9026,0.8924
2002504,2/9/2026 17:45,anis,ws,6600,-170,c,ts,2/9/2026,12:45:31,0,,,0.6296,v,0.6875,,0.6552,0.705,,0.6711,0.6825,,0.6454,0.6296,,0.6296,0.6923,,0.6667,0.6951,,0.6753,,,,0.6825,,0.661,,,0.6855,0.6491,,0.6212
2002364,2/9/2026 16:16,anis,ws,9100,-551,d,ts,2/9/2026,11:16:34,0,,,0.8464,v,0.8889,0.8889,0.8889,0.8464,0.8464,0.8464,0.8773,0.8773,0.8773,0.8889,0.8889,0.8889,0.9756,0.9756,0.9756,0.8969,0.8684,0.8684,,,,0.907,0.9065,0.9065,0.8919,0.8919,0.89,0.8599,0.8567,0.8567
2002321,2/9/2026 15:45,anis,ws,9300,-600,c,ts,2/9/2026,10:45:00,0,,,0.8571,v,0.9167,0.9167,0.8889,0.9038,0.9038,0.9038,0.893,0.893,0.893,0.8571,0.8571,0.8571,0.9091,0.9091,0.9091,0.8874,0.8874,0.8874,,,,0.9138,0.9038,0.899,0.884,0.884,0.884,0.8682,0.866,0.8582
2002556,2/9/2026 18:35,anvm,ws,6200,-339,d,ts,2/9/2026,13:35:41,0,,,0.7722,w,0.8113,0.8462,0.8462,0.7722,0.8302,0.8302,0.8131,0.8333,0.8333,0.8462,0.8462,0.8462,0.8,0.8,0.8462,0.8016,0.8302,0.8302,,,,0.8496,0.8582,0.8582,0.8498,0.8498,0.8498,0.784,0.8054,0.8084
2003440,2/10/2026 1:13,atma,ws,1900,454,d,ts,2/9/2026,20:13:08,0,,,0.1805,l,0.25,0.25,0.25,0.1805,0.2123,0.202,0.2299,0.2299,0.2353,0.2273,0.2273,0.2273,0.2083,0.2083,0.2273,0.232,0.232,0.232,,,,0.2247,0.2247,0.2273,0.2165,0.2165,0.2165,0.1938,0.1953,0.1976
2006283,2/10/2026 4:50,bind,ws,7500,130,c,ts,2/9/2026,23:50:11,0,,,0.4348,,0.5455,0.4762,0.4762,0.537,0.4444,0.4444,0.5,0.4484,0.4484,0.4348,0.4348,0.4348,,,,,,,,,,,,,,,,0.4717,0.4167,0.4167
2006277,2/10/2026 4:49,bind,ws,4200,160,c,ts,2/9/2026,23:49:34,0,,,0.3846,,0.4762,,0.4255,0.4566,,0.3831,0.4386,,0.4082,0.4348,,0.3846,,,,,,,,,,,,,,,,0.4167,,0.3676
2006383,2/10/2026 5:09,bind,ws,3000,178,d,ts,2/9/2026,0:09:40,0,,,0.3597,,0.4255,0.4878,0.4878,0.3597,0.4566,0.4566,0.4255,0.4651,0.4651,0.4,0.4545,0.4545,,,,,,,,,,,,,,,,0.3759,0.4329,0.4329
2002378,2/9/2026 16:27,dell,ws,5000,-125,c,ts,2/9/2026,11:27:57,0,,,0.5556,w,0.6491,0.6491,0.6491,,,,0.5851,0.5851,0.5851,0.5556,0.5556,0.5556,0.5652,0.5652,0.5652,0.6169,0.705,0.7436,,,,0.6078,0.6078,0.6078,0.6564,0.6564,0.6564,0.5726,0.5671,0.5671
2002445,2/9/2026 17:01,dell,ws,7000,-292,d,ts,2/9/2026,12:01:05,0,,,0.7449,w,0.7727,0.8182,0.8182,0.7449,0.8131,0.8131,0.8,0.8333,0.8333,0.8333,0.8333,0.8333,0.7778,0.8333,0.8333,0.7727,0.8113,0.8113,,,,0.8333,0.8425,0.8425,0.8498,0.8498,0.8498,0.759,0.7947,0.7947
2002377,2/9/2026 16:27,dell,ws,5200,-125,c,ts,2/9/2026,11:27:36,0,,,0.5556,w,0.6491,0.6491,0.6491,0.5798,0.5816,0.5816,0.5851,0.5851,0.5851,0.5556,0.5556,0.5556,0.5652,0.5652,0.5652,0.6269,0.5968,0.5968,,,,0.6078,0.6078,0.6,0.6479,0.6479,0.6198,0.5745,0.5708,0.569
2002422,2/9/2026 16:40,dell,ws,6800,-121,d,ts,2/9/2026,11:40:54,0,,,0.5475,w,0.6,0.6552,0.6552,0.5475,0.6198,0.635,0.5885,0.6364,0.6364,0.5918,0.6296,0.6296,0.5833,0.5833,0.6491,0.6169,0.6466,0.6855,,,,0.6364,0.6491,0.6491,0.631,0.6785,0.6785,0.5726,0.5984,0.6047
2002660,2/9/2026 21:04,foki,ws,9800,-150,f,ts,2/9/2026,16:04:23,0,,,0.6,w,0.6,0.7059,0.7059,0.661,0.661,0.7297,0.7015,0.7015,0.759,0.6667,0.75,0.75,0.6875,0.6875,0.7647,0.6753,0.7245,0.734,,,,0.7059,0.759,0.7561,0.6466,0.7368,0.7368,0.6324,0.6825,0.7041
2002664,2/9/2026 21:08,foki,ws,14700,-900,c,ts,2/9/2026,16:08:10,0,,,0.9,w,0.9524,0.931,0.931,0.949,0.949,0.9231,0.9615,0.9615,0.9177,0.9,0.9,0.9,0.9524,0.9524,0.9231,0.9346,0.9251,0.9063,,,,0.9615,0.9373,0.9373,0.9039,0.9039,0.9039,0.9122,0.9009,0.8888
2002662,2/9/2026 21:06,foki,ws,11200,-400,c,ts,2/9/2026,16:06:38,0,,,0.8,w,0.8889,,,0.8734,,,0.893,,,0.8,,,0.8824,,,0.8494,,,,,,0.8561,,,0.8028,,,0.8243,,
2002661,2/9/2026 21:04,foki,ws,9500,-200,c,ts,2/9/2026,16:04:47,0,,,0.6667,w,0.7561,0.6774,0.6774,0.7041,0.639,0.639,0.7701,0.6825,0.6825,0.6667,0.6667,0.6667,0.7333,0.7333,0.6667,0.7245,0.6951,0.6667,,,,0.6875,0.6774,0.6721,0.67,0.67,0.6429,0.6923,0.6466,0.631
2002544,2/9/2026 18:23,goff,ws,7200,-105,c,ts,2/9/2026,13:23:50,0,,,0.5122,l,0.5833,,,0.5798,,,0.5968,,,0.5122,,,,,,,,,,,,,,,,,,0.5413,,
2002557,2/9/2026 18:38,goff,ws,10000,-115,c,ts,2/9/2026,13:38:28,0,,,0.5349,l,0.6154,0.5455,0.5455,0.6516,0.5614,0.5614,0.6183,0.5595,0.5595,0.5349,0.5349,0.5349,,,,,,,,,,,,,,,,0.5726,0.5098,0.5098
2002541,2/9/2026 18:22,goff,ws,9000,100,c,ts,2/9/2026,13:22:26,0,,,0.5,l,0.5745,0.5238,0.5238,0.5851,0.5122,0.5122,0.5968,0.5475,0.5475,0.5,0.5,0.5,,,,,,,,,,,,,,,,0.537,0.4902,0.4902
2002650,2/9/2026 19:45,goff,ws,3000,233,d,ts,2/9/2026,14:45:30,0,,,0.3003,l,0.3636,0.3636,0.3636,0.3003,,0.2941,0.3704,0.3922,0.3922,0.3448,0.3448,0.4255,,,,,,,,,,,,,,,,0.3185,,0.3333
2002622,2/9/2026 19:26,golu,ws,15200,-490,d,ts,2/9/2026,14:26:21,0,,,0.8305,w,0.8824,0.92,0.92,0.8305,0.8876,0.8876,,,,0.9231,0.9231,0.9231,,,,,,,,,,,,,,,,0.8519,0.8825,0.8825
2002309,2/9/2026 15:29,humb,ws,17400,119,d,ts,2/9/2026,10:29:33,0,,,0.4566,w,0.5455,0.6,0.6,0.4566,0.5726,0.5726,0.5726,0.6109,0.6109,0.6296,0.6296,0.6296,0.5455,0.5455,0.6154,,,,,,,0.5833,0.6226,0.6226,0.5868,0.6032,0.6032,0.5283,0.5708,0.5745
2002288,2/9/2026 15:16,humb,ws,10300,-110,c,ts,2/9/2026,10:16:33,0,,,0.5238,w,0.5833,0.5,0.5,0.5902,0.5025,0.5025,0.6109,0.5283,0.5283,0.5238,0.5238,0.5238,0.6154,0.5238,0.5238,,,,,,,0.5349,0.5238,0.5349,0.5098,0.5098,0.5169,0.5633,0.4831,0.4854
2002359,2/9/2026 16:12,humb,ws,5100,125,c,ts,2/9/2026,11:12:13,0,,,0.4444,w,0.5122,0.4545,0.4878,0.5215,0.5215,0.4484,0.5,0.5,0.431,0.4444,0.4444,0.4444,,,,,,,,,,0.5,0.4762,0.4651,0.4274,0.4274,0.4274,0.4695,0.4425,0.4237
2002428,2/9/2026 16:46,humb,ws,22900,-400,c,ts,2/9/2026,11:46:48,0,,,0.8,w,0.875,0.8,,0.8947,0.8192,,0.893,0.7938,,0.8,0.8,,0.9,0.8333,,,,,,,,0.854,0.8507,,,,,0.8395,0.7727,
2002543,2/9/2026 18:23,kuha,ws,10000,-130,c,ts,2/9/2026,13:23:37,0,,,0.5652,,0.6552,,0.6,0.6711,,,0.6552,,0.6109,0.5652,,0.5652,,,,,,,,,,,,,,,,0.6,,
2002538,2/9/2026 18:20,kuha,ws,6100,-220,c,ts,2/9/2026,13:20:04,0,,,0.6875,,0.7619,0.7059,0.7059,0.7396,0.6865,0.6865,0.759,0.7101,0.7101,0.6875,0.6875,0.6875,,,,,,,,,,,,,,,,0.7033,0.6552,0.6552
2002542,2/9/2026 18:22,kuha,ws,10800,100,c,ts,2/9/2026,13:22:49,0,,,0.5,,0.5918,0.5455,0.5455,0.5816,0.5392,0.5392,0.6032,0.5595,0.5595,0.5,0.5,0.5,,,,,,,,,,,,,,,,0.5434,0.5025,0.5025
2002554,2/9/2026 18:32,kuha,ws,8300,-380,c,ts,2/9/2026,13:32:14,0,,,0.7917,,0.8571,,,0.8649,,,0.8485,,,0.7917,,,,,,,,,,,,,,,,,,0.8058,,
2002486,2/9/2026 17:33,lame,ws,12400,-700,c,ts,2/9/2026,12:33:41,0,,,0.875,w,0.9286,0.92,0.92,0.9231,0.9123,0.9123,,,,0.875,0.875,0.875,,,,,,,,,,,,,,,,0.8879,0.8782,0.8782
2002468,2/9/2026 17:28,lame,ws,12000,-380,c,ts,2/9/2026,12:28:24,0,,,0.7917,w,0.8571,,0.8214,0.8483,,0.7988,,,,0.7917,,0.8182,,,,,,,,,,,,,,,,0.8124,,0.7849
2002313,2/9/2026 15:32,mane,ws,2700,457,d,ts,2/9/2026,10:32:38,0,,,0.1795,l,,,,0.1795,0.2358,0.2331,0.2381,0.2667,0.2667,0.2632,0.2632,0.2941,0.2105,0.2353,0.2353,,,,,,,0.2564,0.2597,0.2667,0.2273,0.2273,0.2273,0.1984,0.2169,0.2232
2002324,2/9/2026 15:49,mane,ws,2400,820,d,ts,2/9/2026,10:49:53,0,,,0.1087,l,,,,0.1087,0.125,,0.1724,0.1724,0.1887,0.2,0.2,0.2,0.1538,0.1538,0.1667,,,,,,,0.1802,0.1852,0.1869,0.1221,0.1332,0.1332,0.1272,0.1304,0.1425
2002302,2/9/2026 15:25,monn,ws,7800,100,c,ts,2/9/2026,10:25:52,0,,,0.5,l,0.5833,0.5,0.5,0.5726,0.505,0.505,,,,0.5,0.5,0.5,,,,,,,,,,,,,0.4975,0.4975,0.5,0.5327,0.4695,0.4695
2002315,2/9/2026 15:33,monn,ws,17000,-380,c,ts,2/9/2026,10:33:22,0,,,0.7917,l,0.875,0.875,0.8571,0.8276,0.8276,0.8285,,,,0.7917,0.8182,0.8182,,,,,,,,,,,,,0.8478,0.8397,0.8397,0.8211,0.8264,0.8113
2002292,2/9/2026 15:17,monn,ws,3200,210,c,ts,2/9/2026,10:17:35,0,,,0.3226,l,0.3922,0.3774,0.3774,0.3846,0.3448,0.3413,,,,0.3333,0.3226,0.3226,,,,,,,,,,,,,0.3571,0.3571,0.3571,0.3436,0.3236,0.3226
2002413,2/9/2026 16:38,monn,ws,2200,650,c,ts,2/9/2026,11:38:04,0,,,0.1333,l,0.1961,0.1429,0.1429,0.2198,0.1408,0.1408,,,,0.1333,0.1333,0.1333,,,,,,,,,,,,,0.1361,0.1361,0.1361,0.1495,0.0971,0.0971
2002533,2/9/2026 18:14,nakb,ws,11300,-240,c,ts,2/9/2026,13:14:48,0,,,0.7059,w,0.7727,0.75,0.75,0.7792,0.7543,0.7543,0.7701,0.7531,0.7531,0.7059,0.7059,0.7059,0.7778,0.7647,0.7647,0.7537,0.7537,0.7537,,,,0.7753,0.7753,0.7753,0.7807,0.7778,0.7778,0.7333,0.7199,0.7199
2002618,2/9/2026 19:15,nakb,ws,45000,-2000,c,ts,2/9/2026,14:15:36,0,,,0.9524,w,0.998,0.9677,0.9677,0.975,0.975,0.9677,,,0.9804,0.9524,0.9524,0.9524,,,0.9722,0.9907,0.972,0.9533,,,,,,,,,,0.9732,0.947,0.9448
2002738,2/9/2026 21:54,nard,ws,39500,-1000,c,ts,2/9/2026,16:54:49,0,,,0.9091,w,0.9722,0.9355,0.9355,0.9688,0.9265,0.9265,,0.9524,0.9524,0.9091,0.9091,0.9091,,,,,,,,,,,,,,,,0.9404,0.8999,0.8999
2002667,2/9/2026 21:11,nard,ws,6900,-262,d,ts,2/9/2026,16:11:28,0,,,0.7238,w,0.7826,0.7826,0.7826,0.7238,,0.7238,0.8131,0.8131,0.8131,0.75,0.75,0.75,,,,,,,,,,,,,,,,0.7396,,0.7396
2002666,2/9/2026 21:11,nard,ws,6900,-262,d,ts,2/9/2026,16:11:21,0,,,0.7238,w,0.7826,0.7872,0.7872,0.7238,0.7333,0.7596,0.8131,0.8131,0.8198,0.75,0.75,0.75,,,,,,,,,,,,,,,,0.7396,0.7442,0.7481
2002718,2/9/2026 21:42,nard,ws,6300,-224,d,ts,2/9/2026,16:42:55,0,,,0.6914,w,0.7778,0.8113,0.8113,0.6914,0.7222,0.7396,0.7531,0.7531,0.7826,0.75,0.75,0.75,,,,,,,,,,,,,,,,0.7067,0.7222,0.7409
2002390,2/9/2026 16:32,ocon,ws,6900,-170,c,ts,2/9/2026,11:32:44,0,,,0.6296,w,0.7143,,0.661,0.7207,,0.6885,0.6667,,0.6226,0.6296,,0.6296,0.7143,,0.6667,0.6855,,0.6753,,,,0.6774,,0.6721,0.67,,0.67,0.6503,,0.6183
2002456,2/9/2026 17:21,ocon,ws,38700,-500,c,ts,2/9/2026,12:21:29,0,,,0.8333,w,0.9259,,0.8305,0.9333,,0.8701,0.9434,,0.8621,0.8333,,0.8333,0.9474,,0.8621,0.9063,,0.8494,,,,0.898,,0.8795,,,0.844,0.8881,,0.8224
2002610,2/9/2026 19:07,ocon,ws,50500,-135,l,ts,2/9/2026,14:07:10,0,,,0.5745,w,0.7917,0.5349,0.5349,0.7753,0.5283,0.5283,0.7895,0.5851,0.5851,0.7727,0.5349,0.5349,0.7895,0.5556,0.5556,0.7826,0.5575,0.5074,,,,0.5745,0.5833,0.5833,,,,0.7549,0.5261,0.5215
2002496,2/9/2026 17:42,ocon,ws,8200,-320,c,ts,2/9/2026,12:42:17,0,,,0.7619,w,0.7917,,0.7368,0.8205,,0.7763,0.8413,,0.8,0.7619,,0.7619,0.8182,,0.8182,0.7921,,0.7727,,,,0.8361,,0.7895,,,,0.7778,,0.7442
2002347,2/9/2026 16:02,osta,ws,17800,-900,c,ts,2/9/2026,11:02:19,0,,,0.9,w,0.9259,0.8246,0.8246,0.9398,0.8667,0.8667,0.9524,0.8701,0.8701,0.9,0.9,0.9,0.9615,0.9,0.9,,,,,,,0.9,0.8964,0.9,0.8569,0.8569,0.8569,0.9148,0.8384,0.8395
2002346,2/9/2026 16:02,osta,ws,17800,-900,l,ts,2/9/2026,11:02:19,0,,,0.9,w,0.9259,0.8246,0.8246,0.9398,0.8667,0.8667,0.9524,0.8701,0.8701,0.9,0.9,0.9,0.9615,0.9,0.9,,,,,,,0.9,0.8964,0.9,0.8569,0.8569,0.8569,0.9148,0.8384,0.8395
2002283,2/9/2026 15:10,osta,ws,5000,105,c,ts,2/9/2026,10:10:47,0,,,0.4878,w,0.5556,,0.5,0.5434,,0.5434,0.5413,,0.5413,0.4878,,0.4878,0.5455,,0.5455,,,,,,,0.5455,,0.5122,0.5516,,0.4878,0.5074,,0.4831
2002339,2/9/2026 16:01,osta,ws,12400,-900,c,ts,2/9/2026,11:01:17,0,,,0.9,w,0.92,0.92,0.8667,0.9398,0.9398,0.8969,0.9524,0.9524,0.8851,0.9524,0.9,0.9,0.9615,0.9615,0.9091,,,,,,,0.9595,0.9408,0.9203,0.8919,0.8919,0.89,0.9179,0.9075,0.8619
2002354,2/9/2026 16:10,plis,ws,100,1300,e,ts,2/9/2026,11:10:06,0,,,0.0714,,0.125,0.1111,0.1111,0.1266,0.1266,0.1042,0.1333,0.1333,0.1176,0.1111,0.1111,0.1111,0.0714,0.0714,0.0714,0.1276,0.1276,0.117,,,,0.1307,0.1156,0.1163,0.1111,0.1081,0.1081,0.0864,0.0762,0.069
2002449,2/9/2026 17:12,plis,ws,2500,500,c,ts,2/9/2026,12:12:59,0,,,0.1667,,0.25,,0.1538,0.2451,,0.1727,0.2439,,0.2,0.1667,,0.1667,0.25,,0.1818,0.2114,,0.1695,,,,0.1802,,0.1667,0.2141,,0.1372,0.1845,,0.13
2002357,2/9/2026 16:10,plis,ws,200,1300,e,ts,2/9/2026,11:10:59,0,,,0.0714,,0.1111,0.1176,0.1176,0.1299,0.119,0.1205,0.1429,0.1429,0.1333,0.1538,0.1538,0.1538,0.0714,0.0714,0.0714,0.1276,0.117,0.1064,,,,0.129,0.129,0.129,0.1171,0.1171,0.1171,0.0876,0.085,0.0826
2002351,2/9/2026 16:05,radu,ws,8000,-200,c,ts,2/9/2026,11:05:49,0,,,0.6667,v,0.7297,0.7297,0.7297,0.726,0.7275,0.7275,0.726,0.726,0.726,0.6667,0.7059,0.7059,0.7143,0.7143,0.7143,,,,,,,0.7403,0.7468,0.75,0.7326,0.7326,0.7506,0.6885,0.6923,0.6942
2002331,2/9/2026 15:58,radu,ws,5600,-125,c,ts,2/9/2026,10:58:06,0,,,0.5556,v,0.6154,0.6154,0.5918,0.6269,0.6094,0.5781,0.6109,0.6109,0.5851,0.5556,0.5556,0.5556,0.6154,0.6,0.5652,,,,,,,0.6078,0.6,0.6,0.6183,0.5885,0.5885,0.5763,0.5708,0.5516
2002424,2/9/2026 16:42,radu,ws,6400,-400,c,ts,2/9/2026,11:42:56,0,,,0.8,v,0.8462,,0.8462,0.8165,,0.8165,0.8485,,0.8485,0.8,,0.8,0.8182,,0.8182,,,,,,,0.8639,,0.8462,0.8459,,0.8217,0.8106,,0.8051
2002450,2/9/2026 17:15,radu,ws,8600,-150,c,ts,2/9/2026,12:15:07,0,,,0.6,v,0.697,0.6154,0.6154,0.6885,0.6047,0.6063,0.697,0.6364,0.6183,0.6,0.6,0.6,,0.6154,0.6154,,,,,,,0.6226,0.6226,0.6226,0.6587,0.6063,0.6063,0.6296,0.5885,0.5868
2002492,2/9/2026 17:38,roye,ws,5700,160,c,ts,2/9/2026,12:38:01,0,,,0.3846,l,0.5122,0.4545,0.4545,0.4878,0.3802,0.3802,0.463,0.4,0.4,0.3846,0.3846,0.3846,0.4545,0.3846,0.3846,0.4587,0.4484,0.4274,,,,0.4082,0.4082,0.4082,,,,0.4237,0.3731,0.3802
2002518,2/9/2026 17:56,roye,ws,5300,-130,c,ts,2/9/2026,12:56:42,0,,,0.5652,l,0.6154,0.5918,0.5918,0.6212,0.6212,0.5902,0.6139,0.6139,0.5763,0.5652,0.5652,0.5652,0.6154,0.6154,0.5833,0.6078,0.5968,0.5868,,,,0.6296,0.6078,0.6154,,,,0.5833,0.5726,0.5575
2002592,2/9/2026 19:00,roye,ws,8100,-115,c,ts,2/9/2026,14:00:31,0,,,0.5349,l,0.6,0.5238,,0.6,0.6,,0.6183,0.495,,0.5349,0.5349,,0.6,0.6,,0.5868,0.5575,,,,,0.5349,0.5238,,,,,0.5671,0.5025,
2002460,2/9/2026 17:26,roye,ws,3500,500,c,ts,2/9/2026,12:26:13,0,,,0.1667,l,0.25,,0.1754,0.2703,,0.1608,0.2273,,0.1739,0.1667,,0.1667,0.25,,0.1754,0.232,,0.1802,,,,0.1835,,0.1754,0.2392,,0.1923,0.1898,,0.1355
2002262,2/9/2026 14:51,sakk,ws,19700,-600,c,ts,2/9/2026,9:51:57,0,,,0.8571,w,0.9231,0.8667,0.8667,0.9231,0.9123,0.863,0.9091,0.9091,0.8701,0.8571,0.8571,0.8571,0.9333,0.9333,0.9,,,,,,,0.9065,0.8919,0.8936,0.922,0.8909,0.8909,0.8805,0.8599,0.843
2002279,2/9/2026 15:09,sakk,ws,15000,-1040,d,ts,2/9/2026,10:09:08,0,,,0.9123,w,0.9524,0.96,0.96,0.9123,0.9367,0.9524,0.9346,0.9346,0.9524,0.9615,0.9615,0.9615,0.9474,0.9474,0.9615,,,,,,,0.9778,0.989,0.9884,0.984,0.984,0.981,0.9246,0.9302,0.9375
2002278,2/9/2026 15:07,sakk,ws,14100,-500,c,ts,2/9/2026,10:07:04,0,,,0.8333,w,0.9167,0.8667,,0.8795,,,0.9091,0.8551,,0.8333,0.8333,,0.9,0.8571,,,,,,,,0.8969,0.8969,,0.8849,,,0.8677,0.8299,
2002282,2/9/2026 15:10,sakk,ws,13200,-950,d,ts,2/9/2026,10:10:40,0,,,0.9048,w,0.9474,,,0.9048,,,0.9346,,,0.9333,,,0.9474,,,,,,,,,0.9673,,,0.958,,,0.9167,,
2003177,2/10/2026 0:46,vand,ws,17500,-600,c,ts,2/9/2026,19:46:14,0,,,0.8571,,0.9091,,,0.9167,,,0.9434,,,0.8571,,,,,,,,,,,,,,,,,,0.8779,,
2003253,2/10/2026 0:54,vand,ws,14900,-800,c,ts,2/9/2026,19:54:55,0,,,0.8889,,0.9355,,,0.9359,,,0.9615,,,0.8889,,,,,,,,,,,,,,,,,,0.9027,,
2003137,2/10/2026 0:41,vand,ws,9300,-700,c,ts,2/9/2026,19:41:51,0,,,0.875,,0.9167,0.8667,0.8667,0.918,0.8684,0.8684,0.9524,0.9177,0.9177,0.875,0.875,0.8571,,,,,,,,,,,,,,,,0.8847,0.8485,0.8476
2003333,2/10/2026 1:04,vand,ws,30500,-900,c,ts,2/9/2026,20:04:37,0,,,0.9,,0.9524,0.9091,0.9091,0.9515,0.8958,0.9065,0.9804,0.9434,0.9434,0.9,0.9,0.8889,,,,,,,,,,,,,,,,0.9254,0.8773,0.877
2002274,2/9/2026 15:01,zakh,ws,6300,-140,f,ts,2/9/2026,10:01:39,0,,,0.5833,l,0.5833,,0.6774,0.6364,,0.7076,0.6255,,0.6923,0.6875,,0.6875,0.6491,,0.7059,,,,,,,0.6721,,0.7101,0.654,,0.6914,0.6047,,0.6575
2002276,2/9/2026 15:03,zakh,ws,13500,-220,c,ts,2/9/2026,10:03:00,0,,,0.6875,l,0.7619,0.7143,0.7143,0.7722,0.7722,0.7126,0.7531,0.7531,0.697,0.6875,0.6774,0.6774,0.7778,0.7778,0.7059,,,,,,,0.7561,0.7101,0.7101,0.7717,0.6933,0.6933,0.7222,0.6875,0.6656
2002267,2/9/2026 14:57,zakh,ws,7400,-220,f,ts,2/9/2026,9:57:19,0,,,0.6875,l,0.6875,0.6875,0.7436,0.7275,0.7275,0.7238,0.7531,0.7531,0.7826,0.7619,0.7619,0.8182,0.7647,0.7647,0.7647,,,,,,,0.7674,0.7802,0.8,0.7199,0.7468,0.7625,0.7067,0.7024,0.7361
2002535,2/9/2026 18:18,zepp,ws,6900,100,c,ts,2/9/2026,13:18:21,0,,,0.5,,0.5556,0.4762,0.4762,0.5763,0.4717,0.4717,0.6032,0.5238,0.5238,0.5,0.5,0.5,,,,,,,,,,,,,,,,0.5283,0.4545,0.4545
2002578,2/9/2026 18:51,zepp,ws,8600,-130,c,ts,2/9/2026,13:51:19,0,,,0.5652,,0.6364,0.5455,0.5455,0.6479,0.569,0.5633,0.6454,0.5305,0.5556,0.5652,0.5652,0.5652,,,,,,,,,,,,,,,,0.5951,0.505,0.5122
2002651,2/9/2026 19:45,zepp,ws,6300,-260,c,ts,2/9/2026,14:45:51,0,,,0.7222,,0.7826,0.7059,0.7059,0.8134,0.7636,0.7636,0.7826,0.7143,0.7143,0.7222,0.7222,0.7222,,,,,,,,,,,,,,,,0.7368,0.6743,0.6743
2002562,2/9/2026 18:44,zepp,ws,12000,-150,c,ts,2/9/2026,13:44:01,0,,,0.6,,0.7143,0.6226,0.6226,0.7041,0.6078,0.6078,0.6825,0.6183,0.6183,0.6,0.6,0.6,,,,,,,,,,,,,,,,0.6403,0.5781,0.5781
2007381,2/10/2026 21:08,berg,ws,16100,-500,c,ts,2/10/2026,16:08:36,0,,,0.8333,l,0.9,0.875,0.875,0.9107,0.8795,0.8795,0.8851,0.8551,0.8551,0.8333,0.8333,0.8333,0.9,0.8824,0.8824,0.8684,0.859,0.859,,,,0.8985,0.8953,0.8936,0.899,0.899,0.899,0.8563,0.8374,0.8369
2007351,2/10/2026 20:44,berg,ws,5800,-130,c,ts,2/10/2026,15:44:17,0,,,0.5652,l,0.6296,0.5918,0.5918,0.6047,0.5726,0.5726,0.6109,0.5885,0.5885,0.5652,0.5652,0.5652,0.6154,0.6154,0.5833,0.6269,0.6078,0.5968,,,,0.6154,0.6078,0.6078,0.5918,0.5918,0.5918,0.5851,0.5595,0.5575
2007417,2/10/2026 21:37,berg,ws,5700,100,c,ts,2/10/2026,16:37:29,0,,,0.5,l,0.5455,0.5455,,0.5536,0.5536,,0.5763,0.5763,,0.5,0.5,,0.5652,0.5652,,0.537,0.5575,,,,,0.5652,0.5556,,0.569,0.5575,,0.5238,0.5192,
2007442,2/10/2026 22:02,berg,ws,7000,290,l,ts,2/10/2026,17:02:43,0,,,0.2564,l,0.3333,,0.2632,0.3367,,0.2188,0.3448,,0.2703,0.2632,,0.2632,0.3125,,0.2353,0.3356,,0.2532,,,,0.2564,,0.2564,0.2571,,0.2571,0.3012,,0.2198
2007485,2/10/2026 23:28,berr,ws,57300,-530,b,ts,2/10/2026,18:28:45,0,,,0.8413,w,0.9756,,0.96,0.9818,,0.9714,0.8413,,0.8,0.9868,,0.9868,0.9836,,0.9756,,,,,,,,,,,,,0.917,,0.8946
2007502,2/10/2026 23:38,berr,ws,14200,-910,b,ts,2/10/2026,18:38:43,0,,,0.901,w,,,,0.9697,0.9697,0.9697,0.9091,0.9091,0.9091,0.9868,0.9868,0.9868,0.9756,0.9756,0.9756,,,,,,,,,,0.989,0.989,0.989,0.9167,0.9167,0.9167
2007504,2/10/2026 23:40,berr,ws,16600,-1115,b,ts,2/10/2026,18:40:10,0,,,0.9177,w,,,,,,0.9697,0.9177,0.9177,0.9091,0.9868,0.9868,0.9868,0.9756,0.9756,0.9756,,,,,,,0.9898,,,0.99,0.986,0.986,0.9303,,0.9178
2007489,2/10/2026 23:32,berr,ws,15000,-670,b,ts,2/10/2026,18:32:01,0,,,0.8701,w,0.9,0.8824,0.8824,0.9722,0.9722,0.9722,0.8701,0.8701,0.8701,0.9868,0.9868,0.9901,0.9756,0.9756,0.9756,,,,,,,,,,,,,0.8864,0.8785,0.8792
2009061,2/11/2026 2:15,bouj,ws,6000,-191,d,ts,2/10/2026,21:15:29,0,,,0.6564,l,0.7222,,0.7222,0.6564,,0.6644,0.7409,,0.7409,0.6774,,0.7222,,,,,,,,,,,,,,,,0.6732,,0.6785
2008853,2/11/2026 1:59,bouj,ws,6000,-145,c,ts,2/10/2026,20:59:53,0,,,0.5918,l,0.6774,,,0.6894,,,0.6429,,,0.5918,,,,,,,,,,,,,,,,,,0.6109,,
2009190,2/11/2026 2:26,bouj,ws,5200,107,d,ts,2/10/2026,21:26:41,0,,,0.4831,l,0.5455,,0.5455,0.4831,,0.4808,0.5726,,0.5726,0.5122,,0.5122,,,,,,,,,,,,,,,,0.505,,0.505
2009056,2/11/2026 2:14,bouj,ws,13300,-200,d,ts,2/10/2026,21:14:51,0,,,0.6667,l,0.7561,0.7561,,0.6667,0.6933,,0.759,0.759,,0.7222,0.75,,,,,,,,,,,,,,,,,0.7015,0.7059,
2006721,2/10/2026 15:34,bouq,ws,29200,-150,c,ts,2/10/2026,10:34:35,0,,,0.6,w,0.7674,0.5833,0.5833,0.7449,0.5851,0.5851,,,,0.6,0.6,0.6,,,,,,,,,,,,,,,,0.697,0.5536,0.5536
2006685,2/10/2026 15:09,bouq,ws,8900,-189,d,ts,2/10/2026,10:09:02,0,,,0.654,w,0.7059,0.7059,,0.654,0.7732,,,,,0.8462,0.8462,,,,,,,,,,,,,,,,,0.6795,0.7067,
2006728,2/10/2026 15:39,bouq,ws,25700,135,c,ts,2/10/2026,10:39:11,0,,,0.4255,w,0.6296,0.4545,,0.5833,0.4255,,,,,0.4255,0.4255,,,,,,,,,,,,,,,,,0.5475,0.4082,
2006641,2/10/2026 14:25,bouq,ws,9100,115,c,ts,2/10/2026,9:25:48,0,,,0.4651,w,0.5455,0.5455,0.4545,0.5816,0.5816,0.4545,,,,0.4651,0.5238,0.5238,,,,,,,,,,,,,,,,0.505,0.5122,0.431
2007849,2/11/2026 0:44,come,ws,6000,133,d,ts,2/10/2026,19:44:41,0,,,0.4292,l,0.4878,0.5238,0.5238,0.4292,0.495,0.495,0.4808,0.5238,0.5146,0.5238,0.5238,0.5238,0.4651,0.5,0.5,,,,,,,0.5238,0.5349,0.5238,0.505,0.5169,0.5169,0.4587,0.4878,0.4831
2008949,2/11/2026 2:05,come,ws,6400,-103,b,ts,2/10/2026,21:05:19,0,,,0.5074,l,0.5349,0.5833,0.5833,0.631,0.639,0.639,0.5074,0.5495,0.5495,0.5652,0.5652,0.5652,0.6,0.6154,0.6154,,,,,,,0.6226,0.6154,0.6,0.5763,,0.569,0.5327,0.5556,0.5495
2007505,2/10/2026 23:42,corf,ws,500,1900,d,ts,2/10/2026,18:42:10,0,,,0.05,l,,,,0.05,0.0417,0.0417,0.1481,0.1111,0.1111,0.0769,0.0769,0.0769,0.0714,0.0556,0.0556,,,,,,,,,,,,,0.0686,0.0445,0.0445
2006686,2/10/2026 15:12,craw,ws,1900,1000,c,ts,2/10/2026,10:12:21,0,,,0.0909,,0.1724,0.1667,0.1667,0.1721,0.1333,0.1333,,,,0.0909,0.0909,,,,,,,,,,,,,,0.1541,0.1541,0.1541,0.1192,0.1037,
2006690,2/10/2026 15:13,craw,ws,200,1100,c,ts,2/10/2026,10:13:21,0,,,0.0833,,0.1667,0.1667,0.1667,0.119,0.1176,0.1176,,,,0.0833,0.125,0.125,,,,,,,,,,,,,0.1481,0.1481,0.1481,0.0992,0.1073,0.1073
2007431,2/10/2026 21:56,dimi,ws,17600,-220,c,ts,2/10/2026,16:56:58,0,,,0.6875,,0.7778,0.7143,0.7143,0.8261,0.7525,0.7525,0.7753,0.7101,0.7101,0.6875,0.6875,0.6875,0.8,0.7333,0.7333,,,,,,,0.75,0.75,0.7436,0.723,0.7275,0.7268,0.7333,0.6865,0.6855
2007410,2/10/2026 21:32,dimi,ws,6100,-220,c,ts,2/10/2026,16:32:44,0,,,0.6875,,0.7436,0.6774,0.6774,0.7143,0.6429,0.6429,0.7409,0.6875,0.6875,0.6875,0.6875,0.6875,0.7333,0.6667,0.6667,,,,,,,0.6875,0.697,0.7059,0.6805,0.7024,0.7024,0.7033,0.6454,0.6454
2007376,2/10/2026 21:05,dimi,ws,9600,-130,c,ts,2/10/2026,16:05:17,0,,,0.5652,,0.6552,0.6,0.6,0.6503,0.5918,0.5918,0.661,0.6183,0.6183,0.5652,0.5652,0.5652,0.6296,0.5833,0.5833,,,,,,,0.6154,0.6154,0.6154,0.6479,0.6212,0.6212,0.6,0.5745,0.5745
2007375,2/10/2026 21:03,dimi,ws,5000,-130,c,ts,2/10/2026,16:03:14,0,,,0.5652,,0.6364,0.6364,0.6154,0.6094,0.6094,0.6047,0.6183,0.6183,0.6109,0.5652,0.5652,0.5652,0.6,0.6,0.5833,,,,,,,0.6154,0.6078,0.6078,0.6324,0.6198,0.6198,0.5833,0.5798,0.5708
2007044,2/10/2026 18:37,djer,ws,5000,237,d,ts,2/10/2026,13:37:54,0,,,0.2967,l,0.3333,,,0.2967,,,0.3704,,,0.4,,,,,,,,,,,,0.4,,,0.4,,,0.3268,,
2006823,2/10/2026 16:26,frie,ws,12000,-110,c,ts,2/10/2026,11:26:52,0,,,0.5238,,0.6226,0.5745,0.5745,0.6124,0.5575,0.5575,,,,0.5238,0.5238,0.5238,,,,,,,,,,,,,0.5885,0.5556,0.5556,0.5708,0.5261,0.5261
2006813,2/10/2026 16:21,frie,ws,3400,160,c,ts,2/10/2026,11:21:52,0,,,0.3846,,0.4444,0.4082,0.4082,0.4673,0.431,0.431,,,,0.3846,0.3846,0.3846,,,,,,,,,,,,,0.4082,0.4032,0.4032,0.4032,0.3717,0.3717
2006836,2/10/2026 16:37,frie,ws,7100,-145,c,ts,2/10/2026,11:37:46,0,,,0.5918,,0.661,0.6364,0.6364,0.6678,0.5984,0.5984,,,,0.5918,0.5918,0.5918,,,,,,,,,,,,,0.6255,0.6255,0.6255,0.6154,0.5885,0.5885
2006663,2/10/2026 14:42,galf,ws,18800,-320,c,ts,2/10/2026,9:42:19,0,,,0.7619,w,0.8571,0.8571,0.8571,0.8296,0.8296,0.8285,,,,0.7619,0.8182,0.8182,,,,,,,,,,,,,0.8339,0.8339,0.8308,0.7992,0.8092,0.8088
2006660,2/10/2026 14:41,galf,ws,16900,-340,c,ts,2/10/2026,9:41:33,0,,,0.7727,w,0.8571,0.8571,0.8571,0.8369,0.8361,0.8361,,,,0.7727,0.8571,0.8571,,,,,,,,,,,,,0.839,0.839,0.839,0.8047,0.8208,0.8208
2009639,2/11/2026 3:03,giro,ws,6700,140,c,ts,2/10/2026,22:03:50,0,,,0.4167,l,0.4651,0.4651,0.4167,0.5122,0.5122,0.4386,0.495,0.495,0.4587,0.4167,0.4167,0.3846,0.5,0.5,0.4651,,,,,,,0.5,0.4545,0.4545,,0.4,0.4292,0.4505,0.4274,0.4065
2009729,2/11/2026 3:13,giro,ws,3300,200,c,ts,2/10/2026,22:13:08,0,,,0.3333,l,0.3704,,0.3333,0.4115,,0.3623,0.4202,,0.3636,0.3333,,0.3333,0.3846,,0.4167,,,,,,,0.4,,0.3571,0.3831,,0.3378,0.3546,,0.3165
2009667,2/11/2026 3:08,giro,ws,6200,230,c,ts,2/10/2026,22:08:16,0,,,0.303,l,0.3636,0.3226,,0.3953,0.3953,,0.4,0.4,,0.303,0.303,,0.4,0.4,,,,,,,,0.3704,0.3571,,0.3356,0.3356,,0.3401,0.3205,
2009703,2/11/2026 3:11,giro,ws,5300,300,c,ts,2/10/2026,22:11:36,0,,,0.25,l,0.3333,0.2564,0.2564,0.3597,0.3378,0.2558,0.3802,0.274,0.274,0.25,0.25,0.25,0.3704,0.3704,0.2857,,,,,,,0.303,0.2778,0.2941,0.2646,0.2646,0.2646,0.2841,0.2387,0.2315
2006635,2/10/2026 14:21,grac,ws,11800,-250,l,ts,2/10/2026,9:21:37,0,,,0.7143,,0.8,0.6774,0.6774,0.8008,0.6845,0.6845,0.8,0.6825,0.6825,0.7059,0.6552,0.6552,0.8182,0.6667,0.6667,0.7826,0.6855,0.6753,,,,0.7143,0.6825,0.6923,0.6894,,,0.7423,0.6403,0.6429
2006625,2/10/2026 14:16,grac,ws,6000,-105,c,ts,2/10/2026,9:16:45,0,,,0.5122,,0.5652,0.5122,0.5122,0.5781,0.5413,0.537,0.5595,0.4854,0.4854,0.5122,0.5122,0.5122,0.5833,0.5238,0.5238,0.5868,0.5074,0.5074,,,,0.5238,0.5238,0.5238,0.5349,0.5349,0.5349,0.5215,0.4831,0.4808
2006624,2/10/2026 14:16,grac,ws,5900,130,c,ts,2/10/2026,9:16:19,0,,,0.4348,,0.5122,0.4348,0.4348,0.5327,0.4608,0.4608,0.5,0.4167,0.4167,0.4348,0.4348,0.4348,0.5349,0.5349,0.4545,0.5169,0.5169,0.4785,,,,0.4762,0.4444,0.4444,0.4566,0.4566,0.4566,0.463,0.4115,0.4082
2006623,2/10/2026 14:15,grac,ws,3200,165,c,ts,2/10/2026,9:15:56,0,,,0.3774,,0.4348,,,0.4545,,,0.4348,,,0.3774,,,0.4545,,,0.4386,,,,,,0.3922,,,0.3759,,,0.3861,,
2006980,2/10/2026 17:59,hues,ws,11400,110,c,ts,2/10/2026,12:59:50,0,,,0.4762,w,0.5652,0.5,0.5,0.5745,0.4717,,0.5781,0.4545,0.4854,0.4762,0.4762,0.4762,,,,,,,,,,,,,,,,0.5238,0.4367,
2006958,2/10/2026 17:50,hues,ws,29100,-260,c,ts,2/10/2026,12:50:58,0,,,0.7222,w,0.8571,0.7297,0.7297,0.8267,,,0.8413,0.7143,0.7143,0.7222,0.7222,0.7059,,,,,,,,,,,,,,,,0.7895,,
2006830,2/10/2026 16:30,hues,ws,8600,-400,c,ts,2/10/2026,11:30:10,0,,,0.8,w,0.875,0.875,0.875,0.875,0.8288,0.8288,0.8198,0.8198,0.8198,0.8,0.8,0.8,,,,,,,,,,,,,,,,0.8141,0.8016,0.8016
2006940,2/10/2026 17:44,hues,ws,33900,-800,c,ts,2/10/2026,12:44:18,0,,,0.8889,w,0.9524,0.8889,,0.9495,0.8901,0.8824,0.9709,0.9259,0.9091,0.9412,0.8889,0.8889,,,,,,,,,,,,,,,,0.9248,0.866,
2007062,2/10/2026 18:52,kals,ws,9300,200,e,ts,2/10/2026,13:52:23,0,,,0.3333,w,0.4878,0.3846,0.3846,0.4348,0.346,0.346,0.4202,0.3571,0.3571,0.3774,0.3774,0.3774,0.3333,0.3333,0.3333,0.4274,0.3663,0.3774,,,,0.3922,0.3774,0.3774,,,,0.3861,0.3322,0.3367
2006652,2/10/2026 14:38,kasi,ws,3000,240,c,ts,2/10/2026,9:38:06,0,,,0.2941,l,0.3774,0.3774,0.3774,0.3135,0.3135,0.3135,,,,0.2941,0.3448,0.3448,,,,,,,,,,,,,0.361,0.361,0.361,0.3125,0.3215,0.3215
2007291,2/10/2026 20:26,kecm,ws,4900,-110,f,ts,2/10/2026,15:26:43,0,,,0.5238,w,0.5238,0.5238,0.5238,0.5868,0.5868,0.5868,0.6,0.5885,0.569,0.5745,0.5745,0.5745,0.5833,0.5833,0.5833,0.5671,0.5671,0.5781,,,,0.6,0.5918,0.6,0.5652,0.5652,0.5652,0.5434,0.5392,0.5392
2007402,2/10/2026 21:26,kecm,ws,9600,-305,l,ts,2/10/2026,16:26:42,0,,,0.7531,w,0.8462,0.7059,0.7059,0.8316,,,0.8276,0.6923,0.6923,0.7368,0.7368,0.7368,0.8462,0.7059,0.7059,0.8113,0.6855,0.6855,,,,0.7531,0.7436,0.7468,0.7199,0.7585,0.7585,0.7727,0.6721,0.6743
2007407,2/10/2026 21:28,kecm,ws,32600,-2440,l,ts,2/10/2026,16:28:35,0,,,0.9606,w,0.9877,0.9333,0.9333,0.9901,0.9901,0.9333,,0.9346,0.9346,,0.9333,0.9333,0.9934,0.9934,0.9474,0.9814,0.9533,0.9346,,,,0.9606,0.9597,0.9597,0.999,0.961,0.961,0.9719,0.9233,0.9109
2007391,2/10/2026 21:23,kecm,ws,14000,-140,c,ts,2/10/2026,16:23:40,0,,,0.5833,w,0.7297,,,0.7015,,,0.7015,,,0.5833,,,0.7059,,,0.6667,,,,,,0.5918,,,0.5671,,,0.631,,
2006763,2/10/2026 16:05,korn,ws,10300,-320,c,ts,2/10/2026,11:05:07,0,,,0.7619,w,0.8462,,0.8214,0.7895,,0.7773,,,,0.7619,,0.7619,,,,,,,,,,,,,0.811,,0.811,0.7821,,0.7674
2006783,2/10/2026 16:12,korn,ws,6700,-180,d,ts,2/10/2026,11:12:16,0,,,0.6429,w,0.7059,0.7222,0.7222,0.6429,0.6885,0.6885,,,,0.7222,0.7222,0.7222,,,,,,,,,,,,,0.7199,0.7199,0.7199,0.6622,0.6825,0.6825
2006893,2/10/2026 17:19,korn,ws,7400,-320,c,ts,2/10/2026,12:19:30,0,,,0.7619,w,0.8182,0.7778,0.7778,0.8138,0.7802,0.7802,,,,0.7619,0.7917,0.7917,,,,,,,,,,,,,0.7797,0.7797,,0.7763,0.7442,0.7442
2006906,2/10/2026 17:25,korn,ws,15100,-500,c,ts,2/10/2026,12:25:50,0,,,0.8333,w,0.9091,0.9091,0.9091,0.8795,0.878,0.878,,,,0.8333,,,,,,,,,,,,,,,0.9039,0.933,0.933,0.8547,,
2006858,2/10/2026 16:58,land,ws,4900,-137,d,ts,2/10/2026,11:58:21,0,,,0.5781,w,0.6154,0.6154,0.6154,0.5781,,0.5745,0.6825,0.6721,0.6721,0.6,0.6,0.6,,,,,,,,,,,,,,,,0.5951,,0.5902
2006968,2/10/2026 17:53,land,ws,20500,210,c,ts,2/10/2026,12:53:43,0,,,0.3226,w,0.5,0.3448,0.3448,0.4566,,0.3077,0.5,0.2857,0.3509,0.3226,0.3226,0.3226,,,,,,,,,,,,,,,,0.4405,,0.2994
2006864,2/10/2026 17:05,land,ws,5200,-135,c,ts,2/10/2026,12:05:05,0,,,0.5745,w,0.6154,,,0.6198,,,0.6721,,,0.5745,,,,,,,,,,,,,,,,,,0.5918,,
2006861,2/10/2026 17:00,land,ws,12500,-220,c,ts,2/10/2026,12:00:31,0,,,0.6875,w,0.7619,0.697,0.697,0.7368,0.6894,0.6894,0.8,0.7409,0.7409,0.6875,0.6875,0.6875,,,,,,,,,,,,,,,,0.7199,0.6633,0.6633
2007466,2/10/2026 22:41,medj,ws,18600,-600,c,ts,2/10/2026,17:41:21,0,,,0.8571,w,0.931,0.8462,,0.9342,0.8559,,0.9259,0.8701,,0.8571,0.8571,,0.9333,0.9333,,0.8969,0.84,,,,,0.881,0.8802,,,,,0.8794,0.8305,
2007447,2/10/2026 22:08,mich,ws,6400,-210,c,ts,2/10/2026,17:08:06,0,,,0.6774,w,0.7297,0.7059,0.7059,0.7531,0.7268,0.7361,0.726,0.726,0.7015,0.6774,0.6774,0.6774,0.75,0.75,0.7143,,,,,,,0.7468,0.7436,0.7436,0.7238,0.7238,0.7238,0.6942,0.6845,0.6774
2007432,2/10/2026 21:57,mich,ws,5300,345,d,ts,2/10/2026,16:57:00,0,,,0.2247,w,0.2703,,0.3448,0.2247,,0.3021,0.2899,,0.3509,0.3774,,0.3774,0.2667,,0.3333,,,,,,,0.303,,0.3448,0.3436,,0.339,0.25,,0.3077
2007408,2/10/2026 21:32,mich,ws,3500,230,l,ts,2/10/2026,16:32:07,0,,,0.303,w,0.3571,0.2703,0.2703,0.3788,0.2793,0.2793,0.3636,0.3125,0.3125,0.303,0.303,0.303,0.3704,0.2857,0.2857,,,,,,,0.3226,0.303,0.303,0.2801,0.2801,0.2801,0.3115,0.2564,0.2564
2007199,2/10/2026 19:40,mina,ws,13100,-450,c,ts,2/10/2026,14:40:30,0,,,0.8182,w,0.9,0.8246,0.8246,0.878,0.7859,0.7859,0.901,0.8413,0.8276,0.8182,0.8182,0.8182,,,,,,,,,,0.8333,0.8361,0.8361,0.8127,0.8158,0.8158,0.8379,0.7942,0.7904
2007183,2/10/2026 19:36,mina,ws,6700,-280,c,ts,2/10/2026,14:36:48,0,,,0.7368,w,0.7826,0.7826,0.7826,0.7712,0.7712,0.7712,0.7895,0.7895,0.7895,0.7368,0.7368,0.7368,,,,,,,,,,0.7959,0.7895,0.759,0.7768,0.7768,0.7214,0.7487,0.7475,0.7368
2007053,2/10/2026 18:47,navr,ws,5400,-125,c,ts,2/10/2026,13:47:43,0,,,0.5556,l,0.6,0.6,0.5556,0.6154,0.5935,0.5575,0.6183,0.6183,0.5851,0.5556,0.5556,0.5556,0.6154,0.6,0.5652,0.6078,0.5968,0.5671,,,,0.6154,0.5918,0.5918,0.635,0.635,0.635,0.5745,0.5652,0.537
2006954,2/10/2026 17:50,navr,ws,10000,-120,c,ts,2/10/2026,12:50:47,0,,,0.5455,l,0.6154,0.5556,0.5556,0.6711,,,0.6364,0.5781,0.5781,0.5455,0.5455,0.5455,0.6491,0.5833,0.5833,0.6169,0.6078,0.5868,,,,0.5833,0.5745,0.5745,,,,0.5833,0.5349,0.537
2006952,2/10/2026 17:50,ofne,ws,13200,300,c,ts,2/10/2026,12:50:14,0,,,0.25,l,0.3846,0.25,0.25,0.3802,0.2315,0.2315,0.3922,0.2703,0.2703,0.25,0.25,0.2381,,,,,,,,,,,,,,,,0.3333,0.2123,0.2114
2006784,2/10/2026 16:12,osom,ws,7400,-120,c,ts,2/10/2026,11:12:33,0,,,0.5455,w,0.6296,0.5556,0.5556,0.6454,0.5671,0.5671,0.6109,0.5327,0.5327,0.5455,0.5455,0.5455,0.6296,0.5652,0.5652,0.6169,0.5968,0.5475,,,,0.5652,0.5556,0.5556,0.5575,0.5575,0.5575,0.5726,0.5215,0.5169
2006781,2/10/2026 16:11,osom,ws,7500,110,c,ts,2/10/2026,11:11:33,0,,,0.4762,w,0.5455,0.5455,0.5455,0.5671,0.5238,0.5708,0.5305,0.5392,0.5392,0.4762,0.4762,0.4762,0.5455,0.5455,0.5652,0.5781,0.5475,0.5475,,,,0.5349,0.5238,0.5122,0.5475,0.5536,0.5305,0.5074,0.5,0.5025
2006751,2/10/2026 15:55,osom,ws,5700,125,c,ts,2/10/2026,10:55:54,0,,,0.4444,w,0.5,0.4348,0.4348,0.5215,0.4566,0.4566,0.5327,0.4545,0.4545,0.4444,0.4444,0.4444,0.5349,0.4651,0.4651,0.5169,0.5169,0.4695,,,,0.4762,0.4545,0.4545,0.4425,0.4425,0.4425,0.4717,0.4292,0.4202
2006768,2/10/2026 16:06,osom,ws,11100,-150,c,ts,2/10/2026,11:06:41,0,,,0.6,w,0.6774,,0.5918,0.7085,,0.5968,0.6875,,0.6364,0.6,,0.6,0.6923,,0.6296,0.6855,,0.6269,,,,0.6364,,0.6226,0.6154,,0.6154,0.6364,,0.5798
2006872,2/10/2026 17:10,para,ws,5600,120,c,ts,2/10/2026,12:10:49,0,,,0.4545,l,0.5122,0.4651,0.4651,0.5327,0.5495,0.4975,0.5122,0.4762,0.4762,0.4545,0.4545,0.4545,0.5455,0.5652,0.4762,0.5074,0.5074,0.4878,,,,0.5122,0.5122,0.5122,,0.5,0.5,0.4808,0.4566,0.4525
2006891,2/10/2026 17:19,para,ws,10300,140,c,ts,2/10/2026,12:19:20,0,,,0.4167,l,0.5,0.3846,0.3846,0.4831,,,0.5169,0.4255,0.4255,0.4167,0.4167,0.4167,0.5455,0.5455,0.5455,0.4785,0.4386,0.3663,,,,0.4167,0.4082,0.4082,0.3876,0.3876,0.3876,0.4673,0.3817,0.3817
2006776,2/10/2026 16:10,para,ws,7200,140,f,ts,2/10/2026,11:10:34,0,,,0.4167,l,0.4545,0.5238,0.5238,0.4808,0.4808,0.4808,0.4902,0.4902,0.4902,0.5238,0.5238,0.5238,0.5,0.5,0.5238,0.4785,0.4785,0.4695,,,,0.5238,0.5238,0.5238,0.5349,0.5349,0.5349,0.4587,0.4717,0.4717
2006890,2/10/2026 17:19,para,ws,10300,140,l,ts,2/10/2026,12:19:20,0,,,0.4167,l,0.5,0.3846,0.3846,0.4831,,,0.5169,0.4255,0.4255,0.4167,0.4167,0.4167,0.5455,0.5455,0.5455,0.4785,0.4386,0.3663,,,,0.4167,0.4082,0.4082,0.3876,0.3876,0.3876,0.4673,0.3817,0.3817
2006602,2/10/2026 13:54,pert,ws,7800,-130,c,ts,2/10/2026,8:54:15,0,,,0.5652,,0.6552,0.6226,0.6226,0.6183,0.5885,0.5885,0.6364,,,0.5652,0.5652,0.5652,,,,,,,,,,,,,,,,0.5935,0.5726,0.5726
2006757,2/10/2026 16:00,prih,ws,1900,840,d,ts,2/10/2026,11:00:27,0,,,0.1064,l,0.1695,0.1667,0.1667,0.1064,0.1064,,0.1786,0.1786,0.1724,0.1429,0.1429,0.1429,,,,,,,,,,,,,,,,0.1209,0.1178,
2006951,2/10/2026 17:50,prih,ws,8300,-120,c,ts,2/10/2026,12:50:11,0,,,0.5455,l,0.6154,,,0.6094,,,0.6364,,,0.5455,,,,,,,,,,,,,,,,,,0.5763,,
2006747,2/10/2026 15:54,prih,ws,4000,690,d,ts,2/10/2026,10:54:49,0,,,0.1266,l,0.2222,0.2222,0.2222,0.1266,0.1408,0.1408,0.2,0.2083,0.2083,0.2,0.2,0.2,,,,,,,,,,,,,,,,0.156,0.1613,0.1613
2006839,2/10/2026 16:41,prih,ws,3400,400,c,ts,2/10/2026,11:41:23,0,,,0.2,l,0.303,0.2128,0.2128,0.271,0.188,0.188,0.2564,0.2,0.2,0.2,0.2,0.2,,,,,,,,,,,,,,,,0.2232,0.1595,0.1595
2007246,2/10/2026 20:05,shis,ws,8700,-170,c,ts,2/10/2026,15:05:52,0,,,0.6296,l,0.697,0.661,0.661,0.7283,0.7183,0.6835,0.697,0.6364,0.6364,0.6296,0.6296,0.6296,0.7143,0.7143,0.6825,0.6753,0.6753,0.6564,,,,0.7015,0.6875,0.6825,0.6622,0.6622,0.6622,0.6564,0.6269,0.6226
2007238,2/10/2026 20:01,shis,ws,5900,-110,c,ts,2/10/2026,15:01:45,0,,,0.5238,l,0.5833,0.5455,0.5455,0.5935,0.5935,0.5455,0.5763,0.5763,0.5349,0.5238,0.5238,0.5238,0.6,0.6,0.5652,0.5671,0.537,0.5475,,,,0.5918,0.5652,0.5652,0.5798,0.5495,0.5495,0.5475,0.5283,0.5146
2007176,2/10/2026 19:35,shis,ws,5400,240,c,ts,2/10/2026,14:35:47,0,,,0.2941,l,0.3704,0.3333,0.3333,0.3817,0.3247,0.3247,0.3704,0.339,0.339,0.2941,0.2941,0.2941,,,,0.3559,0.3155,0.3155,,,,0.3509,0.3448,0.3448,0.346,0.3247,0.3247,0.3279,0.2959,0.2959
2006772,2/10/2026 16:09,sini,ws,4800,175,l,ts,2/10/2026,11:09:38,0,,,0.3636,l,0.4167,0.3226,0.3226,0.4237,0.3333,0.3333,0.4386,0.3279,0.3279,0.3636,0.3636,0.3636,0.4167,0.3333,0.3333,0.4184,0.4082,0.3356,,,,0.3636,0.3509,0.3509,0.33,0.33,0.33,0.3906,0.3106,0.2985
2006710,2/10/2026 15:28,sini,ws,2700,425,l,ts,2/10/2026,10:28:43,0,,,0.1905,l,0.25,0.1724,0.1724,0.2494,0.1704,0.1661,0.2353,0.1538,0.1538,,,,0.25,0.1818,0.1818,0.2427,0.2008,0.1695,,,,0.1905,0.1695,0.1709,0.1773,0.1773,0.1773,0.2096,0.135,0.1312
2006691,2/10/2026 15:15,sini,ws,13600,230,e,ts,2/10/2026,10:15:22,0,,,0.303,l,0.4167,0.3333,,0.4505,0.3831,,0.4444,0.3774,,,,,0.303,0.303,,0.4484,0.3968,,,,,0.3922,0.3636,,0.361,0.361,,0.3861,0.3205,
2006773,2/10/2026 16:09,sini,ws,4800,175,c,ts,2/10/2026,11:09:38,0,,,0.3636,l,0.4167,0.3226,0.3226,0.4237,0.3333,0.3333,0.4386,0.3279,0.3279,0.3636,0.3636,0.3636,0.4167,0.3333,0.3333,0.4184,0.4082,0.3356,,,,0.3636,0.3509,0.3509,0.33,0.33,0.33,0.3906,0.3106,0.2985
2006607,2/10/2026 14:01,skat,ws,5100,-137,d,ts,2/10/2026,9:01:00,0,,,0.5781,,0.6226,0.6226,0.697,0.5781,0.6154,0.6109,,,,0.7059,0.7059,0.7059,,,,,,,,,,,,,,,,0.5951,0.5951,0.6454
2006708,2/10/2026 15:26,skat,ws,17500,-160,c,ts,2/10/2026,10:26:20,0,,,0.6154,,0.7368,,0.661,0.7015,,0.6516,,,,0.6154,,0.6154,,,,,,,,,,,,,,,,0.6711,,0.6124
2006713,2/10/2026 15:30,skat,ws,23600,-200,c,ts,2/10/2026,10:30:51,0,,,0.6667,,0.8039,0.697,0.697,0.7368,0.6479,0.6479,,,,0.6667,0.6667,0.6667,,,,,,,,,,,,,,,,0.7319,0.6429,0.6429
2006720,2/10/2026 15:34,skat,ws,9900,165,c,ts,2/10/2026,10:34:03,0,,,0.3774,,0.4878,0.3922,0.3922,0.4739,0.4,0.3922,,,,0.3774,0.3774,0.3774,,,,,,,,,,,,,,,,0.4292,0.3546,0.3534
2007171,2/10/2026 19:33,tien,ws,100,1720,d,ts,2/10/2026,14:33:59,0,,,0.0549,l,0.0833,0.0833,0.0833,0.0549,0.0549,0.0568,0.0909,0.0909,0.08,0.0909,0.0909,0.0909,0.4545,0.4545,0.4545,,,,,,,,,,,,,0.0703,0.0674,0.0683
2007107,2/10/2026 19:05,tien,ws,6700,125,c,ts,2/10/2026,14:05:55,0,,,0.4444,l,0.5238,0.5,0.5,0.495,0.4717,0.4717,0.5074,0.4673,0.4673,0.4444,0.4444,0.4,0.6875,0.6875,0.6875,,,,,,,0.4878,0.4762,0.4762,,,,0.4808,0.4545,0.4525
2007157,2/10/2026 19:28,tien,ws,400,1380,d,ts,2/10/2026,14:28:34,0,,,0.0676,l,0.1176,0.1176,0.1176,0.0676,0.082,0.082,0.125,0.1176,0.1176,0.1333,0.1333,0.1667,0.4545,0.4545,0.4545,,,,,,,0.1005,0.1005,0.1149,,,,0.0852,0.0958,0.0895
2007179,2/10/2026 19:36,tien,ws,700,1680,d,ts,2/10/2026,14:36:14,0,,,0.0562,l,0.0909,0.0909,0.0909,0.0562,,,0.0952,0.087,0.087,0.1,0.1,0.1,0.4545,0.4545,0.4545,,,,,,,,,,,,,0.0761,0.0752,0.0752
2009762,2/11/2026 3:15,uchy,ws,7300,600,c,ts,2/10/2026,22:15:37,0,,,0.1429,l,0.2941,,0.1538,0.211,,0.1111,0.2273,,0.1333,0.1429,,0.1667,,,,,,,,,,,,,,,,0.1953,,0.0965
2009714,2/11/2026 3:12,uchy,ws,3700,800,c,ts,2/10/2026,22:12:06,0,,,0.1111,l,0.2174,0.1333,0.1333,0.1629,0.0704,0.0704,0.1786,0.1176,0.1176,0.1111,0.1111,0.1111,,,,,,,,,,,,,,,,0.1389,0.0708,0.0708
2009005,2/11/2026 2:10,ugo,ws,18900,-450,c,ts,2/10/2026,21:10:15,0,,,0.8182,w,0.8824,,,0.9206,,,0.8851,,,0.8182,,,0.9,,,,,,,,,0.8693,,,0.8619,,,0.8469,,
2009014,2/11/2026 2:10,ugo,ws,17700,-700,c,ts,2/10/2026,21:10:45,0,,,0.875,w,0.9375,0.8824,0.8824,0.9342,0.8969,0.9206,0.9346,0.8773,0.8851,0.875,0.875,0.875,0.9474,0.9,0.9,,,,,,,0.898,0.9091,0.9111,0.912,0.916,0.916,0.8934,0.8561,0.8607
2009036,2/11/2026 2:12,ugo,ws,36700,-1100,l,ts,2/10/2026,21:12:51,0,,,0.9167,w,0.96,0.9167,0.9167,0.963,0.963,0.898,0.9709,0.9709,0.9177,0.9524,0.8889,0.8889,0.9615,0.9615,0.9091,,,,,,,0.9167,0.9187,0.9187,0.993,0.93,0.93,0.9434,0.9028,0.8817
2008030,2/11/2026 1:10,ugo,ws,13200,-700,c,ts,2/10/2026,20:10:59,0,,,0.875,w,0.9259,0.875,0.875,0.9254,0.9254,0.8649,0.9259,0.9259,0.893,0.875,0.875,0.875,0.9333,0.9333,0.8824,,,,,,,0.9095,0.8913,0.8876,0.8959,0.8959,0.8959,0.8888,0.8696,0.8492
2006791,2/10/2026 16:16,vera,ws,7000,-110,c,ts,2/10/2026,11:16:28,0,,,0.5238,w,0.6,0.6,,0.6337,0.6337,,0.5652,0.5652,,0.5238,0.5238,,0.6154,0.6154,,0.5781,0.5868,,,,,0.5833,0.5652,,0.6016,0.5192,,0.5495,0.5327,
2006874,2/10/2026 17:12,vera,ws,1800,405,l,ts,2/10/2026,12:12:31,0,,,0.198,w,0.2564,0.1887,0.1887,0.2475,0.1712,0.1712,0.2353,0.1905,0.1905,0.2083,0.2083,0.2083,0.25,0.1923,0.1923,0.2532,0.3257,0.3257,,,,0.198,0.198,0.198,0.1812,0.1812,0.1812,0.2105,0.1524,0.1524
2006787,2/10/2026 16:13,zhen,ws,6200,-140,c,ts,2/10/2026,11:13:24,0,,,0.5833,,0.6364,0.6296,0.6296,0.6774,0.6774,0.6552,0.6454,0.6364,0.6364,0.5833,0.5833,0.5833,0.6667,0.6491,0.6296,0.6364,0.6169,0.6269,,,,0.6364,0.6296,0.6296,0.6403,0.6377,0.6337,0.6047,0.5984,0.5968
2006695,2/10/2026 15:18,zhen,ws,11000,-275,e,ts,2/10/2026,10:18:40,0,,,0.7333,,0.7872,0.7619,0.7619,0.8395,0.7967,0.7967,0.8077,0.7826,0.7826,,,,0.7333,0.7333,0.7333,0.7921,0.7727,0.763,,,,0.802,0.802,0.8,0.7696,0.7696,0.7658,0.7573,0.7409,0.7382
2006701,2/10/2026 15:22,zhen,ws,8100,-400,c,ts,2/10/2026,10:22:09,0,,,0.8,,0.8571,0.8039,0.8039,0.863,0.8285,0.8285,0.8485,0.8077,0.8077,0.8,0.8,0.8,0.8667,0.8667,0.8,0.84,0.8016,0.8016,,,,0.8333,0.8291,0.8246,0.8198,0.8198,0.8047,0.8145,0.7788,0.7753
2006792,2/10/2026 16:16,zhen,ws,15900,-210,c,ts,2/10/2026,11:16:50,0,,,0.6774,,0.8039,,,0.7845,,,0.7753,,,0.6774,,,0.7778,,,0.763,,,,,,0.7015,,,0.7126,,,0.7199,,
2011273,2/11/2026 20:00,augr,ws,21400,-1080,d,ts,2/11/2026,15:00:06,0,,,0.9153,w,0.9474,0.9474,0.9524,0.9153,0.9324,0.9324,0.9709,0.9709,0.9804,0.9231,0.9412,0.9412,,,,,,,,,,0.9821,0.9821,,0.959,0.972,0.972,0.9305,0.9328,0.9388
2011064,2/11/2026 18:47,augr,ws,8000,-400,c,ts,2/11/2026,13:47:10,0,,,0.8,w,0.8462,0.8462,,0.8382,0.8296,,0.8485,0.8413,,0.8,0.8,,,,,,,,,,,0.8582,0.8582,,,,,0.8134,0.8081,
2011282,2/11/2026 20:03,augr,ws,16100,-1140,d,ts,2/11/2026,15:03:53,0,,,0.9194,w,0.9474,0.9474,0.9474,0.9194,0.9254,0.9254,0.9709,0.9709,0.9709,0.9333,0.9333,0.9333,,,,,,,,,,0.9794,0.9793,0.979,0.975,0.975,0.975,0.9314,0.9318,0.9316
2011366,2/11/2026 20:15,berr,ws,9000,-170,c,ts,2/11/2026,15:15:22,0,,,0.6296,l,0.697,0.6667,0.6667,0.7159,0.6689,0.6689,0.7015,0.6774,0.6774,0.6296,0.6296,0.6296,,,,0.6855,0.6667,0.6667,,,,0.7015,0.697,0.697,0.6711,0.6711,0.6711,0.6575,0.6337,0.6337
2011514,2/11/2026 20:49,berr,ws,11300,-120,c,ts,2/11/2026,15:49:45,0,,,0.5455,l,0.6296,,,0.631,,,0.6503,,,0.5918,,,0.6296,,,0.6169,,,,,,0.5918,,,0.5745,,,0.5968,,
2011590,2/11/2026 21:37,berr,ws,2300,517,d,ts,2/11/2026,16:37:10,0,,,0.1621,l,0.2,0.2,0.2,0.1621,0.1621,0.1621,0.2222,0.2222,0.2222,0.2273,0.2273,0.2273,0.303,0.303,0.303,0.2114,0.2114,0.2114,,,,0.2062,0.1818,0.1818,0.2132,0.2132,0.2132,0.1783,0.173,0.173
2011390,2/11/2026 20:18,berr,ws,8200,-150,c,ts,2/11/2026,15:18:47,0,,,0.6,l,0.6491,,,0.6689,,,0.6721,,,0.6,,,0.6667,,,0.6564,,,,,,0.697,,,0.6667,,,0.6269,,
2011063,2/11/2026 18:47,broj,ws,11900,-135,c,ts,2/11/2026,13:47:06,0,,,0.5745,l,0.6667,0.5833,0.5833,0.6552,0.5935,0.5935,0.6721,0.5968,0.5968,0.5745,0.5745,0.5745,0.6825,0.6825,0.6,,,,,,,0.6364,0.6078,0.6078,0.6016,0.6016,0.6016,0.6154,0.5652,0.5595
2011092,2/11/2026 18:58,broj,ws,6500,-167,d,ts,2/11/2026,13:58:23,0,,,0.6255,l,0.6774,0.6774,0.6774,0.6255,0.639,0.639,0.6875,0.6875,0.7059,0.6875,0.6875,0.6875,0.6667,0.6667,0.6667,,,,,,,0.7015,0.7015,0.7101,0.6904,0.6904,0.729,0.6454,0.6466,0.6528
2011047,2/11/2026 18:37,broj,ws,3400,165,c,ts,2/11/2026,13:37:23,0,,,0.3774,l,0.4348,0.4348,0.3922,0.4505,0.4505,0.4525,0.4255,0.4,0.4,0.3774,0.3774,0.3774,0.4651,0.4545,0.4545,,,,,,,0.4348,0.4255,0.4167,0.4545,0.4082,0.4082,0.3968,0.3861,0.3717
2011060,2/11/2026 18:46,broj,ws,11400,105,c,ts,2/11/2026,13:46:33,0,,,0.4878,l,0.5833,,,0.5984,,,0.5763,,,0.4878,,,0.6,,,,,,,,,0.5652,,,0.5327,,,0.5392,,
2011066,2/11/2026 18:49,bura,ws,4100,150,f,ts,2/11/2026,13:49:28,0,,,0.4,l,0.4,0.4,0.4348,0.4651,0.4651,0.4651,0.4762,,,0.4651,0.4651,0.4651,,,,0.4386,0.4386,0.4386,,,,0.4762,0.4878,0.4878,0.4673,0.4651,0.4651,0.4184,0.4049,0.4167
2011250,2/11/2026 19:46,bura,ws,5300,840,l,ts,2/11/2026,14:46:45,0,,,0.1064,l,0.1786,0.1176,,0.158,0.0926,,0.1786,0.1,,0.2,0.125,,,,,0.1802,0.1695,,,,,0.1064,0.098,,0.098,0.098,,0.146,0.0805,
2011119,2/11/2026 19:12,bura,ws,2100,558,d,ts,2/11/2026,14:12:22,0,,,0.152,l,0.2041,0.2778,0.2778,0.152,0.2506,0.2506,0.2,0.25,0.25,0.2273,0.2632,0.2632,,,,0.2008,0.2941,0.2841,,,,0.2564,0.2632,0.2632,0.2012,0.25,0.25,0.1675,0.2232,0.2309
2015931,2/12/2026 2:22,cerf,ws,13200,-700,d,ts,2/11/2026,21:22:19,0,,,0.875,w,0.9231,0.9231,,0.875,0.8889,,0.893,0.893,,0.9333,0.9333,,0.9615,0.9615,,,,,,,,0.9392,0.9433,,0.939,0.946,,0.8888,0.8934,
2015799,2/12/2026 2:19,cerf,ws,23300,-890,d,ts,2/11/2026,21:19:38,0,,,0.899,w,0.9474,,,0.899,,,0.9434,,,0.9524,,,0.9333,,,,,,,,,0.9697,,,0.973,,,0.9186,,
2010722,2/11/2026 14:19,dejo,ws,12600,160,c,ts,2/11/2026,9:19:06,0,,,0.3846,,0.5,0.3571,0.3571,0.5261,0.3676,0.3676,0.5146,0.4,0.4,0.3846,0.3846,0.3846,0.6825,0.6825,0.6825,,,,,,,0.4167,0.3846,0.3846,0.3559,0.3559,0.3559,0.4545,0.365,0.365
2010728,2/11/2026 14:20,dejo,ws,9600,200,c,ts,2/11/2026,9:20:59,0,,,0.3333,,0.4348,0.3333,0.3333,0.4405,0.3344,0.3344,0.431,0.339,0.339,0.3333,0.3333,0.3333,0.6825,0.6825,0.6825,,,,,,,0.3636,0.3448,0.3448,0.3236,0.3236,0.3236,0.3876,0.3205,0.3205
2010738,2/11/2026 14:36,dejo,ws,4700,165,c,ts,2/11/2026,9:36:25,0,,,0.3774,,0.4651,0.3846,0.3846,0.4444,0.4545,0.3759,0.4673,0.3846,0.3846,0.3774,0.3774,0.3774,0.4545,0.4545,0.3846,,,,,,,0.4348,0.3922,0.3922,0.999,0.999,0.999,0.4149,0.3584,0.3497
2010660,2/11/2026 14:01,dejo,ws,3400,150,f,ts,2/11/2026,9:01:40,0,,,0.4,,0.4,,,0.4405,,,0.4608,,,0.5,,,0.4545,,,,,,,,,0.4762,,,0.4237,,,0.4167,,
2011035,2/11/2026 18:33,etch,ws,12000,-500,c,ts,2/11/2026,13:33:38,0,,,0.8333,w,,,,0.8936,,,,,,0.875,0.8333,0.8333,,,,0.8874,0.8684,0.8684,,,,0.893,0.893,0.893,0.886,0.886,0.886,0.8534,,
2010909,2/11/2026 17:28,etch,ws,21500,-145,c,ts,2/11/2026,12:28:56,0,,,0.5918,w,0.7143,,,0.7135,,,0.7059,,,0.5918,,,,,,0.6855,,,,,,0.6154,,,0.5671,,,0.6644,,
2011050,2/11/2026 18:37,etch,ws,10800,-300,c,ts,2/11/2026,13:37:59,0,,,0.75,w,0.7826,0.7826,0.7826,0.7942,0.7942,0.7942,0.8701,0.8701,0.8701,0.75,0.7619,0.7619,,,,0.7921,0.7826,0.7921,,,,0.8131,0.8148,0.823,0.7917,0.8047,0.8077,0.7722,0.7712,0.7758
2010899,2/11/2026 17:20,etch,ws,8600,-150,c,ts,2/11/2026,12:20:05,0,,,0.6,w,0.6875,,0.6,0.6845,,0.6063,0.697,,0.6364,0.6,,0.6,,,,0.6564,,0.6078,,,,0.661,,0.6296,0.6198,,0.6032,0.635,,0.5833
2011603,2/11/2026 21:59,foki,ws,10900,-1260,d,ts,2/11/2026,16:59:03,0,,,0.9265,w,0.9524,,0.9524,0.9265,,0.9432,0.9615,,0.9615,0.9722,,0.9722,0.9474,,0.9615,0.9533,,0.9439,,,,0.9771,,0.9818,0.999,,0.999,0.9343,,0.9346
2011549,2/11/2026 21:12,grie,ws,9700,-225,e,ts,2/11/2026,16:12:25,0,,,0.6923,w,0.7297,0.697,0.697,0.7773,0.7494,0.7494,0.7826,0.7531,0.7531,0.7727,0.7222,0.7222,0.6923,0.6923,0.6923,0.7436,0.7245,0.7245,,,,0.7727,0.7647,0.7619,0.7326,0.7354,0.7354,0.7191,0.697,0.696
2011619,2/11/2026 22:25,grie,ws,55300,-600,c,ts,2/11/2026,17:25:18,0,,,0.8571,w,0.96,,,0.9655,,,0.9804,,,0.8571,,,0.9756,,,0.9439,,,,,,0.919,,,0.894,,,0.923,,
2011614,2/11/2026 22:23,grie,ws,22800,-600,c,ts,2/11/2026,17:23:44,0,,,0.8571,w,0.9231,,,0.9265,,,0.9259,,,0.8571,,,0.9333,,,0.8969,,,,,,0.9222,,,0.894,,,0.8865,,
2011631,2/11/2026 22:33,grie,ws,31900,-600,c,ts,2/11/2026,17:33:00,0,,,0.8571,w,0.9333,0.8889,0.8889,0.9398,0.8718,0.8824,0.9346,0.8551,0.8773,0.8571,0.8571,0.8571,0.9474,0.9,0.9,0.9158,0.8779,0.8779,,,,0.9399,0.9203,0.9203,0.8969,0.8969,0.8969,0.9031,0.8505,0.8563
2011635,2/11/2026 22:34,haly,ws,6200,615,l,ts,2/11/2026,17:34:17,0,,,0.1399,l,0.2083,0.1333,0.1333,0.2079,0.0926,0.0926,0.2439,0.1562,0.1562,0.2,0.2,0.2,0.2222,0.125,0.125,0.2114,0.159,0.1486,,,,0.146,0.1399,0.1429,0.1471,0.1471,0.1471,0.1852,0.107,0.1065
2010674,2/11/2026 14:03,harl,ws,7100,-190,c,ts,2/11/2026,9:03:33,0,,,0.6552,,0.7143,0.6226,0.6226,0.7389,0.6552,0.6552,0.7333,0.6552,0.6552,0.6552,0.6552,0.6552,,,,,,,,,,,,,,,,0.6753,0.5984,0.5984
2011323,2/11/2026 20:08,kopr,ws,3600,323,d,ts,2/11/2026,15:08:09,0,,,0.2364,w,0.3279,0.3279,0.3279,0.2364,0.2817,0.2817,0.2941,0.3226,0.3226,0.3226,0.3226,0.3226,,,,0.2841,0.3049,0.3049,,,,0.2941,0.3077,0.303,0.3086,0.3086,0.3086,0.2604,0.2793,0.2786
2011565,2/11/2026 21:15,kopr,ws,5000,-110,d,ts,2/11/2026,16:15:31,0,,,0.5238,w,0.5652,0.5652,0.5652,0.5238,,0.5392,0.5851,0.6,0.6,0.6,0.6,0.6,0.6296,0.5833,,0.5968,0.5781,0.5781,,,,0.5918,0.5918,0.5918,0.5726,0.5652,0.5652,0.5455,0.5516,0.5495
2011563,2/11/2026 21:14,kopr,ws,7500,-142,d,ts,2/11/2026,16:14:41,0,,,0.5868,w,0.6552,0.6552,0.6552,0.5868,0.6139,0.6124,0.6429,0.6429,0.6552,0.6552,0.6552,0.6552,0.7333,0.7333,0.7333,0.6364,0.6466,0.6364,,,,0.6491,0.661,0.6667,0.6454,0.6454,0.6454,0.6109,0.6169,0.6183
2011591,2/11/2026 21:37,kopr,ws,42500,-550,c,ts,2/11/2026,16:37:31,0,,,0.8462,w,0.9677,0.8462,0.8462,0.9767,0.8718,0.8718,0.9804,0.8701,0.8701,0.8462,0.8462,0.8462,0.7647,0.7647,0.7647,0.9439,0.84,0.8302,,,,0.8824,0.8817,0.8817,,0.8609,0.8609,0.908,0.8227,0.8217
2010742,2/11/2026 14:41,kuku,ws,5700,110,c,ts,2/11/2026,9:41:10,0,,,0.4762,,0.5556,0.5122,0.5122,0.5169,0.4762,0.4762,0.5495,0.5146,0.5146,0.4762,0.4762,0.4762,,,,,,,,,,,,,,,,0.5,0.4673,0.4673
2010746,2/11/2026 14:42,kuku,ws,9700,-150,c,ts,2/11/2026,9:42:30,0,,,0.6,,0.6875,,0.6491,0.6865,,0.6269,0.6825,,0.6226,0.6,,0.6,,,,,,,,,,,,,,,,0.6324,,0.5885
2010853,2/11/2026 16:14,kuku,ws,4100,190,c,ts,2/11/2026,11:14:56,0,,,0.3448,,0.4167,0.3448,0.3448,0.4132,0.3472,0.3472,0.4167,0.3509,0.3509,0.3448,0.3448,0.3636,,,,,,,,,,,,,,,,0.3676,0.3058,0.3077
2010869,2/11/2026 16:34,kuku,ws,8400,140,c,ts,2/11/2026,11:34:39,0,,,0.4167,,0.5122,0.4348,0.4348,0.4739,0.4,0.4,0.5098,0.4444,0.4444,0.4167,0.4167,0.4167,,,,,,,,,,,,,,,,0.4587,0.3937,0.3937
2011640,2/11/2026 22:35,mana,ws,6800,-356,d,ts,2/11/2026,17:35:33,0,,,0.7807,w,0.8571,,0.8571,0.7807,,0.7821,0.8131,,0.8131,0.8182,,0.8182,0.8182,,0.8182,,,,,,,0.8387,,0.8333,0.859,,0.8559,0.793,,0.7921
2011601,2/11/2026 21:52,mana,ws,6200,-210,c,ts,2/11/2026,16:52:37,0,,,0.6774,w,0.7297,,,0.7214,,,0.7333,,,0.7059,,,0.7143,,,,,,,,,0.7436,,,0.7596,,,0.6951,,
2011644,2/11/2026 22:42,mana,ws,25500,-900,c,ts,2/11/2026,17:42:57,0,,,0.9,w,0.96,,,0.9474,,,0.9434,,,0.9,,,0.9615,,,,,,,,,0.9502,,,0.969,,,0.9213,,
2011638,2/11/2026 22:35,mana,ws,9700,-334,d,ts,2/11/2026,17:35:19,0,,,0.7696,w,0.8571,,,0.7696,,,0.8131,,,0.8182,,,0.8,,,,,,,,,0.8305,,,0.8559,,,0.789,,
2010774,2/11/2026 15:17,plis,ws,2200,860,d,ts,2/11/2026,10:17:25,0,,,0.1042,,0.1538,0.1724,0.1724,0.1042,0.1439,,0.1667,0.1887,0.1887,0.1818,0.1818,0.1818,0.125,0.125,0.1667,0.1379,0.1486,0.159,,,,0.1802,0.1869,0.1869,0.161,0.1642,0.1642,0.1208,0.135,0.1383
2011053,2/11/2026 18:40,quin,ws,9400,-150,f,ts,2/11/2026,13:40:16,0,,,0.6,w,0.6,0.6774,0.6774,0.661,0.661,0.7222,0.6667,0.726,0.726,0.6774,0.75,0.75,0.6825,0.6825,0.75,,,,,,,0.7297,0.7436,0.7468,0.7067,0.7159,0.7159,0.631,0.6743,0.6845
2011093,2/11/2026 18:58,quin,ws,7000,-210,f,ts,2/11/2026,13:58:59,0,,,0.6774,w,0.6774,0.7143,0.7143,0.7382,0.7382,0.7416,0.7468,0.7468,0.7468,0.7222,0.7368,0.7368,0.75,0.75,0.7647,,,,,,,0.7561,0.7674,0.7674,0.7183,0.7475,0.7475,0.696,0.7076,0.7085
2011067,2/11/2026 18:49,quin,ws,10500,-250,f,ts,2/11/2026,13:49:37,0,,,0.7143,w,0.7143,0.7619,0.7826,0.7691,0.7821,0.8106,0.7701,0.8131,0.8,0.8,0.8,0.8,0.7778,0.8,0.8333,,,,,,,0.8182,0.8347,0.8361,0.7585,0.7967,0.7967,0.7382,0.7625,0.7712
2011121,2/11/2026 19:12,quin,ws,17400,-345,d,ts,2/11/2026,14:12:29,0,,,0.7753,w,,,,0.7753,0.8308,0.8308,0.8485,0.8485,0.8551,0.8571,0.8571,0.8571,0.8182,0.8182,0.8462,,,,,,,0.8561,0.8621,0.8639,,,,0.8077,0.8141,0.8192
2010941,2/11/2026 17:45,ryba,ws,5000,-117,b,ts,2/11/2026,12:45:35,0,,,0.5392,w,0.6154,0.6154,0.5918,0.6078,0.6078,0.6078,0.5392,0.5536,0.6183,0.5745,0.5745,0.5745,0.6154,0.6154,0.6154,0.5968,0.5968,0.6078,,,,0.6,0.6078,0.6,0.6078,0.6078,0.5868,0.5575,0.569,0.5726
2010967,2/11/2026 18:07,ryba,ws,5600,115,c,ts,2/11/2026,13:07:06,0,,,0.4651,w,0.5122,0.5122,0.5,0.5516,0.5516,0.5,0.5283,0.5283,0.5283,0.4651,0.4651,0.4651,0.5349,0.5349,0.5,0.5169,0.5169,0.4878,,,,0.5349,0.5122,0.5,0.6416,0.6416,0.6416,0.4926,0.4854,0.4673
2010920,2/11/2026 17:35,ryba,ws,10300,-449,d,ts,2/11/2026,12:35:05,0,,,0.8179,w,0.8667,0.8667,0.8667,0.8179,0.8188,0.8188,0.8773,0.8701,0.8701,0.875,0.875,0.875,0.8571,0.8571,0.8571,0.8494,0.8302,0.8302,,,,0.8844,0.8844,0.8844,0.8639,0.859,0.859,0.8333,0.8308,0.8308
2010963,2/11/2026 18:05,ryba,ws,4800,120,c,ts,2/11/2026,13:05:46,0,,,0.4545,w,0.5122,,,0.5475,,,0.5098,,,0.4545,,,0.5238,,,0.4878,,,,,,0.5349,,,0.6416,,,0.4831,,
2012582,2/12/2026 0:37,tabi,ws,17900,-130,c,ts,2/11/2026,19:37:50,0,,,0.5652,w,0.6875,0.5833,0.5833,0.711,0.6,0.6,0.697,0.6078,0.6078,0.5652,0.5652,0.5652,0.5455,0.5455,0.5455,0.6855,0.6169,0.6169,,,,0.6226,0.6226,0.6226,,,,0.6296,0.5633,0.5671
2012234,2/12/2026 0:17,tabi,ws,5000,-114,d,ts,2/11/2026,19:17:57,0,,,0.5327,w,0.6,0.6,0.6,0.5327,0.5327,0.5283,0.5652,0.5652,0.5816,0.5833,0.5833,0.5833,0.6825,0.6825,0.6825,0.5671,0.5475,0.5671,,,,0.5918,0.5918,0.5918,,,,0.5516,0.5455,0.5556
2012658,2/12/2026 0:41,tabi,ws,9500,165,c,ts,2/11/2026,19:41:54,0,,,0.3774,w,0.4651,0.3704,0.3704,0.4545,0.3704,0.3704,0.4545,0.3448,0.3704,0.3774,0.3774,0.3774,0.4651,0.3846,0.3846,0.4695,0.3876,0.3876,,,,0.3846,0.3922,0.4,,,,0.4274,0.3378,0.3472
2012839,2/12/2026 0:47,tabi,ws,16600,-185,l,ts,2/11/2026,19:47:52,0,,,0.6491,w,0.7872,,,0.7717,,,0.7531,,,0.6154,,,0.7778,,,0.763,,,,,,0.6491,,,,,,0.6997,,
2011596,2/11/2026 21:49,wala,ws,4500,161,d,ts,2/11/2026,16:49:10,0,,,0.3831,l,0.4425,,0.4425,0.3831,,0.463,0.431,,0.463,0.4878,,0.4878,0.4348,,0.4651,,,,,,,0.4545,,0.4651,0.4292,,0.4425,0.4065,,0.4274
2011161,2/11/2026 19:27,zhen,ws,4000,300,c,ts,2/11/2026,14:27:46,0,,,0.25,,0.3333,0.2857,0.2857,0.3472,0.2833,0.2809,0.2857,0.2857,0.2857,0.25,0.25,0.25,0.3333,0.3333,0.2667,0.3049,0.3049,0.274,,,,0.3077,0.2985,0.2985,0.997,0.997,0.997,0.2755,0.2597,0.2481
2011210,2/11/2026 19:40,zhen,ws,6900,210,c,ts,2/11/2026,14:40:42,0,,,0.3226,,0.3846,0.3846,0.3846,,0.4132,0.4132,0.4082,0.4082,0.4082,0.3226,0.4255,0.4255,0.4167,0.4167,0.4167,0.3968,0.3876,0.3876,,,,0.4082,0.4082,0.4082,0.4274,0.4274,0.4274,0.3636,0.3676,0.3676
2011154,2/11/2026 19:25,zhen,ws,4700,550,b,ts,2/11/2026,14:25:48,0,,,0.1538,,0.3333,0.1667,0.1667,0.3086,0.2841,,0.1538,0.1538,0.1538,0.1429,0.1538,0.1538,0.3125,0.3125,0.1667,0.274,0.2114,0.1379,,,,0.1613,0.1515,0.1515,,,,0.1876,0.1522,0.1202
2011170,2/11/2026 19:30,zhen,ws,3700,280,c,ts,2/11/2026,14:30:44,0,,,0.2632,,0.3226,0.3226,0.2174,0.3676,0.3676,0.2591,0.3448,0.2667,0.2667,0.2632,0.2632,0.2778,0.3448,0.3448,0.2857,0.3155,0.3155,0.2427,,,,0.2857,0.2703,0.2703,0.4202,0.4202,0.4202,0.2865,0.2632,0.2188
2020023,2/12/2026 22:04,bubl,ws,6000,-111,d,ts,2/12/2026,17:04:05,0,,,0.5261,w,,,,0.5261,,,0.5816,,,0.6154,,,,,,0.5968,,,,,,0.5745,,,0.5968,,,0.5475,,
2020025,2/12/2026 22:04,bubl,ws,5100,-104,d,ts,2/12/2026,17:04:16,0,,,0.5098,w,,,,0.5098,0.5413,0.5261,0.5652,0.5816,0.5816,0.5833,0.6154,0.6154,,,,0.5781,0.5781,0.5968,,,,0.5556,0.5556,0.5745,0.5833,0.5868,0.5968,0.5283,0.5516,0.5475
2019962,2/12/2026 21:11,bubl,ws,11700,-365,l,ts,2/12/2026,16:11:11,0,,,0.7849,w,,,,0.8538,0.7409,0.7409,0.8485,0.7895,0.7895,0.8,0.8,0.8,,,,0.8113,0.763,0.763,,,,0.8148,0.7872,0.7895,0.7868,0.7868,0.7868,0.8058,0.7436,0.7449
2020027,2/12/2026 22:08,bubl,ws,6800,-125,c,ts,2/12/2026,17:08:59,0,,,0.5556,w,,,,0.6139,0.5098,0.5098,0.6364,0.5633,0.5633,0.5556,0.5556,0.5556,,,,0.5968,0.5575,0.5575,,,,0.5455,0.5455,0.5556,0.5575,0.5516,0.5763,0.5798,0.5146,0.5192
2019561,2/12/2026 19:03,cili,ws,4800,-130,f,ts,2/12/2026,14:03:58,0,,,0.5652,w,0.5652,0.6154,0.6154,0.6429,0.6429,0.6825,0.5885,0.5885,0.6552,0.7059,0.7059,0.7059,0.6491,0.6491,0.6825,0.6078,0.6078,0.6466,,,,0.6552,0.6825,0.6825,,,,0.5816,0.5951,0.6212
2019385,2/12/2026 16:40,damm,ws,16600,125,c,ts,2/12/2026,11:40:05,0,,,0.4444,,0.5918,0.4651,0.4651,0.5536,0.4348,0.4348,0.5652,0.4673,0.4673,0.4444,0.4444,0.4444,,,,,,,,,,,,,,,,0.5215,0.4219,0.4219
2019386,2/12/2026 16:40,damm,ws,8800,-125,c,ts,2/12/2026,11:40:39,0,,,0.5556,,0.6552,0.5918,0.5918,0.6198,0.5475,0.5475,0.6255,0.5455,0.5455,0.5556,0.5556,0.5556,,,,,,,,,,,,,,,,0.5868,0.5261,0.5261
2019340,2/12/2026 16:18,damm,ws,3400,340,d,ts,2/12/2026,11:18:12,0,,,0.2273,,0.2778,0.3509,0.3509,0.2273,0.3115,0.3115,0.3125,0.3571,0.3571,0.3333,0.3333,0.3333,,,,,,,,,,,,,,,,0.25,0.3067,0.3067
2019392,2/12/2026 16:59,damm,ws,5200,150,c,ts,2/12/2026,11:59:01,0,,,0.4,,0.4878,0.3922,0.3922,0.505,0.4149,0.4149,0.4484,0.3846,0.3846,0.4,0.4,0.4,,,,,,,,,,,,,,,,0.4274,0.3534,0.3534
2026280,2/13/2026 6:23,erja,ws,3200,401,d,ts,2/12/2026,1:23:49,0,,,0.1996,w,0.2703,0.2703,0.2703,0.1996,0.2058,0.2041,0.274,0.274,0.2817,0.25,0.25,0.25,0.25,0.25,0.25,,,,,,,0.2667,0.2667,0.2703,0.2604,0.2604,0.2604,0.2217,0.2247,0.2268
2026279,2/13/2026 6:23,erja,ws,4700,390,d,ts,2/12/2026,1:23:21,0,,,0.2041,w,0.2703,0.3125,0.3125,0.2041,0.2481,0.2481,0.2817,0.3077,0.3077,0.303,0.303,0.303,0.25,0.2857,0.2857,,,,,,,0.2941,0.303,0.303,0.2967,0.2967,0.2967,0.2358,0.2625,0.2625
2026278,2/13/2026 6:22,erja,ws,3600,294,d,ts,2/12/2026,1:22:34,0,,,0.2538,w,0.3125,,,0.2538,,,0.3175,,,0.3333,,,0.2857,,,,,,,,,0.339,,,0.3413,,,0.2762,,
2019369,2/12/2026 16:30,gent,ws,68600,-500,c,ts,2/12/2026,11:30:26,0,,,0.8333,,0.9677,0.8462,0.8462,0.963,0.8501,0.8501,0.9901,0.8485,0.8485,0.8333,0.8333,0.7917,,,,,,,,,,,,,,,,0.9287,0.8047,0.8012
2019358,2/12/2026 16:28,gent,ws,9400,-220,c,ts,2/12/2026,11:28:09,0,,,0.6875,,0.7561,0.6875,0.6875,0.7436,0.7561,0.6997,0.7753,0.7753,0.7143,0.6875,0.6875,0.6875,,,,,,,,,,,,,,,,0.7118,0.6894,0.6564
2019368,2/12/2026 16:29,gent,ws,25900,-220,c,ts,2/12/2026,11:29:38,0,,,0.6875,,0.8,0.6875,,0.8106,0.7076,,0.8131,0.7409,,0.6875,0.6875,,,,,,,,,,,,,,,,,0.7549,0.6667,
2019955,2/12/2026 21:09,glin,ws,3000,260,c,ts,2/12/2026,16:09:08,0,,,0.2778,,0.3448,,0.2941,0.3378,,0.2786,0.3472,,0.2778,0.2778,,0.2778,,,,,,,,,,,,,,,,0.2967,,0.2415
2019963,2/12/2026 21:12,glin,ws,10000,125,c,ts,2/12/2026,16:12:48,0,,,0.4444,,0.5455,0.4762,0.4762,0.5475,0.4545,0.4545,0.5283,0.4587,0.4587,0.4444,0.4444,0.4444,,,,,,,,,,,,,,,,0.4926,0.4237,0.4237
2019975,2/12/2026 21:16,glin,ws,9500,450,c,ts,2/12/2026,16:16:35,0,,,0.1818,,0.2941,0.1887,0.1887,0.2688,,0.1672,0.3226,0.1739,0.2105,0.1818,0.1818,0.1818,,,,,,,,,,,,,,,,0.2475,,0.1497
2020005,2/12/2026 21:32,glin,ws,3500,450,c,ts,2/12/2026,16:32:46,0,,,0.1818,,0.2439,,0.1818,0.2155,,0.1431,0.2857,,0.25,0.1818,,0.1818,,,,,,,,,,,,,,,,0.2066,,0.156
2019826,2/12/2026 20:45,jonj,ws,7000,230,c,ts,2/12/2026,15:45:28,0,,,0.303,w,0.3846,0.2632,0.2632,0.3704,0.2681,0.2681,0.3774,0.2817,0.2817,0.303,0.303,0.303,0.3846,0.3846,0.2857,0.3774,0.2841,0.2841,,,,0.3175,0.2941,0.2985,0.999,0.999,0.5349,0.3279,0.2525,0.2488
2019848,2/12/2026 20:48,jonj,ws,4100,175,c,ts,2/12/2026,15:48:19,0,,,0.3636,w,0.4545,,,0.4464,,,0.4386,,,0.3636,,,0.4545,,,0.4184,,,,,,0.4082,,,0.999,,,0.3953,,
2019728,2/12/2026 20:16,jonj,ws,4100,210,c,ts,2/12/2026,15:16:34,0,,,0.3226,w,0.4,0.4,,0.3984,0.3984,,0.3774,0.3774,,0.3226,0.3226,,0.4,0.4,,0.3663,0.3663,,,,,0.3846,0.3448,,0.4082,0.4167,,0.346,0.3378,
2019546,2/12/2026 19:00,jonj,ws,5000,105,c,ts,2/12/2026,14:00:50,0,,,0.4878,w,0.5455,0.4545,0.4545,0.5781,0.5745,0.4926,0.5726,0.5726,0.5,0.4878,0.4878,0.4878,0.5833,0.5833,0.4762,0.5169,0.5074,0.4484,,,,0.5122,0.5,0.5,0.4902,0.4902,0.4902,0.5074,0.4878,0.4505
2019507,2/12/2026 18:46,marz,ws,3100,150,c,ts,2/12/2026,13:46:05,0,,,0.4,w,0.4651,0.4255,,0.4566,0.4255,,0.4386,0.4167,,0.4,0.4,,0.4651,0.4348,,,,,,,,,,,0.4274,0.4274,,0.4167,0.3876,
2019797,2/12/2026 20:41,marz,ws,37700,-380,c,ts,2/12/2026,15:41:10,0,,,0.7917,w,0.8824,0.7826,0.7826,0.899,0.7984,0.7984,0.893,0.8198,0.8198,0.7917,0.7917,0.7917,0.9,0.8182,0.8182,,,,,,,,,,0.8039,0.8039,0.8039,0.8571,0.7685,0.7685
2019738,2/12/2026 20:20,marz,ws,6100,-280,c,ts,2/12/2026,15:20:35,0,,,0.7368,w,0.7872,0.7436,0.7436,0.7899,0.7375,0.7375,0.7826,0.7468,0.7468,0.7368,0.7368,0.7368,0.7778,0.7778,0.75,,,,,,,,,,0.7596,0.7596,0.7596,0.75,0.7159,0.7135
2019664,2/12/2026 19:38,marz,ws,8000,100,c,ts,2/12/2026,14:38:36,0,,,0.5,w,0.5918,0.4651,,0.5833,,,0.5455,0.4587,,0.5,0.5,,0.6,0.6,,,,,,,,,,,0.4762,0.4762,,0.5327,0.4505,
2019629,2/12/2026 19:21,mbok,ws,20200,-170,c,ts,2/12/2026,14:21:47,0,,,0.6296,w,0.7436,0.6154,0.6154,0.7436,0.6016,0.6016,0.759,0.6255,0.6255,0.6296,0.6296,0.6296,0.7647,0.5833,0.5833,0.763,0.6564,0.6078,,,,0.6491,0.6429,0.6429,,,,0.6914,0.5918,0.5902
2019416,2/12/2026 17:49,mbok,ws,5900,280,c,ts,2/12/2026,12:49:38,0,,,0.2632,w,0.3846,0.303,0.303,0.3774,0.3236,0.3236,0.3448,0.2985,0.2985,0.2632,0.2632,0.2632,0.3704,0.303,0.303,0.346,0.2841,0.274,,,,0.2985,0.2899,0.2941,0.3086,0.3086,0.3086,0.303,0.2632,0.2632
2019426,2/12/2026 17:59,mbok,ws,11300,-125,c,ts,2/12/2026,12:59:18,0,,,0.5556,w,0.6364,0.5349,,0.6169,0.6169,,0.6255,0.6255,,0.5556,0.5556,,0.6491,0.6491,,0.6078,0.5968,,,,,0.5745,0.5455,,0.9,0.5633,,0.5816,0.5633,
2019591,2/12/2026 19:12,mbok,ws,3100,275,e,ts,2/12/2026,14:12:00,0,,,0.2667,w,0.3922,0.3922,0.3922,0.2874,0.3774,0.3774,0.25,0.3279,0.3279,0.3448,0.3226,0.3226,0.2667,0.3448,0.3448,0.2941,0.3968,0.3774,,,,0.3571,0.3571,0.3571,,,,0.2865,0.3175,0.3165
2019948,2/12/2026 21:04,much,ws,13100,-2000,c,ts,2/12/2026,16:04:36,0,,,0.9524,w,0.9804,,,0.975,,,,,,0.9524,,,0.9836,,,0.972,,,,,,,,,,,,0.9583,,
2021737,2/13/2026 1:17,navo,ws,2800,650,c,ts,2/12/2026,20:17:01,0,,,0.1333,l,0.1724,,,0.1949,,,0.2128,,,0.1333,,,0.1818,,,0.1802,,,,,,0.2083,,,0.1961,,,0.1543,,
2021566,2/13/2026 1:12,navo,ws,4400,300,c,ts,2/12/2026,20:12:15,0,,,0.25,l,0.3125,0.2564,0.2564,0.3436,0.2695,0.2695,0.3472,0.274,0.274,0.25,0.25,0.2273,0.3448,0.3448,0.2857,0.2941,0.2532,0.2427,,,,0.3125,0.2817,0.2817,0.3145,0.2747,0.2747,0.2825,0.2353,0.2299
2021610,2/13/2026 1:13,navo,ws,3200,300,c,ts,2/12/2026,20:13:38,0,,,0.25,l,0.3125,0.2564,,0.3165,0.3165,,0.3472,0.274,,0.25,0.25,,0.3125,0.3125,,0.2941,0.2941,,,,,0.2941,0.2778,,0.2703,0.2703,,0.2747,0.2347,
2020148,2/12/2026 23:45,navo,ws,6000,160,f,ts,2/12/2026,18:45:36,0,,,0.3846,l,0.3846,,,0.4545,,,0.4587,,,0.5122,,,0.4651,,,0.4274,,,,,,0.4878,,,0.4237,,,0.4167,,
2026078,2/13/2026 4:43,paut,ws,6600,-340,c,ts,2/12/2026,23:43:53,0,,,0.7727,l,0.8305,,,0.8141,,,0.8131,,,0.7727,,,0.8333,,,0.8016,,,,,,0.845,,,0.8288,,,0.7849,,
2026259,2/13/2026 5:23,paut,ws,9800,-366,d,ts,2/12/2026,0:23:53,0,,,0.7854,l,0.8462,,0.8571,0.7854,,0.8012,0.8485,,0.8621,0.8333,,0.8333,0.8182,,0.8333,0.8208,,0.8208,,,,0.8496,,0.8529,0.998,,0.8689,0.8028,,0.8113
2026080,2/13/2026 4:44,paut,ws,13000,-340,c,ts,2/12/2026,23:44:00,0,,,0.7727,l,0.8462,,,0.8447,,,0.8333,,,0.7727,,,0.8571,,,0.8208,,,,,,0.8438,,,0.8288,,,0.8028,,
2026268,2/13/2026 5:38,paut,ws,8800,125,c,ts,2/12/2026,0:38:25,0,,,0.4444,l,0.5238,,,0.5122,,,0.5349,,,0.4444,,,0.5238,,,0.537,,,,,,0.5,,,0.4975,,,0.4854,,
2019482,2/12/2026 18:34,quin,ws,3900,150,c,ts,2/12/2026,13:34:34,0,,,0.4,l,0.4545,0.4348,0.4348,0.431,0.4032,0.4032,0.4608,0.4348,0.4348,0.4,0.4,0.4,0.4545,0.4167,0.4167,0.4587,0.4587,0.4274,,,,0.4545,0.4444,0.4444,,,,0.4202,0.3984,0.4
2019553,2/12/2026 19:02,quin,ws,3300,175,c,ts,2/12/2026,14:02:26,0,,,0.3636,l,,,,0.3906,0.3906,0.3906,0.4386,0.4386,0.4386,0.3636,0.3636,0.3636,0.3846,0.3846,0.3846,0.4184,0.4274,0.4274,,,,0.4255,0.4255,0.4082,,,,0.3817,0.3774,0.3802
2019496,2/12/2026 18:40,quin,ws,4100,210,c,ts,2/12/2026,13:40:58,0,,,0.3226,l,0.4167,0.3571,,0.4032,0.3247,,0.4,0.3333,,0.3226,0.3226,,0.4,0.3333,,0.4082,0.4082,,,,,0.3448,0.3509,,,,,0.346,0.304,
2019456,2/12/2026 18:28,quin,ws,3200,190,c,ts,2/12/2026,13:28:24,0,,,0.3448,l,0.3922,0.3922,0.3846,0.3906,0.3831,0.3636,0.4032,0.4032,0.3846,0.3448,0.3448,0.3448,0.3846,0.3704,0.3571,0.4082,0.4184,0.3774,,,,0.4,0.3922,0.3846,,,,0.3636,0.361,0.3448
2026014,2/13/2026 4:38,sakm,ws,6000,-125,d,ts,2/12/2026,23:38:08,0,,,0.5556,w,0.6078,0.6429,0.6429,0.5556,0.6416,0.6416,0.639,0.6667,0.6667,0.6296,0.6296,0.6296,,,,,,,,,,,,,,,,0.5763,0.6016,0.6016
2023781,2/13/2026 2:39,shel,ws,11700,-650,f,ts,2/12/2026,21:39:12,0,,,0.8667,w,0.8667,,0.8667,0.9206,,0.8958,0.9259,,0.8773,0.9333,,0.9231,0.9474,,0.9,0.9063,,0.8779,,,,0.917,,0.9156,,,,0.8797,,0.8573
2024282,2/13/2026 3:03,shel,ws,23300,-1200,c,ts,2/12/2026,22:03:29,0,,,0.9231,w,0.9677,0.9677,,0.9643,0.9643,,0.9709,0.9709,,0.9231,0.9231,,0.9615,0.9615,,0.9439,0.9439,,,,,0.9852,0.9464,,,,,0.9391,0.9306,
2023591,2/13/2026 2:31,shel,ws,6400,-277,d,ts,2/12/2026,21:31:27,0,,,0.7347,w,0.8667,0.8667,0.8667,0.7347,0.7347,0.7305,0.7701,0.7701,0.759,0.7727,0.7727,0.7727,0.7647,0.7647,0.7647,0.763,0.763,0.763,,,,0.7753,0.7701,0.7674,0.75,0.75,0.75,0.7487,0.7475,0.7436
2022834,2/13/2026 1:58,shel,ws,10400,-340,c,ts,2/12/2026,20:58:42,0,,,0.7727,w,0.8667,0.8,0.8,0.8252,0.7525,0.7525,0.8333,0.7826,0.7826,0.7727,0.7727,0.7727,0.8333,0.7647,0.7647,0.8208,0.7727,0.7826,,,,0.7938,0.7938,0.7938,0.7938,0.7938,0.7967,0.7925,0.7487,0.7494
2026277,2/13/2026 6:21,sier,ws,1800,438,d,ts,2/12/2026,1:21:18,0,,,0.1859,,0.2439,0.2439,0.2439,0.1859,0.1996,0.1996,0.2632,0.2632,0.2632,0.2273,0.25,0.25,0.2,0.2,0.2222,,,,,,,0.2439,0.241,0.241,0.2421,0.2421,0.2421,0.1988,0.2004,0.2016
2026274,2/13/2026 6:08,sier,ws,4900,126,f,ts,2/12/2026,1:08:32,0,,,0.4425,,0.4425,0.4425,,0.5556,0.5556,,0.5122,0.5122,,,,,0.5238,0.5238,,,,,,,,0.5349,0.5238,,0.5098,0.5098,,0.4695,0.4673,
2020008,2/12/2026 21:49,stru,ws,6600,240,c,ts,2/12/2026,16:49:51,0,,,0.2941,l,,,,0.4274,0.3367,0.3367,0.3922,0.3175,0.3175,0.2941,0.2941,,,,,0.3663,0.2841,0.2841,,,,0.3448,0.3448,0.339,0.3268,0.3268,0.3155,0.3333,0.2786,0.2833
2020017,2/12/2026 21:54,stru,ws,5000,125,c,ts,2/12/2026,16:54:42,0,,,0.4444,l,,,,,,,0.5146,0.5146,0.5,0.4444,0.4444,0.4444,,,,0.4878,0.4785,0.4695,,,,0.5455,0.5455,0.5556,0.505,0.5,0.5098,0.4695,0.4651,0.4608
2020047,2/12/2026 22:35,stru,ws,3300,420,l,ts,2/12/2026,17:35:32,0,,,0.1923,l,,,,0.2242,0.1562,0.1553,0.2632,0.1724,0.1961,0.2778,0.2083,0.2083,,,,0.2217,0.2114,0.159,,,,0.1923,0.1923,0.1905,0.3521,0.4082,0.4082,0.2151,0.1381,0.1475
2020035,2/12/2026 22:25,stru,ws,4400,425,l,ts,2/12/2026,17:25:20,0,,,0.1905,l,,,,0.2331,0.1675,,0.2703,0.1852,,0.2778,0.2273,,,,,0.2217,0.1905,,,,,0.1905,0.1942,,0.2865,0.2865,,0.2208,0.1541,
2025948,2/13/2026 4:31,tu,ws,3700,235,f,ts,2/12/2026,23:31:27,0,,,0.2985,,0.2985,,0.2985,0.4202,,0.3891,0.3922,,0.3571,0.3774,,0.3448,,,,,,,,,,,,,,,,0.3215,,0.2985
2021731,2/13/2026 1:16,ugo,ws,9700,-430,l,ts,2/12/2026,20:16:49,0,,,0.8113,w,0.875,,,0.8571,,,0.8485,,,0.8182,,,0.8667,,,0.8494,,,,,,0.8214,,,0.802,,,0.8279,,
2020128,2/12/2026 23:37,ugo,ws,6000,-116,d,ts,2/12/2026,18:37:58,0,,,0.537,w,0.6154,0.6154,0.6154,0.537,0.537,0.537,0.5851,0.569,0.569,0.5745,0.5745,0.5745,0.5652,0.5652,0.5652,0.5968,0.5968,0.5968,,,,0.5918,0.5918,0.5918,0.6016,0.6016,0.6016,0.5595,0.5536,0.5536
2028227,2/14/2026 5:45,bolt,ws,5200,161,d,ts,2/13/2026,0:45:20,0,,,0.3831,l,0.4444,,0.5455,0.3831,,0.4878,0.4608,,0.5595,0.4,,0.5,,,,,,,,,,,,,,,,0.4016,,0.5
2028235,2/14/2026 5:48,bolt,ws,16500,-180,c,ts,2/13/2026,0:48:45,0,,,0.6429,l,0.7619,,0.697,0.7015,,0.6454,0.7468,,0.7015,0.6429,,0.6429,,,,,,,,,,,,,,,,0.6914,,0.6403
2028247,2/14/2026 5:55,bolt,ws,8400,-286,d,ts,2/13/2026,0:55:14,0,,,0.7409,l,0.8182,,0.7778,0.7409,,,0.8077,,0.7531,0.7917,,0.7619,,,,,,,,,,,,,,,,0.759,,
2028249,2/14/2026 5:56,bolt,ws,39300,-1400,c,ts,2/13/2026,0:56:18,0,,,0.9333,l,0.9836,0.9524,0.9524,0.9815,0.9286,0.9231,,0.9524,0.9709,0.9333,0.9333,0.9333,,,,,,,,,,,,,,,,0.9562,0.9127,0.9188
2026925,2/13/2026 23:25,bubl,ws,14100,-140,c,ts,2/13/2026,18:25:32,0,,,0.5833,w,0.661,0.5833,0.5833,0.654,0.5902,0.5902,0.6774,0.5633,0.5968,0.5833,0.5833,0.5833,0.6825,0.6,0.6,0.6753,0.6364,0.6169,,,,0.5918,0.6,0.6,0.6667,0.6667,0.6667,0.6337,0.5516,0.5614
2026902,2/13/2026 22:40,bubl,ws,16900,175,l,ts,2/13/2026,17:40:34,0,,,0.3636,w,0.5,0.3636,0.3636,0.4785,0.3175,0.3175,0.4854,0.3571,0.3571,0.4167,0.4167,0.4348,0.4762,0.3125,0.3125,0.4878,0.3876,0.3876,,,,0.3774,0.3636,0.3636,,,,0.4608,0.33,0.3311
2026901,2/13/2026 22:40,bubl,ws,11500,235,l,ts,2/13/2026,17:40:02,0,,,0.2985,w,0.4167,0.303,0.303,0.3676,0.2584,0.2584,0.4,0.2985,0.2985,0.3636,0.3636,0.3774,0.3704,0.2667,0.2667,0.3968,0.3356,0.3257,,,,0.3226,0.303,0.3125,,,,0.369,0.2732,0.274
2026903,2/13/2026 22:40,bubl,ws,8700,140,c,ts,2/13/2026,17:40:35,0,,,0.4167,w,0.5,,0.3636,0.4785,,0.3175,0.4854,,0.3571,0.4167,,0.4348,0.4762,,0.3125,0.4975,,0.3876,,,,0.3774,,0.3636,,,,0.4608,,0.33
2028099,2/14/2026 4:32,foki,ws,6300,-224,d,ts,2/13/2026,23:32:19,0,,,0.6914,l,0.75,,0.75,0.6914,,0.7403,0.7409,,0.7354,0.7619,,0.75,0.7143,,0.7778,0.7245,,0.7151,,,,0.7647,,0.7701,0.999,,0.999,0.7076,,0.7126
2028187,2/14/2026 5:12,foki,ws,5200,200,e,ts,2/13/2026,0:12:30,0,,,0.3333,l,0.4,,0.4545,0.3367,,0.4132,0.4,,0.4386,0.4444,,0.4444,0.3333,,0.3571,0.3968,,0.3968,,,,0.3922,,0.4348,0.999,,0.4386,0.361,,0.3953
2027901,2/14/2026 3:34,foki,ws,5500,118,f,ts,2/13/2026,22:34:17,0,,,0.4587,l,0.4587,,0.4587,0.5516,,0.5413,0.5074,,0.5074,0.5122,,0.5122,0.5349,,0.5238,0.537,,0.5283,,,,0.5349,,0.5349,,,0.5238,0.4854,,0.4808
2028098,2/14/2026 4:30,foki,ws,8900,-400,c,ts,2/13/2026,23:30:41,0,,,0.8,l,0.875,0.8182,0.8182,0.8734,0.8239,0.8224,0.8485,0.8077,0.8077,0.8,0.8,0.8,0.8667,,,0.8302,0.8113,0.7826,,,,0.8485,0.8291,0.8305,0.8668,0.8668,0.8668,0.8162,0.7849,0.7792
2028268,2/14/2026 6:06,goma,ws,6600,-125,c,ts,2/13/2026,1:06:17,0,,,0.5556,,0.6154,,0.5745,0.6109,,0.5633,0.6429,,0.5968,0.5556,,0.5556,,,,,,,,,,,,,,,,0.5798,,0.5392
2028252,2/14/2026 5:57,goma,ws,6900,-170,c,ts,2/13/2026,0:57:44,0,,,0.6296,,0.7059,0.6774,0.6774,0.7015,0.6885,0.6364,0.7015,0.6667,0.6667,0.6296,0.6296,0.6296,,,,,,,,,,,,,,,,0.6503,0.6255,0.6183
2028302,2/14/2026 6:15,goma,ws,10800,-280,c,ts,2/13/2026,1:15:47,0,,,0.7368,,0.8,,,0.8496,,,0.8131,,,0.7368,,,,,,,,,,,,,,,,,,0.7602,,
2028262,2/14/2026 6:04,goma,ws,4800,-115,c,ts,2/13/2026,1:04:46,0,,,0.5349,,0.5833,0.5238,0.5238,0.6032,0.5169,0.5169,0.6139,0.5349,0.5349,0.5349,0.5349,0.5349,,,,,,,,,,,,,,,,0.5516,0.4902,0.4902
2028313,2/14/2026 6:18,kasn,ws,2000,502,d,ts,2/13/2026,1:18:42,0,,,0.1661,l,0.2381,0.2381,0.2381,0.1661,,0.1647,0.2299,0.2299,0.2299,0.2,0.2,0.2,,,,,,,,,,,,,,,,0.1808,,0.1808
2028332,2/14/2026 6:43,kasn,ws,3500,260,c,ts,2/13/2026,1:43:16,0,,,0.2778,l,0.3846,,0.3509,0.3012,,0.2506,0.3333,,0.2899,0.2778,,0.2778,,,,,,,,,,,,,,,,0.2994,,0.2611
2028295,2/14/2026 6:12,kasn,ws,7900,200,c,ts,2/13/2026,1:12:52,0,,,0.3333,l,0.4444,0.3636,0.3636,0.4184,0.2994,0.2994,0.4202,0.3509,0.3509,0.3333,0.3333,0.3333,,,,,,,,,,,,,,,,0.3788,0.3067,0.3067
2028308,2/14/2026 6:17,kasn,ws,4700,463,d,ts,2/13/2026,1:17:50,0,,,0.1776,l,0.2632,,0.2857,0.1776,,0.2278,0.2632,,0.2941,0.25,,0.25,,,,,,,,,,,,,,,,0.2105,,0.2375
2027593,2/14/2026 1:54,kecm,ws,9600,230,f,ts,2/13/2026,20:54:27,0,,,0.303,l,0.4651,,,0.495,,,0.5074,,,0.3636,,,,,,0.4878,,,,,,0.3704,,,0.3356,,,0.4505,,
2027734,2/14/2026 2:45,kecm,ws,5000,380,c,ts,2/13/2026,21:45:11,0,,,0.2083,l,0.2941,,0.2564,0.2558,,0.2146,0.2985,,0.2381,0.2083,,0.2,0.2667,,0.2353,0.274,,0.2114,,,,0.2667,,0.241,0.2445,,0.2445,0.2415,,0.1972
2027617,2/14/2026 2:04,kecm,ws,5800,125,c,ts,2/13/2026,21:04:25,0,,,0.4444,l,0.5,0.5,,,,,0.5122,0.5122,,0.4444,0.4878,,0.5238,0.5238,,0.4587,0.4484,,,,,0.5349,0.5349,,0.5074,0.5098,,0.4717,0.4717,
2027595,2/14/2026 1:54,kecm,ws,5400,150,l,ts,2/13/2026,20:54:29,0,,,0.4,l,0.4651,0.303,0.303,0.495,0.3367,0.3367,0.5074,0.3846,0.3846,0.3636,0.3636,0.3636,,,,0.4878,0.4082,0.3356,,,,0.4,0.3704,0.3704,0.3356,0.3356,0.3356,0.4274,0.3322,0.3165
2026905,2/13/2026 22:41,muna,ws,10000,-170,c,ts,2/13/2026,17:41:28,0,,,0.6296,l,0.697,0.6491,0.6491,,,,0.7143,0.7143,0.6774,0.6296,0.6296,0.6296,0.7333,0.6923,0.6923,0.6667,0.6466,0.6466,,,,0.7101,0.697,0.7015,,,,0.6599,0.6337,0.6337
2026911,2/13/2026 22:47,muna,ws,21700,-210,c,ts,2/13/2026,17:47:09,0,,,0.6774,l,0.7917,0.697,0.697,0.8227,0.7283,,0.7895,0.6454,0.6875,0.6774,0.6774,0.6774,0.8462,0.75,0.75,0.7436,0.6466,0.6466,,,,0.7368,0.7368,0.7403,,,,0.7354,0.6528,0.661
2026900,2/13/2026 22:38,muna,ws,6600,-170,c,ts,2/13/2026,17:38:56,0,,,0.6296,l,0.6774,0.6491,0.6491,0.7033,0.6732,0.6743,0.7015,0.7015,0.6825,0.6296,0.6296,0.6296,0.7143,0.7143,0.6923,0.6564,0.6753,0.6269,,,,0.7059,0.697,0.697,,,,0.6491,0.6429,0.6283
2026928,2/13/2026 23:26,muna,ws,5400,315,l,ts,2/13/2026,18:26:39,0,,,0.241,l,,0.2273,0.2174,0.3155,0.2519,0.2451,0.3125,0.2222,0.2439,0.3226,0.25,0.25,0.2857,0.2353,0.2353,0.2941,0.2532,0.2427,,,,0.25,0.241,0.241,,,,0.2755,0.2012,0.2024
2028286,2/14/2026 6:11,seie,ws,4900,112,f,ts,2/13/2026,1:11:48,0,,,0.4717,,0.4717,,0.4717,0.5614,,0.5536,0.5327,,0.5327,0.5455,,0.5455,0.5455,,0.5455,,,,,,,0.5556,,0.5556,0.5238,,0.5238,0.495,,0.495
2028285,2/14/2026 6:11,seie,ws,5100,112,f,ts,2/13/2026,1:11:29,0,,,0.4717,,0.4717,0.4717,0.4717,0.5536,0.5536,0.5833,0.5327,0.5327,0.5536,0.5455,0.5455,0.5455,0.5455,0.5455,0.5652,,,,,,,0.5652,0.5745,0.5833,0.5238,0.5575,0.5495,0.495,0.4878,0.5122
2028279,2/14/2026 6:10,seie,ws,7300,112,f,ts,2/13/2026,1:10:54,0,,,0.4717,,0.4717,0.4717,0.4717,0.5851,0.5851,0.5305,0.5536,0.5536,0.5238,0.5455,0.5455,0.5238,0.5652,0.5652,,,,,,,,0.5652,0.5455,0.5455,0.5349,0.5169,0.5169,0.505,0.4975,0.4831
2028034,2/14/2026 4:10,shap,ws,3800,172,d,ts,2/13/2026,23:10:42,0,,,0.3676,w,0.4,0.4878,0.4878,0.3676,0.4329,0.4329,0.4167,0.4673,0.4673,0.4651,0.4651,0.4651,0.4,0.4545,0.4545,0.4274,0.4785,0.5074,,,,0.4444,0.4651,0.4762,0.6865,0.6865,0.6865,0.3891,0.4425,0.4444
2028156,2/14/2026 4:58,shap,ws,14000,-105,l,ts,2/13/2026,23:58:47,0,,,0.5122,w,0.6296,0.5,0.5,0.5816,0.5025,0.5025,0.5851,0.4762,0.4762,0.5745,0.4651,0.4651,0.5833,0.6154,0.4762,0.5868,0.5671,0.4975,,,,0.5122,0.4878,0.4878,0.5968,0.5968,0.5968,0.569,0.4785,0.4525
2027951,2/14/2026 3:48,shap,ws,6500,-124,d,ts,2/13/2026,22:48:57,0,,,0.5536,w,0.6,0.5652,0.5652,0.5536,0.5536,0.5745,0.6255,0.6255,0.6183,0.6429,0.6429,0.6429,0.5833,0.5833,0.5833,0.5968,0.5968,0.5968,,,,0.6154,0.6078,0.6078,0.5816,0.5816,0.5816,0.5763,0.5652,0.5652
2027946,2/14/2026 3:46,shap,ws,5400,-105,f,ts,2/13/2026,22:46:21,0,,,0.5122,w,0.5122,0.5122,0.5238,0.5726,0.5726,0.5392,0.5851,0.5851,0.5968,0.5918,0.5918,0.5918,0.5652,0.5652,0.5652,0.5475,0.5475,0.5575,,,,0.5918,0.5833,0.5833,,,,0.5327,0.5327,0.5327
2028330,2/14/2026 6:42,uchm,ws,7800,-170,c,ts,2/13/2026,1:42:13,0,,,0.6296,w,0.7297,,,0.7368,,,0.6774,,,0.6296,,,0.7333,,,,,,,,,0.6774,,,0.6552,,,0.6528,,
2028327,2/14/2026 6:38,uchm,ws,8600,-110,c,ts,2/13/2026,1:38:07,0,,,0.5238,w,0.6296,,,0.6324,,,0.5851,,,0.5238,,,0.6296,,,,,,,,,0.5652,,,0.5726,,,0.5575,,
2028300,2/14/2026 6:14,uchm,ws,6800,-127,d,ts,2/13/2026,1:14:53,0,,,0.5595,w,0.6078,0.6364,0.6364,0.5595,0.6441,0.6441,0.6183,0.6503,0.6503,0.6667,0.6667,0.6667,0.6,0.6,0.6491,,,,,,,0.6491,0.6667,0.6667,0.6283,0.639,0.639,0.5833,0.6063,0.6094
2042577,2/15/2026 14:58,baga,ws,13000,-190,c,ts,2/15/2026,9:58:19,0,,,0.6552,,0.1429,0.1429,0.1429,,,,,,,,,,,,,,,,,,,,,,,,,,,
2042603,2/15/2026 15:10,baga,ws,8000,240,c,ts,2/15/2026,10:10:45,0,,,0.2941,,0.3846,0.2632,,0.4367,0.2809,,,,,0.2941,0.2941,,,,,,,,,,,,,,0.4082,0.2667,,0.3425,0.2353,
2042576,2/15/2026 14:57,baga,ws,7600,-145,c,ts,2/15/2026,9:57:53,0,,,0.5918,,0.661,0.1429,0.1429,0.6785,,,,,,0.6774,,,,,,,,,,,,,,,0.569,,,0.631,,
2042601,2/15/2026 15:10,baga,ws,2400,400,c,ts,2/15/2026,10:10:20,0,,,0.2,,0.2632,0.1667,0.1667,0.2882,0.1808,0.1808,,,,0.2,0.2,0.2,,,,,,,,,,,,,0.1761,0.1761,0.1761,0.2169,0.1403,0.1403
2042678,2/15/2026 16:03,bapt,ws,1900,427,d,ts,2/15/2026,11:03:56,0,,,0.1898,v,0.2632,0.2632,0.2273,0.1898,0.1898,0.1898,0.25,0.25,0.25,0.25,0.2083,0.2083,0.2105,0.2105,0.2105,0.2217,0.2217,0.2217,,,,0.2353,0.2222,0.2062,0.2404,0.207,0.207,0.2033,0.1984,0.1873
2042675,2/15/2026 16:03,bapt,ws,2000,442,d,ts,2/15/2026,11:03:10,0,,,0.1845,v,0.25,,0.25,0.1845,,0.1845,0.2439,,0.2439,0.2381,,0.2381,0.2105,,0.2105,0.2632,,0.232,,,,0.241,,0.2439,0.2331,,0.2415,0.1988,,0.2033
2042636,2/15/2026 15:35,bapt,ws,5700,130,l,ts,2/15/2026,10:35:16,0,,,0.4348,v,0.5,,0.4082,0.4878,,0.4405,0.4808,,0.4292,0.5122,,0.4348,0.5,,0.4348,0.4975,,0.4695,,,,0.4651,,0.4444,0.4098,,0.4132,0.4651,,0.3922
2042679,2/15/2026 16:04,bapt,ws,3000,443,d,ts,2/15/2026,11:04:07,0,,,0.1842,v,0.25,0.2632,0.2632,0.1842,,0.1898,0.25,0.25,0.25,0.25,0.25,0.25,0.2105,0.2105,0.2105,0.232,0.2217,0.2217,,,,0.2439,0.2439,0.2353,0.2404,0.2404,0.2404,0.2024,0.2088,0.2033
2045091,2/15/2026 20:42,cerf,ws,35000,-3500,c,ts,2/15/2026,15:42:25,0,,,0.9722,w,0.995,0.9677,0.9677,0.998,0.9714,0.9714,,,,0.9722,0.9722,0.9722,0.998,0.998,0.9756,,,,,,,,,,,,,0.9807,0.9563,0.9519
2043700,2/15/2026 19:26,cerf,ws,5100,-125,f,ts,2/15/2026,14:26:02,0,,,0.5556,w,0.5556,,0.5556,0.6241,,0.5984,0.6109,,0.6109,0.6,,0.6,0.6296,,0.6154,,,,,,,0.6364,,0.6552,0.6109,,,0.5745,,0.5633
2043709,2/15/2026 19:26,cerf,ws,5000,-150,f,ts,2/15/2026,14:26:40,0,,,0.6,w,0.6,0.6,0.6,0.6923,0.6923,0.705,0.661,0.661,0.661,0.6552,0.6,0.6,0.6667,0.6667,0.6825,,,,,,,0.6825,0.6774,0.661,,0.6552,0.5984,0.6154,0.6063,0.6032
2044505,2/15/2026 20:15,cerf,ws,13800,-500,c,ts,2/15/2026,15:15:18,0,,,0.8333,w,0.9,0.8462,0.8462,0.8889,0.8889,0.845,0.8851,0.8851,0.8276,0.8333,0.8333,0.8333,0.9,0.9,0.8333,,,,,,,0.8876,0.8561,0.8561,,,,0.8525,0.8305,0.8066
2043813,2/15/2026 19:32,dard,ws,3300,188,d,ts,2/15/2026,14:32:50,0,,,0.3472,l,0.3846,0.4348,0.4348,0.3472,0.4098,0.4098,0.3922,0.4255,0.4255,0.4348,0.4348,0.4348,0.3846,0.4348,0.4348,,,,,,,0.4348,0.4444,0.4444,0.4464,0.4464,0.4464,0.3663,0.3968,0.3968
2044550,2/15/2026 20:18,domi,ws,6700,-130,c,ts,2/15/2026,15:18:59,0,,,0.5652,,0.6491,0.6491,0.5745,0.6269,0.6269,0.5215,,,,0.5652,0.5652,0.5652,,,,,,,,,,0.6296,0.5833,0.5745,0.6226,,0.5192,0.5885,0.5671,0.5261
2044677,2/15/2026 20:24,domi,ws,8100,-331,d,ts,2/15/2026,15:24:18,0,,,0.768,,0.8182,0.875,0.875,0.768,0.8405,0.8405,,,,0.8571,0.8571,0.8571,,,,,,,,,,0.8333,0.8561,0.8519,0.8397,0.8397,0.8397,0.7835,0.8366,0.8366
2044714,2/15/2026 20:25,domi,ws,18700,-380,c,ts,2/15/2026,15:25:19,0,,,0.7917,,0.875,0.8182,0.8182,0.8425,0.7727,0.7727,,,,0.7917,0.7917,0.7917,,,,,,,,,,0.798,0.798,0.798,0.7768,0.7768,0.7768,0.8239,0.7602,0.7602
2044589,2/15/2026 20:20,domi,ws,8000,-130,c,ts,2/15/2026,15:20:16,0,,,0.5652,,0.6875,0.5918,,0.6575,0.5575,,,,,0.5652,0.5652,,,,,,,,,,,0.6154,0.6,,0.5633,0.5633,,0.5968,0.5475,
2044454,2/15/2026 20:12,gaub,ws,5300,125,d,ts,2/15/2026,15:12:19,0,,,0.4444,w,0.5238,,0.5455,0.4444,,0.4673,0.5,,0.5,0.5122,,0.5122,,,0.4762,0.4878,,0.4878,,,,0.5238,,0.5349,0.4975,,0.5238,0.4695,,0.4785
2044108,2/15/2026 19:46,gaub,ws,9000,-133,d,ts,2/15/2026,14:46:24,0,,,0.5708,w,0.6491,0.6667,0.6667,0.5708,0.6032,0.6183,0.6364,0.6429,0.6429,0.6774,0.6774,0.6774,0.6154,0.6296,0.6296,0.6466,0.6667,0.6667,,,,0.6491,0.6491,0.6552,0.6644,0.6644,0.6644,0.6032,0.6139,0.6154
2044413,2/15/2026 20:10,gaub,ws,6900,105,d,ts,2/15/2026,15:10:16,0,,,0.4878,w,0.5833,0.5833,0.5833,0.4878,,0.4878,0.5475,0.5475,0.5475,0.5556,0.5556,0.5556,0.5238,0.5238,0.5238,0.5575,0.5575,0.5575,,,,0.5455,0.5556,0.5556,0.5556,0.5652,0.5652,0.5169,0.5215,0.5192
2044901,2/15/2026 20:34,gaub,ws,11300,-300,c,ts,2/15/2026,15:34:23,0,,,0.75,w,0.8462,,,0.8423,,,0.8077,,,0.75,,,0.8182,,,0.8113,,,,,,0.7802,,,0.7835,,,0.7732,,
2042706,2/15/2026 16:38,jara,ws,4900,105,f,ts,2/15/2026,11:38:42,0,,,0.4878,l,0.4878,0.5238,,0.5349,0.5349,,0.6255,0.6255,,0.5349,0.5833,,,,,,,,,,,,,,,,,0.5074,0.5283,
2042689,2/15/2026 16:15,jara,ws,5900,140,d,ts,2/15/2026,11:15:59,0,,,0.4167,l,0.5122,0.5349,0.5349,0.4167,0.4762,0.4762,,,,0.4762,0.4762,0.4762,,,,,,,,,,,,,,,,0.4464,0.4739,0.4739
2042700,2/15/2026 16:26,jara,ws,9200,-120,c,ts,2/15/2026,11:26:22,0,,,0.5455,l,0.6296,0.6,0.6,0.6,0.5745,0.5745,0.6454,0.6109,0.6109,0.5455,0.5455,0.5455,,,,,,,,,,,,,,,,0.5798,0.5516,0.5516
2042701,2/15/2026 16:27,jara,ws,7200,-140,c,ts,2/15/2026,11:27:16,0,,,0.5833,l,0.6667,0.6296,0.6296,0.6226,0.6226,0.5745,0.6825,0.6454,0.6454,0.5833,0.5833,0.5833,,,,,,,,,,,,,,,,0.6078,0.5851,0.5816
2042596,2/15/2026 15:08,kuku,ws,14300,-125,c,ts,2/15/2026,10:08:47,0,,,0.5556,,0.6875,0.6154,0.931,0.631,,,0.661,0.6032,,0.5556,0.5556,,,,,,,,,,,,,,,,,0.6078,,
2042573,2/15/2026 14:55,kuku,ws,6900,-135,c,ts,2/15/2026,9:55:05,0,,,0.5745,,0.661,,,0.6226,,,0.6552,,,0.5745,,,,,,,,,,,,,,,,,,0.5984,,
2042587,2/15/2026 15:03,kuku,ws,8000,-105,c,ts,2/15/2026,10:03:26,0,,,0.5122,,0.931,0.931,0.931,,,,,,,,,,,,,,,,,,,,,,,,,,,
2042622,2/15/2026 15:17,kuku,ws,66700,-260,c,ts,2/15/2026,10:17:52,0,,,0.7222,,0.931,0.7561,,0.9167,0.7076,,0.9524,0.7468,,0.7222,0.7222,,,,,,,,,,,,,,,,,0.8767,0.697,
2044953,2/15/2026 20:36,mont,ws,5400,100,e,ts,2/15/2026,15:36:47,0,,,0.5,w,0.5918,,0.5833,0.5238,,0.537,0.5475,,0.5392,0.5455,,0.5455,0.5,,0.5,0.5671,,0.5475,,,,0.5556,,0.5556,0.5614,,0.5614,0.5215,,0.5098
2045425,2/15/2026 21:11,mont,ws,9500,-280,l,ts,2/15/2026,16:11:19,0,,,0.7368,w,0.8462,,0.7222,0.8299,,0.7118,0.8,,0.697,0.6667,,0.6667,0.8333,,0.7059,0.8016,,0.6753,,,,0.7368,,0.7183,0.7297,,0.7297,0.7573,,0.6667
2045623,2/15/2026 21:47,mont,ws,19700,-2500,c,ts,2/15/2026,16:47:57,0,,,0.9615,w,0.9877,0.96,0.96,0.9833,0.898,0.898,,0.9709,0.9709,0.9615,0.9615,0.9615,,,,0.9907,0.9346,0.9346,,,,0.9705,0.976,0.9745,,0.987,0.987,0.9684,0.9307,0.9303
2045483,2/15/2026 21:19,mont,ws,17600,-220,c,ts,2/15/2026,16:19:48,0,,,0.6875,w,0.7872,0.7059,0.7059,0.7743,0.6894,0.6894,0.7701,0.661,0.661,0.6875,0.6875,0.6875,0.7778,0.6825,0.6825,0.6466,0.5968,0.5968,,,,0.7297,0.697,0.697,0.6825,0.6785,0.6785,0.7015,0.6466,0.6466
2042697,2/15/2026 16:21,sche,ws,1900,400,c,ts,2/15/2026,11:21:51,0,,,0.2,,0.2703,0.2128,0.2128,0.2463,0.2119,0.2119,,,,0.2,0.2,0.2,,,,,,,,,,0.198,0.198,0.198,0.2012,0.2012,0.2053,0.2132,0.1695,0.1695
2042693,2/15/2026 16:20,sche,ws,2600,650,c,ts,2/15/2026,11:20:09,0,,,0.1333,,0.2222,0.1724,0.1724,0.2179,0.1488,0.1488,,,,0.1333,0.1333,0.1333,,,,,,,,,,0.1754,0.1587,0.16,0.1992,0.161,0.161,0.1524,0.1155,0.1163
2042696,2/15/2026 16:21,sche,ws,2200,405,l,ts,2/15/2026,11:21:51,0,,,0.198,,0.2703,0.2128,0.2128,0.2463,0.2119,0.2119,,,,0.2,0.2,0.2,,,,,,,,,,0.198,0.198,0.198,0.2012,0.2012,0.2053,0.2132,0.1695,0.1695
2042694,2/15/2026 16:21,sche,ws,2500,550,c,ts,2/15/2026,11:21:14,0,,,0.1538,,0.2222,0.1724,0.1724,0.2222,0.1567,0.1567,,,,0.1538,0.1538,0.1538,,,,,,,,,,0.1639,0.1538,0.1562,0.161,0.161,0.161,0.1499,0.1252,0.1252
2042572,2/15/2026 14:54,sile,ws,3300,280,c,ts,2/15/2026,9:54:25,0,,,0.2632,w,0.0099,0.3333,0.2439,,0.3165,0.3165,,,,,0.2632,0.2632,,,,,,,,,,,,,,0.2882,0.2392,,0.2786,0.2169
2042583,2/15/2026 15:02,sile,ws,5100,240,c,ts,2/15/2026,10:02:21,0,,,0.2941,w,0.0099,0.0099,0.0099,,,,,,,,,,,,,,,,,,,,,,,,,,,
2042607,2/15/2026 15:11,sile,ws,35700,-150,c,ts,2/15/2026,10:11:15,0,,,0.6,w,0.8,0.6491,0.6491,0.7436,0.5918,0.5918,,,,0.6,0.6429,0.6429,,,,,,,,,,,,,0.6337,0.6337,0.6337,0.7191,0.5968,0.5968
2042574,2/15/2026 14:56,sile,ws,6200,150,c,ts,2/15/2026,9:56:58,0,,,0.4,w,0.0099,0.0099,,,,,,,,,,,,,,,,,,,,,,,,,,,,
2042710,2/15/2026 16:42,smia,ws,10300,-434,d,ts,2/15/2026,11:42:04,0,,,0.8127,w,0.8667,0.9048,0.9048,0.8127,0.875,0.875,,,,0.875,0.9,0.9,,,,,,,,,,0.8773,0.9038,0.9024,0.89,0.89,0.89,0.8288,0.8617,0.8609
2042734,2/15/2026 16:57,smia,ws,21500,-2000,c,ts,2/15/2026,11:57:41,0,,,0.9524,w,0.9836,,0.9677,0.9888,,0.9688,,,,0.9524,,0.9524,,,,,,,,,,,,0.9837,0.998,,0.979,0.9616,,0.9437
2042728,2/15/2026 16:52,smia,ws,11900,-280,c,ts,2/15/2026,11:52:01,0,,,0.7368,w,0.8462,,0.7778,0.784,,0.7167,,,,0.7368,,0.7368,,,,,,,,,,0.8,,0.7674,0.8099,,0.7525,0.7625,,0.7191
2042651,2/15/2026 15:45,smia,ws,12700,-300,c,ts,2/15/2026,10:45:42,0,,,0.75,w,0.8667,,,0.7895,,,,,,0.8462,,,,,,,,,,,,0.802,,,0.7706,,,0.8165,,
2042623,2/15/2026 15:19,svaz,ws,7600,-125,c,ts,2/15/2026,10:19:22,0,,,0.5556,w,0.6552,0.6154,0.6154,0.6269,0.5902,0.5902,0.6364,0.6,0.6,0.5556,0.5556,0.5556,0.6296,0.6,0.6,0.6078,0.5868,0.5868,,,,0.6,0.6,0.6,0.5968,0.5968,0.5868,0.5833,0.5633,0.5595
2042628,2/15/2026 15:22,svaz,ws,8100,-124,d,ts,2/15/2026,10:22:11,0,,,0.5536,w,0.6364,0.6875,,0.5536,0.6429,,0.6183,0.6552,,0.6,0.6429,,0.6,0.6,,0.6078,0.6753,,,,,0.6552,0.6667,,0.67,0.6575,,0.5833,0.6226,
2042657,2/15/2026 15:49,svaz,ws,9000,-400,c,ts,2/15/2026,10:49:00,0,,,0.8,w,0.8824,0.8824,0.8571,0.8538,0.8538,0.8028,0.8333,0.8333,0.8077,0.8,0.8,0.8,0.8571,0.8462,0.8182,0.84,0.84,0.8113,,,,0.8561,0.84,0.8198,0.8628,0.8258,0.8258,0.8148,0.8069,0.7835
2042649,2/15/2026 15:44,svaz,ws,8000,-151,d,ts,2/15/2026,10:44:34,0,,,0.6016,w,0.7143,0.7143,0.7143,0.6016,,0.5918,0.6552,0.6667,0.6667,0.6667,0.6667,0.6667,0.6667,0.6667,0.6667,0.6951,0.6951,0.6753,,,,0.6774,0.6875,0.6875,0.6774,0.6774,0.6774,0.6283,0.639,0.6364
2042904,2/15/2026 17:55,svrc,ws,3700,317,d,ts,2/15/2026,12:55:19,0,,,0.2398,l,0.303,,0.303,0.2398,,,0.3226,,0.3226,0.3226,,0.3226,0.2667,,0.303,0.2941,,0.3155,,,,0.2941,,0.2985,0.2959,,0.3185,0.2639,,0.277
2042836,2/15/2026 17:36,svrc,ws,3900,198,d,ts,2/15/2026,12:36:46,0,,,0.3356,l,0.3922,0.4545,0.4545,0.3356,0.4098,0.4098,0.3922,0.4348,0.4348,0.4444,0.4444,0.4444,0.3704,0.4167,0.4167,0.3663,0.4274,0.4587,,,,0.4348,0.4444,0.4545,0.4464,0.4464,0.4464,0.3584,0.4016,0.4049
2042736,2/15/2026 17:01,svrc,ws,4200,178,d,ts,2/15/2026,12:01:04,0,,,0.3597,l,0.4348,0.4348,0.4348,0.3597,0.3891,0.3891,0.4167,0.4167,0.4167,0.4348,0.4348,0.4348,0.4,0.4167,0.4167,0.4484,0.4184,0.4184,,,,0.4255,0.4255,0.4255,0.4132,0.4132,0.4132,0.3831,0.3861,0.3861
2042721,2/15/2026 16:45,svrc,ws,5200,105,d,ts,2/15/2026,11:45:40,0,,,0.4878,l,0.5455,0.5455,0.5455,0.4878,0.5434,0.5434,,,,0.5745,0.5745,0.5745,,,,0.6078,0.6078,0.6078,,,,0.5556,0.5556,0.5556,,,,0.5098,0.5192,0.5192
2044255,2/15/2026 20:00,tabo,ws,24300,-220,c,ts,2/15/2026,15:00:42,0,,,0.6875,l,0.8462,0.8462,0.7561,0.7881,0.7881,0.6656,,,,0.6875,0.7368,0.7368,,,,,,,,,,0.7849,0.7701,0.7297,,,,0.7506,0.7481,0.6885
2044401,2/15/2026 20:09,tabo,ws,16700,-340,l,ts,2/15/2026,15:09:58,0,,,0.7727,l,0.8667,0.8113,0.8113,0.8134,0.7685,0.7685,,,,0.7619,0.7619,,,,,,,,,,,0.7727,0.7727,0.7826,,,,0.8043,0.7613,
2044222,2/15/2026 19:53,tabo,ws,6400,-154,d,ts,2/15/2026,14:53:48,0,,,0.6063,l,0.6774,0.7436,0.7436,0.6063,0.6656,0.6656,,,,0.6774,0.6774,0.6774,,,,,,,,,,0.6721,0.697,0.697,,,,0.6269,0.6622,0.6622
2043796,2/15/2026 19:32,tabo,ws,3200,200,c,ts,2/15/2026,14:32:04,0,,,0.3333,l,0.4167,0.4167,0.4167,0.4049,0.4049,0.4049,,,,0.3333,0.3333,0.3226,,,,,,,,,,0.3846,0.3774,0.3774,0.4082,0.4082,0.3774,0.3521,0.3484,0.3472
2042584,2/15/2026 15:02,trot,ws,6800,110,c,ts,2/15/2026,10:02:38,0,,,0.4762,,0.1429,,0.4878,,,0.4975,,,0.5122,,,0.4762,,,,,,,,,,,,,,,,,,0.4545
2042575,2/15/2026 14:57,trot,ws,7100,-130,c,ts,2/15/2026,9:57:35,0,,,0.5652,,0.1429,0.1429,0.1429,,,,,,,,,,,,,,,,,,,,,,,,,,,
2042593,2/15/2026 15:08,trot,ws,5200,135,c,ts,2/15/2026,10:08:11,0,,,0.4255,,0.1429,0.1429,0.1429,,,,,,,,,,,,,,,,,,,,,,,,,,,
2042579,2/15/2026 14:58,trot,ws,16300,-110,c,ts,2/15/2026,9:58:45,0,,,0.5238,,0.1429,0.1429,0.5455,,,0.5327,,,0.5652,,,0.5238,,,,,,,,,,,,,,,,,,0.5074
2043725,2/15/2026 19:27,vera,ws,3100,296,d,ts,2/15/2026,14:27:20,0,,,0.2525,l,0.3125,0.3125,0.3125,0.2525,0.2525,0.2513,0.3226,0.3226,0.3226,0.3226,0.3226,0.3226,0.2857,0.2857,0.2857,0.3155,0.3257,0.3049,,,,0.3077,0.3077,0.3077,0.2882,0.2882,0.2882,0.2725,0.2681,0.2681
2043889,2/15/2026 19:35,vera,ws,3900,190,d,ts,2/15/2026,14:35:42,0,,,0.3448,l,0.4255,0.4255,0.3922,0.3448,0.3448,0.3472,0.4115,0.4115,0.4115,0.4255,0.4,0.4,0.3704,0.3704,0.3704,0.3968,0.3968,0.3968,,,,0.3922,0.3774,0.3704,0.3891,,0.361,0.3663,0.361,0.346
2042708,2/15/2026 16:40,vozn,ws,4900,160,b,ts,2/15/2026,11:40:57,0,,,0.3846,,0.4878,0.5238,0.5238,0.4444,0.5238,0.5238,0.3846,0.4292,0.4292,0.5122,0.5122,0.5122,,,,,,,,,,,,,,,,0.4115,0.4425,0.4425
2042707,2/15/2026 16:39,vozn,ws,5500,163,b,ts,2/15/2026,11:39:40,0,,,0.3802,,0.4878,0.5238,0.5238,0.4444,0.5122,0.5122,0.3802,0.4292,0.4292,0.5122,0.5122,0.5122,,,,,,,,,,,,,,,,0.4098,0.4425,0.4425
2042709,2/15/2026 16:41,vozn,ws,4200,195,b,ts,2/15/2026,11:41:27,0,,,0.339,,0.4444,,0.4878,0.4,,0.4444,0.339,,0.3846,0.4545,,0.4545,,,,,,,,,,,,,,,,0.3636,,0.3953
2042705,2/15/2026 16:38,vozn,ws,4900,116,b,ts,2/15/2026,11:38:40,0,,,0.463,,0.5918,0.5556,,0.5556,0.5556,,0.463,0.463,,0.5,0.5,,,,,,,,,,,,,,,,,0.4854,0.4717,
2043302,2/15/2026 18:51,wala,ws,3200,153,d,ts,2/15/2026,13:51:59,0,,,0.3953,l,0.4348,,0.5,0.3953,,0.4673,0.4545,,0.4762,0.5122,,0.5122,0.4167,,0.4651,0.4184,,0.4695,,,,0.4651,,0.4878,0.4808,,0.4878,0.4098,,0.4484
2043290,2/15/2026 18:50,wala,ws,8500,186,d,ts,2/15/2026,13:50:28,0,,,0.3497,l,0.4444,0.4878,0.4878,0.3497,0.4785,0.4785,0.4292,0.4292,0.4673,0.4878,0.4878,0.4878,0.4167,0.4167,0.4651,0.4082,0.4386,0.4587,,,,0.4444,0.4762,0.4762,0.4167,0.4762,0.4762,0.3968,0.4237,0.4425
2043291,2/15/2026 18:50,wala,ws,3400,174,d,ts,2/15/2026,13:50:50,0,,,0.365,l,0.4348,0.4444,0.4444,0.365,0.3817,0.3774,0.4202,0.4202,0.4292,0.4444,0.4444,0.4444,0.3846,0.4,0.4,0.4082,0.4082,0.4082,,,,0.4255,0.4255,0.4167,0.4202,0.4202,0.4202,0.3846,0.3876,0.3891
2042698,2/15/2026 16:22,wong,ws,30000,-1200,c,ts,2/15/2026,11:22:12,0,,,0.9231,w,0.9836,,,0.9841,,,,,,0.9231,,,0.9934,,,0.972,,,,,,0.9534,,,0.948,,,0.9434,,
2042677,2/15/2026 16:03,wong,ws,6400,-362,d,ts,2/15/2026,11:03:56,0,,,0.7835,w,0.8462,0.8462,0.8462,0.7835,0.8016,0.8016,0.8276,0.8276,0.8276,0.8462,0.8571,0.8571,0.8182,0.8182,0.8333,0.8208,0.8302,0.8302,,,,0.8291,0.8333,0.8438,0.8397,0.8397,0.8529,0.7951,0.7976,0.7996
2042602,2/15/2026 15:10,wong,ws,6200,-188,f,ts,2/15/2026,10:10:42,0,,,0.6528,w,0.6528,,0.6528,0.7024,,0.7389,0.7015,,0.7015,0.75,,0.75,0.6825,,0.7143,0.7245,,0.7245,,,,0.7222,,0.6923,0.723,,0.723,0.67,,0.6678
2047283,2/16/2026 21:18,agst,ws,36400,-900,c,ts,2/16/2026,16:18:28,0,,,0.9,w,0.9677,,0.9231,0.963,,0.9057,0.9804,,0.9259,0.9,,0.9,0.9756,,0.9091,,,,,,,0.9327,,0.9306,,,,0.9304,,0.8896
2047257,2/16/2026 21:05,agst,ws,19200,-1400,d,ts,2/16/2026,16:05:41,0,,,0.9333,w,0.9677,0.9677,0.9677,0.9333,,0.939,0.9709,0.9709,0.9709,0.9615,0.9615,0.9615,0.9615,0.9615,0.9615,,,,,,,0.9872,0.9869,0.9869,,,,0.945,0.9467,0.945
2047276,2/16/2026 21:13,agst,ws,6500,-346,d,ts,2/16/2026,16:13:10,0,,,0.7758,w,0.8246,,,0.7758,,,0.8333,,,0.8333,,,0.8,,,,,,,,,0.8261,,,,,,0.7877,,
2047241,2/16/2026 20:59,agst,ws,10200,-1700,d,ts,2/16/2026,15:59:48,0,,,0.9444,w,0.9677,0.9677,0.9677,0.9444,0.9444,0.9485,0.9804,0.9804,0.9709,0.9722,0.9722,0.9615,0.9615,0.9615,0.9615,,,,,,,0.5238,0.9898,0.9879,,,,0.95,0.9491,0.9444
2046288,2/16/2026 8:36,ajdu,ws,5000,105,f,ts,2/16/2026,3:36:16,0,,,0.4878,,,,,,,,,,,,,,,,,,,,,,,,,,,,,,,
2047494,2/16/2026 23:03,altm,ws,5700,600,c,ts,2/16/2026,18:03:34,0,,,0.1429,l,0.25,0.1333,0.1333,0.2427,0.1205,0.1205,0.2105,0.1481,0.1639,0.1429,0.1429,0.1429,0.25,0.1429,0.1429,0.2427,0.1486,0.1379,,,,0.1325,0.1351,0.1351,,,,0.1838,0.0957,0.1072
2047488,2/16/2026 23:02,altm,ws,3200,400,c,ts,2/16/2026,18:02:03,0,,,0.2,l,0.25,0.1667,0.1667,0.2591,0.1475,0.1475,0.2667,0.1818,0.1818,0.2,0.2,0.2,0.25,0.1818,0.1818,0.2632,0.1802,0.1695,,,,0.1961,0.1786,0.1786,,,,0.2217,0.1389,0.1389
2047269,2/16/2026 21:10,altm,ws,9100,105,c,ts,2/16/2026,16:10:48,0,,,0.4878,l,0.5652,0.5,0.5,0.5781,0.4739,0.4739,0.5816,0.5327,0.5327,0.4878,0.4878,0.4878,0.5833,0.5,0.5,0.5781,0.537,0.537,,,,0.5238,0.5238,0.5238,,,,0.5261,0.4854,0.4854
2046980,2/16/2026 18:41,atma,ws,6400,-115,c,ts,2/16/2026,13:41:10,0,,,0.5349,w,0.6,0.5349,0.5349,0.6377,0.5327,0.5327,0.6109,0.5633,0.5633,0.5349,0.5349,0.5349,0.6154,0.5349,0.5349,,,,,,,0.5918,0.5556,0.5556,,,,0.5652,0.5122,0.5098
2047058,2/16/2026 19:46,atma,ws,11200,-800,c,ts,2/16/2026,14:46:05,0,,,0.8889,w,0.9375,0.9048,0.9048,0.9432,,,0.9346,0.893,0.893,0.8889,0.8889,0.8889,0.9474,0.9231,0.9091,,,,,,,0.9298,0.9167,0.9209,,,,0.9014,0.8718,0.8711
2046879,2/16/2026 16:11,bado,ws,9900,-400,c,ts,2/16/2026,11:11:03,0,,,0.8,w,0.8571,0.8113,0.8113,0.8514,0.8198,0.8198,0.8551,0.8198,0.8198,0.8,0.8,0.8,0.8571,0.8182,0.8182,,,,,,,0.8571,0.845,0.845,,,,0.8182,0.7877,0.7877
2046902,2/16/2026 16:49,bado,ws,8600,-220,c,ts,2/16/2026,11:49:22,0,,,0.6875,w,0.7561,0.7059,0.7059,0.7442,0.7817,0.7135,0.7531,0.7059,0.7059,0.6875,0.6875,0.6875,0.7647,0.7647,0.6923,,,,,,,0.7531,0.7297,0.7333,,,,0.7126,0.6815,0.6743
2046903,2/16/2026 16:49,bado,ws,10600,-320,c,ts,2/16/2026,11:49:49,0,,,0.7619,w,0.8462,0.7561,0.7561,0.8384,0.7403,0.7403,0.8333,0.7701,0.7701,0.7619,0.7619,0.7619,0.8462,0.7647,0.7647,,,,,,,0.7826,0.7802,0.7674,,,,0.7826,0.7297,0.7253
2046907,2/16/2026 16:52,bado,ws,22300,-635,l,ts,2/16/2026,11:52:06,0,,,0.8639,w,0.9474,0.8462,0.8462,0.9451,0.8285,0.8285,0.9524,0.8621,0.8621,0.8462,0.8462,0.8462,0.9474,0.8462,0.8462,,,,,,,0.8667,0.8639,0.8621,,,,0.8899,0.8192,0.8182
2046499,2/16/2026 11:48,benc,ws,8400,-125,c,ts,2/16/2026,6:48:04,0,,,0.5556,,,,,,,,,,,,,,,,,,,,,,,,,,,,,,,
2046540,2/16/2026 12:19,benc,ws,11300,-600,c,ts,2/16/2026,7:19:22,0,,,0.8571,,,,,,,,,,,,,,,,,,,,,,,,,,,,,,,
2046467,2/16/2026 11:19,benc,ws,15000,-220,c,ts,2/16/2026,6:19:28,0,,,0.6875,,,,,,,,,,,,,,,,,,,,,,,,,,,,,,,
2046468,2/16/2026 11:20,benc,ws,8700,-220,c,ts,2/16/2026,6:20:51,0,,,0.6875,,,,,,,,,,,,,,,,,,,,,,,,,,,,,,,
2047407,2/16/2026 22:21,bick,ws,7500,-132,d,ts,2/16/2026,17:21:58,0,,,0.569,l,0.6226,0.7143,0.7143,0.569,0.6894,0.6894,0.6454,0.7101,0.7101,0.6875,0.6875,0.6875,,,,,,,,,,,,,,,,0.5951,0.6599,0.6599
2047083,2/16/2026 19:56,brun,ws,9300,-145,c,ts,2/16/2026,14:56:20,0,,,0.5918,w,0.7222,0.697,0.697,0.6503,0.6047,0.6047,0.661,0.639,0.639,0.5918,0.5918,0.5745,,,,,,,,,,,,,,,,0.6226,0.6016,0.6
2047066,2/16/2026 19:49,brun,ws,5600,240,c,ts,2/16/2026,14:49:57,0,,,0.2941,w,0.3774,,,0.3559,,,0.3846,,,0.2941,,,,,,,,,,,,,,,,,,0.3279,,
2046317,2/16/2026 8:47,butv,ws,3300,160,c,ts,2/16/2026,3:47:40,0,,,0.3846,,,,,,,,,,,,,,,,,,,,,,,,,,,,,,,
2047273,2/16/2026 21:12,chah,ws,6300,140,c,ts,2/16/2026,16:12:05,0,,,0.4167,,0.4878,,,0.4926,,,,,,0.4545,,,,,,,,,,,,0.5,,,,,,0.4525,,
2047245,2/16/2026 21:01,chah,ws,33300,-250,l,ts,2/16/2026,16:01:14,0,,,0.7143,,0.8276,0.6226,0.6226,0.8095,0.8095,0.6552,,,,0.8333,0.6667,0.6667,,,,,,,,,,0.7143,0.6721,0.6721,,,,0.7934,0.6255,0.6094
2047217,2/16/2026 20:48,chah,ws,7800,-220,c,ts,2/16/2026,15:48:33,0,,,0.6875,,0.7872,0.6875,0.6875,0.7976,0.697,0.697,,,,0.6875,0.6875,0.6875,,,,,,,,,,0.7143,0.7143,0.7143,,,,0.7076,0.6564,0.6564
2047222,2/16/2026 20:49,chah,ws,16500,-550,c,ts,2/16/2026,15:49:59,0,,,0.8462,,0.9355,0.8571,0.8571,0.9275,0.8649,0.8649,,,,0.8462,0.8462,0.8462,,,,,,,,,,0.8876,0.8734,0.8758,,,,0.8672,0.8236,0.8246
2047187,2/16/2026 20:35,chel,ws,13300,135,f,ts,2/16/2026,15:35:20,0,,,0.4255,,0.4255,,0.4255,0.6296,,,0.5816,,0.5215,0.5455,,,,,,,,,,,,,,,,,,0.4902,,
2047091,2/16/2026 19:56,chel,ws,3800,200,f,ts,2/16/2026,14:56:55,0,,,0.3333,,0.3333,0.3333,,0.3984,0.3984,,0.4348,0.4202,,0.4348,0.4348,,,,,,,,,,,,,,,,,0.3559,0.3484,
2047084,2/16/2026 19:56,chel,ws,3500,185,f,ts,2/16/2026,14:56:22,0,,,0.3509,,0.3509,,0.3774,0.4274,,0.4717,0.4444,,0.4608,0.4651,,0.4651,,,,,,,,,,,,,,,,0.3704,,0.3922
2047098,2/16/2026 20:02,chel,ws,3200,165,c,ts,2/16/2026,15:02:18,0,,,0.3774,,0.4255,0.3636,0.3636,0.4587,0.3876,0.3876,0.4717,0.4255,0.4255,0.3774,0.3774,0.3774,,,,,,,,,,,,,,,,0.3953,0.3497,0.3497
2046306,2/16/2026 8:43,crao,ws,5700,104,b,ts,2/16/2026,3:43:10,0,,,0.4902,,,,,,,,,,,,,,,,,,,,,,,,,,,,,,,
2046350,2/16/2026 9:10,crao,ws,5800,150,c,ts,2/16/2026,4:10:45,0,,,0.4,,,,,,,,,,,,,,,,,,,,,,,,,,,,,,,
2046347,2/16/2026 9:09,crao,ws,3500,185,f,ts,2/16/2026,4:09:21,0,,,0.3509,,,,,,,,,,,,,,,,,,,,,,,,,,,,,,,
2046426,2/16/2026 10:01,crao,ws,12300,-2000,c,ts,2/16/2026,5:01:25,0,,,0.9524,,,,,,,,,,,,,,,,,,,,,,,,,,,,,,,
2046962,2/16/2026 18:28,dalm,ws,62500,-200,c,ts,2/16/2026,13:28:39,0,,,0.6667,,0.8889,0.6667,0.6667,0.9029,0.6711,0.6711,0.9091,0.726,0.726,0.6667,0.6667,0.6667,,,,,,,,,,,,,,,,0.8405,0.6416,0.6416
2046908,2/16/2026 17:06,dalm,ws,7100,-168,d,ts,2/16/2026,12:06:24,0,,,0.6269,,0.7297,0.7674,0.7674,0.6269,,,0.6923,0.6923,0.726,0.7059,0.7368,0.7368,,,,,,,,,,,,,,,,0.6491,,
2046910,2/16/2026 17:22,dalm,ws,10900,-200,c,ts,2/16/2026,12:22:44,0,,,0.6667,,0.7368,0.6774,0.6774,0.7647,0.6979,0.6979,0.759,0.697,0.697,0.6667,0.6667,0.6667,,,,,,,,,,,,,,,,0.697,0.6403,0.6403
2046913,2/16/2026 17:43,dalm,ws,11600,120,c,ts,2/16/2026,12:43:25,0,,,0.4545,,0.5652,,0.4878,0.5633,,0.4739,0.5536,,0.4854,0.4545,,0.4545,,,,,,,,,,,,,,,,0.5074,,0.4405
2046470,2/16/2026 11:22,ferl,ws,7100,106,d,ts,2/16/2026,6:22:23,0,,,0.4854,,,,,,,,,,,,,,,,,,,,,,,,,,,,,,,
2046552,2/16/2026 12:27,ferl,ws,4100,230,c,ts,2/16/2026,7:27:20,0,,,0.303,,,,,,,,,,,,,,,,,,,,,,,,,,,,,,,
2046514,2/16/2026 12:01,ferl,ws,13300,-160,c,ts,2/16/2026,7:01:39,0,,,0.6154,,,,,,,,,,,,,,,,,,,,,,,,,,,,,,,
2046473,2/16/2026 11:25,ferl,ws,3200,150,d,ts,2/16/2026,6:25:47,0,,,0.4,,,,,,,,,,,,,,,,,,,,,,,,,,,,,,,
2046484,2/16/2026 11:33,frie,ws,10600,135,c,ts,2/16/2026,6:33:54,0,,,0.4255,,,,,,,,,,,,,,,,,,,,,,,,,,,,,,,
2046459,2/16/2026 11:12,frie,ws,9800,149,d,ts,2/16/2026,6:12:04,0,,,0.4016,,,,,,,,,,,,,,,,,,,,,,,,,,,,,,,
2047319,2/16/2026 21:37,gast,ws,3100,175,c,ts,2/16/2026,16:37:38,0,,,0.3636,w,0.4255,0.4082,0.4082,0.4425,0.3571,0.3623,0.4255,0.4255,0.4082,0.3636,0.3636,0.3636,,,,,,,,,,,,,,,,0.3802,0.365,0.3571
2047346,2/16/2026 22:00,gast,ws,19100,-300,c,ts,2/16/2026,17:00:37,0,,,0.75,w,0.8571,0.7778,0.7778,0.8054,0.7442,0.7442,0.8413,0.7701,0.7701,0.75,0.75,0.7222,,,,,,,,,,,,,,,,0.7895,0.7222,0.7207
2047349,2/16/2026 22:01,gast,ws,37900,-300,c,ts,2/16/2026,17:01:49,0,,,0.75,w,0.8889,0.8113,0.8113,0.8649,0.7561,0.7561,0.8773,0.7895,0.7895,0.75,0.75,0.75,,,,,,,,,,,,,,,,0.8291,0.7455,0.7455
2047355,2/16/2026 22:03,gast,ws,12800,-600,c,ts,2/16/2026,17:03:20,0,,,0.8571,w,0.9286,0.8947,0.8947,0.8958,0.8684,0.8684,0.9177,0.8851,0.8851,0.8571,0.8571,0.8571,,,,,,,,,,,,,,,,0.8724,0.8418,0.8418
2046421,2/16/2026 9:53,geer,ws,6000,-260,f,ts,2/16/2026,4:53:58,0,,,0.7222,,,,,,,,,,,,,,,,,,,,,,,,,,,,,,,
2046423,2/16/2026 9:55,geer,ws,47400,-550,c,ts,2/16/2026,4:55:00,0,,,0.8462,,,,,,,,,,,,,,,,,,,,,,,,,,,,,,,
2046420,2/16/2026 9:53,geer,ws,8000,-260,f,ts,2/16/2026,4:53:14,0,,,0.7222,,,,,,,,,,,,,,,,,,,,,,,,,,,,,,,
2046895,2/16/2026 16:33,geor,ws,6200,-105,c,ts,2/16/2026,11:33:23,0,,,0.5122,l,0.5745,,0.5455,0.5536,,0.5434,0.6109,,0.5816,0.5122,,0.5122,,,,,,,,,,,,,,,,0.537,,0.5122
2046954,2/16/2026 18:23,geor,ws,21500,-170,c,ts,2/16/2026,13:23:53,0,,,0.6296,l,0.7561,,0.661,0.7076,,0.6269,0.759,,0.7015,0.6296,,0.6296,,,,,,,,,,,,,,,,0.6923,,0.6212
2047824,2/17/2026 0:33,giro,ws,15200,-1600,c,ts,2/16/2026,19:33:57,0,,,0.9412,w,,,,0.9796,0.9796,,,,0.9524,0.9412,0.9412,0.9524,0.9836,0.9836,0.9836,0.972,0.9627,0.9533,,,,,0.9704,0.9751,,,,0.9495,0.9386,0.9328
2047536,2/16/2026 23:11,giro,ws,9200,-150,c,ts,2/16/2026,18:11:30,0,,,0.6,w,0.7015,0.7015,0.7015,0.6764,0.6078,0.5745,0.6825,0.6139,0.6139,0.6,0.6,0.6,0.6923,0.6296,0.6296,0.6667,0.6269,0.6269,,,,0.6364,0.6429,0.6429,,,,0.6296,0.6,0.5984
2046405,2/16/2026 9:35,grac,ws,35100,-220,c,ts,2/16/2026,4:35:28,0,,,0.6875,,,,,,,,,,,,,,,,,,,,,,,,,,,,,,,
2046267,2/16/2026 7:56,grac,ws,11400,-280,c,ts,2/16/2026,2:56:20,0,,,0.7368,,0.0769,0.0769,0.0769,0.0602,0.0602,0.0602,0.0909,0.0909,0.0909,0.0909,0.0909,0.0909,0.0714,0.0714,0.0714,,,,,,,,,,,,,0.0396,0.0396,0.0396
2046271,2/16/2026 8:11,grac,ws,11100,-400,c,ts,2/16/2026,3:11:19,0,,,0.8,,,,,,,,,,,,,,,,,,,,,,,,,,,,,,,
2046418,2/16/2026 9:41,grac,ws,33100,-470,l,ts,2/16/2026,4:41:33,0,,,0.8246,,,,,,,,,,,,,,,,,,,,,,,,,,,,,,,
2046971,2/16/2026 18:35,hewi,ws,11500,-600,c,ts,2/16/2026,13:35:54,0,,,0.8571,w,0.92,0.92,,0.9057,0.9057,,,,,0.8571,0.8889,,,,,,,,,,,0.9388,0.9057,,,,,0.8759,0.8711,
2046939,2/16/2026 18:16,hewi,ws,11400,-680,d,ts,2/16/2026,13:16:09,0,,,0.8718,w,0.8947,0.9355,0.9355,0.8718,0.9286,,,,,0.9524,0.9333,0.9333,,,,,,,,,,0.9291,0.9568,0.955,,,,0.8761,0.8997,
2047891,2/17/2026 0:47,igor,ws,3300,170,f,ts,2/16/2026,19:47:17,0,,,0.3704,,0.3704,0.3704,0.4,0.4202,0.4202,0.4219,,,,0.4444,0.4444,0.4444,0.4348,0.4348,0.4651,0.4274,0.4484,0.4695,,,,0.4444,0.4651,0.4651,,,,0.3891,0.4,0.4115
2047704,2/17/2026 0:00,igor,ws,8700,-110,c,ts,2/16/2026,19:00:07,0,,,0.5238,,0.6,,0.5455,0.6063,,0.5169,,,,0.5238,,0.5238,0.6154,,0.5455,0.5868,,0.5575,,,,0.6,,0.5745,,,,0.5595,,0.5192
2047701,2/16/2026 23:57,igor,ws,7200,-110,c,ts,2/16/2026,18:57:18,0,,,0.5238,,0.5652,,0.5,0.6124,,0.6124,,,,0.5238,,0.5238,0.6154,,0.6,0.5781,,0.4878,,,,0.6226,,0.5455,,,,0.5516,,0.495
2047689,2/16/2026 23:50,igor,ws,7000,159,d,ts,2/16/2026,18:50:36,0,,,0.3861,,0.4545,0.4651,,0.4348,0.4032,,,,,0.4651,0.4651,,0.4545,,,0.4484,0.4587,,,,,0.4651,0.4651,,,,,0.4255,0.4274,
2046685,2/16/2026 14:29,kals,ws,6800,-125,c,ts,2/16/2026,9:29:40,0,,,0.5556,w,,,,,,,,,,,,,,,,,,,,,,,,,,,,,,
2046777,2/16/2026 15:14,kals,ws,12300,-220,c,ts,2/16/2026,10:14:05,0,,,0.6875,w,0.7727,,0.7059,0.7361,,0.705,0.7701,,0.7015,0.6875,,0.6875,0.7647,,0.6825,,,,,,,0.75,,0.726,0.999,,0.999,0.7191,,0.6689
2046812,2/16/2026 15:33,kals,ws,12200,-210,c,ts,2/16/2026,10:33:05,0,,,0.6774,w,0.7778,,0.7143,0.7429,,0.6732,0.7531,,0.6875,0.6774,,0.6774,0.7778,,0.6667,,,,,,,0.7297,,0.7059,,,,0.711,,0.6564
2046843,2/16/2026 15:41,kals,ws,10500,-680,d,ts,2/16/2026,10:41:19,0,,,0.8718,w,0.931,0.931,0.931,0.8718,0.8718,0.8718,0.9177,0.9177,0.9177,0.9,0.7917,0.7917,0.9,0.9,0.9,,,,,,,0.9194,0.9194,0.8621,,,,0.883,0.8764,0.859
2047499,2/16/2026 23:04,lajo,ws,18400,-500,l,ts,2/16/2026,18:04:16,0,,,0.8333,w,0.8824,0.8,0.8,0.8864,0.8141,0.8141,0.901,0.7826,0.7826,,0.8,0.8,0.9,0.9,0.8182,0.8684,0.8208,0.7921,,,,0.8333,0.8333,0.8333,,,,0.8588,0.7778,0.7701
2046462,2/16/2026 11:13,leec,ws,9500,-150,c,ts,2/16/2026,6:13:47,0,,,0.6,,,,,,,,,,,,,,,,,,,,,,,,,,,,,,,
2046466,2/16/2026 11:17,leec,ws,8600,-130,c,ts,2/16/2026,6:17:03,0,,,0.5652,,,,,,,,,,,,,,,,,,,,,,,,,,,,,,,
2046500,2/16/2026 11:48,leec,ws,8700,-170,c,ts,2/16/2026,6:48:10,0,,,0.6296,,,,,,,,,,,,,,,,,,,,,,,,,,,,,,,
2046893,2/16/2026 16:27,mal,ws,15800,-2000,c,ts,2/16/2026,11:27:45,0,,,0.9524,w,0.9804,,0.9474,0.9853,,0.951,,,,0.9524,,0.9615,,,,,,,,,,,,,,,,0.9594,,0.9265
2046850,2/16/2026 15:44,mal,ws,9200,-780,d,ts,2/16/2026,10:44:13,0,,,0.8864,w,0.9286,,,0.8864,,,,,,0.9524,,,,,,,,,,,,,,,,,,0.8951,,
2046868,2/16/2026 15:59,mal,ws,32000,-1000,c,ts,2/16/2026,10:59:43,0,,,0.9091,w,0.9677,0.9677,0.9677,0.9565,0.9565,0.9565,,,,0.9091,0.9091,0.9091,,,,,,,,,,,,,,,,0.9347,0.9347,0.9347
2047271,2/16/2026 21:11,mena,ws,28100,-140,c,ts,2/16/2026,16:11:23,0,,,0.5833,,0.7222,0.5918,0.5918,0.7347,0.6,0.6,0.7531,0.6255,0.6255,0.5833,0.5833,0.5833,,,,,,,,,,,,,,,,0.6805,0.5652,0.5652
2047244,2/16/2026 21:00,mena,ws,15700,100,c,ts,2/16/2026,16:00:22,0,,,0.5,,0.6226,0.5556,0.5556,0.5798,0.505,0.505,0.6183,0.5495,0.5495,0.5,0.5,0.5,,,,,,,,,,,,,,,,0.5652,0.5,0.5
2047173,2/16/2026 20:29,mena,ws,24000,-200,c,ts,2/16/2026,15:29:34,0,,,0.6667,,0.7917,0.6774,0.6774,0.8095,0.7015,0.7041,0.7753,0.6667,0.6454,0.6667,0.6667,0.6667,,,,,,,,,,,,,,,,0.7333,0.6337,0.6255
2047221,2/16/2026 20:49,mena,ws,12700,165,c,ts,2/16/2026,15:49:29,0,,,0.3774,,0.5238,0.4444,0.4444,0.4673,,,0.4831,0.4,0.4167,0.3774,0.3774,0.3774,,,,,,,,,,,,,,,,0.4444,,
2047128,2/16/2026 20:18,mich,ws,8500,-108,f,ts,2/16/2026,15:18:51,0,,,0.5192,w,0.5192,0.5192,,0.6154,0.6154,,0.5968,0.5968,,0.5833,0.5833,,0.6154,0.6154,,,,,,,,0.6226,0.6,,,,,0.5556,0.5475,
2047117,2/16/2026 20:13,nefv,ws,10100,-220,c,ts,2/16/2026,15:13:22,0,,,0.6875,,0.7778,0.7368,0.7368,0.7519,0.7085,0.7085,0.7701,0.7101,0.7101,0.6875,0.6875,0.6875,,,,,,,,,,,,,,,,0.7135,0.6711,0.6711
2047306,2/16/2026 21:33,ofne,ws,6500,135,c,ts,2/16/2026,16:33:07,0,,,0.4255,l,0.5,,0.4545,0.5,,0.4405,0.5098,,0.4608,0.4255,,0.4255,,,,,,,,,,,,,,,,0.4587,,0.4115
2047312,2/16/2026 21:34,ofne,ws,21800,100,c,ts,2/16/2026,16:34:56,0,,,0.5,l,0.6296,0.5238,0.5238,0.7403,0.5238,0.5238,0.6364,0.5556,0.5556,0.5,0.5,0.5,,,,,,,,,,,,,,,,0.5902,0.495,0.495
2046813,2/16/2026 15:33,ruzi,ws,5400,-135,d,ts,2/16/2026,10:33:31,0,,,0.5745,w,0.6154,0.6364,0.6364,0.5745,0.6,0.5935,0.6454,0.6454,0.6667,0.6296,0.6296,0.6296,0.6154,0.6154,0.6154,0.6169,0.6364,0.6269,,,,0.6429,0.6429,0.6491,,,,0.5935,0.5968,0.6032
2046590,2/16/2026 13:32,ruzi,ws,3400,153,d,ts,2/16/2026,8:32:57,0,,,0.3953,w,,,,,,,,,,,,,,,,,,,,,,,,,,,,,,
2046605,2/16/2026 13:45,ruzi,ws,6100,-150,c,ts,2/16/2026,8:45:49,0,,,0.6,w,,,,,,,,,,,,,,,,,,,,,,,,,,,,,,
2046693,2/16/2026 14:34,ruzi,ws,7900,-320,c,ts,2/16/2026,9:34:29,0,,,0.7619,w,,,,,,,,,,,,,,,,,,,,,,,,,,,,,,
2046947,2/16/2026 18:21,sach,ws,1100,960,d,ts,2/16/2026,13:21:21,0,,,0.0943,l,0.1667,0.1667,0.1667,0.0943,0.0917,0.0917,0.1818,0.1905,0.1905,0.1333,0.1333,0.1333,,,,,,,,,,,,,,,,0.117,0.1196,0.1196
2046945,2/16/2026 18:21,sach,ws,2100,990,d,ts,2/16/2026,13:21:05,0,,,0.0917,l,0.1667,,0.1667,0.0917,,0.1042,0.1905,,0.1905,0.1538,,0.2,,,,,,,,,,,,,,,,0.1217,,0.1294
2046948,2/16/2026 18:21,sach,ws,2600,1140,d,ts,2/16/2026,13:21:41,0,,,0.0806,l,0.1667,,0.1667,0.0806,,0.0806,0.1818,,0.1818,0.125,,0.125,,,,,,,,,,,,,,,,0.1147,,0.1147
2046937,2/16/2026 18:15,sach,ws,9700,140,c,ts,2/16/2026,13:15:10,0,,,0.4167,l,0.5238,0.4444,0.4444,0.5192,,,0.5074,0.4444,0.4444,0.4167,0.4167,0.4167,,,,,,,,,,,,,,,,0.4651,,
2047022,2/16/2026 19:11,scot,ws,3400,160,c,ts,2/16/2026,14:11:56,0,,,0.3846,l,0.4762,,0.4255,0.4274,,0.3831,,,,0.3846,,0.3846,,,,,,,,,,0.4444,,0.4167,,,,0.4065,,0.3731
2047015,2/16/2026 19:01,scot,ws,3900,237,d,ts,2/16/2026,14:01:31,0,,,0.2967,l,0.3774,0.3922,0.3922,0.2967,0.3521,0.3509,,,,0.3636,0.3636,0.3636,,,,,,,,,,0.3636,0.3846,0.3846,,,,0.3205,0.3425,0.3425
2047012,2/16/2026 18:59,scot,ws,5100,160,c,ts,2/16/2026,13:59:17,0,,,0.3846,l,0.4348,0.4348,0.3922,0.4808,0.4808,0.4808,,,,0.3846,0.4255,0.4255,,,,,,,,,,0.4762,0.4255,0.4255,,,,0.4115,0.4032,0.3788
2046976,2/16/2026 18:40,scot,ws,12600,158,d,ts,2/16/2026,13:40:33,0,,,0.3876,l,0.5327,,0.5327,0.3876,,0.4405,,,,0.4762,,0.4762,,,,,,,,,,0.4878,,0.5,,,,0.4525,,0.4651
2047640,2/16/2026 23:36,sebo,ws,11200,210,c,ts,2/16/2026,18:36:07,0,,,0.3226,w,0.4545,,0.3125,0.4115,,0.3021,,,,0.3226,,0.3226,,,,,,,,,,0.3571,,0.2985,,,,0.3509,,0.274
2047635,2/16/2026 23:35,sebo,ws,10700,205,l,ts,2/16/2026,18:35:09,0,,,0.3279,w,0.4545,0.3333,0.3333,0.4115,0.2976,0.2976,,,,0.3333,0.3333,0.3636,,,,,,,,,,0.3279,0.3175,0.3175,,,,0.3891,0.2833,0.2857
2047444,2/16/2026 22:29,sebo,ws,6300,116,d,ts,2/16/2026,17:29:52,0,,,0.463,w,0.5122,0.5455,0.5455,0.463,0.5192,0.5192,,,,0.5652,0.5652,0.5652,,,,,,,,,,0.5556,0.5745,0.5745,,,,0.4926,0.5146,0.5146
2046787,2/16/2026 15:19,sini,ws,3000,199,d,ts,2/16/2026,10:19:37,0,,,0.3344,l,0.3636,0.3922,0.3922,0.3344,0.3861,0.3861,0.4,0.4255,0.4255,0.4167,0.4167,0.4167,0.3846,0.3846,0.4,,,,,,,0.4082,0.4167,0.4167,0.3676,0.3968,0.3968,0.3521,0.3704,0.3704
2047139,2/16/2026 20:21,stom,ws,4500,150,c,ts,2/16/2026,15:21:08,0,,,0.4,w,0.4762,0.4762,0.4255,0.4854,0.4854,0.4098,,,,0.4,0.4,0.4,,,,,,,,,,0.4545,0.4167,0.4082,,,,0.4237,0.4082,0.3817
2047278,2/16/2026 21:15,stom,ws,6200,-180,c,ts,2/16/2026,16:15:26,0,,,0.6429,w,0.7059,,0.7059,0.7151,,0.7126,,,,0.6774,,0.6429,,,,,,,,,,0.7143,,0.7059,,,,0.6644,,0.6587
2047164,2/16/2026 20:27,stom,ws,6000,-130,c,ts,2/16/2026,15:27:45,0,,,0.5652,w,0.6667,0.6667,0.6078,0.6491,0.6491,0.6491,,,,0.5652,0.5652,0.5652,,,,,,,,,,0.6078,0.5918,0.5745,,,,0.5868,0.5798,0.5726
2047158,2/16/2026 20:25,stom,ws,10400,125,d,ts,2/16/2026,15:25:39,0,,,0.4444,w,0.5556,0.5556,0.5556,0.4444,0.5098,0.5098,,,,0.5455,0.5455,0.5455,,,,,,,,,,0.5349,0.5238,0.5122,,,,0.495,0.5122,0.5122
2047140,2/16/2026 20:21,wayn,ws,20000,-620,d,ts,2/16/2026,15:21:30,0,,,0.8611,w,0.931,0.96,0.96,0.8611,0.9231,0.9231,0.9434,0.9709,0.9709,0.8889,0.9333,0.9333,,,,,,,,,,,,,,,,0.8843,0.9248,0.9248
2047050,2/16/2026 19:36,wayn,ws,21300,-500,c,ts,2/16/2026,14:36:56,0,,,0.8333,w,0.9167,,,0.9123,,,0.901,,,0.8333,,,,,,,,,,,,,,,,,,0.863,,
2047119,2/16/2026 20:15,wong,ws,27200,-1600,c,ts,2/16/2026,15:15:49,0,,,0.9412,w,0.9756,0.9524,,0.9828,0.963,,,0.9524,,0.9412,0.9412,,0.9836,0.9615,,0.972,0.9439,,,,,,,,,,,0.9554,0.9298,
2046972,2/16/2026 18:36,wong,ws,1900,559,d,ts,2/16/2026,13:36:04,0,,,0.1517,w,0.1961,0.1961,0.1961,0.1517,0.1912,0.1912,0.2105,0.2105,0.2,0.2381,0.2381,0.2381,0.1818,0.1818,0.2,0.1905,0.1905,0.1802,,,,0.2083,0.2041,0.202,,,,0.1656,0.1661,0.1626
2047010,2/16/2026 18:58,wong,ws,21500,-135,l,ts,2/16/2026,13:58:53,0,,,0.5745,w,0.7436,0.5556,,0.7183,0.5726,,0.7143,0.7143,,0.5455,0.5455,,0.7647,0.7647,,0.705,0.6169,,,,,0.5745,0.5833,,,,,0.6503,0.5935,
2047060,2/16/2026 19:47,wong,ws,16300,-110,l,ts,2/16/2026,14:47:03,0,,,0.5238,w,0.6491,,,0.6109,,,0.6032,,,0.5349,,,0.6154,,,0.6169,,,,,,0.5238,,,,,,0.5885,,
2049798,2/17/2026 17:57,alcz,ws,20200,-2400,d,ts,2/17/2026,12:57:44,0,,,0.96,w,0.9877,0.9877,0.9877,0.96,,0.96,,,,0.9868,0.9868,0.9868,0.9756,0.9756,0.9756,,,,,,,,,,,,,0.9673,,0.9673
2049836,2/17/2026 18:17,alcz,ws,17500,-770,b,ts,2/17/2026,13:17:23,0,,,0.8851,w,0.9524,,0.9412,0.9231,,0.9242,0.8851,,0.9434,0.9524,,0.9524,0.9615,,0.9,,,,,,,0.939,,0.9291,0.953,,0.919,0.9034,,0.903
2049833,2/17/2026 18:16,alcz,ws,18900,-940,d,ts,2/17/2026,13:16:35,0,,,0.9038,w,0.931,,0.9474,0.9038,,0.9444,0.9524,,0.9804,0.9722,,0.9722,0.9231,,0.9615,,,,,,,0.973,,0.9842,0.97,,0.97,0.9204,,0.9405
2051251,2/18/2026 0:58,baez,ws,16700,-210,c,ts,2/17/2026,19:58:55,0,,,0.6774,l,0.7619,0.7059,0.7059,0.7821,0.7382,0.7382,0.7701,0.726,0.726,0.6774,0.6774,0.6774,0.8,0.75,0.75,0.7537,0.705,0.705,,,,0.7531,0.7531,0.7531,,,,0.723,0.6885,0.6855
2051320,2/18/2026 1:04,baez,ws,7200,-210,c,ts,2/17/2026,20:04:43,0,,,0.6774,l,0.7143,0.661,0.661,0.7423,0.7423,0.6644,0.7753,0.7753,0.7059,0.6774,0.6774,0.6774,0.75,0.75,0.6825,0.7151,0.705,0.6667,,,,0.7333,0.7059,0.7059,,,,0.696,0.6785,0.6491
2050894,2/18/2026 0:35,baez,ws,6800,-185,f,ts,2/17/2026,19:35:36,0,,,0.6491,l,0.6491,,,0.6835,,,0.726,,,0.75,,,0.6825,,,0.6855,,,,,,0.7403,,,,,,0.6689,,
2051963,2/18/2026 1:41,baez,ws,4900,135,c,ts,2/17/2026,20:41:17,0,,,0.4255,l,0.4878,0.4878,0.4878,0.5,0.5,0.505,0.4651,0.4651,0.4651,0.4255,0.4255,0.4255,0.4762,0.4762,0.4762,0.4975,0.4878,0.4695,,,,0.5,0.4878,0.4878,,,,0.4505,0.4484,0.4464
2049561,2/17/2026 14:58,bain,ws,7800,-208,d,ts,2/17/2026,9:58:53,0,,,0.6753,w,0.7561,0.7561,0.7561,0.6753,0.7085,0.7085,,,,0.7059,0.7059,0.7059,,,,,,,,,,,,,0.7319,0.7319,0.7319,0.696,0.6997,0.6997
2049572,2/17/2026 15:04,bain,ws,9100,-550,c,ts,2/17/2026,10:04:58,0,,,0.8462,w,0.9048,0.9048,0.875,0.8876,0.8876,0.8438,,,,0.8462,0.8462,0.8462,,,,,,,,,,,,,0.8789,0.8538,0.8538,0.8578,0.8387,0.8264
2049526,2/17/2026 14:37,bain,ws,6400,-182,d,ts,2/17/2026,9:37:47,0,,,0.6454,w,0.7297,,0.7222,0.6454,,0.6283,,,,0.6667,,0.6667,,,,,,,,,,,,,0.7067,,0.7015,0.6633,,0.6564
2049675,2/17/2026 16:09,berg,ws,6000,-161,d,ts,2/17/2026,11:09:23,0,,,0.6169,w,0.6491,0.7368,0.7368,0.6169,0.7207,,0.661,0.7333,0.7333,0.7619,0.7619,0.7619,0.6491,0.6491,0.7333,,,,,,,0.7183,0.75,0.7561,0.7041,0.7537,0.7625,0.635,0.6979,0.705
2049676,2/17/2026 16:09,berg,ws,6900,-147,d,ts,2/17/2026,11:09:33,0,,,0.5951,w,0.6491,0.6491,0.6491,0.5951,0.6169,0.6169,0.661,0.661,0.661,0.6774,0.6774,0.7619,0.6296,0.6296,0.6491,,,,,,,0.6721,0.6721,0.7183,0.6633,0.7041,0.7041,0.6183,0.6183,0.635
2050238,2/17/2026 21:49,berr,ws,7800,-382,d,ts,2/17/2026,16:49:32,0,,,0.7925,w,0.8462,0.8571,0.8571,0.7925,0.8371,0.8311,0.8551,0.8551,0.8701,0.8462,0.8462,0.8462,0.8333,0.8333,0.8667,0.8113,0.8208,0.8302,,,,0.8582,0.8667,0.8773,,,,0.8058,0.8201,0.827
2050179,2/17/2026 21:23,berr,ws,15300,-593,d,ts,2/17/2026,16:23:08,0,,,0.8557,w,0.931,0.9259,0.9259,0.8557,0.875,0.8718,0.901,0.901,0.9177,0.9,0.9,0.9,0.8824,0.8824,0.9,0.8874,0.8779,0.8969,,,,0.9213,0.9237,0.9257,,,,0.8741,0.8729,0.8819
2050056,2/17/2026 20:34,berr,ws,13400,-325,e,ts,2/17/2026,15:34:47,0,,,0.7647,w,0.8667,0.8113,0.8113,0.8322,0.7797,0.7797,0.8276,0.7895,0.7895,0.7917,0.7917,0.7917,0.7647,0.7647,0.7647,0.8494,0.8208,0.8302,,,,0.8131,0.8058,0.8058,,,,0.7988,0.7596,0.7596
2050116,2/17/2026 20:51,bura,ws,7200,-320,c,ts,2/17/2026,15:51:01,0,,,0.7619,w,0.8305,0.7872,0.7872,0.8182,0.7573,0.7573,0.8198,0.7895,0.7895,0.7619,0.7619,0.7619,,,,,,,,,,0.8058,0.798,0.798,0.7959,0.7959,0.7959,0.7788,0.7506,0.7506
2049960,2/17/2026 19:58,bura,ws,6300,-108,d,ts,2/17/2026,14:58:27,0,,,0.5192,w,0.5652,0.6154,0.6154,0.5192,0.5763,0.6047,,,,0.6154,0.6154,0.6154,,,,,,,,,,0.6078,0.6154,0.6154,0.6139,0.6139,0.6139,0.5434,0.5763,0.5885
2049370,2/17/2026 12:31,bust,ws,13100,-130,l,ts,2/17/2026,7:31:32,0,,,0.5652,,,,,0.7101,,0.5614,0.6825,,0.5349,0.5238,,0.5,0.7143,,0.5455,0.705,,0.5283,,,,0.5652,,0.5455,0.999,,0.999,0.6124,,0.5
2049350,2/17/2026 12:17,bust,ws,5200,151,d,ts,2/17/2026,7:17:18,0,,,0.3984,,0.4762,0.4762,0.4762,0.3984,0.4348,0.4348,0.4717,0.4717,0.4717,0.4762,0.5745,0.5745,0.4348,0.4348,0.4348,0.4274,0.4274,0.4274,,,,0.4651,0.4651,0.5349,0.999,0.999,0.5238,0.4255,0.431,0.4464
2049335,2/17/2026 12:12,bust,ws,5600,-134,d,ts,2/17/2026,7:12:29,0,,,0.5726,,0.6154,,0.6364,0.5726,,0.5833,0.6364,,0.639,0.6296,,0.6667,0.6154,,0.6154,0.6078,,0.6466,,,,0.6364,,0.6429,0.6109,,0.6047,0.5885,,0.5968
2049362,2/17/2026 12:28,bust,ws,6200,105,c,ts,2/17/2026,7:28:35,0,,,0.4878,,,,,0.5833,,,0.5885,,,0.6,,,0.5833,,,0.6169,,,,,,0.5238,,,0.999,,,0.5595,,
2049429,2/17/2026 13:44,carr,ws,3000,174,d,ts,2/17/2026,8:44:30,0,,,0.365,,0.4,0.4878,,0.365,0.4717,,0.3922,0.4348,,0.4762,0.4762,,0.4,0.4651,,,,,,,,0.4651,0.4762,,0.4608,0.4608,,0.3817,0.4329,
2050285,2/17/2026 22:13,cerj,ws,9000,-120,c,ts,2/17/2026,17:13:15,0,,,0.5455,w,0.6,,0.5652,0.6255,,0.569,0.639,,0.6032,0.5455,,0.5455,0.6296,,0.6,,,,,,,0.6154,,0.6154,,,,0.5781,,0.5536
2050383,2/17/2026 23:05,cerj,ws,3500,267,d,ts,2/17/2026,18:05:33,0,,,0.2725,w,0.3333,0.3704,0.3704,0.2725,0.339,0.339,0.3279,0.3636,0.3636,0.3636,0.3636,0.3636,0.3125,0.2857,0.3571,,,,,,,0.3448,0.3571,0.3571,,,,0.2941,0.3205,0.3247
2050559,2/17/2026 23:56,cerj,ws,61000,-495,l,ts,2/17/2026,18:56:08,0,,,0.8319,w,0.9412,0.8246,0.8246,0.9194,,,0.9524,0.8,0.8,,0.75,0.75,0.9474,0.8182,0.8182,,,,,,,0.8462,0.8319,0.8387,,,,0.9175,0.7763,0.7783
2050545,2/17/2026 23:54,cerj,ws,17700,-220,c,ts,2/17/2026,18:54:09,0,,,0.6875,w,0.8462,0.7368,0.7368,0.8148,0.7167,0.723,0.8485,0.726,0.7531,0.6875,0.6875,0.6875,0.8333,0.75,0.75,,,,,,,0.7619,0.7674,0.7674,,,,0.7738,0.7024,0.7093
2049275,2/17/2026 7:40,claj,ws,9900,-130,c,ts,2/17/2026,2:40:27,0,,,0.5652,,,,,,,,,,,,,,,,,,,,,,,,,,,,,,,
2049274,2/17/2026 7:39,claj,ws,10800,-120,c,ts,2/17/2026,2:39:03,0,,,0.5455,,,,,,,,,,,,,,,,,,,,,,,,,,,,,,,
2049262,2/17/2026 7:03,claj,ws,5500,175,c,ts,2/17/2026,2:03:53,0,,,0.3636,,,,,,,,,,,,,,,,,,,,,,,,,,,,,,,
2049271,2/17/2026 7:36,claj,ws,13300,130,c,ts,2/17/2026,2:36:22,0,,,0.4348,,,,,,,,,,,,,,,,,,,,,,,,,,,,,,,
2049594,2/17/2026 15:18,copp,ws,15100,-150,c,ts,2/17/2026,10:18:14,0,,,0.6,l,0.6875,0.6226,,0.7191,0.6364,,0.7143,0.6454,,0.6,0.6,,,,,,,,,,,,,,,,,0.6503,0.5935,
2049523,2/17/2026 14:36,copp,ws,4500,175,c,ts,2/17/2026,9:36:34,0,,,0.3636,l,0.4255,0.3509,0.3509,0.431,0.3559,0.3559,0.4545,0.3922,0.3922,0.3636,0.3636,0.3636,,,,,,,,,,,,,,,,0.3891,0.3268,0.3268
2049598,2/17/2026 15:19,copp,ws,12500,-160,c,ts,2/17/2026,10:19:18,0,,,0.6154,l,0.697,,,0.7268,,,0.7143,,,0.6154,,,,,,,,,,,,,,,,,,0.6552,,
2049958,2/17/2026 19:57,crok,ws,10800,102,d,ts,2/17/2026,14:57:58,0,,,0.495,w,0.5455,0.6154,0.6154,0.495,0.5918,0.5868,,,,0.6154,0.6154,0.6774,,,,,,,,,,0.6226,0.6429,0.6429,0.6226,0.6226,0.6269,0.5392,0.5798,0.5918
2050130,2/17/2026 20:58,crok,ws,19700,-1000,c,ts,2/17/2026,15:58:29,0,,,0.9091,w,0.9783,,0.9286,0.9783,,0.9167,,,,0.9091,,0.9,,,,,,,,,,0.9349,,0.934,0.931,,0.927,0.9258,,0.8899
2050023,2/17/2026 20:23,crok,ws,10600,-200,c,ts,2/17/2026,15:23:28,0,,,0.6667,w,0.7727,,0.6774,0.7403,,0.6575,,,,0.6667,,0.6875,,,,,,,,,,0.7333,,0.697,0.6914,,0.6865,0.696,,0.6416
2050033,2/17/2026 20:28,crok,ws,9500,-340,c,ts,2/17/2026,15:28:32,0,,,0.7727,w,0.8462,0.8462,0.7917,0.8264,0.8264,0.8264,,,,0.7727,0.7727,0.7727,,,,,,,,,,0.8319,0.8131,0.7826,0.8339,0.7748,0.7807,0.7904,0.7821,0.759
2049707,2/17/2026 16:25,dama,ws,3500,260,c,ts,2/17/2026,11:25:58,0,,,0.2778,l,0.3448,0.2564,0.2564,0.3497,0.2463,0.2463,0.3509,0.2817,0.2817,0.2778,0.2778,0.2778,,,,,,,,,,,,,,,,0.2994,0.2252,0.2252
2049501,2/17/2026 14:23,dama,ws,24000,-550,c,ts,2/17/2026,9:23:21,0,,,0.8462,l,0.9286,0.8947,0.8947,0.8969,0.854,0.854,0.9259,0.8851,0.8851,0.8462,0.8462,0.8462,,,,,,,,,,,,,,,,0.8768,0.8403,0.8403
2049671,2/17/2026 16:07,dama,ws,10900,-125,c,ts,2/17/2026,11:07:20,0,,,0.5556,l,0.6364,0.5556,,0.6667,0.5495,,0.639,0.5633,,0.5556,0.5556,,,,,,,,,,,,,,,,,0.5951,0.5169,
2049503,2/17/2026 14:24,dama,ws,8500,-367,d,ts,2/17/2026,9:24:57,0,,,0.7859,l,0.8667,0.875,0.875,0.7859,0.8099,0.8221,0.8413,0.8413,0.8621,0.8182,0.8182,0.8182,,,,,,,,,,,,,,,,0.8008,0.8069,0.8148
2051002,2/18/2026 0:42,day,ws,37600,-1300,d,ts,2/17/2026,19:42:11,0,,,0.9286,w,0.9783,0.9804,0.9804,0.9286,,,,,,0.9804,0.9804,0.9804,,,,,,,,,,,,,,,,0.952,,
2049851,2/17/2026 18:53,dejo,ws,4300,540,b,ts,2/17/2026,13:53:02,0,,,0.1562,,0.25,0.2083,,0.2674,0.216,,0.1562,0.1562,,0.2632,0.2632,,0.25,0.2222,,,,,,,,0.2469,0.2247,,0.2101,0.2101,,0.1919,0.1656,
2049877,2/17/2026 19:19,dejo,ws,5400,540,b,ts,2/17/2026,14:19:25,0,,,0.1562,,0.2564,0.2083,0.2083,0.2558,0.2212,0.2212,0.1562,0.1562,0.1562,0.2941,0.2941,0.3636,0.2667,0.2222,0.2222,,,,,,,0.2985,0.3175,0.3509,0.2353,0.2353,0.3356,0.2119,0.1631,0.2096
2050379,2/17/2026 23:02,dial,ws,10700,-180,d,ts,2/17/2026,18:02:08,0,,,0.6429,l,0.7222,0.7778,0.7778,0.6429,0.7468,0.7468,0.7015,0.7531,0.7531,0.7222,0.7222,0.7222,0.6923,0.7647,0.7647,0.6951,0.7151,0.763,,,,0.7561,0.7727,0.7727,,,,0.6732,0.7167,0.726
2050396,2/17/2026 23:11,dial,ws,8900,105,c,ts,2/17/2026,18:11:17,0,,,0.4878,l,0.5918,,,0.5763,,,0.5595,,,0.4878,,,0.5652,,,0.5781,,,,,,0.5349,,,,,,0.5283,,
2050374,2/17/2026 23:01,dial,ws,16100,-180,c,ts,2/17/2026,18:01:22,0,,,0.6429,l,0.7619,0.6667,,0.7268,0.6429,,0.7409,0.6825,,0.6429,0.6429,,0.75,0.6491,,0.7436,0.6951,,,,,0.6774,0.6774,,,,,0.6904,0.6377,
2049653,2/17/2026 15:57,dodo,ws,6600,-180,c,ts,2/17/2026,10:57:36,0,,,0.6429,,0.7143,0.7143,0.6875,0.7238,0.7238,0.7076,,,,0.6429,0.6429,0.6552,,,,,,,,,,,,,0.6914,0.6753,0.6753,0.6622,0.6552,0.6441
2049721,2/17/2026 16:33,dodo,ws,7100,-400,c,ts,2/17/2026,11:33:27,0,,,0.8,,0.8571,0.7917,0.7917,0.845,0.7959,,,,,0.8,0.8,0.8,,,,,,,,,,,,,0.8047,0.7959,0.798,0.8117,0.7602,
2049651,2/17/2026 15:57,dodo,ws,8500,-160,c,ts,2/17/2026,10:57:12,0,,,0.6154,,0.6875,0.6875,0.661,0.7067,0.7067,0.6753,,,,0.6154,0.6154,0.6154,,,,,,,,,,,,,0.6667,0.6516,0.6516,0.6416,0.631,0.6198
2049746,2/17/2026 16:51,dodo,ws,25700,-2000,c,ts,2/17/2026,11:51:53,0,,,0.9524,,0.9836,0.9836,0.9722,0.9873,0.9873,0.9778,,,,0.9524,0.9524,0.9524,,,,,,,,,,,,,0.999,0.983,0.983,0.9633,0.9558,0.9494
2051159,2/18/2026 0:50,dzum,ws,4500,400,c,ts,2/17/2026,19:50:46,0,,,0.2,w,0.2564,,,0.2809,,,0.2941,,,0.2,,,0.2667,,,,,,,,,,,,,,,0.2304,,
2051254,2/18/2026 0:59,dzum,ws,7000,320,c,ts,2/17/2026,19:59:06,0,,,0.2381,w,0.3226,0.2381,0.2381,0.3322,0.2525,0.2525,0.3279,0.2667,0.2667,0.2381,0.2381,0.2381,0.303,0.303,0.25,,,,,,,,,,,,,0.2833,0.2183,0.2128
2049770,2/17/2026 17:16,eala,ws,10800,-720,d,ts,2/17/2026,12:16:59,0,,,0.878,w,0.9231,,0.9048,0.878,,0.8876,0.9259,,0.9177,0.9091,,0.9091,,,,0.8969,,0.8969,,,,0.9357,,0.932,0.919,,0.9089,0.889,,0.8818
2049813,2/17/2026 18:03,eala,ws,15000,-240,c,ts,2/17/2026,13:03:47,0,,,0.7059,w,0.8,0.7368,0.7143,0.7963,,,0.7938,0.726,0.726,0.7059,0.7059,0.7059,0.8,0.7143,0.7143,0.7727,0.7151,0.7151,,,,0.7531,0.7297,0.7222,0.7297,0.7207,0.7207,0.7423,0.6885,0.6825
2049799,2/17/2026 17:58,eala,ws,6500,-135,c,ts,2/17/2026,12:58:04,0,,,0.5745,w,0.6491,0.5652,0.5652,0.6575,0.5885,0.5885,0.6552,0.569,0.569,0.5745,0.5745,0.5745,0.6667,0.6,0.6,0.6564,0.5868,0.6169,,,,0.6226,0.5918,0.5918,0.5816,0.5816,0.5816,0.5968,0.5475,0.5455
2049717,2/17/2026 16:30,fish,ws,2400,581,d,ts,2/17/2026,11:30:53,0,,,0.1468,l,0.2083,0.2083,0.2083,0.1468,0.1453,0.155,0.2326,0.2381,0.2381,0.1818,0.1818,0.25,,,,,,,,,,,,,,,,0.1647,0.1669,0.177
2049742,2/17/2026 16:50,fish,ws,1900,900,d,ts,2/17/2026,11:50:11,0,,,0.1,l,0.1667,0.1667,0.1667,0.1,0.1299,0.1299,0.1724,0.1724,0.1724,0.1333,0.1667,0.1667,,,,,,,,,,,,,,,,0.1143,0.1199,0.1199
2049719,2/17/2026 16:31,fish,ws,2000,470,d,ts,2/17/2026,11:31:34,0,,,0.1754,l,0.2381,,0.2381,0.1754,,0.1876,0.2532,,0.2667,0.2083,,0.2083,,,,,,,,,,,,,,,,0.1898,,0.1972
2049677,2/17/2026 16:09,fish,ws,2200,561,d,ts,2/17/2026,11:09:35,0,,,0.1513,l,0.2564,0.2564,0.2564,0.1513,0.1802,0.1802,0.1961,0.2222,0.2222,0.2,0.2,0.2083,,,,,,,,,,,,,,,,0.1675,0.1832,0.1842
2049547,2/17/2026 14:47,gara,ws,5600,-120,c,ts,2/17/2026,9:47:27,0,,,0.5455,w,0.6154,0.5745,,0.5968,0.5215,,,,,0.5455,0.5455,,,,,,,,,,,,,,0.6,0.5726,,0.5652,0.5238,
2049549,2/17/2026 14:49,gara,ws,6300,-149,d,ts,2/17/2026,9:49:04,0,,,0.5984,w,0.6774,,0.6774,0.5984,,0.6656,,,,0.6429,,0.6154,,,,,,,,,,,,,0.6711,,0.6479,0.6183,,0.6269
2050318,2/17/2026 22:33,guo,ws,7400,-320,c,ts,2/17/2026,17:33:47,0,,,0.7619,w,0.8182,0.7619,0.7619,0.8145,0.7549,0.7549,,,,0.7619,0.7619,0.7619,,,,,,,,,,0.7753,0.7701,0.7727,,,,0.7763,0.723,0.723
2050320,2/17/2026 22:34,guo,ws,12800,-380,c,ts,2/17/2026,17:34:32,0,,,0.7917,w,0.8667,0.8214,0.8214,0.8667,,,,,,0.7917,0.7917,0.7917,,,,,,,,,,0.84,0.8214,0.8198,,,,0.8138,,
2050249,2/17/2026 21:52,guo,ws,5300,125,c,ts,2/17/2026,16:52:47,0,,,0.4444,w,0.5238,0.5,0.5,0.5098,0.5098,0.4695,,,,0.4444,0.4444,0.4444,,,,,,,,,,0.5238,0.5,0.5,,,,0.4762,0.4587,0.4525
2050373,2/17/2026 23:01,guo,ws,21300,-1200,c,ts,2/17/2026,18:01:01,0,,,0.9231,w,0.9722,0.9524,0.9524,0.9667,0.95,0.95,,,,0.9231,0.9231,0.9231,,,,,,,,,,0.9771,0.9779,0.9779,,,,0.9379,0.9265,0.9265
2050159,2/17/2026 21:16,joda,ws,6200,-315,d,ts,2/17/2026,16:16:20,0,,,0.759,w,0.8246,0.8182,0.8182,0.759,0.759,0.7519,0.8131,0.8131,0.8131,0.7727,0.7727,0.7727,0.7778,0.8,0.7778,,,,,,,0.8113,0.8113,0.8113,,,,0.7701,0.7701,0.7685
2050194,2/17/2026 21:26,joda,ws,26000,-600,c,ts,2/17/2026,16:26:30,0,,,0.8571,w,0.9474,,,0.9296,,,0.9346,,,0.8571,,,0.9474,,,,,,,,,0.8925,,,,,,0.8881,,
2050240,2/17/2026 21:49,joda,ws,11800,-1360,d,ts,2/17/2026,16:49:44,0,,,0.9315,w,0.96,0.96,0.9756,0.9315,0.9315,0.9545,0.9709,0.9709,0.9901,0.9524,0.9615,0.9615,0.9474,0.9474,0.9615,,,,,,,0.9855,,,,,,0.9392,0.939,0.9556
2050222,2/17/2026 21:40,joda,ws,12100,-960,d,ts,2/17/2026,16:40:40,0,,,0.9057,w,0.9524,0.9524,,0.9057,0.9065,,0.9434,0.9434,,0.9333,0.9333,,0.9333,0.9333,,,,,,,,0.9574,0.9554,,,,,0.9165,0.9139,
2049486,2/17/2026 14:14,khac,ws,6000,-185,l,ts,2/17/2026,9:14:34,0,,,0.6491,w,0.697,0.6296,0.6296,0.7076,0.6454,0.6454,0.7059,0.6139,0.6139,0.6667,0.6667,0.6667,0.7059,0.7059,0.6491,0.6951,0.6855,0.6667,,,,0.6667,0.6491,0.6552,0.631,0.631,0.6337,0.6667,0.6139,0.6047
2049541,2/17/2026 14:45,koev,ws,10300,-600,c,ts,2/17/2026,9:45:04,0,,,0.8571,w,0.9355,0.9355,0.9048,0.9138,0.9138,0.9296,,,,0.8571,0.8889,0.8889,,,,,,,,,,,,,0.8849,0.8849,0.8849,0.8695,0.8876,0.8731
2049842,2/17/2026 18:25,krau,ws,12300,-523,d,ts,2/17/2026,13:25:12,0,,,0.8395,,0.8947,0.8947,0.8947,0.8395,,0.875,,,,0.8889,0.8889,0.8889,,,,,,,,,,,,,0.895,0.895,0.895,0.8559,,0.8626
2049839,2/17/2026 18:21,krau,ws,11100,-400,c,ts,2/17/2026,13:21:49,0,,,0.8,,0.8667,,0.8113,0.8487,,0.7951,,,,0.8,,0.8,,,,,,,,,,,,,0.8117,,0.8117,0.8185,,0.7738
2049843,2/17/2026 18:25,krau,ws,26100,-421,d,ts,2/17/2026,13:25:24,0,,,0.8081,,0.8947,,0.8947,0.8081,,0.8395,,,,0.8889,,0.8889,,,,,,,,,,,,,0.886,,0.895,0.8498,,0.8559
2049393,2/17/2026 12:48,kuku,ws,9300,110,c,ts,2/17/2026,7:48:19,0,,,0.4762,,0.5556,0.5,0.5,0.5327,0.4695,0.4608,0.5851,0.5215,0.5349,0.4762,0.4762,0.4762,,,,,,,,,,,,,,,,0.5169,0.4651,0.4695
2049388,2/17/2026 12:43,kuku,ws,11500,100,c,ts,2/17/2026,7:43:06,0,,,0.5,,0.6154,0.5238,0.5238,0.6154,0.495,0.495,0.569,0.569,0.5074,0.5,0.5,0.5,,,,,,,,,,,,,,,,0.5475,0.495,0.4739
2049371,2/17/2026 12:31,lehe,ws,10500,-260,c,ts,2/17/2026,7:31:51,0,,,0.7222,,0.8113,0.7619,0.7619,0.8201,0.7674,0.7674,0.7701,0.7354,0.7354,0.7222,0.7222,0.7222,0.8182,0.7647,0.7647,,,,,,,0.7917,0.7778,0.7826,0.7585,0.7585,0.7585,0.7475,0.7214,0.7222
2049360,2/17/2026 12:26,lehe,ws,7600,-190,c,ts,2/17/2026,7:26:34,0,,,0.6552,,0.7297,0.7143,0.7143,0.729,0.7199,0.7199,0.7015,0.6825,0.6825,0.6552,0.6552,0.6552,0.7143,0.7059,0.7059,,,,,,,0.7297,0.726,0.7222,0.7067,0.7067,0.7067,0.6764,0.6689,0.6678
2049357,2/17/2026 12:24,lehe,ws,8800,-240,b,ts,2/17/2026,7:24:10,0,,,0.7059,,0.7368,,,0.7333,,,0.7059,,,0.75,,,0.75,,,,,,,,,0.7802,,,0.7826,,,0.7085,,
2049376,2/17/2026 12:38,lehe,ws,8500,-240,c,ts,2/17/2026,7:38:41,0,,,0.7059,,0.7778,,0.7436,0.7835,,0.7449,0.7409,,0.7101,0.7059,,0.7059,0.7778,,0.7647,,,,,,,0.7753,,0.7647,0.7487,,0.7487,0.7275,,0.7033
2050577,2/18/2026 0:00,marz,ws,18600,-436,d,ts,2/17/2026,19:00:27,0,,,0.8134,l,0.875,0.875,0.875,0.8134,,0.8214,0.8851,0.8851,0.8851,0.8571,0.8571,0.8571,0.8462,0.8462,0.8571,,,,,,,,,,,,,0.8423,0.8464,0.8433
2050610,2/18/2026 0:03,marz,ws,6800,-349,d,ts,2/17/2026,19:03:53,0,,,0.7773,l,0.8182,,,0.7773,,,0.8413,,,0.7917,,,0.8,,,,,,,,,,,,,,,0.7899,,
2050825,2/18/2026 0:29,marz,ws,6100,-150,f,ts,2/17/2026,19:29:24,0,,,0.6,l,0.6,,0.661,0.6633,,0.6815,0.6875,,0.7143,0.6875,,0.6875,0.6825,,0.6923,,,,,,,,,,,,,0.6198,,0.6552
2052284,2/18/2026 2:01,marz,ws,7000,500,c,ts,2/17/2026,21:01:27,0,,,0.1667,l,0.2632,0.1538,0.1538,0.2494,0.1316,0.1316,0.2632,0.1786,0.1786,0.1667,0.1667,0.1667,0.25,0.1538,0.1538,,,,,,,,,,,,,0.2155,0.12,0.12
2049865,2/17/2026 19:12,mcdo,ws,3700,325,b,ts,2/17/2026,14:12:43,0,,,0.2353,l,0.3125,0.3125,0.2439,0.3333,0.3333,,0.2353,0.2353,0.2353,0.2941,0.2941,0.2941,0.3125,0.3125,0.25,,,,,,,0.303,0.274,0.274,0.3401,0.2667,0.2667,0.2564,0.2475,0.2222
2049761,2/17/2026 17:10,meza,ws,4800,-150,c,ts,2/17/2026,12:10:13,0,,,0.6,w,0.661,0.5918,0.5918,0.6633,0.5868,0.5868,,,,0.6,0.6,0.6,,,,,,,,,,,,,,,,0.6154,0.5595,0.5595
2049759,2/17/2026 17:06,meza,ws,11500,-260,c,ts,2/17/2026,12:06:21,0,,,0.7222,w,0.8,0.7368,,0.7917,0.7326,,,,,0.7222,0.7222,,,,,,,,,,,,,,,,,0.7487,0.697,
2050315,2/17/2026 22:32,nakb,ws,23200,-600,c,ts,2/17/2026,17:32:44,0,,,0.8571,w,0.9259,0.875,0.875,0.9153,0.875,0.875,0.9346,0.901,0.901,0.8571,0.8571,0.8571,0.9231,0.9231,0.8824,,,,,,,0.9399,0.9052,0.8995,,,,0.8946,0.8596,0.8538
2050302,2/17/2026 22:24,nakb,ws,10300,-350,d,ts,2/17/2026,17:24:53,0,,,0.7778,w,0.8305,,0.8305,0.7778,,0.7763,0.8485,,0.8485,0.8182,,0.8182,0.8182,,0.8182,,,,,,,0.8361,,0.8361,,,,0.7967,,0.7967
2050338,2/17/2026 22:39,nakb,ws,12600,-1240,d,ts,2/17/2026,17:39:44,0,,,0.9254,w,0.9524,0.9524,0.9524,0.9254,0.9254,0.951,0.9709,0.9709,0.9709,0.9412,0.875,0.875,0.9474,0.9474,0.9474,,,,,,,0.9842,0.9893,0.9893,,,,0.9343,0.9281,0.9301
2050198,2/17/2026 21:28,nakb,ws,22100,-190,c,ts,2/17/2026,16:28:44,0,,,0.6552,w,0.7872,0.6667,0.6667,0.7494,0.6241,0.6241,0.7895,0.7015,0.7015,0.6552,0.6552,0.6552,0.7647,0.6491,0.6491,,,,,,,0.7183,0.6774,0.6721,,,,0.7183,0.6337,0.6324
2049740,2/17/2026 16:48,osuw,ws,25000,-3500,c,ts,2/17/2026,11:48:06,0,,,0.9722,w,0.995,0.9804,0.9804,0.995,0.9773,0.9773,,,,0.9722,0.9722,0.9722,,,,,,,,,,,,,0.998,0.998,0.998,0.9784,0.9609,0.9609
2052908,2/18/2026 3:01,paut,ws,13900,-105,c,ts,2/17/2026,22:01:44,0,,,0.5122,w,0.6491,,,0.6183,,,0.6364,,,0.6154,,,0.6296,,,,,,,,,0.5556,,,,,,0.6016,,
2053345,2/18/2026 3:36,paut,ws,10900,-1115,b,ts,2/17/2026,22:36:44,0,,,0.9177,w,0.9524,,0.9524,0.9432,,0.9432,0.9177,,0.9346,0.9722,,0.9722,0.9615,,0.9615,,,,,,,0.9789,,0.9627,,,,0.9264,,0.9236
2052608,2/18/2026 2:41,paut,ws,8300,-380,c,ts,2/17/2026,21:41:23,0,,,0.7917,w,0.8462,0.8462,,0.8538,0.8538,,0.8333,0.8333,,0.7917,0.7917,,0.8462,0.8462,,,,,,,,0.845,0.8077,,,,,0.8058,0.7959,
2049323,2/17/2026 12:06,rosa,ws,20400,-115,c,ts,2/17/2026,7:06:53,0,,,0.5349,,0.697,0.5833,0.5833,0.6198,,,,,,0.5349,0.5349,0.5349,,,,,,,,,,,,,0.5798,0.5798,0.5798,0.6139,,
2049324,2/17/2026 12:07,rosa,ws,8100,-153,d,ts,2/17/2026,7:07:09,0,,,0.6047,,0.697,0.697,0.697,0.6047,0.6454,0.6198,,,,0.6429,0.6429,0.6429,,,,,,,,,,,,,0.6979,0.6923,0.6923,0.631,0.6377,0.6337
2049331,2/17/2026 12:08,rosa,ws,39700,-1200,c,ts,2/17/2026,7:08:54,0,,,0.9231,,0.9783,0.9355,0.9355,0.973,0.9286,0.9254,,,,0.9231,0.9231,0.9231,,,,,,,,,,,,,0.947,0.956,0.956,0.9497,0.9036,0.9032
2049313,2/17/2026 12:04,rosa,ws,11100,135,c,ts,2/17/2026,7:04:12,0,,,0.4255,,0.5455,0.5,0.5,0.4878,0.4484,0.4484,,,,0.4255,0.4255,0.4255,,,,,,,,,,,,,0.4902,0.4902,0.4808,0.4808,0.4444,0.4484
2050186,2/17/2026 21:23,schw,ws,5200,310,b,ts,2/17/2026,16:23:59,0,,,0.2439,,0.3509,0.3774,0.3774,0.3367,0.365,0.365,0.2439,0.2817,0.3125,0.3846,0.3846,0.3846,,,,,,,,,,,,,,,,0.2778,0.3049,0.3155
2050192,2/17/2026 21:25,schw,ws,17400,-125,c,ts,2/17/2026,16:25:48,0,,,0.5556,,0.7297,0.5556,0.5556,0.7175,0.5556,0.5556,0.639,0.5146,0.5146,0.5556,0.5556,0.5556,,,,,,,,,,,,,,,,0.6198,0.5,0.5
2050176,2/17/2026 21:22,schw,ws,4200,320,b,ts,2/17/2026,16:22:06,0,,,0.2381,,0.3333,,0.3636,0.3322,,0.3802,0.2381,,0.3175,0.3774,,0.3774,,,,,,,,,,,,,,,,0.2653,,0.3115
2050139,2/17/2026 21:04,schw,ws,7100,130,c,ts,2/17/2026,16:04:37,0,,,0.4348,,0.5122,,0.4348,0.5349,,0.4274,0.5122,,0.4386,0.4348,,0.4348,,,,,,,,,,,,,,,,0.4695,,0.3953
2049336,2/17/2026 12:12,serb,ws,3100,165,c,ts,2/17/2026,7:12:37,0,,,0.3774,,0.4545,0.3922,0.3922,0.3937,0.3425,0.3425,,,,0.3774,0.3774,0.3774,,,,,,,,,,,,,0.4329,0.3704,0.3774,0.3937,0.3448,0.3448
2049916,2/17/2026 19:39,snig,ws,11400,-1520,d,ts,2/17/2026,14:39:55,0,,,0.9383,w,0.9722,0.9677,0.9677,0.9383,0.9383,0.9383,,,,0.9615,0.9615,0.9615,,,,,,,,,,,,,0.994,0.994,0.994,0.9451,0.9416,0.9416
2049941,2/17/2026 19:47,snig,ws,17700,-1840,d,ts,2/17/2026,14:47:02,0,,,0.9485,w,0.9804,0.9804,0.9804,0.9485,0.96,0.96,,,,0.9804,0.9804,0.9804,,,,,,,,,,,,,0.997,0.997,0.997,0.9568,0.9591,0.9591
2049597,2/17/2026 15:19,vari,ws,5400,-115,c,ts,2/17/2026,10:19:11,0,,,0.5349,,0.6,,0.5455,0.6078,,0.5305,,,,0.5349,,0.5349,,,,,,,,,,,,,,,,0.5556,,0.505
2049758,2/17/2026 17:04,vari,ws,3600,300,c,ts,2/17/2026,12:04:03,0,,,0.25,,0.3333,0.2439,0.2439,0.3003,0.2488,0.2488,,,,0.25,0.25,0.2273,,,,,,,,,,,,,,,,0.2732,0.2058,0.202
2049841,2/17/2026 18:24,wern,ws,2000,432,d,ts,2/17/2026,13:24:03,0,,,0.188,l,0.25,0.25,0.25,0.188,0.2342,0.2375,,,,0.25,0.25,0.25,,,,,,,,,,,,,0.2463,0.2463,0.2463,0.202,0.2079,0.2083
2049748,2/17/2026 16:57,wint,ws,10700,-850,d,ts,2/17/2026,11:57:48,0,,,0.8947,w,0.9474,0.96,0.96,0.8947,0.9468,0.9468,0.9524,0.9524,0.9709,0.9412,0.9615,0.9615,,,,,,,,,,,,,,,,0.9041,0.9226,0.9325
2049673,2/17/2026 16:07,zarc,ws,6600,135,c,ts,2/17/2026,11:07:58,0,,,0.4255,,0.5,0.4348,0.4348,0.4695,0.4854,,0.5169,0.4651,0.4651,0.4255,0.4255,0.4255,,,,,,,,,,,,,,,,0.4587,0.4115,
2049642,2/17/2026 15:54,zarc,ws,6100,230,c,ts,2/17/2026,10:54:22,0,,,0.303,,0.3922,,0.3125,0.3497,,,0.3922,,0.3279,0.303,,0.303,,,,,,,,,,,,,,,,0.339,,
2049662,2/17/2026 16:01,zarc,ws,7000,260,c,ts,2/17/2026,11:01:10,0,,,0.2778,,0.3636,0.2857,0.2857,0.3484,0.2874,0.2786,0.3846,0.2985,0.3125,0.2778,0.2778,0.2778,,,,,,,,,,,,,,,,0.3205,0.2475,0.2513
2049655,2/17/2026 15:57,zarc,ws,11300,280,c,ts,2/17/2026,10:57:52,0,,,0.2632,,0.3846,0.2857,0.2857,0.3623,0.2421,0.2421,0.3922,0.2985,0.2985,0.2632,0.2632,0.2632,,,,,,,,,,,,,,,,0.3333,0.2421,0.2421
2049398,2/17/2026 12:51,zepp,ws,5600,219,d,ts,2/17/2026,7:51:57,0,,,0.3135,,0.4082,0.4082,0.4082,0.3135,0.3311,0.3279,0.3922,0.3922,0.4,0.3774,0.3774,0.3774,,,,,,,,,,,,,,,,0.346,0.3484,0.3521
2049403,2/17/2026 13:00,zepp,ws,4100,209,d,ts,2/17/2026,8:00:55,0,,,0.3236,,0.4082,,0.4082,0.3236,,0.3311,0.3922,,0.3922,0.3774,,0.4,,,,,,,,,,,,,,,,0.3472,,0.3509
2049412,2/17/2026 13:16,zepp,ws,2200,990,d,ts,2/17/2026,8:16:44,0,,,0.0917,,0.1724,0.1724,0.1724,0.0917,0.1205,0.1099,0.1818,0.1818,0.1818,0.1538,0.1538,0.1538,,,,,,,,,,,,,,,,0.1227,0.1252,0.1241
2049402,2/17/2026 13:00,zepp,ws,3300,202,d,ts,2/17/2026,8:00:38,0,,,0.3311,,0.4082,0.4255,0.4255,0.3311,0.3559,0.3546,0.3922,0.3922,0.4115,0.4,0.4,0.4,,,,,,,,,,,,,,,,0.3509,0.3597,0.3676
2054610,2/18/2026 19:35,acst,ws,10600,-220,c,ts,2/18/2026,14:35:37,0,,,0.6875,w,0.7619,0.7222,0.7222,0.7585,0.6875,0.6875,0.7753,0.7409,0.7409,0.6875,0.6875,0.6875,,,,,,,,,,,,,,,,0.7151,0.6764,0.6764
2054798,2/18/2026 20:48,acst,ws,6800,135,c,ts,2/18/2026,15:48:03,0,,,0.4255,w,0.5,0.4167,0.4167,0.5169,0.4329,,0.5098,0.4545,0.4386,0.4255,0.4255,0.4255,,,,,,,,,,,,,,,,0.4587,0.3937,
2054809,2/18/2026 20:55,acst,ws,7700,-135,c,ts,2/18/2026,15:55:27,0,,,0.5745,w,0.6667,0.6296,0.6296,0.6503,0.6063,0.6063,0.6503,0.6109,0.6109,0.5745,0.5745,0.5745,,,,,,,,,,,,,,,,0.6016,0.5708,0.5708
2054970,2/18/2026 22:08,acst,ws,11300,-600,c,ts,2/18/2026,17:08:19,0,,,0.8571,w,0.8947,,,0.9065,,,0.9259,,,0.8571,,,,,,,,,,,,,,,,,,0.8706,,
2055029,2/18/2026 23:19,agst,ws,19100,-435,d,ts,2/18/2026,18:19:14,0,,,0.8131,w,,,,0.8131,0.8433,0.8433,0.893,,,0.8889,0.8889,0.8889,,,,0.859,0.8779,0.8779,,,,0.8889,0.8864,0.8844,,,,0.8428,0.843,0.842
2055002,2/18/2026 23:07,agst,ws,7400,-220,c,ts,2/18/2026,18:07:12,0,,,0.6875,w,0.7297,0.7297,0.7143,0.7537,0.7537,0.7041,0.7531,0.7531,0.7531,0.6875,0.6875,0.6875,0.75,0.75,0.7143,0.734,0.705,0.6667,,,,0.7531,0.7368,0.7368,,,,0.7067,0.7024,0.6825
2054470,2/18/2026 18:28,alcz,ws,10600,-1600,c,ts,2/18/2026,13:28:50,0,,,0.9412,w,0.9783,0.9783,0.9783,0.9545,0.9545,0.9545,0.9615,0.9615,0.9524,0.9412,0.9412,0.9412,,,,0.9627,0.9627,0.9627,,,,0.9901,0.9901,0.9901,,,,0.9473,0.9466,0.9429
2054598,2/18/2026 19:26,alcz,ws,11600,-1860,d,ts,2/18/2026,14:26:54,0,,,0.949,w,0.9756,0.9677,0.9677,0.949,0.949,0.9351,,,0.9901,0.9722,0.9722,0.9722,0.9756,0.9756,0.9615,0.972,0.972,0.9627,,,,0.9901,0.9901,0.9901,,,,0.9547,0.9504,0.9522
2054600,2/18/2026 19:28,alcz,ws,10600,-1250,f,ts,2/18/2026,14:28:32,0,,,0.9259,w,0.9259,0.9375,0.9375,0.9615,0.963,0.963,0.9804,0.9804,0.9804,0.9615,0.9615,0.9615,0.9756,0.9756,0.9756,0.9439,0.9533,0.9533,,,,,0.9806,0.9804,,,,0.9336,0.9395,0.9395
2054593,2/18/2026 19:25,alcz,ws,15100,-1820,d,ts,2/18/2026,14:25:41,0,,,0.9479,w,0.9756,0.9756,0.9756,0.9479,0.9615,0.9615,,,,0.9804,0.9868,0.9868,0.9756,0.9756,0.9756,0.972,0.972,0.972,,,,0.9901,0.9901,0.9901,,,,0.9553,0.9569,0.9569
2054022,2/18/2026 7:44,anis,ws,17200,-750,d,ts,2/18/2026,2:44:54,0,,,0.8824,w,0.9,0.9,0.9,0.8824,,0.8824,0.9434,0.9434,0.9434,0.9524,0.9524,0.9524,0.9,0.9,0.9,0.9251,0.9251,0.9251,,,,0.9566,0.9566,0.9599,,,,0.8992,0.9008,0.8999
2054034,2/18/2026 7:57,anis,ws,13400,-690,d,ts,2/18/2026,2:57:00,0,,,0.8734,w,0.9231,0.9,0.9,0.8734,0.8734,0.8718,0.9177,0.9177,0.901,0.9091,0.9091,0.9091,0.9,0.9,0.8824,0.9063,0.8969,0.8969,,,,0.9381,0.9254,0.9259,,,,0.8875,0.8782,0.8737
2054027,2/18/2026 7:50,anis,ws,15200,-420,d,ts,2/18/2026,2:50:03,0,,,0.8077,w,0.8462,0.8462,0.8462,0.8077,0.8233,0.8185,0.8773,0.8773,0.8851,0.9,0.9,0.9,0.8462,0.8462,0.8462,0.8494,0.8494,0.8494,,,,0.8901,0.8942,0.9005,,,,0.8319,0.8333,0.8371
2054672,2/18/2026 20:14,assc,ws,6900,-400,c,ts,2/18/2026,15:14:47,0,,,0.8,w,0.8571,,0.8214,0.8462,,0.8192,0.8621,,0.8276,0.8,,0.8,,,,,,,,,,,,,,,,0.8113,,0.7826
2054555,2/18/2026 19:09,assc,ws,5800,-142,d,ts,2/18/2026,14:09:20,0,,,0.5868,w,0.6875,0.6875,0.6875,0.5868,0.6094,0.6094,0.6454,0.661,0.661,0.6154,0.6154,0.6154,,,,,,,,,,,,,,,,0.6063,0.6139,0.6139
2054565,2/18/2026 19:10,assc,ws,5900,-150,c,ts,2/18/2026,14:10:53,0,,,0.6,w,0.6667,0.6491,0.6078,0.6466,0.6466,0.5984,0.6825,0.6825,0.6364,0.6,0.6,0.6,,,,,,,,,,,,,,,,0.6198,0.6109,0.5763
2054468,2/18/2026 18:24,atma,ws,3200,205,d,ts,2/18/2026,13:24:17,0,,,0.3279,l,0.3636,0.3846,0.3846,0.3279,0.3472,0.3497,0.4082,0.4082,0.4255,0.4167,0.4167,0.4167,0.3704,0.4,0.4,0.346,0.3559,0.3663,,,,0.3922,0.4,0.4,,,,0.3448,0.3571,0.3584
2054461,2/18/2026 18:12,atma,ws,3800,156,d,ts,2/18/2026,13:12:19,0,,,0.3906,l,0.4902,,0.4902,0.3906,,0.4255,0.4255,,0.4587,0.4545,,0.4545,0.4167,,0.4348,0.4082,,0.4587,,,,0.4444,,0.4651,,,,0.4065,,0.4329
2054097,2/18/2026 12:17,bart,ws,13200,-417,d,ts,2/18/2026,7:17:05,0,,,0.8066,,0.8701,0.8701,0.8701,0.8066,0.8516,0.8516,,,,0.875,0.875,0.875,,,,,,,,,,,,,,,,0.8279,0.8342,0.8342
2054225,2/18/2026 13:51,bart,ws,22800,-700,c,ts,2/18/2026,8:51:31,0,,,0.875,,0.9474,0.8889,0.8889,0.9286,0.8718,0.8718,,,,0.875,0.875,0.875,,,,,,,,,,,,,,,,0.8988,0.8549,0.8549
2054194,2/18/2026 13:31,bart,ws,6000,-288,d,ts,2/18/2026,8:31:55,0,,,0.7423,,0.7872,0.8571,0.8571,0.7423,0.8344,0.8344,,,,0.875,0.875,0.875,,,,,,,,,,,,,,,,0.7549,0.8249,0.8249
2054228,2/18/2026 13:54,bart,ws,15100,-525,d,ts,2/18/2026,8:54:18,0,,,0.84,,0.8889,0.9355,0.9355,0.84,0.9065,0.9065,,,,0.9231,0.9231,0.9231,,,,,,,,,,,,,,,,0.8601,0.8991,0.8991
2054121,2/18/2026 12:35,benc,ws,3700,190,c,ts,2/18/2026,7:35:36,0,,,0.3448,,0.4167,0.3704,0.3704,0.4149,0.3484,0.3484,0.4032,0.3636,0.3636,0.3448,0.3448,0.3448,0.4167,0.3704,0.3704,0.4082,0.3774,0.3774,,,,0.3774,0.3704,0.3704,,,,0.3663,0.3279,0.3279
2054124,2/18/2026 12:38,benc,ws,3100,175,d,ts,2/18/2026,7:38:43,0,,,0.3636,,0.4167,0.4167,0.4167,0.3636,0.3663,0.3663,0.4255,0.4167,0.4167,0.4255,0.4255,,0.4,0.4,0.4,0.3968,0.3968,0.3968,,,,0.4255,0.4255,0.4348,,,,0.3802,0.3802,0.3802
2054163,2/18/2026 13:06,benc,ws,4800,117,d,ts,2/18/2026,8:06:14,0,,,0.4608,,0.5122,0.5122,0.5122,0.4608,0.4608,0.4608,0.5238,0.5238,0.5238,0.5455,0.5455,0.5455,0.5238,0.5238,0.5238,0.4975,0.4878,0.4878,,,,0.5238,0.5238,0.5238,,,,0.4831,0.4831,0.4831
2054167,2/18/2026 13:14,benc,ws,3900,205,d,ts,2/18/2026,8:14:23,0,,,0.3279,,0.3636,,0.3636,0.3279,,0.3636,0.4082,,0.4167,0.4167,,0.4167,0.3846,,0.4,0.3663,,0.3774,,,,0.4,,0.4082,,,,0.3509,,0.3559
2054687,2/18/2026 20:19,bura,ws,5200,248,d,ts,2/18/2026,15:19:34,0,,,0.2874,l,0.3333,0.3774,,0.2874,0.4274,,0.3704,0.4202,,0.3774,0.4167,,,,,0.346,0.3876,,,,,0.4082,0.4255,,,,,0.3185,0.3731,
2054919,2/18/2026 21:45,card,ws,23000,-200,c,ts,2/18/2026,16:45:28,0,,,0.6667,,0.8,0.7059,0.7059,0.768,0.6599,0.6599,0.7826,0.6825,0.6825,0.6667,0.6667,0.6667,,,,,,,,,,,,,,,,0.7305,0.6403,0.6403
2054833,2/18/2026 21:08,card,ws,3000,201,d,ts,2/18/2026,16:08:02,0,,,0.3322,,0.3846,0.3846,0.3846,0.3322,,0.3367,0.4082,0.4082,0.4082,0.4,0.4,0.4,,,,,,,,,,,,,,,,0.3497,,0.3509
2054887,2/18/2026 21:35,card,ws,11300,-125,c,ts,2/18/2026,16:35:28,0,,,0.5556,,0.6491,0.5745,0.5745,0.631,0.5595,0.5595,0.6454,0.5885,0.5885,0.5556,0.5556,0.5556,,,,,,,,,,,,,,,,0.5968,0.5349,0.5349
2054933,2/18/2026 21:49,card,ws,8000,110,c,ts,2/18/2026,16:49:00,0,,,0.4762,,0.5745,0.5122,0.5122,0.5475,0.4545,0.4545,0.5536,0.463,0.463,0.4762,0.4762,0.4762,,,,,,,,,,,,,,,,0.5098,0.4464,0.4464
2054988,2/18/2026 22:22,cerf,ws,7600,-180,c,ts,2/18/2026,17:22:48,0,,,0.6429,v,0.7143,0.7059,,0.7006,0.6942,,0.7059,0.6875,,0.6429,0.6429,,0.6923,0.6825,,0.705,0.7151,,,,,0.7015,0.7015,,,,,0.6667,0.654,
2054995,2/18/2026 22:33,cerf,ws,6000,-135,c,ts,2/18/2026,17:33:22,0,,,0.5745,v,0.6491,,,0.6732,,,0.6429,,,0.5745,,,0.6296,,,0.6169,,,,,,0.6154,,,,,,0.5951,,
2054856,2/18/2026 21:23,cerj,ws,7300,-325,l,ts,2/18/2026,16:23:09,0,,,0.7647,w,0.8039,0.7297,0.7297,0.7938,0.7938,0.7382,0.8198,0.8198,0.7531,0.8333,0.7917,0.7917,,,0.75,0.8113,0.7436,0.7151,,,,0.7778,0.7531,0.759,,,,0.7821,0.7283,0.711
2054985,2/18/2026 22:22,cerj,ws,7400,-200,l,ts,2/18/2026,17:22:10,0,,,0.6667,w,0.7297,0.6491,0.6491,0.7319,0.6403,0.6403,0.7059,0.6139,0.6139,0.6552,0.6552,0.6552,0.7143,0.6296,0.6296,0.734,0.6667,0.6667,,,,0.6667,0.6491,0.6364,,,,0.6865,0.6063,0.6032
2054804,2/18/2026 20:52,cerj,ws,10300,-600,c,ts,2/18/2026,15:52:02,0,,,0.8571,w,0.9048,0.8667,0.8667,0.8947,0.8947,0.8734,0.9091,0.9091,0.8701,0.8571,0.8571,0.8571,0.9091,0.9091,0.8667,0.8969,0.8779,0.8494,,,,0.9043,0.8876,0.8876,,,,0.8693,0.8559,0.8382
2054810,2/18/2026 20:55,cerj,ws,10200,-600,c,ts,2/18/2026,15:55:32,0,,,0.8571,w,0.9048,0.875,0.875,0.9048,0.8718,0.8718,0.893,0.8621,0.8621,0.8571,0.8571,0.8571,0.9091,0.9091,0.8824,0.8969,0.8684,0.8684,,,,0.9034,0.8925,0.8907,,,,0.8689,0.8435,0.8418
2054940,2/18/2026 21:51,chaa,ws,11200,-900,c,ts,2/18/2026,16:51:02,0,,,0.9,w,0.9474,,0.9091,0.9444,,0.902,,,,0.9,,0.9,,,,,,,,,,0.9301,,0.9156,,,,0.8991,,0.8716
2054873,2/18/2026 21:31,chaa,ws,8700,-142,d,ts,2/18/2026,16:31:29,0,,,0.5868,w,0.6226,0.6875,0.6875,0.5868,0.6644,0.6644,,,,0.7059,0.7059,0.7059,,,,,,,,,,0.6875,0.7059,0.7059,,,,0.6078,0.6503,0.6503
2054654,2/18/2026 19:59,chaa,ws,14400,-169,d,ts,2/18/2026,14:59:57,0,,,0.6283,w,0.7297,0.7778,0.7778,0.6283,0.7076,0.7076,,,,0.7222,0.7222,0.7222,,,,,,,,,,0.7143,0.726,0.726,,,,0.6667,0.7183,0.7183
2054634,2/18/2026 19:46,chaa,ws,6900,-200,c,ts,2/18/2026,14:46:37,0,,,0.6667,w,0.7561,0.7561,0.7143,0.7361,0.7361,0.6865,,,,0.6667,0.6667,0.6667,,,,,,,,,,0.7222,0.7015,0.697,,,,0.6855,0.6753,0.6528
2061198,2/19/2026 6:45,claj,ws,6300,-210,c,ts,2/18/2026,1:45:27,0,,,0.6774,,,,,,,,,,,,,,,,,,,,,,,,,,,,,,,
2054502,2/18/2026 18:55,cobo,ws,9100,-170,c,ts,2/18/2026,13:55:07,0,,,0.6296,w,0.7143,0.661,,0.7238,0.6587,,0.697,0.6503,,0.6296,0.6296,,0.7059,0.7059,,0.6855,0.6564,,,,,0.6774,0.6667,,,,,0.6575,0.6212,
2054460,2/18/2026 18:12,cobo,ws,7800,-128,f,ts,2/18/2026,13:12:19,0,,,0.5614,w,0.5614,,0.5614,0.6678,,0.6324,0.6429,,0.6078,0.6,,0.6,0.6491,,0.6296,0.6078,,0.5671,,,,0.6491,,0.6296,,,,0.5935,,0.5671
2054406,2/18/2026 16:57,craw,ws,14500,130,c,ts,2/18/2026,11:57:01,0,,,0.4348,,0.5652,0.4255,0.4255,0.5305,0.4,0.4,,,,0.4348,0.4348,0.4348,,,,,,,,,,,,,,,,0.5025,0.3861,0.3861
2054403,2/18/2026 16:53,craw,ws,5000,142,d,ts,2/18/2026,11:53:09,0,,,0.4132,,0.4762,,0.5122,0.4132,,0.4651,,,,0.5122,,0.5122,,,,,,,,,,,,,,,,0.4386,,0.4717
2054360,2/18/2026 16:39,craw,ws,7100,-145,c,ts,2/18/2026,11:39:15,0,,,0.5918,,0.661,0.5652,,0.6678,0.5575,,,,,0.5918,0.5918,,,,,,,,,,,,,,,,,0.6154,0.5349,
2054328,2/18/2026 16:29,craw,ws,5500,-125,c,ts,2/18/2026,11:29:04,0,,,0.5556,,0.6154,,,0.6255,,,,,,0.5556,,,,,,,,,,,,,,,,,,0.5745,,
2054436,2/18/2026 17:46,crok,ws,2000,600,d,ts,2/18/2026,12:46:53,0,,,0.1429,l,0.2083,0.2222,0.2222,0.1429,0.156,0.1565,,,,0.2083,0.2083,0.2083,,,,,,,,,,0.202,0.2083,0.2083,,,,0.1577,0.165,0.165
2054440,2/18/2026 17:52,crok,ws,3600,504,d,ts,2/18/2026,12:52:24,0,,,0.1656,l,0.2381,0.2564,0.2564,0.1828,0.2079,0.2062,,,,0.25,0.25,0.25,,,,,,,,,,0.2381,0.25,0.25,,,,0.1923,0.2053,0.2053
2054412,2/18/2026 17:01,drog,ws,20100,-800,c,ts,2/18/2026,12:01:18,0,,,0.8889,w,0.9474,,,0.9351,,,,,,0.8889,,,,,,,,,,,,,,,,,,0.9075,,
2054329,2/18/2026 16:29,drog,ws,24600,-160,c,ts,2/18/2026,11:29:19,0,,,0.6154,w,0.7674,,0.661,0.7167,,0.6337,,,,0.6154,,0.6154,,,,,,,,,,,,,,,,0.6942,,0.6094
2054453,2/18/2026 18:02,eala,ws,8300,210,c,ts,2/18/2026,13:02:00,0,,,0.3226,w,0.4167,0.4,0.4,,,,0.4115,0.4115,0.4,0.3226,,,0.3846,0.3846,0.3846,0.3968,0.3968,0.3876,,,,0.4167,0.4167,0.4167,,,,0.3704,0.3704,0.365
2054076,2/18/2026 12:02,ferr,ws,30200,-1400,c,ts,2/18/2026,7:02:05,0,,,0.9333,,0.9783,0.9474,0.9474,0.973,0.9495,0.9474,,,,0.9333,0.9333,0.9091,,,,,,,,,,,,,,,,0.9511,0.9148,0.9115
2054049,2/18/2026 10:17,ferr,ws,6000,-145,c,ts,2/18/2026,5:17:18,0,,,0.5918,,0.6667,0.6296,0.6296,0.6528,0.6226,0.6226,,,,0.5918,0.5918,0.5918,,,,,,,,,,,,,,,,0.6124,0.5902,0.5902
2054072,2/18/2026 11:59,ferr,ws,29300,-700,c,ts,2/18/2026,6:59:18,0,,,0.875,,0.9474,0.9048,0.9048,0.9479,,0.8765,,,,0.875,0.875,0.875,,,,,,,,,,,,,,,,0.9055,,0.8609
2054073,2/18/2026 11:59,ferr,ws,40100,-1200,c,ts,2/18/2026,6:59:49,0,,,0.9231,,0.9783,0.9474,0.9474,0.9744,0.9505,0.9505,,,,0.9231,0.9231,0.9231,,,,,,,,,,,,,,,,0.9499,0.9136,0.9136
2054309,2/18/2026 16:17,gauf,ws,5600,115,c,ts,2/18/2026,11:17:22,0,,,0.4651,w,,,,0.5516,0.495,,0.5392,0.4831,,0.4651,0.4651,,,,,0.537,0.537,,,,,0.5,0.5,,,,,0.4926,0.4505,
2054417,2/18/2026 17:06,gauf,ws,6900,-160,c,ts,2/18/2026,12:06:57,0,,,0.6154,w,0.6774,,,0.6933,,,0.6923,,,0.6154,,,,,,0.6667,,,,,,0.6875,,,,,,0.6429,,
2054350,2/18/2026 16:36,gauf,ws,10100,120,c,ts,2/18/2026,11:36:53,0,,,0.4545,w,0.5455,0.4545,,0.5633,0.5455,,0.5763,0.4484,,0.4545,0.4545,,,,,0.537,0.5283,,,,,0.5122,0.4762,,,,,0.505,0.4484,
2054343,2/18/2026 16:34,gauf,ws,4500,155,f,ts,2/18/2026,11:34:18,0,,,0.3922,w,0.3922,0.5,0.5,0.4739,0.4739,0.5556,0.4762,0.4762,0.5556,0.4348,0.4762,0.4762,,,,0.4386,0.4386,0.4878,,,,0.5,0.5349,0.5349,,,,0.4167,0.4484,0.4878
2059670,2/19/2026 2:55,giro,ws,11000,-200,e,ts,2/18/2026,21:55:39,0,,,0.6667,l,0.7619,0.7619,0.6154,0.7222,0.7222,,0.7701,0.7701,0.6183,0.5833,0.5833,0.5833,0.6667,0.6667,0.6667,0.734,0.6951,0.5968,,,,0.7059,0.6154,0.6154,,,,0.696,0.6656,0.5851
2059534,2/19/2026 2:45,giro,ws,7100,-200,e,ts,2/18/2026,21:45:58,0,,,0.6667,l,0.7297,0.7297,0.7297,0.6942,0.6855,0.6855,0.7333,0.7333,0.7333,0.7222,0.7222,0.6875,0.6667,0.6667,0.6667,0.705,0.705,0.6951,,,,0.7368,0.726,0.7101,,,,0.6855,0.6825,0.6764
2060131,2/19/2026 3:34,giro,ws,3800,1300,e,ts,2/18/2026,22:34:15,0,,,0.0714,l,0.1667,,,0.1689,,,0.1887,,,0.1111,,,0.0714,,,0.159,,,,,,0.1212,,,,,,0.1168,,
2059382,2/19/2026 2:37,giro,ws,6300,-200,e,ts,2/18/2026,21:37:26,0,,,0.6667,l,0.7143,0.7143,0.7143,0.6894,0.6894,0.6894,0.7531,0.7531,0.7531,0.7368,0.7368,0.7368,0.6667,0.6667,0.6667,0.6951,0.6951,0.6951,,,,0.7403,0.7368,0.726,,,,0.6835,0.6825,0.6805
2054411,2/18/2026 17:01,golu,ws,23700,-1400,c,ts,2/18/2026,12:01:12,0,,,0.9333,w,0.9722,0.9412,0.9412,,0.9324,0.9324,,,,0.9333,0.9333,0.9333,,,,,,,,,,,,,,,,,0.9061,0.9061
2054334,2/18/2026 16:31,golu,ws,11000,-140,c,ts,2/18/2026,11:31:07,0,,,0.5833,w,0.6774,0.6078,0.6078,0.6633,0.5935,0.5935,,,,0.5833,0.5833,,,,,,,,,,,,,,,,,0.6212,0.5671,
2054351,2/18/2026 16:37,golu,ws,7500,135,c,ts,2/18/2026,11:37:11,0,,,0.4255,w,0.5122,,0.4545,0.5074,,0.4405,,,,0.4255,,0.4255,,,,,,,,,,,,,,,,0.463,,0.4115
2054283,2/18/2026 15:50,golu,ws,15900,-482,d,ts,2/18/2026,10:50:18,0,,,0.8282,w,0.8889,0.9091,0.9091,0.8282,0.8649,0.8649,,,,0.8889,0.9,0.9,,,,,,,,,,,,,,,,0.851,0.865,0.865
2054679,2/18/2026 20:16,hanf,ws,6700,-110,c,ts,2/18/2026,15:16:04,0,,,0.5238,l,0.6154,0.6154,0.5556,0.6047,0.6047,0.5413,0.5556,0.5556,0.5146,0.5238,0.5238,0.5238,0.6,0.6,0.5455,0.5868,0.5671,0.5575,,,,0.5918,0.5556,0.5556,,,,0.5495,0.5349,0.5025
2054879,2/18/2026 21:33,hanf,ws,9100,150,c,ts,2/18/2026,16:33:15,0,,,0.4,l,0.5,,,0.5238,,,0.495,,,0.4,,,0.5,,,0.4587,,,,,,0.4545,,,,,,0.4464,,
2054134,2/18/2026 12:42,harl,ws,16300,-155,f,ts,2/18/2026,7:42:38,0,,,0.6078,,0.6078,0.6078,0.6078,0.7868,,0.7917,0.7409,0.7409,0.7409,0.8,0.8,0.8,,,,,,,,,,,,,,,,0.661,,0.661
2054214,2/18/2026 13:45,harl,ws,12500,160,c,ts,2/18/2026,8:45:12,0,,,0.3846,,0.5122,0.4444,0.4444,0.4651,0.3846,0.3846,0.5,0.4348,0.4348,0.4545,0.3846,0.3846,,,,,,,,,,,,,,,,0.4566,0.3876,0.3876
2054190,2/18/2026 13:31,harl,ws,21900,-134,d,ts,2/18/2026,8:31:09,0,,,0.5726,,0.7059,0.7059,0.7727,0.5726,0.6441,0.7033,0.7015,0.7015,0.8,0.7222,0.7222,0.7222,,,,,,,,,,,,,,,,0.6503,0.6552,0.7253
2054066,2/18/2026 11:40,harl,ws,6000,-260,c,ts,2/18/2026,6:40:14,0,,,0.7222,,0.8,0.7297,,0.812,,,0.759,0.7101,,0.7222,0.7222,,,,,,,,,,,,,,,,,0.7361,,
2054624,2/18/2026 19:42,kopr,ws,3300,160,f,ts,2/18/2026,14:42:08,0,,,0.3846,w,0.3846,0.4082,0.4167,0.4115,0.4115,0.4405,0.4444,0.4444,0.4545,0.4348,0.4348,0.4348,,,,0.4386,0.4386,0.4484,,,,0.4651,0.4651,0.4651,,,,0.4032,0.4065,0.4115
2055650,2/19/2026 0:31,kord,ws,5000,-138,d,ts,2/18/2026,19:31:10,0,,,0.5798,w,0.6491,0.6491,0.6491,0.5798,,0.5816,0.6255,0.6183,0.6183,0.6,0.6,0.6,0.6,0.6,0.6,0.6667,0.6667,0.6667,,,,0.6296,0.6296,0.6364,,,,0.5968,0.5968,0.5968
2055739,2/19/2026 0:33,kord,ws,8100,-150,c,ts,2/18/2026,19:33:58,0,,,0.6,w,0.6875,,,0.6296,,,0.6667,,,0.6,,,0.6491,,,0.6951,,,,,,0.6429,,,,,,0.6269,,
2055083,2/18/2026 23:45,kord,ws,10100,-340,c,ts,2/18/2026,18:45:33,0,,,0.7727,w,0.8305,0.7727,0.7727,0.8319,0.7712,0.7712,0.8413,0.7895,0.7895,0.7727,0.7727,0.7727,0.8571,0.8,0.8,0.8016,0.7921,0.7921,,,,0.8214,0.8077,0.8077,,,,0.7917,0.7549,0.7525
2055768,2/19/2026 0:34,kord,ws,6800,-240,c,ts,2/18/2026,19:34:53,0,,,0.7059,w,0.7561,0.7561,0.7561,0.7368,0.7468,0.7468,0.759,0.7354,0.7354,0.7059,0.7059,0.7059,0.7647,0.7647,0.7647,0.7537,0.763,0.763,,,,0.7701,0.7701,0.7701,,,,0.7222,0.7183,0.7183
2061194,2/19/2026 5:48,kuzm,ws,2400,630,d,ts,2/18/2026,0:48:11,0,,,0.137,,0.1887,,0.2273,0.137,,0.2208,0.2128,,0.2564,0.2381,,0.2381,,,,,,,,,,,,,,,,0.1548,,0.1931
2054188,2/18/2026 13:30,lehe,ws,10100,-900,c,ts,2/18/2026,8:30:24,0,,,0.9,,0.9375,0.931,0.931,0.9342,0.9342,0.9219,0.9434,0.9434,0.9259,0.9,0.9,0.9,0.9474,0.9474,0.9333,0.9158,0.9158,0.9063,,,,0.9639,0.9517,0.9517,,,,0.9101,0.9045,0.8989
2054346,2/18/2026 16:34,mert,ws,5900,-130,c,ts,2/18/2026,11:34:58,0,,,0.5652,l,0.6364,0.5455,0.5455,0.6154,0.4854,0.4854,0.6078,0.5455,0.5455,0.5652,0.5652,0.5652,,,,0.6078,0.5968,0.5575,,,,0.5745,0.5652,0.5745,,,,0.5851,0.5238,0.5169
2054375,2/18/2026 16:43,mert,ws,17900,-140,c,ts,2/18/2026,11:43:21,0,,,0.5833,l,0.7143,0.5833,0.5833,0.7085,,,0.7059,0.5851,0.5851,0.5833,0.5833,0.5833,,,,0.6951,0.6753,0.5781,,,,0.6296,0.5918,0.5745,,,,0.6454,0.5763,0.5556
2054356,2/18/2026 16:38,mert,ws,13500,-170,c,ts,2/18/2026,11:38:16,0,,,0.6296,l,0.7143,0.6,,0.7067,0.5902,,0.7059,0.5595,,0.6296,0.6296,,,,,0.705,0.7151,,,,,0.6429,0.6154,,,,,0.6711,0.5633,
2055013,2/18/2026 23:12,mich,ws,7400,110,e,ts,2/18/2026,18:12:41,0,,,0.4762,l,0.5556,0.4464,0.4464,,,,0.5305,0.5305,0.5305,0.5349,0.5349,0.5349,0.4762,0.4762,0.4762,0.5475,0.5475,0.5475,,,,0.5556,0.5556,0.5556,,,,0.5074,0.4878,0.4878
2055087,2/18/2026 23:46,mich,ws,5800,240,l,ts,2/18/2026,18:46:44,0,,,0.2941,l,0.3922,0.3125,0.3125,0.3802,0.2882,0.2985,0.339,0.2778,0.2778,0.2941,0.2941,0.2941,0.3571,0.2857,0.2857,0.3663,0.3356,0.2941,,,,0.2941,0.2941,0.2941,,,,0.3289,0.2551,0.2597
2054888,2/18/2026 21:35,nakb,ws,4300,180,b,ts,2/18/2026,16:35:35,0,,,0.3571,l,0.4348,0.4348,,0.3953,0.4065,,0.3571,0.3846,,0.4167,0.4167,,0.4,0.3846,,0.4386,0.4386,,,,,0.4167,0.4167,,,,,0.3817,0.3817,
2057484,2/19/2026 1:34,pass,ws,6100,225,l,ts,2/18/2026,20:34:28,0,,,0.3077,l,,,,0.3774,,0.3155,0.4,,0.3175,0.3226,,0.3226,0.3846,,0.303,0.3663,,0.2941,,,,0.3077,,0.3077,,,,0.3436,,0.2801
2055816,2/19/2026 0:36,pass,ws,8000,-211,d,ts,2/18/2026,19:36:32,0,,,0.6785,l,0.7561,,,0.6785,,,0.726,,,0.7619,,,0.7059,,,0.7151,,,,,,0.7647,,,,,,0.6997,,
2054246,2/18/2026 14:01,quev,ws,9300,-437,d,ts,2/18/2026,9:01:13,0,,,0.8138,w,0.8667,0.8667,0.8667,0.8138,0.8131,0.8131,,,,0.8571,0.8571,0.8571,,,,,,,,,,,,,,,,0.8282,0.8243,0.8243
2054224,2/18/2026 13:51,quev,ws,12100,-400,c,ts,2/18/2026,8:51:12,0,,,0.8,w,0.8667,,0.8462,0.8459,,0.841,,,,0.8,,0.8,,,,,,,,,,,,,,,,0.8201,,0.7972
2054168,2/18/2026 13:14,radi,ws,3400,291,d,ts,2/18/2026,8:14:32,0,,,0.2558,,0.3226,0.3226,0.303,0.2558,0.2558,0.2725,,,,0.3448,0.3226,0.3226,,,,,,,,,,,,,,,,0.2778,0.2717,0.2625
2054161,2/18/2026 13:05,radi,ws,3300,187,d,ts,2/18/2026,8:05:12,0,,,0.3484,,0.4167,0.4255,,0.3484,0.369,,,,,0.4167,0.4167,,,,,,,,,,,,,,,,,0.3676,0.3759,
2054145,2/18/2026 13:00,radi,ws,4900,159,d,ts,2/18/2026,8:00:00,0,,,0.3861,,0.4545,0.4878,0.4878,0.3861,0.4329,0.4329,,,,0.4651,0.4651,0.4651,,,,,,,,,,,,,,,,0.4132,0.4405,0.4405
2054104,2/18/2026 12:20,radi,ws,8600,110,c,ts,2/18/2026,7:20:27,0,,,0.4762,,0.5652,0.5238,0.5238,0.5434,0.5327,0.5305,,,,0.4762,0.4762,0.4762,,,,,,,,,,,,,,,,0.5122,0.4854,0.4854
2054187,2/18/2026 13:30,rosa,ws,1900,400,c,ts,2/18/2026,8:30:17,0,,,0.2,,0.2564,0.2083,0.2083,0.2874,0.2304,0.2304,,,,0.2,0.2,0.2,,,,,,,,,,,,,,,,0.2128,0.1692,0.1692
2054205,2/18/2026 13:35,rosa,ws,7000,230,c,ts,2/18/2026,8:35:05,0,,,0.303,,0.3922,0.3571,0.3571,0.3968,0.365,0.3205,,,,0.303,0.303,0.303,,,,,,,,,,,,,,,,0.3448,0.3135,0.303
2054195,2/18/2026 13:31,rosa,ws,5500,400,c,ts,2/18/2026,8:31:55,0,,,0.2,,0.2857,0.2083,0.2083,0.3115,0.2128,0.2128,,,,0.2,0.2,0.2,,,,,,,,,,,,,,,,0.2375,0.1669,0.1669
2054278,2/18/2026 15:41,skat,ws,3100,347,d,ts,2/18/2026,10:41:40,0,,,0.2237,,0.2941,,,0.2237,,,,,,0.2941,,,,,,,,,,,,,,,,,,0.2445,,
2054341,2/18/2026 16:34,skat,ws,3100,210,c,ts,2/18/2026,11:34:15,0,,,0.3226,,0.3846,,0.303,0.4049,,0.3155,,,,0.3226,,0.3226,,,,,,,,,,,,,,,,0.3413,,0.2695
2055508,2/19/2026 0:24,tabi,ws,3600,283,d,ts,2/18/2026,19:24:13,0,,,0.2611,w,0.3125,0.3125,0.3125,0.2611,,0.2591,0.339,0.3472,0.3472,0.3333,0.3333,0.3333,0.2857,0.2857,0.2857,0.3155,0.3155,0.3155,,,,0.3175,0.3175,0.3175,,,,0.2841,0.2874,0.2841
2056238,2/19/2026 0:55,tabi,ws,8900,-135,c,ts,2/18/2026,19:55:12,0,,,0.5745,w,,,,,0.5984,0.5968,0.6255,0.6255,0.6032,0.5745,0.5745,0.5745,0.5833,0.5833,0.5833,0.705,0.6855,0.6855,,,,,,,,,,0.6047,0.5968,0.5902
2056282,2/19/2026 0:58,tabi,ws,12000,120,c,ts,2/18/2026,19:58:10,0,,,0.4545,w,0.5455,0.5122,0.5122,0.5169,0.5169,0.5169,0.5556,0.5556,0.5556,0.4545,0.5122,0.5122,0.5455,0.5238,0.5238,0.5475,0.5781,0.5781,,,,0.5556,,,,,,0.5074,0.5098,0.5098
2056721,2/19/2026 1:14,tabi,ws,8600,-140,c,ts,2/18/2026,20:14:16,0,,,0.5833,w,0.661,0.661,0.6154,0.6552,0.6032,0.5516,0.6454,0.639,0.6226,0.5833,0.5833,0.5122,0.6491,0.6491,0.5455,0.6753,0.6667,0.6466,,,,0.6491,0.6154,0.6364,,,,0.6078,0.5984,0.5745
2054870,2/18/2026 21:30,you,ws,5600,260,c,ts,2/18/2026,16:30:48,0,,,0.2778,,0.3846,,0.3333,0.3636,,0.3135,,,,0.2778,,0.2778,,,,,,,,,,0.3448,,0.3333,,,,0.3125,,0.2849
2054315,2/18/2026 16:19,zhaz,ws,2500,436,d,ts,2/18/2026,11:19:27,0,,,0.1866,l,0.2381,0.2778,0.2778,0.1866,0.2506,0.2506,0.2381,0.2632,0.2632,0.303,0.303,0.303,0.2353,0.2667,0.2667,0.2217,0.2427,0.2632,,,,0.2469,0.2703,0.274,,,,0.2024,0.232,0.2347
2061478,2/19/2026 17:57,alcz,ws,8000,-113,b,ts,2/19/2026,12:57:58,0,,,0.5305,w,0.5833,0.6154,0.6154,0.5868,0.6183,0.6183,0.5305,,0.569,0.6154,0.6552,0.6552,0.6,0.6296,0.6296,,,,,,,0.6552,0.6491,0.6429,0.6296,0.6296,0.6296,0.5614,0.5935,0.5851
2061431,2/19/2026 17:23,alcz,ws,13400,-500,e,ts,2/19/2026,12:23:51,0,,,0.8333,w,0.875,0.875,0.875,0.878,0.878,0.8864,0.8851,0.8851,0.8851,0.9,0.8462,0.8462,0.8333,0.8333,0.8333,,,,,,,0.9034,0.875,0.8387,0.899,0.886,0.8168,0.8519,0.841,0.8344
2061499,2/19/2026 18:02,alcz,ws,4800,-134,b,ts,2/19/2026,13:02:13,0,,,0.5726,w,0.6296,0.6296,0.6296,,0.5951,0.5918,0.5968,0.5968,0.5968,0.6429,0.6429,0.6429,0.6154,0.6154,0.6154,0.6466,,,,,,0.6296,0.6296,0.6364,,0.6269,0.6269,0.5935,0.5868,0.5918
2065707,2/20/2026 2:24,berr,ws,5000,-120,e,ts,2/19/2026,21:24:00,0,,,0.5455,w,0.6154,0.6154,0.6154,0.5652,0.5652,0.5726,0.6,0.6,0.6,0.5918,0.5918,0.5918,0.5455,0.5455,0.5455,,,,,,,0.6,0.5918,0.5652,,,,0.5633,0.5614,0.5536
2065703,2/20/2026 2:23,berr,ws,6100,-120,l,ts,2/19/2026,21:23:46,0,,,0.5455,w,0.6154,,0.5556,0.5726,,0.4926,0.6,,0.5238,0.5918,,0.5556,0.5455,,0.5455,,,,,,,0.5556,,0.5556,,,,0.5671,,0.505
2061236,2/19/2026 9:59,cina,ws,70200,-165,b,ts,2/19/2026,4:59:06,0,,,0.6226,,0.9783,,,0.988,,0.995,0.6226,,0.6226,0.9804,,,,,,,,,,,,,,,,,,0.8433,,
2061241,2/19/2026 10:04,cina,ws,70200,-165,b,ts,2/19/2026,5:04:24,0,,,0.6226,,0.9804,0.9804,0.9877,0.9783,0.9783,0.995,0.6226,0.6226,0.6226,0.9804,,,,,,,,,,,,,,,,,,0.8435,,
2061242,2/19/2026 10:05,cina,ws,61700,-165,b,ts,2/19/2026,5:05:27,0,,,0.6226,,0.9804,,0.9804,0.9767,,0.9767,0.6226,,0.6226,0.9804,,,,,,,,,,,,,,,,,,0.8165,,
2061240,2/19/2026 10:01,cina,ws,71400,-165,b,ts,2/19/2026,5:01:07,0,,,0.6226,,0.9836,,0.9877,0.9839,,,0.6226,,0.6226,0.9868,,0.9868,,,,,,,,,,,,,,,,0.8471,,
2061199,2/19/2026 7:21,claj,ws,11600,-380,c,ts,2/19/2026,2:21:42,0,,,0.7917,,0.8667,,,0.8403,,,0.8551,,,0.7917,,,,,,,,,,,,,,,,,,0.8117,,
2061201,2/19/2026 7:53,claj,ws,14200,-340,c,ts,2/19/2026,2:53:47,0,,,0.7727,,0.8571,0.8039,0.8039,0.8355,0.7992,0.7992,0.8485,0.8077,0.8077,0.7727,0.7727,0.7727,,,,,,,,,,,,,,,,0.7996,0.7613,0.7613
2061200,2/19/2026 7:25,claj,ws,23700,-320,c,ts,2/19/2026,2:25:15,0,,,0.7619,,0.8667,0.7872,0.7872,0.8592,0.7619,0.7619,0.8551,0.8,0.8,0.7619,0.7619,0.7619,,,,,,,,,,,,,,,,0.8088,0.7416,0.7416
2061202,2/19/2026 8:00,claj,ws,24900,-2000,c,ts,2/19/2026,3:00:58,0,,,0.9524,,0.9836,0.9677,0.9677,0.9855,0.9677,0.9677,,0.9524,0.9524,0.9524,0.9524,0.9524,,,,,,,,,,,,,,,,0.963,0.9333,0.9333
2061404,2/19/2026 15:25,eala,ws,4700,358,d,ts,2/19/2026,10:25:24,0,,,0.2183,l,0.3279,0.3279,0.3279,0.2183,0.2326,,0.2703,0.2703,0.2899,0.2941,0.2941,0.2941,,,,,,,,,,0.2899,0.2985,0.2985,0.2632,0.2817,0.2817,0.2494,0.2532,0.2625
2061400,2/19/2026 15:24,eala,ws,7300,342,d,ts,2/19/2026,10:24:44,0,,,0.2262,l,0.3279,0.3279,0.3279,0.2262,0.2825,0.2793,0.2985,0.3226,0.3226,0.3333,0.3333,0.3333,,,,,,,,,,0.3175,0.3279,0.3226,0.3086,0.3125,0.3125,0.2703,0.2857,0.2849
2061414,2/19/2026 15:34,eala,ws,2200,640,d,ts,2/19/2026,10:34:48,0,,,0.1351,l,0.1667,,0.1961,0.1351,,0.1842,0.2128,,0.2326,0.2273,,0.2273,,,,,,,,,,0.2041,,0.2222,0.1953,,0.198,0.1515,,0.1733
2061685,2/19/2026 20:07,fari,ws,5100,213,d,ts,2/19/2026,15:07:42,0,,,0.3195,w,0.3922,,,0.3195,,,0.3774,,,0.3846,,,0.3448,,,0.3774,,,,,,0.4,,,,,,0.3472,,
2061688,2/19/2026 20:10,fari,ws,8600,115,c,ts,2/19/2026,15:10:54,0,,,0.4651,w,0.5833,0.5,0.5,0.5633,0.4762,0.4762,0.5392,0.4808,0.4808,0.4651,0.4651,0.4651,0.5652,0.4651,0.4651,0.5575,0.4975,0.4975,,,,0.5,0.4878,0.4878,,,,0.5074,0.4545,0.4545
2064032,2/20/2026 1:30,fons,ws,6200,-240,c,ts,2/19/2026,20:30:33,0,,,0.7059,l,0.7778,,0.7368,0.7525,,0.7093,0.7701,,0.7143,0.7059,,0.7059,0.7778,,0.7059,,,,,,,0.7468,,0.7436,,,,0.723,,0.6894
2064109,2/20/2026 1:32,fons,ws,8500,-340,c,ts,2/19/2026,20:32:08,0,,,0.7727,l,0.8305,0.8305,0.8305,0.8092,0.8092,0.8092,0.8131,0.8131,0.8131,0.7727,0.7727,0.75,0.8333,0.8182,0.8182,,,,,,,0.8425,0.8291,0.8113,,,,0.7886,0.7835,0.7763
2066114,2/20/2026 2:40,fons,ws,4100,300,c,ts,2/19/2026,21:40:09,0,,,0.25,l,0.3226,0.303,0.303,0.3226,0.304,0.3021,0.3279,0.2985,0.303,0.25,0.25,0.25,0.303,0.2857,0.2857,,,,,,,0.3077,0.3077,0.303,,,,0.2762,0.2604,0.2604
2066417,2/20/2026 2:54,fons,ws,11000,200,c,ts,2/19/2026,21:54:24,0,,,0.3333,l,0.4651,,,0.4785,,,0.463,,,0.3333,,,0.4545,,,,,,,,,0.3571,,,,,,0.3953,,
2065411,2/20/2026 2:12,frit,ws,8100,-250,f,ts,2/19/2026,21:12:49,0,,,0.7143,w,0.7143,,0.7222,0.8081,,0.7988,0.7826,,0.7826,0.7917,,0.7917,0.8,,0.8,0.7436,,0.7436,,,,0.8,,0.7849,,,,0.7354,,0.7319
2065459,2/20/2026 2:13,frit,ws,6500,-320,f,ts,2/19/2026,21:13:52,0,,,0.7619,w,0.7619,0.7619,0.7619,0.8208,0.8221,0.8221,0.8198,0.8131,0.8131,0.8182,0.8182,0.8182,0.8333,0.8333,0.8333,0.7921,0.7921,0.7921,,,,0.8347,0.8333,0.8291,,,,0.7738,0.7727,0.7717
2061244,2/19/2026 11:06,krau,ws,9200,-260,c,ts,2/19/2026,6:06:29,0,,,0.7222,,0.8,0.7674,0.7674,0.7573,0.7199,0.7199,,,,0.7222,0.7222,0.7222,,,,,,,,,,,,,,,,0.7436,0.7151,0.7151
2061386,2/19/2026 15:13,lehe,ws,7100,340,c,ts,2/19/2026,10:13:08,0,,,0.2273,,0.2778,0.2778,0.2778,0.3817,0.3058,0.3058,0.3472,0.274,0.274,0.2273,0.2273,0.2273,0.3846,0.303,0.303,,,,,,,0.2941,0.2941,0.2941,0.3165,0.3165,0.3165,0.274,0.2433,0.2433
2061330,2/19/2026 14:13,lehe,ws,8900,-170,c,ts,2/19/2026,9:13:21,0,,,0.6296,,0.697,0.697,0.6667,0.6894,0.6894,0.654,,,,0.6296,0.6296,0.6296,,,,,,,,,,0.7222,0.6875,0.6875,,,,0.6564,0.6429,0.6324
2061324,2/19/2026 14:11,lehe,ws,6200,-172,f,ts,2/19/2026,9:11:43,0,,,0.6324,,0.6324,0.6324,0.6324,0.7167,0.7167,0.7167,,,,0.6875,0.6875,0.6552,,,,,,,,,,0.7297,0.7297,0.7059,,,,0.6503,0.6503,0.6364
2061372,2/19/2026 14:37,lehe,ws,5900,135,c,ts,2/19/2026,9:37:15,0,,,0.4255,,0.5,0.4878,0.4878,0.4739,0.4739,0.4505,,,,0.4255,0.4255,0.4255,0.4762,0.4762,0.4651,,,,,,,0.5122,0.4878,0.4762,,,,0.4587,0.4444,0.4367
2061466,2/19/2026 17:56,leom,ws,12100,-340,c,ts,2/19/2026,12:56:17,0,,,0.7727,l,0.8462,0.8182,0.8182,0.8062,0.7669,0.7669,,,,0.7727,0.7727,0.7727,,,,,,,,,,,,,,,,0.7955,0.7674,0.7674
2061602,2/19/2026 19:13,leom,ws,8200,105,c,ts,2/19/2026,14:13:38,0,,,0.4878,l,0.5745,0.5,,0.5614,0.5,,,,,0.4878,0.4878,,,,,,,,,,,,,,,,,0.5215,0.4673,
2061442,2/19/2026 17:43,leom,ws,7300,-320,c,ts,2/19/2026,12:43:36,0,,,0.7619,l,0.8182,0.8182,0.8,0.8092,0.8092,0.7881,,,,0.7619,0.7619,0.7619,,,,,,,,,,,,,0.798,0.7706,0.7706,0.7763,0.7613,0.7506
2061643,2/19/2026 19:39,leom,ws,12800,230,c,ts,2/19/2026,14:39:50,0,,,0.303,l,0.4444,0.2857,0.2857,0.4184,0.3077,0.3077,,,,0.303,0.303,0.3333,,,,,,,,,,,,,,,,0.3788,0.2558,0.2611
2061420,2/19/2026 15:41,mlad,ws,2200,486,d,ts,2/19/2026,10:41:12,0,,,0.1706,l,0.2439,0.2439,0.2439,0.1706,0.1828,0.1828,,,,0.2083,0.2083,0.2083,,,,,,,,,,,,,0.1862,0.1862,0.1862,0.1866,0.1887,0.1887
2061215,2/19/2026 8:55,naga,ws,5500,240,c,ts,2/19/2026,3:55:53,0,,,0.2941,,0.3333,0.2857,0.2857,0.3413,0.277,0.277,0.4386,0.4386,0.4386,0.2941,0.2941,0.2941,,,,,,,,,,,,,,,,0.3268,0.2967,0.2967
2061220,2/19/2026 9:06,naga,ws,5400,200,c,ts,2/19/2026,4:06:07,0,,,0.3333,,0.3846,0.3226,0.3226,0.4255,0.3195,0.3195,0.4386,0.4386,0.4386,0.3333,0.3333,0.3333,,,,,,,,,,,,,,,,0.365,0.3226,0.3226
2061219,2/19/2026 9:05,naga,ws,4200,240,c,ts,2/19/2026,4:05:32,0,,,0.2941,,0.3226,0.2857,0.2857,0.3236,0.2793,0.2793,0.4386,0.4386,0.4386,0.2941,0.2941,0.2941,,,,,,,,,,,,,,,,0.3195,0.2976,0.2976
2061224,2/19/2026 9:07,naga,ws,7400,240,c,ts,2/19/2026,4:07:53,0,,,0.2941,,0.3509,0.2857,0.2857,0.3717,0.2959,0.2882,0.4386,0.4386,0.4386,0.2941,0.2941,0.2632,,,,,,,,,,,,,,,,0.339,0.3096,0.295
2061447,2/19/2026 17:53,osuw,ws,2200,434,d,ts,2/19/2026,12:53:15,0,,,0.1873,l,0.25,0.25,0.25,0.1873,0.1873,0.2179,,,,0.25,0.2381,0.2381,,,,,,,,,,,,,,0.2193,,0.2,0.1972,0.2028
2061467,2/19/2026 17:56,osuw,ws,2200,417,d,ts,2/19/2026,12:56:20,0,,,0.1934,l,0.2632,0.2703,0.2703,0.1934,0.2227,0.2227,,,,0.25,0.25,0.25,,,,,,,,,,,,,,,,0.2101,0.2193,0.2193
2061438,2/19/2026 17:36,osuw,ws,7700,222,d,ts,2/19/2026,12:36:01,0,,,0.3106,l,0.3846,0.4444,0.4444,0.3106,0.3717,0.3717,,,,0.4167,0.4167,0.4167,,,,,,,,,,,,,0.3831,0.4049,0.4049,0.3484,0.3846,0.3922
2061483,2/19/2026 17:58,osuw,ws,1900,435,d,ts,2/19/2026,12:58:20,0,,,0.1869,l,0.2439,0.2703,0.2703,0.1869,0.2331,0.2331,,,,0.2632,0.2632,0.25,,,,,,,,,,,,,,0.2404,0.2404,0.2004,0.2242,0.2212
2061961,2/19/2026 23:47,paut,ws,16700,-340,c,ts,2/19/2026,18:47:48,0,,,0.7727,w,0.8462,0.8462,0.8462,0.8062,0.8073,0.8073,0.8333,0.8333,0.8333,0.7727,0.8182,0.8182,0.8333,0.8462,0.8462,0.8302,0.8302,0.8302,,,,0.8561,0.8758,0.8817,,,,0.8043,0.8084,0.8084
2061495,2/19/2026 18:00,ruzi,ws,5300,279,d,ts,2/19/2026,13:00:47,0,,,0.2639,l,0.3226,0.3226,0.3226,0.2817,0.3125,0.3145,0.339,0.3704,0.3636,0.3636,0.3636,0.3636,0.3226,0.3448,0.3571,0.3049,,,,,,0.3636,0.3704,0.3636,,0.3165,0.3165,0.2976,0.3135,0.3106
2061440,2/19/2026 17:41,ruzi,ws,6400,-101,d,ts,2/19/2026,12:41:03,0,,,0.5025,l,0.5349,,,0.5025,,,0.5455,,,0.6154,,,0.5349,,,,,,,,,0.6078,,,,,,0.5261,,
2061680,2/19/2026 20:02,sinn,ws,11500,-505,l,ts,2/19/2026,15:02:12,0,,,0.8347,l,0.8824,0.8246,0.8246,0.8701,0.8392,0.7608,0.8851,0.8198,0.8198,0.8571,0.8571,0.8571,0.9,0.9,0.8,0.859,0.8113,0.8113,,,,0.8347,0.8214,0.8214,,,,0.8505,0.8,0.784
2061701,2/19/2026 20:17,sinn,ws,12400,-620,d,ts,2/19/2026,15:17:54,0,,,0.8611,l,0.931,0.9231,0.9231,0.8611,0.8795,0.8795,0.901,0.893,0.893,0.9,0.9,0.9,0.9,0.9,0.9,0.8874,0.8874,0.8874,,,,0.9203,0.9187,0.917,,,,0.8755,0.8734,0.8731
2061659,2/19/2026 19:48,sinn,ws,11100,-870,d,ts,2/19/2026,14:48:03,0,,,0.8969,l,0.9333,,0.9412,0.8969,,0.9123,0.9346,,0.9434,0.9524,,0.9524,0.9333,,0.9333,0.9158,,0.9158,,,,0.9598,,0.9614,,,,0.9065,,0.9127
2061774,2/19/2026 21:35,sinn,ws,14400,150,l,ts,2/19/2026,16:35:04,0,,,0.4,l,0.5122,0.4082,0.4082,0.4808,0.3704,0.3788,0.5305,0.4545,0.4348,0.4,0.4,0.4,0.4651,0.3704,0.3704,0.4878,0.4184,0.4184,,,,0.4,0.4,0.3922,,,,0.4739,0.3788,0.3745
2061599,2/19/2026 19:08,tien,ws,6100,-380,c,ts,2/19/2026,14:08:29,0,,,0.7917,w,0.8462,0.7917,0.7917,0.8325,0.7685,0.7685,0.8413,0.7701,0.7701,0.7917,0.7917,0.7917,0.8462,0.8462,0.8,0.84,0.7921,0.7826,,,,0.8276,0.8039,0.8,,,,0.8039,0.7567,0.7512
2061582,2/19/2026 18:55,tien,ws,7500,-219,d,ts,2/19/2026,13:55:50,0,,,0.6865,w,,0.7297,,0.6865,0.6865,,0.726,0.726,,0.7222,0.7917,,0.7333,0.7143,,0.7436,0.734,,,,,0.759,0.8058,,,,,0.6979,0.6997,
2061605,2/19/2026 19:16,tien,ws,12100,-280,c,ts,2/19/2026,14:16:24,0,,,0.7368,w,0.8039,,0.7368,0.7773,,0.7207,0.8131,,0.7354,0.7368,,0.7368,0.8,,0.7143,0.7826,,0.7245,,,,0.7727,,0.759,,,,0.7549,,0.7015
2061664,2/19/2026 19:56,tien,ws,7700,-125,c,ts,2/19/2026,14:56:04,0,,,0.5556,w,0.6364,0.5652,0.5652,0.6139,0.5614,0.5595,0.6183,0.5392,0.5633,0.5556,0.5556,0.6296,0.6154,0.6154,0.5652,0.6466,0.5868,0.5781,,,,0.5833,0.5833,0.6226,,,,0.5833,0.537,0.5516
2062761,2/20/2026 0:38,wala,ws,2100,400,c,ts,2/19/2026,19:38:47,0,,,0.2,l,0.2381,0.1724,0.1724,0.2538,0.2037,0.2004,0.2381,0.1724,0.1887,0.2,0.2,0.2,0.3704,0.3704,0.3704,0.2532,0.2632,0.1802,,,,0.2128,0.2,0.2,,,,0.2037,0.1739,0.161
2062872,2/20/2026 0:43,wala,ws,6800,400,c,ts,2/19/2026,19:43:14,0,,,0.2,l,0.303,,,0.3571,,,0.3175,,,0.2,,,0.3571,,,0.2841,,,,,,0.2151,,,,,,0.25,,
2062852,2/20/2026 0:42,wala,ws,2000,755,l,ts,2/19/2026,19:42:12,0,,,0.117,l,0.1724,0.1,0.1,0.1949,0.1949,0.0345,0.2105,0.2105,0.1333,0.1111,0.1111,0.1111,0.2105,0.2105,,0.1802,0.159,0.0852,,,,0.1538,0.1156,0.1156,,,,0.1412,0.1119,0.0698
2062954,2/20/2026 0:45,wala,ws,2300,700,c,ts,2/19/2026,19:45:44,0,,,0.125,l,0.1887,0.125,,0.1946,0.1235,,0.2,0.1333,,0.125,0.125,,0.2105,0.1429,,0.1905,0.2114,,,,,0.1418,0.137,,,,,0.1427,0.103,
2070973,2/21/2026 4:11,agst,ws,1800,800,e,ts,2/20/2026,23:11:15,0,,,0.1111,l,0.1724,0.1724,0.1724,,,0.1351,0.1818,0.1818,0.1667,0.1333,0.1333,0.1333,0.1111,0.1111,0.1111,0.159,0.159,0.159,,,,0.146,0.1449,0.1449,,,,0.1247,0.1244,0.1193
2070883,2/21/2026 3:21,agst,ws,3000,375,d,ts,2/20/2026,22:21:00,0,,,0.2105,l,,,,0.2105,0.2933,0.2933,0.25,0.303,0.303,0.3226,0.3226,0.3226,0.2353,0.303,0.303,0.2427,0.274,0.3155,,,,0.2899,0.3077,0.3077,,,,0.2262,0.2667,0.2703
2070301,2/21/2026 1:56,agst,ws,5400,190,c,ts,2/20/2026,20:56:59,0,,,0.3448,l,0.4587,0.4587,0.4587,0.3876,0.3155,0.3155,,,,0.3448,0.3448,0.3448,,,,0.3774,0.3774,0.3774,,,,0.3333,0.3333,0.339,,,,0.3745,0.3378,0.3413
2070977,2/21/2026 4:22,agst,ws,2500,595,l,ts,2/20/2026,23:22:57,0,,,0.1439,l,0.2,0.1667,0.1667,0.1754,0.1266,0.1266,0.1923,0.1429,0.1429,0.2083,0.1818,0.1818,0.1818,0.1429,0.1429,0.2008,0.2008,0.1695,,,,0.1575,0.1439,0.1439,,,,0.1631,0.1235,0.1189
2068753,2/20/2026 17:53,alcz,ws,9400,-900,c,ts,2/20/2026,12:53:11,0,,,0.9,w,0.92,0.92,0.8889,0.9583,0.9583,0.902,0.9615,0.9615,0.9259,0.9,0.9,0.9,0.9444,0.9444,0.9091,0.9251,0.9063,0.9063,,,,0.9422,0.932,0.932,,,,0.9078,0.9026,0.8824
2068730,2/20/2026 17:36,alcz,ws,26200,-600,c,ts,2/20/2026,12:36:43,0,,,0.8571,w,0.9259,0.8889,0.8889,0.9167,0.8592,0.8592,0.9346,0.8851,0.8851,0.8571,0.8571,0.8571,0.9167,0.875,0.875,0.9158,0.8874,0.8874,,,,0.9213,0.9052,0.9074,,,,0.8925,0.8582,0.8567
2068729,2/20/2026 17:35,alcz,ws,14600,-900,c,ts,2/20/2026,12:35:07,0,,,0.9,w,0.9474,,0.9333,0.9219,,0.9029,0.9524,,0.9434,0.9,,0.9,0.9259,,0.9091,0.9251,,0.9158,,,,0.9512,,0.9523,,,,0.9122,,0.9027
2068744,2/20/2026 17:43,alcz,ws,19100,-800,c,ts,2/20/2026,12:43:43,0,,,0.8889,w,0.9412,0.9048,0.9048,0.9419,0.9138,0.9138,0.9524,0.9259,0.9259,0.8889,0.8889,0.8889,0.9355,0.9,0.9,0.9251,0.9251,0.9251,,,,0.9333,0.9333,0.9254,,,,0.9065,0.8885,0.8867
2068651,2/20/2026 14:59,anis,ws,7100,-192,d,ts,2/20/2026,9:59:03,0,,,0.6575,l,0.7059,0.7059,0.7059,0.6575,0.6575,0.6622,0.7015,0.6875,0.6875,0.7059,0.7059,0.7727,0.8621,0.8621,0.8621,0.705,0.705,0.6951,,,,0.7297,0.7183,0.7368,,,,0.6785,0.6721,0.6785
2068657,2/20/2026 15:03,anis,ws,6900,-205,d,ts,2/20/2026,10:03:21,0,,,0.6721,l,0.697,0.7436,0.7436,0.6721,0.7602,0.7602,0.7015,0.7409,0.7409,0.7619,0.7619,0.7619,0.8621,0.8621,0.8621,0.7151,0.734,0.7436,,,,0.7647,0.7802,0.7753,,,,0.6894,0.7222,0.7245
2068667,2/20/2026 15:12,anis,ws,5900,160,e,ts,2/20/2026,10:12:57,0,,,0.3846,l,0.4878,,0.4878,0.4082,,0.4762,0.4082,,0.4902,0.4878,,0.5238,0.3846,,0.5,0.3876,,0.4587,,,,0.5,,0.5,,,,0.4082,,0.4566
2068652,2/20/2026 14:59,anis,ws,8600,-240,c,ts,2/20/2026,9:59:09,0,,,0.7059,l,0.7778,0.7059,0.7059,0.7647,0.6575,0.6575,0.759,0.7015,0.7015,0.7059,0.7059,0.7059,0.8621,0.8621,0.8621,0.763,0.705,0.705,,,,0.7297,0.7297,0.7183,,,,0.7268,0.6785,0.6753
2068631,2/20/2026 14:17,bart,ws,9300,-380,c,ts,2/20/2026,9:17:28,0,,,0.7917,,0.8571,0.8462,0.8462,0.8233,0.8233,,,,,0.7917,0.7917,0.7917,,,,,,,,,,,,,,,,0.8077,0.7988,
2068636,2/20/2026 14:49,bart,ws,6000,-220,c,ts,2/20/2026,9:49:18,0,,,0.6875,,0.7619,0.697,0.697,0.7191,0.6951,0.6951,,,,0.6875,0.6875,0.6875,,,,,,,,,,,,,,,,0.7024,0.6564,0.6564
2068625,2/20/2026 14:07,bart,ws,11700,-340,c,ts,2/20/2026,9:07:12,0,,,0.7727,,0.8462,0.8214,,0.8302,0.8131,,,,,0.7727,0.7727,,,,,,,,,,,,,,,,,0.7947,0.7783,
2068674,2/20/2026 15:19,bart,ws,12100,210,c,ts,2/20/2026,10:19:07,0,,,0.3226,,0.4545,0.3571,,0.4386,0.3226,,,,,0.3226,0.3226,,,,,,,,,,,,,,,,,0.3922,0.3049,
2069221,2/20/2026 23:06,berr,ws,6100,-130,e,ts,2/20/2026,18:06:33,0,,,0.5652,l,0.6,0.6,,0.6914,0.6914,,0.6139,0.6139,,0.5833,0.5833,,0.5652,0.5652,,0.6169,0.6078,,,,,0.6552,0.6154,,,,,0.5885,0.5781,
2069242,2/20/2026 23:43,berr,ws,7000,120,e,ts,2/20/2026,18:43:20,0,,,0.4545,l,0.5556,0.4348,0.4348,0.5708,0.4808,0.4808,0.5146,0.4292,0.4292,0.4,0.4,0.4,0.4545,0.4545,0.4545,0.5671,0.5074,0.4785,,,,0.5,0.4651,0.4651,,,,0.4902,0.4082,0.4132
2069229,2/20/2026 23:36,berr,ws,3700,240,c,ts,2/20/2026,18:36:45,0,,,0.2941,l,0.3226,0.3226,0.3226,0.3802,0.3497,0.3333,0.3636,0.339,0.3279,0.2941,0.2941,0.2941,0.4545,0.4545,0.4545,0.3559,0.3559,0.3559,,,,0.3448,0.339,0.339,,,,0.3165,0.3086,0.3049
2069223,2/20/2026 23:10,berr,ws,5500,146,d,ts,2/20/2026,18:10:17,0,,,0.4065,l,0.4651,0.4651,0.5,0.4065,0.4202,0.4202,0.4444,0.4444,0.4444,0.4444,0.4878,0.4878,0.5652,0.5652,0.5652,0.4785,0.4785,0.5074,,,,0.4762,0.4878,0.5,,,,0.4348,0.4386,0.4464
2069041,2/20/2026 20:33,bonz,ws,2000,640,d,ts,2/20/2026,15:33:25,0,,,0.1351,l,0.1852,0.1754,0.1754,0.1351,0.1351,0.1333,0.2222,0.2128,0.2128,0.2,0.2,0.2,,,,,,,,,,,,,,,,0.1497,0.142,0.1418
2069218,2/20/2026 22:54,buse,ws,5600,120,c,ts,2/20/2026,17:54:50,0,,,0.4545,w,0.5122,0.4167,0.4167,0.5536,0.4425,0.4425,0.5074,0.4484,0.4484,0.4545,0.4545,0.4545,0.5455,0.5455,0.4348,0.5074,0.4878,0.4695,,,,0.4878,0.4444,0.4444,,,,0.4762,0.4115,0.4049
2068751,2/20/2026 17:52,chaa,ws,11400,-105,c,ts,2/20/2026,12:52:25,0,,,0.5122,w,0.6,0.5652,0.5652,0.6094,0.5652,0.5652,,,,0.5122,0.5122,0.5122,,,,,,,,,,,,,,,,0.5575,0.5261,0.5261
2068781,2/20/2026 18:07,chaa,ws,9300,-115,c,ts,2/20/2026,13:07:15,0,,,0.5349,w,0.6154,0.5652,0.5652,0.6094,0.5614,0.5614,,,,0.5349,0.5349,0.5349,,,,,,,,,,,,,,,,0.5708,0.5261,0.5261
2068789,2/20/2026 18:10,chaa,ws,6200,100,c,ts,2/20/2026,13:10:16,0,,,0.5,w,0.5652,0.5238,,0.5745,0.5192,,,,,0.5,0.5,,,,,,,,,,,,,,,,,0.5261,0.4878,
2068749,2/20/2026 17:49,chaa,ws,6200,110,c,ts,2/20/2026,12:49:46,0,,,0.4762,w,0.5455,,,0.5495,,,,,,0.4762,,,,,,,,,,,,,,,,,,0.5025,,
2068932,2/20/2026 19:22,drog,ws,2700,840,d,ts,2/20/2026,14:22:15,0,,,0.1064,l,0.1667,0.1667,0.1667,0.1064,0.1389,0.1389,0.1852,0.1852,0.1852,0.2,0.2,0.2,,,,,,,,,,,,,,,,0.1271,0.1294,0.1294
2068885,2/20/2026 19:05,drog,ws,10500,160,c,ts,2/20/2026,14:05:39,0,,,0.3846,l,0.5,0.4082,0.4082,0.4808,0.3906,0.3968,0.4878,0.4202,0.4082,0.3846,0.3846,0.4348,,,,,,,,,,,,,,,,0.4405,0.369,0.369
2068931,2/20/2026 19:21,drog,ws,2400,600,d,ts,2/20/2026,14:21:55,0,,,0.1429,l,0.2083,0.2083,0.2083,0.1429,0.152,0.1751,0.2222,0.2222,0.2299,0.1818,0.1818,0.1818,,,,,,,,,,,,,,,,0.1603,0.1618,0.1669
2068928,2/20/2026 19:20,drog,ws,5200,670,d,ts,2/20/2026,14:20:22,0,,,0.1299,l,0.2128,0.2128,0.2128,0.1299,0.1672,0.1634,0.2353,0.2353,0.2353,0.2,0.2,0.2,,,,,,,,,,,,,,,,0.1681,0.1712,0.1706
2069129,2/20/2026 21:01,gala,ws,6700,-170,c,ts,2/20/2026,16:01:15,0,,,0.6296,,0.7222,0.7059,0.7059,0.6743,0.6689,0.6689,0.697,0.697,0.6667,0.6296,0.6296,0.6296,,,,,,,,,,,,,,,,0.6491,0.6441,0.631
2069133,2/20/2026 21:01,gala,ws,6500,-170,c,ts,2/20/2026,16:01:51,0,,,0.6296,,0.7297,0.7297,0.7297,0.6711,0.6454,0.6454,0.6923,0.6923,0.6923,0.6296,0.6296,0.6296,,,,,,,,,,,,,,,,0.6491,0.6466,0.6466
2069186,2/20/2026 21:56,gala,ws,7100,165,f,ts,2/20/2026,16:56:20,0,,,0.3774,,0.3774,0.3774,0.3774,0.4878,0.3546,0.3546,0.495,0.495,0.495,0.4878,0.4878,,,,,,,,,,,,,,,,,0.4149,0.3937,
2069199,2/20/2026 22:06,gala,ws,31500,-450,c,ts,2/20/2026,17:06:26,0,,,0.8182,,0.8947,,,0.8837,,,0.9434,,,0.8182,,,,,,,,,,,,,,,,,,0.866,,
2068771,2/20/2026 18:03,gauf,ws,4400,300,c,ts,2/20/2026,13:03:42,0,,,0.25,l,0.3333,,0.2703,0.3378,,,0.3226,,0.2564,0.25,,0.25,,,,0.2941,,0.232,,,,0.2899,,0.2667,,,,0.2778,,0.2208
2068709,2/20/2026 16:51,gauf,ws,9800,120,c,ts,2/20/2026,11:51:48,0,,,0.4545,l,0.5556,,0.4878,0.5169,,,0.5595,,0.4717,0.4545,,0.4545,,,,0.5169,,0.4975,,,,0.5349,,0.5,,,,0.505,,0.4525
2068786,2/20/2026 18:08,gauf,ws,3200,290,l,ts,2/20/2026,13:08:53,0,,,0.2564,l,0.3333,0.3333,0.2439,0.3378,0.3378,0.3289,0.339,0.339,0.2222,0.2273,0.2273,0.2273,,,,0.3257,0.3155,0.2841,,,,0.2857,0.2667,0.2439,,,,0.2841,0.2793,0.216
2068802,2/20/2026 18:14,gauf,ws,15600,190,c,ts,2/20/2026,13:14:23,0,,,0.3448,l,0.5,0.3704,0.3704,0.5074,0.3425,0.3425,0.5146,0.3704,0.3704,0.3448,0.3448,0.3448,,,,0.4587,0.3356,0.3356,,,,0.3846,0.3846,0.3846,,,,0.431,0.3344,0.3344
2069214,2/20/2026 22:41,kord,ws,21300,-700,c,ts,2/20/2026,17:41:24,0,,,0.875,w,0.9375,0.9048,0.9048,0.9275,0.8876,0.8837,0.9434,0.893,0.901,0.875,0.875,0.875,0.9474,0.9,0.9,0.9063,0.8874,0.8874,,,,0.9142,0.916,0.9167,,,,0.8972,0.8658,0.8689
2069215,2/20/2026 22:47,kord,ws,17000,-900,c,ts,2/20/2026,17:47:45,0,,,0.9,w,0.9375,,,0.9495,,,0.9615,,,0.9,,,0.9333,,,0.9251,,,,,,0.9585,,,,,,0.9142,,
2069207,2/20/2026 22:37,kord,ws,9600,-200,c,ts,2/20/2026,17:37:00,0,,,0.6667,w,0.7368,0.6774,,0.729,0.6764,,0.7409,0.7409,,0.6667,0.6667,,0.75,0.75,,0.705,0.6855,,,,,0.7297,0.7059,,,,,0.6933,0.6678,
2069031,2/20/2026 20:23,mens,ws,5300,165,c,ts,2/20/2026,15:23:35,0,,,0.3774,l,0.4348,,0.3922,0.4587,,0.4202,0.4545,,0.4202,0.3774,,0.3774,0.4651,,0.4082,0.4386,,0.4184,,,,0.4255,,0.4255,,,,0.4082,,0.3788
2069022,2/20/2026 20:19,mens,ws,6300,380,c,ts,2/20/2026,15:19:05,0,,,0.2083,l,0.2857,0.1818,0.1818,0.3584,0.2193,0.2268,0.3175,0.2439,0.2273,0.2083,0.2083,0.2083,0.3448,0.2439,0.2439,0.2941,0.2217,0.2114,,,,0.2174,0.2105,0.2041,,,,0.2506,0.1832,0.1761
2068934,2/20/2026 19:29,mens,ws,5200,130,c,ts,2/20/2026,14:29:14,0,,,0.4348,l,0.5,0.4167,,0.505,0.505,,0.5,0.5,,0.4348,0.4348,,0.5,0.5,,0.4975,0.4785,,,,,0.4878,0.4762,,,,,0.463,0.4405,
2068982,2/20/2026 19:56,mens,ws,6600,150,c,ts,2/20/2026,14:56:13,0,,,0.4,l,0.5,0.4255,0.4255,0.4831,0.4149,0.4149,0.463,0.4255,0.4255,0.4,0.4,0.4,0.4762,0.4167,0.4167,0.4785,0.4484,0.4386,,,,0.4444,0.4444,0.4444,,,,0.4348,0.3968,0.3906
2068630,2/20/2026 14:14,pegu,ws,6800,115,f,ts,2/20/2026,9:14:18,0,,,0.4651,w,0.4651,,,0.5349,,,0.5536,,,0.5556,,,0.5122,,,0.4975,,,,,,0.5455,,,,,,0.4926,,
2068699,2/20/2026 15:46,pegu,ws,15100,-830,d,ts,2/20/2026,10:46:32,0,,,0.8925,w,0.9333,,0.9333,0.8925,,0.8936,0.9346,,0.9259,0.9615,,0.9615,0.9091,,0.9091,0.9158,,0.9063,,,,0.961,,0.9624,,,,0.906,,0.9039
2068665,2/20/2026 15:11,pegu,ws,7300,-120,c,ts,2/20/2026,10:11:26,0,,,0.5455,w,0.6364,0.5455,,0.6324,0.5495,,0.5885,0.5305,,0.5455,0.5455,,0.6226,0.5652,,0.6078,0.6078,,,,,0.5833,0.5652,,,,,0.569,0.5261,
2068700,2/20/2026 15:48,pegu,ws,9300,-426,d,ts,2/20/2026,10:48:37,0,,,0.8099,w,0.8571,,0.8889,0.8099,,0.8701,0.8701,,0.901,0.875,,0.9,0.84,,0.8947,0.8302,,0.8969,,,,0.9038,,0.9286,,,,0.8246,,0.8677
2069104,2/20/2026 20:53,ruud,ws,5800,110,c,ts,2/20/2026,15:53:40,0,,,0.4762,l,0.5349,,0.5349,0.5305,,0.5392,0.5169,,0.5283,0.4762,,0.5122,0.5238,,0.5455,0.5575,,0.5671,,,,0.5455,,0.5556,,,,0.5,,0.5074
2069156,2/20/2026 21:14,ruud,ws,4800,-145,c,ts,2/20/2026,16:14:16,0,,,0.5918,l,0.6364,0.5745,,0.7024,0.6337,,0.6454,0.6109,,0.5918,0.5918,,0.6825,0.6154,,0.6564,0.6269,,,,,0.6364,0.6296,,,,,0.6109,0.5798,
2069124,2/20/2026 20:58,ruud,ws,5800,115,c,ts,2/20/2026,15:58:56,0,,,0.4651,l,0.5349,0.5,0.5,0.5595,,,0.5192,0.4878,0.4878,0.4651,0.4651,0.4651,0.5238,0.4762,0.4762,0.5283,0.4878,0.4878,,,,0.5122,0.5122,0.5122,,,,0.4926,0.463,0.463
2068947,2/20/2026 19:44,sebo,ws,2600,720,d,ts,2/20/2026,14:44:42,0,,,0.122,l,0.1887,0.1887,0.1887,0.122,0.149,0.1767,,,,0.2083,0.2083,0.2083,,,,,,,,,,,,,,,,0.1416,0.1451,0.1486
2069995,2/21/2026 1:37,tiaf,ws,12800,-260,c,ts,2/20/2026,20:37:00,0,,,0.7222,l,0.8824,0.8824,0.8824,0.7821,0.7167,0.7093,0.7895,0.697,0.7143,0.7222,0.7222,0.7222,0.8182,0.75,0.75,0.763,0.6667,0.705,,,,0.7561,0.75,0.7619,,,,0.7543,0.7268,0.7214
2069435,2/21/2026 0:35,tiaf,ws,100,1420,d,ts,2/20/2026,19:35:31,0,,,0.0658,l,0.1053,,0.1333,0.1,,0.137,0.125,,0.1538,0.1538,,0.1538,0.1111,,0.1429,0.1064,,0.159,,,,0.1439,,0.1538,,,,0.0842,,0.1103
2070146,2/21/2026 1:45,tiaf,ws,9600,-150,c,ts,2/20/2026,20:45:44,0,,,0.6,l,0.8824,0.8824,0.8824,,0.5652,0.5652,0.5726,0.5968,0.5968,0.6,0.6,0.6429,0.6154,0.6154,0.6154,0.5968,0.5968,0.5968,,,,0.6078,0.6154,0.6154,,,,0.6283,0.6094,0.6109
2069390,2/21/2026 0:25,tiaf,ws,4100,400,f,ts,2/20/2026,19:25:47,0,,,0.2,l,0.2,0.2778,0.2778,0.2404,0.2404,0.3484,0.2564,0.2564,0.3448,0.3636,0.3636,0.3636,0.25,0.25,0.3448,0.2532,0.274,0.3559,,,,0.3077,0.339,0.3509,,,,0.2278,0.2538,0.2959
2070126,2/21/2026 1:44,tien,ws,2400,700,c,ts,2/20/2026,20:44:13,0,,,0.125,w,0.1667,0.1667,0.1667,0.2088,0.1176,0.1176,0.2083,0.1429,0.1429,0.125,0.125,0.125,0.2105,0.125,0.125,0.1802,0.1486,0.1064,,,,0.1515,0.1333,0.1316,,,,0.1433,0.1057,0.0983
2069528,2/21/2026 0:48,tien,ws,11500,-578,d,ts,2/20/2026,19:48:21,0,,,0.8525,w,0.9,,,0.8525,,,0.893,,,0.9091,,,0.8824,,,0.8874,,,,,,0.9083,,,,,,0.8667,,
2069533,2/21/2026 0:48,tien,ws,12100,-432,d,ts,2/20/2026,19:48:44,0,,,0.812,w,0.8667,,0.9,0.812,,0.8525,0.8701,,0.893,0.875,,0.9091,0.8462,,0.8824,0.8494,,0.8969,,,,0.8919,,0.9065,,,,0.8322,,0.8665
2069250,2/20/2026 23:48,tien,ws,9000,-185,d,ts,2/20/2026,18:48:36,0,,,0.6491,w,0.7059,0.7059,0.7143,0.6491,,0.6656,0.7101,0.7101,0.7101,0.7368,0.7368,0.7368,0.6825,0.6825,0.6923,0.7151,0.7151,0.7151,,,,0.7222,0.7297,0.7436,,,,0.6753,0.6795,0.6835
2068942,2/20/2026 19:36,wint,ws,2100,556,d,ts,2/20/2026,14:36:59,0,,,0.1524,l,0.2083,,,0.1524,,,0.2381,,,0.1818,,,,,,,,,,,,,,,,,,0.1675,,
2068945,2/20/2026 19:39,wint,ws,2100,515,d,ts,2/20/2026,14:39:10,0,,,0.1626,l,0.2222,0.2083,0.2083,0.1626,0.1626,0.1408,0.2439,0.2439,0.2299,0.1818,0.1818,0.1818,,,,,,,,,,,,,,,,0.1773,0.1695,0.1626
2068935,2/20/2026 19:31,wint,ws,2900,600,d,ts,2/20/2026,14:31:10,0,,,0.1429,l,0.2,0.1923,0.1923,0.1429,0.1645,0.1724,0.25,0.2381,0.2381,0.1667,0.1667,0.1667,,,,,,,,,,,,,,,,0.1645,0.1582,0.159
2068940,2/20/2026 19:35,wint,ws,2000,740,d,ts,2/20/2026,14:35:45,0,,,0.119,l,0.1754,,0.1754,0.119,,0.1493,0.2041,,0.2041,0.1667,,0.1667,,,,,,,,,,,,,,,,0.1346,,0.1376
2068994,2/20/2026 19:59,wong,ws,5900,450,l,ts,2/20/2026,14:59:16,0,,,0.1818,l,0.2564,0.1724,0.1724,0.2532,,0.1587,0.2632,0.1481,0.1818,0.2778,0.2,0.2,0.2667,0.1818,0.1818,0.232,0.1802,0.1486,,,,0.1818,0.1852,0.1852,,,,0.2227,0.1359,0.1383
2068978,2/20/2026 19:55,wong,ws,2800,690,l,ts,2/20/2026,14:55:55,0,,,0.1266,l,0.1818,,0.1176,0.1869,,0.0917,0.1961,,0.1176,0.1333,,0.1333,0.1818,,0.1111,0.1695,,0.0746,,,,0.1266,,0.117,,,,0.1475,,0.0678
2068842,2/20/2026 18:29,wong,ws,3000,151,d,ts,2/20/2026,13:29:06,0,,,0.3984,l,0.4167,,0.4878,0.3984,,0.4785,0.4386,,0.4808,0.4545,,0.4545,0.4348,,0.4348,0.4785,,0.5169,,,,0.4545,,0.5,,,,0.4082,,0.4566
2068979,2/20/2026 19:55,wong,ws,1900,650,c,ts,2/20/2026,14:55:55,0,,,0.1333,l,0.1818,,0.1176,0.1869,,0.0917,0.1961,,0.1176,0.1333,,0.1333,0.1818,,0.1111,0.1695,,0.0746,,,,0.1266,,0.117,,,,0.1475,,0.0678
2071662,2/21/2026 17:05,appl,ws,5900,193,d,ts,2/21/2026,12:05:15,0,,,0.3413,l,0.4082,0.4082,0.4255,0.3413,0.3413,0.3413,0.4255,0.4255,0.4255,0.4255,0.4255,0.4255,0.4,0.4,0.4,0.4695,0.3876,0.4184,,,,,,,,,,0.3745,0.3717,0.3788
2071644,2/21/2026 17:00,appl,ws,8000,110,c,ts,2/21/2026,12:00:38,0,,,0.4762,l,0.5556,0.4762,0.4762,0.5238,0.5146,0.5146,0.5556,0.5,0.5,0.4762,0.4762,0.4762,0.5455,0.5455,0.4762,0.537,0.5169,0.4878,,,,,,,,,,0.5098,0.463,0.4545
2071658,2/21/2026 17:04,appl,ws,5100,183,d,ts,2/21/2026,12:04:47,0,,,0.3534,l,0.4255,0.3922,0.3922,0.3534,0.3534,0.3546,0.4348,0.4348,0.4,0.3846,0.3846,0.3846,0.4,0.4,0.3704,0.4082,0.4082,0.3968,,,,,,,,,,0.3817,0.369,0.3497
2071441,2/21/2026 9:25,basi,ws,3100,168,d,ts,2/21/2026,4:25:52,0,,,0.3731,,,,,,,,,,,,,,,,,,,,,,,,,,,,,,,
2071451,2/21/2026 9:43,basi,ws,5100,-115,e,ts,2/21/2026,4:43:24,0,,,0.5349,,,,,,,,,,,,,,,,,,,,,,,,,,,,,,,
2071688,2/21/2026 17:10,brac,ws,7600,-305,d,ts,2/21/2026,12:10:56,0,,,0.7531,w,0.8182,0.8182,0.8182,0.7531,0.7531,0.7531,0.7826,0.7826,0.7826,,0.7222,0.7222,,,,0.8208,0.8208,0.8302,,,,,,,,,,0.7685,0.7653,0.7658
2071686,2/21/2026 17:09,brad,ws,12700,-180,c,ts,2/21/2026,12:09:47,0,,,0.6429,l,0.7368,0.6774,0.6774,0.7085,0.6564,,0.726,0.6721,0.6721,0.6429,0.6429,0.6429,0.7143,0.6667,0.6667,0.705,0.6667,0.6667,,,,,,,,,,0.6805,0.631,0.631
2071913,2/21/2026 17:50,brad,ws,12200,-125,c,ts,2/21/2026,12:50:13,0,,,0.5556,l,0.661,0.5238,0.5238,0.6183,0.5455,0.5455,0.6454,0.5192,0.5475,0.5556,0.5556,0.5556,0.6296,0.5238,0.5238,0.6078,0.5868,0.5074,,,,,,,,,,0.6,0.4926,0.5025
2071792,2/21/2026 17:31,brad,ws,12600,120,c,ts,2/21/2026,12:31:41,0,,,0.4545,l,0.5556,0.4545,0.4545,0.5614,0.4274,0.4274,0.5726,0.4348,0.4348,0.4545,0.4545,0.4545,0.5652,0.4545,0.4545,0.5169,0.5074,0.4184,,,,,,,,,,0.5098,0.4219,0.4098
2071845,2/21/2026 17:42,brad,ws,20300,-110,c,ts,2/21/2026,12:42:57,0,,,0.5238,l,0.6552,,,0.67,,,0.6503,,,0.5238,,,0.6667,,,0.6269,,,,,,,,,,,,0.6032,,
2075802,2/21/2026 20:46,bren,ws,16000,-1200,c,ts,2/21/2026,15:46:50,0,,,0.9231,w,0.9524,0.9167,0.9167,0.9643,0.9351,0.9351,0.9804,0.9259,0.9259,0.9231,0.9231,0.9,0.9722,0.9722,0.9231,0.9439,0.9251,0.9251,,,,,,,,,,0.9345,0.8973,0.8899
2074989,2/21/2026 20:21,bren,ws,15600,-340,c,ts,2/21/2026,15:21:12,0,,,0.7727,w,0.8667,0.8182,0.8182,0.848,0.8008,0.8008,0.8333,0.8,0.8,0.7727,0.7727,0.7727,0.8824,0.8824,0.8824,0.8113,0.7826,0.7826,,,,,,,,,,0.802,0.7743,0.7743
2074208,2/21/2026 19:50,bren,ws,5900,100,d,ts,2/21/2026,14:50:41,0,,,0.5,w,0.5556,0.6,0.6,0.5,0.5633,0.5633,0.5781,0.5781,0.5781,,,,0.5349,0.5833,0.5833,0.5575,0.6169,0.6169,,,,,,,,,,0.5238,0.5495,0.5495
2071444,2/21/2026 9:33,bust,ws,11900,-800,c,ts,2/21/2026,4:33:11,0,,,0.8889,,0.5,0.5,0.5122,0.505,0.505,0.505,0.5169,0.5169,0.5169,0.5455,0.5455,0.5455,0.5,0.5,0.5,,,,,,,0.5238,0.5349,0.5349,,,,0.4762,0.4808,0.4831
2071445,2/21/2026 9:35,bust,ws,11200,-1200,c,ts,2/21/2026,4:35:02,0,,,0.9231,,0.4878,0.4878,0.4878,0.505,0.505,0.505,0.5122,0.5122,0.5122,0.5,0.5,0.5,0.5122,,,,,,,,,0.5122,0.5122,0.5122,,,,0.4673,0.4651,0.4651
2071423,2/21/2026 8:46,bust,ws,3400,238,d,ts,2/21/2026,3:46:05,0,,,0.2959,,,,,,,,,,,,,,,,,,,,,,,,,,,,,,,
2071436,2/21/2026 9:01,bust,ws,6200,-200,c,ts,2/21/2026,4:01:21,0,,,0.6667,,,,,,,,,,,,,,,,,,,,,,,,,,,,,,,
2076392,2/21/2026 21:07,carl,ws,6600,-340,c,ts,2/21/2026,16:07:37,0,,,0.7727,w,0.8462,0.8,0.8,0.8102,0.7899,0.7899,0.8131,0.7895,0.7895,0.7727,0.7727,0.7727,0.8333,0.7895,0.7895,0.8208,0.8302,0.8302,,,,,,,,,,0.7849,0.7561,0.7561
2082306,2/22/2026 0:10,chaa,ws,5000,165,c,ts,2/21/2026,19:10:03,0,,,0.3774,w,0.4545,,,0.4484,,,,,,0.3774,,,,,,,,,,,,,,,,,,0.4049,,
2083164,2/22/2026 0:40,chaa,ws,4900,165,c,ts,2/21/2026,19:40:22,0,,,0.3774,w,0.4545,0.3774,0.3774,0.4444,0.3663,0.3704,,,,0.3774,0.3774,0.3774,,,,,,,,,,,,,,,,0.4032,0.3378,0.3378
2079734,2/21/2026 22:46,chaa,ws,5500,105,d,ts,2/21/2026,17:46:48,0,,,0.4878,w,0.5652,0.5652,0.5455,0.4878,0.4878,0.4739,,,,0.5238,0.4762,0.4762,,,,,,,,,,,,,,,,0.5098,0.5025,0.4878
2083331,2/22/2026 0:46,chaa,ws,3100,150,c,ts,2/21/2026,19:46:34,0,,,0.4,w,0.4651,0.3636,0.3636,0.4587,0.3663,0.3663,,,,0.4,0.4,0.4,,,,,,,,,,,,,,,,0.4167,0.3344,0.3344
2071426,2/21/2026 8:49,crao,ws,14700,-450,c,ts,2/21/2026,3:49:35,0,,,0.8182,,,,,,,,,,,,,,,,,,,,,,,,,,,,,,,
2071438,2/21/2026 9:07,crao,ws,20300,-2500,c,ts,2/21/2026,4:07:29,0,,,0.9615,,,,,,,,,,,,,,,,,,,,,,,,,,,,,,,
2071428,2/21/2026 8:50,crao,ws,16700,-600,c,ts,2/21/2026,3:50:15,0,,,0.8571,,,,,,,,,,,,,,,,,,,,,,,,,,,,,,,
2075129,2/21/2026 20:26,day,ws,6700,440,e,ts,2/21/2026,15:26:35,0,,,0.1852,l,0.2564,0.2041,0.2041,0.2778,0.2551,0.2551,0.2899,0.2439,0.2439,0.2778,0.25,0.25,0.1852,0.1852,0.1852,0.2841,0.2427,0.2427,,,,,,,,,,0.2331,0.1848,0.1931
2073572,2/21/2026 19:31,day,ws,5300,103,d,ts,2/21/2026,14:31:43,0,,,0.4926,l,0.5455,0.5556,0.5556,0.4926,0.5146,0.5074,0.5595,0.5595,0.569,,,,0.5455,0.5455,0.5455,0.5475,0.5781,0.5575,,,,,,,,,,0.5146,0.5238,0.5261
2071375,2/21/2026 7:09,dejo,ws,9400,-190,c,ts,2/21/2026,2:09:55,0,,,0.6552,,,,,,,,,,,,,,,,,,,,,,,,,,,,,,,
2071374,2/21/2026 7:08,dejo,ws,8500,-190,c,ts,2/21/2026,2:08:54,0,,,0.6552,,,,,,,,,,,,,,,,,,,,,,,,,,,,,,,
2075003,2/21/2026 20:21,dole,ws,12500,-600,c,ts,2/21/2026,15:21:46,0,,,0.8571,w,0.9412,0.8889,0.8889,0.9254,0.8701,0.8701,0.9346,0.8621,0.8621,0.8571,0.8571,0.8571,0.4,0.4,0.4,0.9251,0.8779,0.8494,,,,,,,,,,0.872,0.8012,0.8012
2074750,2/21/2026 20:14,dole,ws,3000,150,e,ts,2/21/2026,15:14:03,0,,,0.4,w,0.4545,0.4545,0.4545,0.4274,0.431,0.431,0.4587,0.4484,0.4484,0.4651,0.5122,0.5122,0.4,0.4,0.4,0.4587,0.4386,0.4386,,,,,,,,,,0.4167,0.4149,0.4149
2074480,2/21/2026 20:05,dole,ws,4500,160,c,ts,2/21/2026,15:05:22,0,,,0.3846,w,0.4444,0.3922,0.3922,0.4566,0.3968,0.3968,0.4386,0.3704,0.3704,0.3846,0.3846,0.3846,0.4348,0.3846,0.3846,0.4484,0.3968,0.3968,,,,,,,,,,0.4082,0.3521,0.3521
2074772,2/21/2026 20:14,etch,ws,6500,-125,c,ts,2/21/2026,15:14:44,0,,,0.5556,w,0.6154,0.5918,0.5918,0.6,0.569,0.569,0.6183,0.5885,0.5885,0.5556,0.5556,0.5556,,,,0.6169,0.6078,0.6078,,,,0.6078,0.6078,0.6078,,,,0.5798,0.5575,0.5575
2071598,2/21/2026 16:15,ferr,ws,5200,-145,c,ts,2/21/2026,11:15:33,0,,,0.5918,,0.6552,0.5918,0.5918,0.6894,0.631,0.631,,,,0.5918,0.5918,0.5918,,,,,,,,,,,,,,,,0.6094,0.5671,0.5671
2074405,2/21/2026 20:02,gald,ws,41000,-600,c,ts,2/21/2026,15:02:34,0,,,0.8571,w,0.9524,0.8667,0.8667,0.9419,0.8485,0.8532,0.9709,0.9091,0.8851,0.8571,0.8571,0.8571,0.9524,0.875,0.875,0.9439,0.8969,0.859,,,,0.8864,0.8864,0.8824,,,,0.906,0.8452,0.839
2074333,2/21/2026 19:59,gald,ws,21300,-600,c,ts,2/21/2026,14:59:23,0,,,0.8571,w,0.9412,0.875,0.875,0.9167,0.8544,0.8544,0.9434,0.893,0.893,0.8571,0.8571,0.8571,0.9231,0.875,0.875,0.9063,0.859,0.859,,,,0.8837,0.8817,0.8758,,,,0.883,0.843,0.8413
2073286,2/21/2026 19:21,gald,ws,10000,-600,c,ts,2/21/2026,14:21:41,0,,,0.8571,w,0.92,0.92,0.875,0.9254,0.9254,0.9153,0.901,0.901,0.901,0.8571,0.8571,0.8571,0.9,0.9,0.9,0.8874,0.8874,0.8779,,,,0.9034,0.893,0.878,,,,0.8689,0.867,0.8536
2085210,2/22/2026 2:22,hern,ws,300,1400,d,ts,2/21/2026,21:22:01,0,,,0.0667,l,0.122,0.122,0.122,0.0667,0.0794,0.0794,0.1429,0.1538,0.1538,0.1429,0.1429,0.1429,0.0909,0.1053,0.1053,0.0958,0.117,0.117,,,,,,,,,,0.0831,0.0901,0.0901
2076186,2/21/2026 21:01,kopr,ws,5400,-130,c,ts,2/21/2026,16:01:52,0,,,0.5652,l,0.6296,0.6296,0.6154,0.6491,0.6491,0.6491,0.6032,0.6032,0.6032,0.5652,0.5652,0.5652,0.6296,0.6296,0.6296,0.5968,0.5968,0.6169,,,,0.6296,0.6296,0.6226,,,,0.5833,0.5833,0.5798
2071538,2/21/2026 14:16,korn,ws,9600,-502,d,ts,2/21/2026,9:16:09,0,,,0.8339,w,0.8824,0.8824,0.8824,0.8339,0.8592,0.8592,,,,0.8889,0.8889,0.875,,,,,,,,,,,,,,,,0.8471,0.8507,0.8466
2071548,2/21/2026 14:50,korn,ws,12200,-260,c,ts,2/21/2026,9:50:20,0,,,0.7222,w,0.8039,0.7436,0.7436,0.7753,0.7118,0.7118,,,,0.7222,0.7222,0.7222,,,,,,,,,,,,,,,,0.75,0.6942,0.6942
2077142,2/21/2026 21:30,lema,ws,8800,175,c,ts,2/21/2026,16:30:25,0,,,0.3636,,0.4444,0.3704,0.3704,0.4739,0.4292,0.4292,0.4545,0.3922,0.3922,0.3636,0.3636,0.3636,0.4762,0.4,0.4,0.4184,0.4184,0.3559,,,,,,,,,,0.4115,0.3484,0.3436
2076836,2/21/2026 21:19,lema,ws,4500,175,c,ts,2/21/2026,16:19:07,0,,,0.3636,,0.4167,0.3448,0.3448,0.4695,0.3817,0.3831,0.431,0.3846,0.3846,0.3636,0.3636,0.3636,0.4545,0.3846,0.3846,0.4184,0.3663,0.346,,,,,,,,,,0.3891,0.3322,0.3333
2073219,2/21/2026 19:19,lepc,ws,6600,-110,d,ts,2/21/2026,14:19:30,0,,,0.5238,w,0.5833,0.5833,0.661,0.5238,0.5238,0.6094,0.5968,0.5968,0.6454,0.5918,0.5918,0.5918,0.5556,0.5556,0.6296,0.5475,0.5169,0.5968,,,,,,,,,,0.5495,0.5392,0.5968
2072612,2/21/2026 18:50,lepc,ws,6700,-140,c,ts,2/21/2026,13:50:02,0,,,0.5833,w,0.6667,0.6429,0.6429,0.6377,0.5984,0.5951,0.6429,0.6183,0.6183,0.5833,0.5833,0.5833,0.6154,0.6,0.6,0.6364,0.6269,0.6269,,,,,,,,,,0.6063,0.5851,0.5885
2075430,2/21/2026 20:36,liu,ws,8200,160,c,ts,2/21/2026,15:36:29,0,,,0.3846,,0.4762,0.4255,0.4255,0.4717,0.4098,0.4098,0.4673,0.4202,0.4202,0.3846,0.3846,0.4167,0.4545,0.4167,0.4167,0.4695,0.4587,0.4184,,,,,,,,,,0.4274,0.3817,0.3876
2079180,2/21/2026 22:34,liu,ws,10500,-130,c,ts,2/21/2026,17:34:00,0,,,0.5652,,0.6429,0.5833,0.5833,0.6933,0.5918,0.5918,0.639,0.5968,0.5968,0.5652,0.5652,0.5652,0.6667,0.6,0.6,0.6269,0.5868,0.5868,,,,,,,,,,0.6032,0.5536,0.5536
2079276,2/21/2026 22:36,liu,ws,22200,-145,c,ts,2/21/2026,17:36:11,0,,,0.5918,,0.7222,0.6364,0.6364,0.7118,0.6212,0.6454,0.7143,0.6429,0.6429,0.6154,0.5918,0.5918,0.7059,0.6154,0.6154,0.6951,0.6364,0.6169,,,,,,,,,,0.6678,0.5984,0.5935
2079987,2/21/2026 22:52,liu,ws,16800,-240,c,ts,2/21/2026,17:52:24,0,,,0.7059,,0.8,0.7059,0.7059,0.7835,0.7283,0.7283,0.7826,0.726,0.726,0.7059,0.7059,0.7059,0.7778,0.7778,0.7059,0.7826,0.7826,0.6951,,,,,,,,,,0.7468,0.6825,0.6743
2071652,2/21/2026 17:03,mand,ws,4800,110,d,ts,2/21/2026,12:03:36,0,,,0.4762,w,0.5238,0.5833,,0.4762,0.5575,,0.5763,0.6183,,0.5122,0.5745,,0.5122,0.5833,,0.5169,0.5475,,,,,,,,,,,0.4975,0.5556,
2071627,2/21/2026 16:47,mand,ws,9600,-210,c,ts,2/21/2026,11:47:02,0,,,0.6774,w,0.7436,0.7059,0.7059,0.7333,0.697,0.697,0.7531,0.7333,0.7333,0.6774,0.6774,0.6774,0.75,0.7059,0.7059,0.734,0.7436,0.7151,,,,,,,,,,0.7033,0.6721,0.6774
2071624,2/21/2026 16:44,mand,ws,7100,-220,c,ts,2/21/2026,11:44:57,0,,,0.6875,w,0.7561,0.7222,0.7222,0.7403,0.7159,0.7159,0.759,0.7333,0.7333,0.6875,0.6875,0.6875,0.75,0.7143,0.7143,0.7151,0.7151,0.7151,,,,,,,,,,0.7059,0.6815,0.6815
2071925,2/21/2026 17:52,mand,ws,15500,135,c,ts,2/21/2026,12:52:14,0,,,0.4255,w,0.5238,,,0.5305,,,0.5413,,,0.4255,,,0.5556,,,0.5575,,,,,,,,,,,,0.5,,
2074200,2/21/2026 19:50,mena,ws,2800,830,l,ts,2/21/2026,14:50:12,0,,,0.1075,,0.1667,,0.1053,0.1667,,0.0833,0.1818,,0.1111,0.125,,0.125,0.1667,,0.1176,0.1486,,0.0852,,,,0.1075,,0.1036,,,,0.1287,,0.0663
2071812,2/21/2026 17:37,mont,ws,5000,135,d,ts,2/21/2026,12:37:11,0,,,0.4255,l,0.4762,0.5238,0.5238,0.4255,0.4717,0.4717,0.4854,0.5238,0.5238,0.5238,0.5238,0.5238,0.4545,0.4878,0.4878,0.4785,0.5283,0.5575,,,,0.5122,0.5122,0.5122,,,,0.4505,0.4785,0.4785
2071945,2/21/2026 18:01,mont,ws,3000,260,c,ts,2/21/2026,13:01:52,0,,,0.2778,l,0.3333,0.3333,0.25,0.3623,0.3745,0.2809,0.3636,0.3636,0.2817,0.2778,0.2778,0.2778,0.3509,0.3509,0.2941,0.3155,0.3049,0.274,,,,0.3226,0.3226,0.2941,,,,0.2976,0.2967,0.2375
2071741,2/21/2026 17:18,mont,ws,7400,120,l,ts,2/21/2026,12:18:38,0,,,0.4545,l,0.5455,,0.5,0.4926,,0.4255,0.5074,,0.4386,0.4762,,0.4762,0.5,,0.4348,0.537,,0.537,,,,0.4545,,0.4545,,,,0.4902,,0.4184
2071752,2/21/2026 17:22,mont,ws,5200,-103,d,ts,2/21/2026,12:22:03,0,,,0.5074,l,0.5918,0.5918,0.6078,0.5074,0.5192,0.5392,0.5495,0.5495,0.5633,0.5556,0.5556,0.5556,0.5349,0.5349,0.5455,0.5671,0.5671,0.5781,,,,0.5745,0.5745,0.5745,,,,0.5283,0.5283,0.537
2082669,2/22/2026 0:24,pard,ws,2300,400,c,ts,2/21/2026,19:24:06,0,,,0.2,l,0.2632,0.2381,0.2381,0.2475,,0.2273,0.2817,0.2817,0.2564,0.2,0.2,0.1818,0.2353,0.2353,0.2353,0.232,0.232,0.2217,,,,0.2532,0.2469,0.2439,,,,0.216,0.2053,0.1972
2081564,2/21/2026 23:39,pard,ws,5200,115,c,ts,2/21/2026,18:39:58,0,,,0.4651,l,0.5349,0.5349,0.6552,0.5025,0.5025,0.5392,0.5327,0.5327,0.5327,0.4651,0.5918,0.5918,0.5,0.5,0.5,0.5074,0.5074,0.5475,,,,0.5918,0.6364,0.6429,,,,0.4902,0.4975,0.5475
2081266,2/21/2026 23:30,pard,ws,4900,108,d,ts,2/21/2026,18:30:10,0,,,0.4808,l,0.5455,0.5745,0.5745,0.4808,0.5122,0.5122,0.5392,0.569,0.569,0.5349,0.5745,0.5745,0.5122,0.5122,0.5455,0.5283,0.5475,0.5475,,,,0.5745,0.5833,0.5833,,,,0.5,0.5305,0.5305
2086453,2/22/2026 3:13,paut,ws,31400,-400,c,ts,2/21/2026,22:13:05,0,,,0.8,w,0.8889,0.8039,0.8039,0.9107,0.8353,0.8353,0.9091,0.7938,0.7938,0.8,0.8,0.8,0.9231,0.8333,0.8333,0.8874,0.8113,0.8113,,,,0.8485,0.8462,0.8496,,,,0.8534,0.7831,0.7849
2084315,2/22/2026 1:36,paut,ws,8800,-160,c,ts,2/21/2026,20:36:10,0,,,0.6154,w,0.7143,0.6667,0.6667,0.6933,0.6656,0.6169,0.6825,0.6364,0.6364,0.6667,0.6154,0.6154,0.6825,0.6154,0.6154,0.6855,0.6951,0.6466,,,,0.6667,0.6552,0.6491,,,,0.6564,0.6078,0.6063
2086685,2/22/2026 3:21,paut,ws,40500,-625,l,ts,2/21/2026,22:21:49,0,,,0.8621,w,0.9375,0.8462,0.8462,0.9351,,,0.9434,0.8077,0.8413,0.875,0.875,0.875,0.9474,0.8571,0.8571,0.9251,0.8494,0.8302,,,,0.8621,0.8611,0.8649,,,,0.9086,0.8088,0.8145
2086010,2/22/2026 2:56,paut,ws,14900,-590,l,ts,2/21/2026,21:56:11,0,,,0.8551,w,0.9,0.8246,0.8246,0.9038,0.8311,0.8311,0.9177,0.8198,0.8198,0.8571,0.8571,0.8571,0.9231,0.8462,0.8462,0.8779,0.84,0.84,,,,0.8551,0.8551,0.8658,,,,0.8729,0.8012,0.8051
2071745,2/21/2026 17:20,rodi,ws,2600,440,f,ts,2/21/2026,12:20:22,0,,,0.1852,,0.1852,,,0.274,,,0.2597,,,0.2273,,,0.2778,,,0.2427,,,,,,,,,,,,0.2037,,
2071742,2/21/2026 17:19,rodi,ws,2100,480,f,ts,2/21/2026,12:19:19,0,,,0.1724,,0.1724,,,0.2427,,,0.2439,,,0.2381,,,0.2273,,,0.2217,,,,,,,,,,,,0.1845,,
2079045,2/21/2026 22:30,sakh,ws,4900,-123,d,ts,2/21/2026,17:30:27,0,,,0.5516,l,0.6154,0.6774,,0.5516,0.6169,,0.5968,0.6454,,0.6429,0.6429,,0.5833,0.5833,,0.5968,0.5968,,,,,,,,,,,0.569,0.5951,
2078509,2/21/2026 22:16,sakh,ws,9900,150,c,ts,2/21/2026,17:16:40,0,,,0.4,l,0.4878,0.4255,0.4255,0.5146,0.4329,0.4329,0.4717,0.4292,0.4292,0.4,0.4,0.4,0.4878,0.4348,0.4348,0.4975,0.4484,0.4484,,,,,,,,,,0.4505,0.3906,0.3906
2078031,2/21/2026 21:59,sakh,ws,3400,210,c,ts,2/21/2026,16:59:18,0,,,0.3226,l,0.3774,,0.3333,0.3953,,0.3425,0.3704,,0.339,0.3226,,0.3226,0.4,,0.3509,0.3876,,0.3559,,,,,,,,,,0.3425,,0.2967
2079814,2/21/2026 22:48,sakh,ws,3500,175,c,ts,2/21/2026,17:48:28,0,,,0.3636,l,0.4444,0.3636,0.3636,0.4115,0.4405,0.3497,0.4202,0.3448,0.3448,0.3636,0.3636,0.3636,0.4167,0.4167,0.3333,0.3876,0.3876,0.346,,,,,,,,,,0.3831,0.3436,0.3165
2074501,2/21/2026 20:05,shib,ws,10500,-160,c,ts,2/21/2026,15:05:51,0,,,0.6154,,0.697,0.6226,0.6226,0.6865,0.5968,0.5968,0.7015,0.6454,0.6454,0.6154,0.6154,0.6154,0.7059,0.7059,0.6296,0.6564,0.6466,0.6564,,,,,,,,,,0.6454,0.5968,0.5951
2074052,2/21/2026 19:45,shib,ws,8800,165,c,ts,2/21/2026,14:45:08,0,,,0.3774,,0.4651,0.3846,,0.4484,0.3876,,0.4762,0.3846,,0.3774,0.3774,,0.4762,0.4,,0.4484,0.4386,,,,,,,,,,,0.4237,0.3484,
2075130,2/21/2026 20:26,shib,ws,2500,880,d,ts,2/21/2026,15:26:36,0,,,0.102,,0.125,0.125,0.125,0.102,0.1087,0.1087,0.1333,0.1176,0.1176,0.125,0.125,0.125,0.6667,0.6667,0.6667,0.1905,0.117,0.117,,,,,,,,,,0.1209,0.1174,0.1174
2074387,2/21/2026 20:01,shib,ws,6800,115,c,ts,2/21/2026,15:01:45,0,,,0.4651,,0.5238,0.4762,0.4762,0.5349,,,0.5455,0.4902,0.4902,0.4651,0.4651,0.4651,0.5455,0.5,0.5,0.5169,0.5074,0.5074,,,,,,,,,,0.4975,0.4484,0.4484
2077243,2/21/2026 21:34,stom,ws,13300,-500,c,ts,2/21/2026,16:34:42,0,,,0.8333,l,0.8947,0.8571,0.8571,0.8734,0.811,0.811,,,,0.8333,0.8333,0.875,,,,,,,,,,,,,,,,0.8519,0.8106,0.8188
2074392,2/21/2026 20:02,stom,ws,10800,-130,c,ts,2/21/2026,15:02:01,0,,,0.5652,l,0.661,0.5745,0.5745,0.6479,0.5708,0.5708,,,,0.5652,0.5918,0.5918,,,,,,,,,,,,,,,,0.6032,0.5434,0.5434
2076581,2/21/2026 21:12,stom,ws,3500,340,c,ts,2/21/2026,16:12:54,0,,,0.2273,l,0.3125,0.2174,,0.274,0.2273,,,,,0.2273,0.2273,,,,,,,,,,,,,,,,,0.25,0.1795,
2076469,2/21/2026 21:09,stom,ws,4300,320,c,ts,2/21/2026,16:09:17,0,,,0.2381,l,0.3333,,0.2564,0.2703,,0.2217,,,,0.2381,,0.2381,,,,,,,,,,,,,,,,0.266,,0.2075
2071572,2/21/2026 15:23,svit,ws,2500,575,d,ts,2/21/2026,10:23:42,0,,,0.1481,l,0.1754,,,0.1481,,,0.2128,,,0.2381,,,0.2,,,0.1905,,,,,,0.2273,,,,,,0.1653,,
2071574,2/21/2026 15:25,svit,ws,2300,580,d,ts,2/21/2026,10:25:39,0,,,0.1471,l,0.1754,,,0.1471,,,0.2273,,,0.2083,,,0.2,,,0.1905,,,,,,0.2128,,,,,,0.1637,,
2071573,2/21/2026 15:24,svit,ws,2200,575,d,ts,2/21/2026,10:24:05,0,,,0.1481,l,0.1754,,0.1754,0.1481,,0.1481,0.2273,,0.2128,0.2083,,0.2083,0.2,,0.2,0.1905,,0.1905,,,,0.2198,,0.2247,,,,0.1642,,0.1595
2071581,2/21/2026 15:38,svit,ws,1900,620,d,ts,2/21/2026,10:38:23,0,,,0.1389,l,0.2,0.2,0.2,0.1389,0.1517,0.1517,0.1887,0.2,0.2,0.2273,0.2273,0.2273,0.1739,0.1739,0.2,0.1802,0.1802,0.2008,,,,0.1923,0.1923,0.1961,,,,0.1531,0.1582,0.1631
2085209,2/22/2026 2:21,tien,ws,7500,-260,c,ts,2/21/2026,21:21:56,0,,,0.7222,l,0.7826,0.697,0.697,0.8102,0.8102,0.7191,0.7938,0.7938,0.7354,0.7222,0.7222,0.7222,0.8182,0.8182,0.7333,0.7436,0.734,0.6753,,,,0.759,0.7436,0.7403,,,,0.7396,0.7175,0.6795
2085107,2/22/2026 2:17,tien,ws,9200,-150,c,ts,2/21/2026,21:17:54,0,,,0.6,l,0.661,0.6154,0.6154,0.6845,0.6815,0.6324,0.6825,0.6825,0.6503,0.6,0.6,0.6,0.6923,0.6923,0.6491,0.6364,0.6269,0.5968,,,,0.6825,0.6552,0.6552,,,,0.6296,0.6124,0.5935
2085099,2/22/2026 2:17,tien,ws,8800,-125,c,ts,2/21/2026,21:17:34,0,,,0.5556,l,0.6154,0.5652,0.5652,0.6324,0.6094,0.5595,0.6503,0.6,0.6,0.5556,0.5556,0.5556,0.6491,0.6491,0.5833,0.5968,0.5968,0.5575,,,,0.6296,0.6078,0.6078,,,,0.5885,0.5595,0.5475
2073520,2/21/2026 19:30,trev,ws,5700,-135,c,ts,2/21/2026,14:30:14,0,,,0.5745,w,0.6491,0.6491,0.5918,0.6226,0.6226,0.5902,0.6552,0.6552,0.6078,0.5745,0.5745,0.5918,0.6296,0.6296,0.6154,0.6269,0.6269,0.6466,,,,0.6296,0.6,0.6,,,,0.5935,0.5902,0.5652
2073455,2/21/2026 19:27,trev,ws,5500,-140,c,ts,2/21/2026,14:27:55,0,,,0.5833,w,0.6491,0.6491,,0.6479,0.6479,,0.661,0.661,,0.5833,0.5833,,0.6667,0.6667,,0.6269,0.6269,,,,,0.6429,0.6,,,,,0.6016,0.5935,
2075086,2/21/2026 20:25,trev,ws,41100,-1200,e,ts,2/21/2026,15:25:20,0,,,0.9231,w,0.9722,0.9722,0.9722,0.9841,,0.9792,,,,0.9868,0.9868,0.9868,0.9231,0.9231,0.9231,0.9814,0.9627,0.9627,,,,,,,,,,0.9481,0.9409,0.9466
2075077,2/21/2026 20:24,trev,ws,32400,-1200,e,ts,2/21/2026,15:24:52,0,,,0.9231,w,0.9722,0.9836,0.9836,0.9792,,,,,,,,,0.9231,0.9231,0.9231,0.9627,0.9907,0.9907,,,,,,,,,,0.945,,
2071827,2/21/2026 17:39,vick,ws,200,960,d,ts,2/21/2026,12:39:37,0,,,0.0943,,0.1429,0.1429,0.1429,0.122,0.0943,0.0943,0.1739,0.16,0.16,0.1667,0.1667,0.1667,0.1538,0.1379,0.1379,0.1486,0.1379,0.1379,,,,,,,,,,0.116,0.1076,0.1076
2083031,2/22/2026 0:36,vidm,ws,27400,-320,c,ts,2/21/2026,19:36:21,0,,,0.7619,l,0.8667,,,0.8445,,,,,,0.7619,,,,,,,,,,,,,,,,,,0.8162,,
2080480,2/21/2026 23:06,vidm,ws,6300,-206,d,ts,2/21/2026,18:06:09,0,,,0.6732,l,0.75,0.7222,0.7222,0.6732,0.6732,0.6689,,,,0.7059,0.7059,0.7059,,,,,,,,,,,,,,,,0.6904,0.6721,0.6711
2080669,2/21/2026 23:11,vidm,ws,7500,-234,d,ts,2/21/2026,18:11:21,0,,,0.7006,l,0.7778,0.7778,0.7778,,0.7006,0.7006,,,,0.7368,0.6875,0.6875,,,,,,,,,,,,,,,,,0.711,0.711
2080957,2/21/2026 23:19,vidm,ws,6200,-302,d,ts,2/21/2026,18:19:06,0,,,0.7512,l,0.8182,0.8039,0.8039,0.7512,0.7512,0.7416,,,,0.7727,0.7727,0.7368,,,,,,,,,,,,,,,,0.7636,0.7549,0.7462
2084342,2/22/2026 1:37,ymee,ws,20400,-280,c,ts,2/21/2026,20:37:29,0,,,0.7368,w,0.8571,0.7826,,0.8369,0.7696,,0.8276,0.7354,,0.7368,0.7368,,0.8333,0.7778,,0.8208,0.7921,,,,,0.7826,0.7826,,,,,0.7817,0.7354,
2084557,2/22/2026 1:47,ymee,ws,31500,-710,l,ts,2/21/2026,20:47:21,0,,,0.8765,w,0.96,0.8667,0.8667,0.9583,0.8667,0.8667,0.9615,0.8198,0.8198,0.8333,0.8333,0.8333,0.9524,0.875,0.875,0.9533,0.9439,0.9346,,,,0.878,0.8742,0.8726,,,,0.9094,0.8198,0.8192
2082186,2/22/2026 0:05,ymee,ws,3400,200,l,ts,2/21/2026,19:05:57,0,,,0.3333,w,0.3922,0.2857,0.2857,0.4274,0.3891,0.2882,0.4167,0.3125,0.3125,0.3226,0.3226,0.3226,0.4167,0.4167,0.3077,0.4386,0.4184,0.3663,,,,0.3333,0.3125,0.3279,,,,0.3534,0.295,0.2639
2084508,2/22/2026 1:44,ymee,ws,6600,-300,c,ts,2/21/2026,20:44:46,0,,,0.75,w,0.8,,,0.7963,,,0.7826,,,0.75,,,0.8182,,,0.8113,,,,,,0.8438,,,,,,0.7636,,
2076609,2/21/2026 21:13,you,ws,4800,230,c,ts,2/21/2026,16:13:43,0,,,0.303,,0.3774,,0.3226,0.3788,,0.339,0.3704,,0.3571,0.303,,0.303,0.3846,,0.3333,0.3559,,0.3559,,,,,,,,,,0.3322,,0.295
2090800,2/22/2026 21:33,avan,ws,7600,-210,c,ts,2/22/2026,16:33:45,0,,,0.6774,l,0.75,,0.6875,0.7481,,0.67,0.7531,,0.7059,0.6774,,0.6774,0.7333,,0.6667,0.7151,,0.6855,,,,0.7403,,0.7059,,,,0.6988,,0.6528
2090888,2/22/2026 21:45,avan,ws,12300,-210,c,ts,2/22/2026,16:45:56,0,,,0.6774,l,0.7727,0.697,0.697,0.7403,0.705,0.67,0.7531,0.7531,0.6875,0.75,0.6774,0.6774,0.75,0.75,0.6667,0.7537,0.7727,0.8016,,,,0.7368,0.7101,0.7101,,,,0.7222,0.6721,0.6479
2090095,2/22/2026 20:18,avan,ws,6200,115,c,ts,2/22/2026,15:18:21,0,,,0.4651,l,0.5238,,0.4651,0.5475,,0.4808,0.5392,,0.4854,0.4651,,0.5,0.5349,,0.4878,0.5283,,0.537,,,,0.5349,,0.5,,,,0.495,,0.4464
2088575,2/22/2026 17:55,brac,ws,6500,151,d,ts,2/22/2026,12:55:42,0,,,0.3984,w,0.4878,0.3731,0.3731,0.3984,0.3984,0.3984,0.4608,0.4608,0.4608,0.4444,0.4444,0.4444,0.4545,0.4545,0.4545,0.4587,0.4587,0.4587,,,,0.4878,0.4878,0.4878,,,,0.4329,0.4065,0.4065
2089491,2/22/2026 19:34,brac,ws,7000,-135,c,ts,2/22/2026,14:34:24,0,,,0.5745,w,0.6364,0.5745,0.5745,0.6743,0.5984,0.5984,0.6774,0.6255,0.6255,0.5745,0.5745,0.5918,0.6667,0.6,0.6,0.6169,0.5671,0.5671,,,,0.6,0.6,0.5918,,,,0.5984,0.5595,0.5595
2089590,2/22/2026 19:39,brac,ws,7900,-240,c,ts,2/22/2026,14:39:32,0,,,0.7059,w,0.7619,0.7619,0.697,0.7429,0.7429,0.6743,0.8,0.8,0.7468,0.7059,0.7059,0.7059,0.7647,0.7647,0.7143,0.7727,0.7727,0.7727,,,,0.7531,0.7368,0.7222,,,,0.7253,0.7159,0.6721
2088588,2/22/2026 18:05,brac,ws,5100,150,b,ts,2/22/2026,13:05:38,0,,,0.4,w,0.4651,0.4878,0.4878,0.4444,0.4878,0.4902,0.4,0.4292,0.4545,0.5,0.5,0.5,0.4762,0.4878,0.4878,0.4587,0.5074,0.4878,,,,0.4878,0.5,0.5,,,,0.4237,0.4425,0.4505
2088356,2/22/2026 12:18,bust,ws,24600,-160,l,ts,2/22/2026,7:18:40,0,,,0.6154,,,,,,,,,,,,,,,,,,,,,,,,,,,,,,,
2088290,2/22/2026 10:27,bust,ws,7900,100,c,ts,2/22/2026,5:27:03,0,,,0.5,,,,,,,,,,,,,,,,,,,,,,,,,,,,,,,
2088371,2/22/2026 12:25,bust,ws,68200,-330,l,ts,2/22/2026,7:25:13,0,,,0.7674,,,,,,,,,,,,,,,,,,,,,,,,,,,,,,,
2088304,2/22/2026 11:09,bust,ws,3400,165,c,ts,2/22/2026,6:09:29,0,,,0.3774,,,,,,,,,,,,,,,,,,,,,,,,,,,,,,,
2089084,2/22/2026 19:03,chaa,ws,28300,-1200,c,ts,2/22/2026,14:03:31,0,,,0.9231,w,0.9677,,,0.9744,,,,,,0.9615,,,,,,,,,,,,,,,,,,0.9485,,
2089104,2/22/2026 19:05,chaa,ws,28500,-1200,c,ts,2/22/2026,14:05:18,0,,,0.9231,w,0.9677,0.9355,0.9355,0.975,0.9405,0.9383,,,,0.9231,0.9231,0.9231,,,,,,,,,,,,,,,,0.9425,0.8989,0.8986
2088564,2/22/2026 17:44,chaa,ws,12000,-200,c,ts,2/22/2026,12:44:15,0,,,0.6667,w,0.7561,,0.6491,0.7312,,0.6552,,,,0.6667,,0.6667,,,,,,,,,,,,,,,,0.6997,,0.6139
2088530,2/22/2026 17:18,chaa,ws,5100,129,d,ts,2/22/2026,12:18:01,0,,,0.4367,w,0.5,,0.5122,0.4367,,0.4739,,,,0.5455,,0.5455,,,,,,,,,,,,,,,,0.463,,0.4785
2088533,2/22/2026 17:20,chir,ws,1800,660,d,ts,2/22/2026,12:20:25,0,,,0.1316,l,0.1818,0.2041,0.2041,0.1316,0.159,0.1825,0.1905,0.2041,0.2105,0.2083,0.2083,0.1818,0.1538,0.1538,0.1852,0.1905,0.2008,0.2114,,,,,,,,,,0.1449,0.1555,0.1656
2088537,2/22/2026 17:21,chir,ws,1200,1160,d,ts,2/22/2026,12:21:24,0,,,0.0794,l,0.1429,,0.1667,0.0794,,0.0926,0.1639,,0.1786,0.1429,,0.1538,0.1176,,0.1379,0.1276,,0.1486,,,,,,,,,,0.1029,,0.1212
2088553,2/22/2026 17:36,chir,ws,100,1880,d,ts,2/22/2026,12:36:21,0,,,0.0505,l,0.1053,0.1053,0.1053,0.0505,0.0633,0.0633,0.125,0.1333,0.1333,0.1,0.0909,0.0909,0.0909,0.0909,0.0909,0.0958,0.0958,0.0958,,,,,,,,,,0.0662,0.0693,0.0693
2088442,2/22/2026 15:39,ciur,ws,800,1500,d,ts,2/22/2026,10:39:08,0,,,0.0625,,0.1538,,,0.0625,,,0.1333,,,0.1,,,,,,,,,,,,,,,,,,0.0831,,
2088413,2/22/2026 15:16,ciur,ws,500,1300,d,ts,2/22/2026,10:16:01,0,,,0.0714,,0.1667,,0.1538,0.0714,,0.125,0.1333,,0.125,0.125,,0.1429,,,,,,,,,,,,,,,,0.09,,0.0894
2091662,2/22/2026 23:44,etch,ws,6300,-270,d,ts,2/22/2026,18:44:28,0,,,0.7297,w,0.7872,,,0.7297,0.7619,0.7619,0.7701,0.8077,0.8077,0.7917,0.7917,0.7917,0.75,0.7647,0.7647,,,,,,,0.8182,0.8182,0.8182,,,,0.7436,0.7625,0.7625
2088589,2/22/2026 18:05,etch,ws,8200,-215,e,ts,2/22/2026,13:05:52,0,,,0.6825,w,0.7727,0.7727,0.7727,0.723,0.723,0.723,0.7409,0.7409,0.7409,0.7222,0.5556,0.5556,0.6825,0.6825,0.6825,,,,,,,0.7403,0.75,0.7143,,,,0.7041,0.697,0.6865
2088608,2/22/2026 18:10,etch,ws,26300,-260,c,ts,2/22/2026,13:10:45,0,,,0.7222,w,0.8667,0.7297,0.7297,0.8485,,,0.8551,0.726,0.726,0.7222,0.7222,0.7222,0.8333,0.6923,0.6923,,,,,,,0.75,0.75,0.7561,,,,0.7831,0.6933,0.6923
2088406,2/22/2026 15:12,etch,ws,5500,135,c,ts,2/22/2026,10:12:28,0,,,0.4255,w,0.5,,0.4082,0.5098,,0.5098,0.495,,0.495,0.4255,,0.4255,0.4762,,0.4762,,,,,,,0.4762,,0.4348,,,,0.4525,,0.4202
2089076,2/22/2026 19:02,garl,ws,9100,100,c,ts,2/22/2026,14:02:42,0,,,0.5,l,0.5745,0.5238,0.5238,0.5633,0.5192,0.5192,0.5968,0.5968,0.5536,0.5,0.5,0.5,0.5652,0.5652,0.5,0.5671,0.5671,0.5169,,,,,,,,,,0.537,0.5098,0.495
2089120,2/22/2026 19:06,garl,ws,5100,133,d,ts,2/22/2026,14:06:30,0,,,0.4292,l,0.4878,0.5238,0.5238,0.4292,0.495,0.495,0.5283,0.5633,0.5633,0.5,0.5,0.5,0.4762,0.4762,0.5238,0.4695,0.5074,0.537,,,,,,,,,,0.4545,0.4926,0.4975
2088949,2/22/2026 18:46,garl,ws,6000,-133,d,ts,2/22/2026,13:46:05,0,,,0.5708,l,0.635,0.635,,0.5708,0.5708,,0.6255,0.6255,,0.6154,0.6154,,0.6,0.6,,0.6078,0.5671,,,,,,,,,,,0.5918,0.5781,
2088259,2/22/2026 9:12,herp,ws,26000,-400,c,ts,2/22/2026,4:12:37,0,,,0.8,l,,,,,,,,,,,,,,,,,,,,,,,,,,,,,,
2088263,2/22/2026 9:40,ibra,ws,21900,-145,c,ts,2/22/2026,4:40:53,0,,,0.5918,,0.998,0.998,0.998,,,,,,,,,,,,,,,,,,,,,,,,,,,
2088265,2/22/2026 9:42,ibra,ws,19000,-180,c,ts,2/22/2026,4:42:43,0,,,0.6429,,0.998,,,,,,,,,,,,,,,,,,,,,,,,,,,,,
2088264,2/22/2026 9:41,ibra,ws,37900,-220,c,ts,2/22/2026,4:41:30,0,,,0.6875,,0.998,0.998,0.998,,,,,,,,,,,,,,,,,,,,,,,,,,,
2088262,2/22/2026 9:40,ibra,ws,5800,-135,c,ts,2/22/2026,4:40:28,0,,,0.5745,,,,,,,,,,,,,,,,,,,,,,,,,,,,,,,
2090914,2/22/2026 21:51,karl,ws,9100,125,c,ts,2/22/2026,16:51:45,0,,,0.4444,l,0.5455,0.5,0.5,0.5516,0.4695,0.4695,0.5305,0.4762,0.4762,0.4444,0.4444,0.4444,0.5455,0.5,0.5,0.5169,0.4695,0.4695,,,,0.5,0.5,0.5,,,,0.4878,0.4505,0.4505
2091149,2/22/2026 22:26,karl,ws,4700,550,c,ts,2/22/2026,17:26:00,0,,,0.1538,l,0.2381,0.1754,0.1754,0.2283,0.1661,0.1661,0.25,0.1887,0.1887,0.1538,0.1538,0.1538,0.2353,0.1667,0.1667,0.2427,0.2114,0.1802,,,,0.1887,0.177,0.177,,,,0.1866,0.1326,0.1326
2090841,2/22/2026 21:40,karl,ws,3300,230,c,ts,2/22/2026,16:40:36,0,,,0.303,l,0.3636,0.3636,0.3636,0.3922,0.3922,0.3922,0.3509,0.3509,0.3509,0.303,0.303,0.303,0.4,0.4,0.4,0.3663,0.3663,0.3559,,,,0.3571,0.339,0.303,,,,0.3226,0.3195,0.3247
2091245,2/22/2026 22:34,karl,ws,20000,190,c,ts,2/22/2026,17:34:23,0,,,0.3448,l,0.5,0.3125,0.3125,0.4878,,,0.495,0.3509,0.3509,0.3448,0.3448,0.3448,0.4878,0.3226,0.3226,0.4975,0.5575,0.5575,,,,0.3279,0.3333,0.3333,,,,0.4545,0.2915,0.2915
2088428,2/22/2026 15:19,kopr,ws,13600,-380,c,ts,2/22/2026,10:19:53,0,,,0.7917,l,0.8824,,0.8462,0.8464,,0.8008,0.8551,,0.7895,0.7917,,0.7917,0.8462,,0.8,,,,,,,0.8319,,0.8291,,,,0.8152,,0.7797
2088386,2/22/2026 14:39,kopr,ws,7400,-184,d,ts,2/22/2026,9:39:07,0,,,0.6479,l,0.7059,0.7368,0.7368,0.6479,0.6835,0.6835,0.7059,0.726,0.726,0.7222,0.7222,0.7222,0.6825,0.7059,0.7059,,,,,,,0.7368,0.7368,0.7368,,,,0.6689,0.6904,0.6904
2088512,2/22/2026 17:09,kopr,ws,5100,190,l,ts,2/22/2026,12:09:49,0,,,0.3448,l,0.4167,0.3333,0.3333,0.4202,0.3268,0.3268,0.3922,0.3279,0.3279,0.3774,0.3774,0.3774,0.4348,0.3448,0.3448,,,,,,,0.3448,0.3448,0.3448,,,,0.3731,0.3021,0.3021
2092178,2/23/2026 2:00,kyps,ws,5900,194,d,ts,2/22/2026,21:00:12,0,,,0.3401,w,0.4255,0.4651,0.4651,0.3401,0.3922,0.3922,0.4032,0.4348,0.4348,0.4348,0.4348,0.4348,0.3846,0.4167,0.4167,0.4484,0.4695,0.4695,,,,0.4255,0.4444,0.4444,,,,0.3731,0.4016,0.4016
2090783,2/22/2026 21:29,lepc,ws,3300,165,c,ts,2/22/2026,16:29:57,0,,,0.3774,w,0.4255,0.3509,0.3509,0.4425,0.3636,0.3636,0.4255,0.3636,0.3636,0.3774,0.3774,0.3774,0.4545,0.4545,0.3846,0.4184,0.3559,0.3774,,,,0.3846,0.3774,0.3774,,,,0.3953,0.3311,0.3268
2090926,2/22/2026 21:54,lepc,ws,5000,100,c,ts,2/22/2026,16:54:22,0,,,0.5,w,0.5918,0.5918,0.5238,0.5708,0.5708,0.4975,0.5455,0.5455,0.5455,0.5,0.5,0.5,0.5833,0.5833,0.5833,0.5475,0.5475,0.5475,,,,0.5556,0.5238,0.5,,,,0.5192,0.5146,0.5025
2090983,2/22/2026 22:06,lepc,ws,42100,-965,l,ts,2/22/2026,17:06:27,0,,,0.9061,w,0.96,0.8947,0.8947,0.9485,0.8701,0.8701,0.9804,0.8851,0.8851,0.9231,0.9231,0.9231,0.9722,0.9091,0.9091,0.9533,0.859,0.859,,,,0.9087,0.9061,0.9127,,,,0.9374,0.8586,0.8601
2090932,2/22/2026 21:55,lepc,ws,5500,-135,l,ts,2/22/2026,16:55:01,0,,,0.5745,w,0.6774,0.5918,0.5918,0.6656,0.5745,0.5745,0.6139,0.5283,0.5283,0.5745,0.5745,0.5745,0.6667,0.5833,0.5833,0.6078,0.5968,0.5968,,,,0.5745,0.5745,0.5745,,,,0.5935,0.5305,0.5305
2089394,2/22/2026 19:28,liu,ws,7600,-240,c,ts,2/22/2026,14:28:43,0,,,0.7059,,0.7619,0.7222,0.7222,0.7619,0.7085,0.7085,0.7701,0.726,0.726,0.7059,0.7059,0.7059,0.7647,0.7059,0.7059,0.763,0.734,0.7245,,,,,,,,,,0.7245,0.6825,0.6815
2089275,2/22/2026 19:20,liu,ws,9300,-130,c,ts,2/22/2026,14:20:25,0,,,0.5652,,0.6364,0.5833,0.5833,0.6154,0.5614,0.5614,0.6503,0.5851,0.5851,0.5652,0.5652,0.5652,0.6154,0.5652,0.5652,0.6466,0.5671,0.6364,,,,,,,,,,0.5984,0.5434,0.5434
2088993,2/22/2026 18:49,liu,ws,5100,-115,b,ts,2/22/2026,13:49:18,0,,,0.5349,,0.6,0.6,0.6,0.6552,0.6552,0.6552,0.5349,0.5349,0.5349,0.6,0.5745,0.5745,0.6154,0.6154,0.6154,0.5781,0.5781,0.5781,,,,,,,,,,0.5536,0.5516,0.5516
2089614,2/22/2026 19:40,liu,ws,17200,-2000,e,ts,2/22/2026,14:40:44,0,,,0.9524,,0.9783,0.9804,0.9804,0.9667,,,0.9901,,,0.9804,0.9804,0.9804,0.9524,0.9722,0.9722,0.9814,0.9814,0.9814,,,,,,,,,,0.9599,0.9618,0.9618
2089904,2/22/2026 20:05,masa,ws,10600,-102,d,ts,2/22/2026,15:05:31,0,,,0.505,w,0.5833,0.5833,0.5833,0.505,,0.5098,0.5968,0.5968,0.5816,0.5918,0.5918,0.5918,0.5556,0.5556,0.5556,0.6169,0.6169,0.6169,,,,,,,,,,0.5475,0.5536,0.5413
2089075,2/22/2026 19:02,masa,ws,5500,-130,c,ts,2/22/2026,14:02:38,0,,,0.5652,w,0.6226,0.5745,0.5745,0.6255,0.6255,0.5671,0.6255,0.5885,0.5885,0.5652,0.5652,0.5652,0.6154,0.6154,0.5833,0.6078,0.6169,0.5868,,,,,,,,,,0.5851,0.5516,0.5455
2088939,2/22/2026 18:43,masa,ws,6000,-190,c,ts,2/22/2026,13:43:52,0,,,0.6552,w,0.7297,,,0.7041,,,0.7101,,,0.6552,,,0.7059,,,0.705,,,,,,,,,,,,0.6721,,
2088990,2/22/2026 18:48,masa,ws,6800,-145,c,ts,2/22/2026,13:48:54,0,,,0.5918,w,0.6774,0.6226,0.6226,0.6416,0.6416,0.6154,0.6503,0.6503,0.6109,0.5918,0.5918,0.5918,0.6491,0.6491,0.6154,0.6466,0.6466,0.6269,,,,,,,,,,0.6139,0.5968,0.5816
2091840,2/23/2026 0:45,meji,ws,5800,135,c,ts,2/22/2026,19:45:54,0,,,0.4255,l,0.5,0.5,0.5,0.463,0.4425,0.4425,0.495,0.495,0.495,0.4255,0.4255,0.4255,0.4878,0.4762,0.4762,0.4975,0.4878,0.4878,,,,0.4878,0.4545,0.4444,,,,0.4545,0.4444,0.4425
2091771,2/23/2026 0:10,meji,ws,5800,112,f,ts,2/22/2026,19:10:26,0,,,0.4717,l,0.4717,0.4717,0.4717,,,,0.5495,0.5455,0.5455,0.5652,0.5652,0.5652,0.5238,0.5238,0.5238,0.5169,0.5169,0.5169,,,,0.5556,0.5455,0.5455,,,,0.4975,0.4926,0.4926
2089074,2/22/2026 19:01,osuw,ws,5200,230,c,ts,2/22/2026,14:01:58,0,,,0.303,w,0.4255,0.3704,,0.3484,0.289,,0.3571,0.3125,,0.303,0.303,,0.3509,0.3077,,0.3559,0.3559,,,,,,,,,,,0.3344,0.2882,
2089820,2/22/2026 19:56,osuw,ws,13800,-2000,c,ts,2/22/2026,14:56:23,0,,,0.9524,w,0.9804,0.96,0.96,0.995,0.995,0.9767,,,0.9615,0.9524,0.9524,0.9524,0.995,0.995,0.9722,0.972,0.9627,0.9533,,,,,,,,,,0.9586,0.9473,0.938
2089152,2/22/2026 19:09,osuw,ws,2000,486,d,ts,2/22/2026,14:09:06,0,,,0.1706,w,0.2326,,0.2,0.1706,,0.1618,0.2299,,0.1961,0.2,,0.2,0.2273,,0.1852,0.2217,,0.1905,,,,,,,,,,0.1852,,0.155
2088452,2/22/2026 15:49,pela,ws,5400,181,d,ts,2/22/2026,10:49:05,0,,,0.3559,w,0.4255,0.4348,0.4348,0.3559,0.3831,0.3968,0.4167,0.4167,0.4292,,,,0.4,0.4,0.4167,0.4274,0.4386,0.4386,,,,0.4348,0.4444,0.4444,,,,0.3831,0.3861,0.3953
2088491,2/22/2026 16:46,pela,ws,7900,-120,l,ts,2/22/2026,11:46:13,0,,,0.5455,w,0.6154,0.5455,0.5455,0.6212,0.5327,0.5305,0.5968,0.5146,0.5146,,,,0.6154,0.5238,0.5238,0.5968,0.5575,0.5671,,,,0.5455,0.5238,0.5238,,,,0.5745,0.4902,0.4902
2088497,2/22/2026 16:56,pela,ws,5000,150,l,ts,2/22/2026,11:56:26,0,,,0.4,w,0.4762,0.4167,0.4167,0.4425,0.3876,0.3876,0.4608,0.4167,0.4167,,,,0.4167,0.3846,0.3846,0.4587,0.4386,0.4184,,,,0.4,0.4,0.4,,,,0.4255,0.3676,0.3676
2088508,2/22/2026 17:07,pela,ws,8800,135,l,ts,2/22/2026,12:07:11,0,,,0.4255,w,0.5,0.3922,0.3922,0.4831,0.3876,0.3876,0.5122,0.4386,0.4386,,,,0.4762,0.3846,0.3846,0.5074,0.4695,0.4785,,,,0.4255,0.4167,0.4167,,,,0.4695,0.369,0.369
2088254,2/22/2026 9:01,perg,ws,20500,-700,c,ts,2/22/2026,4:01:13,0,,,0.875,w,,,,,,,,,,,,,,,,,,,,,,,,,,,,,,
2088235,2/22/2026 8:41,perg,ws,5700,-136,d,ts,2/22/2026,3:41:25,0,,,0.5763,w,,,,,,,,,,,,,,,,,,,,,,,,,,,,,,
2088249,2/22/2026 8:59,perg,ws,30600,-160,c,ts,2/22/2026,3:59:16,0,,,0.6154,w,,,,,,,,,,,,,,,,,,,,,,,,,,,,,,
2088224,2/22/2026 7:36,perg,ws,3800,195,d,ts,2/22/2026,2:36:54,0,,,0.339,w,,,,,,,,,,,,,,,,,,,,,,,,,,,,,,
2088417,2/22/2026 15:17,priz,ws,6600,-137,d,ts,2/22/2026,10:17:24,0,,,0.5781,w,0.661,0.661,0.661,0.5781,,0.5556,0.661,0.639,0.639,0.6552,0.6552,0.6552,0.6154,0.6,0.6,0.6466,0.6269,0.6269,,,,0.6296,0.6429,0.6429,,,,0.6,0.5984,0.5951
2088450,2/22/2026 15:45,priz,ws,30100,-430,l,ts,2/22/2026,10:45:32,0,,,0.8113,w,0.9048,0.8113,0.8113,0.9065,0.8035,0.8035,0.8851,0.8,0.8,0.9,0.8182,0.8182,0.9,0.7895,0.7895,0.8779,0.8302,0.7826,,,,0.8182,0.8039,0.8131,,,,0.8599,0.7763,0.7685
2088398,2/22/2026 15:02,priz,ws,6000,-189,d,ts,2/22/2026,10:02:28,0,,,0.654,w,0.7222,,0.7222,0.654,,0.6743,0.726,,0.726,0.7059,,0.7059,0.6875,,0.7143,0.6951,,0.6951,,,,0.7183,,0.726,,,,0.6711,,0.6774
2088427,2/22/2026 15:19,priz,ws,9800,-131,d,ts,2/22/2026,10:19:53,0,,,0.5671,w,0.6667,,0.6667,0.5671,,0.5798,0.6503,,0.6503,0.6552,,0.6552,0.6154,,0.6154,0.6364,,0.6269,,,,0.6429,,0.6552,,,,0.6016,,0.6032
2088518,2/22/2026 17:11,roch,ws,2800,790,d,ts,2/22/2026,12:11:01,0,,,0.1124,l,0.1667,0.1667,0.1667,0.1124,,0.1534,0.1852,0.1923,0.1923,0.2273,0.2273,0.2778,0.1379,0.1379,0.1852,0.159,0.159,0.159,,,,0.1869,0.1905,0.2,,,,0.1328,0.1385,0.1462
2088377,2/22/2026 14:16,tabi,ws,6600,104,d,ts,2/22/2026,9:16:02,0,,,0.4902,w,0.1,,0.5652,,,0.5671,,,0.569,,,0.5833,,,,,,,,,,,,0.6,,,,,,0.5413
2091642,2/22/2026 23:36,tabi,ws,19100,115,l,ts,2/22/2026,18:36:34,0,,,0.4651,w,0.6,,,0.5798,,,0.5816,,,0.4762,,,0.6,,,,,,,,,0.4651,,,,,,0.5495,,
2088513,2/22/2026 17:09,vall,ws,9400,-450,c,ts,2/22/2026,12:09:52,0,,,0.8182,w,0.8824,0.8824,0.8824,0.8701,0.8718,0.8718,0.8701,0.8551,0.8551,0.8182,0.8182,0.8182,0.8621,0.8621,0.8621,0.8494,0.8494,0.859,,,,0.875,0.875,0.871,,,,0.8322,0.827,0.8273
2088480,2/22/2026 16:25,vall,ws,8400,-180,c,ts,2/22/2026,11:25:48,0,,,0.6429,w,0.7561,0.7561,0.7561,0.7118,0.6785,0.6743,0.7015,0.6667,0.6774,0.6429,0.6429,0.6429,0.7143,0.6875,0.6875,0.7151,0.7245,0.6855,,,,0.6923,0.697,0.697,,,,0.6678,0.6552,0.6564
2088515,2/22/2026 17:10,vall,ws,6100,-380,c,ts,2/22/2026,12:10:25,0,,,0.7917,w,0.8571,,0.8571,0.8374,,0.8397,0.8413,,0.8276,0.7917,,0.7917,0.8333,,0.8333,0.8208,,0.8302,,,,0.845,,0.8649,,,,0.8024,,0.8047
2091205,2/22/2026 22:30,wats,ws,49900,-270,l,ts,2/22/2026,17:30:33,0,,,0.7297,w,0.8889,0.7222,,0.8553,,,0.8773,0.726,,0.8462,,,0.875,0.75,,0.8494,0.8302,,,,,0.7297,0.7297,,,,,0.84,0.6855,
2091326,2/22/2026 22:39,wats,ws,24400,-150,c,ts,2/22/2026,17:39:58,0,,,0.6,w,0.75,,,0.734,,,0.7101,,,0.6,,,0.7143,,,0.7151,,,,,,0.6226,,,,,,0.6815,,
2090997,2/22/2026 22:10,wats,ws,4800,100,c,ts,2/22/2026,17:10:34,0,,,0.5,w,0.5455,,0.5455,0.5614,,0.5614,0.5633,,0.5633,0.5,,0.5,0.5556,,0.5556,0.5671,,0.5671,,,,0.5652,,0.5122,,,,0.5192,,0.5192
2091159,2/22/2026 22:27,wats,ws,12600,-240,c,ts,2/22/2026,17:27:11,0,,,0.7059,w,0.8039,0.7368,0.7368,0.7859,0.7015,0.7015,0.7938,0.7059,0.7059,0.7059,0.7059,0.7059,0.8,0.8,0.75,0.763,0.8016,0.6855,,,,0.7674,0.7297,0.7333,,,,0.7403,0.6835,0.6785
2088612,2/22/2026 18:13,zhas,ws,6700,-210,c,ts,2/22/2026,13:13:06,0,,,0.6774,w,0.7727,,0.7436,0.696,,0.6528,0.7468,,0.7143,0.6774,,0.6774,0.7143,,0.6875,0.705,,0.6951,,,,0.7468,,0.7222,,,,0.697,,0.6732
2088715,2/22/2026 18:28,zhas,ws,15500,-320,c,ts,2/22/2026,13:28:26,0,,,0.7619,w,0.8571,0.7872,0.7872,0.8239,0.7727,0.7727,0.8485,0.7826,0.7826,0.7619,0.7619,0.7619,0.8333,0.7778,0.7778,0.8113,0.7921,0.7826,,,,0.8165,0.8,0.802,,,,0.7925,0.7481,0.7481
2088582,2/22/2026 18:00,zhas,ws,12400,-500,c,ts,2/22/2026,13:00:47,0,,,0.8333,w,0.9048,0.9048,0.9048,0.8765,0.8765,0.8765,0.893,0.893,0.893,0.8333,0.875,0.875,0.8889,0.8889,0.8889,0.8684,0.8684,0.8684,,,,0.8857,0.8883,0.8726,,,,0.8505,0.8527,0.8565
2094386,2/24/2026 4:11,arae,ws,10900,-231,d,ts,2/23/2026,23:11:37,0,,,0.6979,w,0.7619,0.7619,0.7619,0.6979,,0.696,0.7753,0.7826,0.7826,0.7619,0.7619,0.7619,,,,0.734,0.7436,0.7436,,,,0.7826,0.7802,0.7674,,,,0.7253,0.7326,0.7253
2094434,2/24/2026 4:24,arae,ws,6000,-213,d,ts,2/23/2026,23:24:07,0,,,0.6805,w,0.7368,0.7059,0.75,0.6805,0.6785,0.6528,0.7409,0.7531,0.7143,,,,0.7059,0.7059,0.6667,0.7245,0.7151,0.6951,,,,0.7403,0.7333,0.75,,,,0.696,0.6865,0.6835
2094379,2/24/2026 4:10,arae,ws,7100,-254,d,ts,2/23/2026,23:10:14,0,,,0.7175,w,0.7368,0.7778,0.7778,0.7175,0.7481,0.7951,0.7938,0.7938,0.8198,0.8,0.8,0.8,0.7647,0.7647,0.8,0.763,0.763,0.8016,,,,0.8261,0.8305,0.8347,,,,0.734,0.7494,0.7763
2092795,2/23/2026 19:18,barr,ws,6400,190,l,ts,2/23/2026,14:18:37,0,,,0.3448,,0.4545,,0.3704,0.4082,,0.365,0.4,,0.3279,,,,0.4,,0.3333,0.3968,,0.3155,,,,0.3448,,0.339,,,,0.3802,,0.3067
2092553,2/23/2026 8:04,bind,ws,6600,110,c,ts,2/23/2026,3:04:00,0,,,0.4762,,,,,,,,,,,,,,,,,,,,,,,,,,,,,,,
2092820,2/23/2026 20:37,bond,ws,4900,645,l,ts,2/23/2026,15:37:15,0,,,0.1342,l,0.1887,0.125,0.125,0.2137,0.1075,0.1075,0.2174,0.1429,0.1429,0.1538,0.1538,0.1538,0.2273,0.1667,0.1667,0.2217,0.1486,0.1064,,,,0.1575,0.1342,0.1342,,,,0.1565,0.0979,0.0917
2092803,2/23/2026 19:34,bond,ws,5300,135,d,ts,2/23/2026,14:34:04,0,,,0.4255,l,0.5,0.5122,0.5122,0.4255,0.4651,0.4878,0.4831,0.5074,0.5074,0.5122,0.5122,0.5122,0.4545,0.4545,0.4878,0.4587,0.4785,0.4878,,,,0.5122,0.5122,0.5122,,,,0.4525,0.4673,0.4739
2092723,2/23/2026 17:36,broo,ws,13100,115,c,ts,2/23/2026,12:36:29,0,,,0.4651,,0.5745,0.5238,0.5238,0.5763,0.4975,0.4975,0.569,0.5122,0.5122,0.4651,0.4651,0.4651,,,,,,,,,,,,,,,,0.5238,0.4717,0.4717
2092714,2/23/2026 17:30,broo,ws,5300,150,c,ts,2/23/2026,12:30:53,0,,,0.4,,0.4651,,0.4082,0.4878,,0.4292,0.4808,,0.4348,0.4,,0.4,,,,,,,,,,,,,,,,0.4274,,0.3802
2092750,2/23/2026 17:59,broo,ws,5100,650,c,ts,2/23/2026,12:59:28,0,,,0.1333,,0.2222,0.125,0.125,0.2004,0.1961,0.0806,0.2299,0.1333,0.1333,0.1333,0.1333,0.1333,,,,,,,,,,,,,,,,0.1709,0.0894,0.0794
2092715,2/23/2026 17:31,broo,ws,5700,150,c,ts,2/23/2026,12:31:32,0,,,0.4,,0.4651,0.4082,0.4082,0.495,0.4167,0.4167,0.4831,0.4444,0.4444,0.4,0.4,0.4,,,,,,,,,,,,,,,,0.4292,0.3802,0.3802
2092883,2/23/2026 22:54,come,ws,12200,160,c,ts,2/23/2026,17:54:27,0,,,0.3846,l,0.5,0.3846,0.3846,0.5392,0.3817,0.3788,0.4717,0.3509,0.3774,0.3846,0.3846,0.3846,0.4762,0.4762,0.4,,,,,,,,,,,,,0.4484,0.3497,0.3509
2092855,2/23/2026 22:27,come,ws,9000,-110,c,ts,2/23/2026,17:27:12,0,,,0.5238,l,0.6,0.5349,0.5349,0.6063,0.5595,0.5595,0.5816,0.4878,0.4878,0.5238,0.5238,0.5238,0.6154,0.5349,0.5349,,,,,,,,,,,,,0.5595,0.495,0.495
2092897,2/23/2026 23:08,come,ws,40400,-280,c,ts,2/23/2026,18:08:52,0,,,0.7368,l,0.8667,0.6774,0.6774,0.8649,0.7101,0.7101,0.8621,0.7015,0.7015,0.7368,0.7368,0.7368,0.8621,0.7059,0.7059,,,,,,,,,,,,,0.8255,0.6644,0.6644
2092836,2/23/2026 21:24,come,ws,6400,-156,d,ts,2/23/2026,16:24:53,0,,,0.6094,l,0.6774,0.6875,0.6875,0.6094,0.635,0.635,0.6667,0.6875,0.6875,,,,0.6491,0.6491,0.6667,,,,,,,,,,,,,0.6296,0.6454,0.6479
2092775,2/23/2026 18:34,drap,ws,10600,-355,l,ts,2/23/2026,13:34:11,0,,,0.7802,,0.8571,0.7436,0.7436,0.8649,0.7555,0.7555,0.8621,0.7531,0.7531,0.7222,0.7222,0.7222,0.8621,0.7647,0.7647,0.8302,0.8302,0.7151,,,,0.7802,0.7647,0.7647,,,,0.7996,0.7283,0.7101
2092754,2/23/2026 18:00,drap,ws,6600,-260,c,ts,2/23/2026,13:00:34,0,,,0.7222,,0.7872,0.7872,0.7561,0.7877,0.7877,0.7481,0.7701,0.7701,0.7409,0.7222,0.7222,0.7222,0.7778,0.7778,0.75,0.7727,0.763,0.7537,,,,0.7727,0.7647,0.7619,,,,0.7375,0.734,0.7143
2092747,2/23/2026 17:58,drap,ws,6200,-280,c,ts,2/23/2026,12:58:12,0,,,0.7368,,0.8,,,0.7899,,,0.7826,,,0.7368,,,0.7895,,,0.7727,,,,,,0.798,,,,,,0.75,,
2092732,2/23/2026 17:41,drap,ws,6100,-200,c,ts,2/23/2026,12:41:31,0,,,0.6667,,0.7297,0.7297,0.6774,0.711,0.726,0.726,0.7333,0.7333,0.7333,0.6667,0.6667,0.6667,0.7143,0.7333,0.7333,0.705,0.6951,0.6951,,,,0.726,0.7101,0.6825,,,,0.6845,0.6815,0.661
2092628,2/23/2026 10:44,echa,ws,10200,160,c,ts,2/23/2026,5:44:55,0,,,0.3846,,,,,,,,,,,,,,,,,,,,,,,,,,,,,,,
2092676,2/23/2026 11:56,echa,ws,6200,135,c,ts,2/23/2026,6:56:37,0,,,0.4255,,,,,,,,,,,,,,,,,,,,,,,,,,,,,,,
2092626,2/23/2026 10:43,echa,ws,3100,175,c,ts,2/23/2026,5:43:59,0,,,0.3636,,,,,,,,,,,,,,,,,,,,,,,,,,,,,,,
2092675,2/23/2026 11:55,echa,ws,6800,135,c,ts,2/23/2026,6:55:29,0,,,0.4255,,,,,,,,,,,,,,,,,,,,,,,,,,,,,,,
2094018,2/24/2026 2:55,frul,ws,14500,210,l,ts,2/23/2026,21:55:15,0,,,0.3226,l,0.4651,0.3125,0.2778,0.4167,0.3077,0.3077,0.4545,0.339,0.3226,0.3226,0.3226,0.3448,0.4167,0.3333,0.3333,0.4184,0.3356,0.3356,,,,0.3226,0.3226,0.3226,,,,0.4065,0.2915,0.2833
2093117,2/24/2026 0:55,frul,ws,10200,125,b,ts,2/23/2026,19:55:54,0,,,0.4444,l,0.5122,,,0.5614,,,0.4444,,,0.5349,,,0.5556,,,0.5283,,,,,,0.5745,,,,,,0.4926,,
2094053,2/24/2026 3:02,frul,ws,6200,165,c,ts,2/23/2026,22:02:16,0,,,0.3774,l,0.4348,,,0.4425,,,0.4762,,,0.3774,,,0.4348,,,0.4184,,,,,,0.3846,,,,,,0.4115,,
2093618,2/24/2026 1:54,frul,ws,15700,-200,c,ts,2/23/2026,20:54:22,0,,,0.6667,l,0.7619,0.6875,0.6875,0.7579,0.6845,0.6845,0.7701,0.7059,0.7059,0.6667,0.6667,0.6667,0.7778,0.7059,0.7059,0.734,0.7151,0.7245,,,,0.7143,0.7101,0.7059,,,,0.7101,0.6587,0.6587
2092668,2/23/2026 11:35,goma,ws,22900,120,c,ts,2/23/2026,6:35:18,0,,,0.4545,,,,,,,,,,,,,,,,,,,,,,,,,,,,,,,
2092655,2/23/2026 11:23,goma,ws,6300,-115,c,ts,2/23/2026,6:23:42,0,,,0.5349,,,,,,,,,,,,,,,,,,,,,,,,,,,,,,,
2092645,2/23/2026 11:08,goma,ws,12100,-382,d,ts,2/23/2026,6:08:46,0,,,0.7925,,,,,,,,,,,,,,,,,,,,,,,,,,,,,,,
2092612,2/23/2026 10:20,goma,ws,7200,-200,c,ts,2/23/2026,5:20:52,0,,,0.6667,,,,,,,,,,,,,,,,,,,,,,,,,,,,,,,
2092782,2/23/2026 18:48,haly,ws,1600,1660,d,ts,2/23/2026,13:48:37,0,,,0.0568,l,0.125,0.1333,0.1333,0.0568,0.0971,0.101,0.1429,0.1667,0.1667,0.1111,0.1333,0.1333,0.1053,0.1053,0.129,0.1276,0.1276,0.1379,,,,0.1198,0.1307,0.1282,,,,0.0825,0.097,0.1005
2092773,2/23/2026 18:32,haly,ws,20700,190,c,ts,2/23/2026,13:32:18,0,,,0.3448,l,0.5122,0.3448,0.3448,0.495,0.3021,0.3021,0.4902,0.3636,0.3636,0.3448,0.3448,0.3448,0.5,0.3226,0.3226,0.5074,0.3559,0.4386,,,,0.3636,0.339,0.3448,,,,0.431,0.3067,0.3077
2092568,2/23/2026 8:36,ibra,ws,12000,-800,c,ts,2/23/2026,3:36:50,0,,,0.8889,,,,,,,,,,,,,,,,,,,,,,,,,,,,,,,
2092559,2/23/2026 8:25,ibra,ws,14600,-450,c,ts,2/23/2026,3:25:16,0,,,0.8182,,,,,,,,,,,,,,,,,,,,,,,,,,,,,,,
2092558,2/23/2026 8:24,ibra,ws,9500,-380,c,ts,2/23/2026,3:24:19,0,,,0.7917,,,,,,,,,,,,,,,,,,,,,,,,,,,,,,,
2092543,2/23/2026 7:44,ibra,ws,5700,-130,c,ts,2/23/2026,2:44:59,0,,,0.5652,,,,,,,,,,,,,,,,,,,,,,,,,,,,,,,
2092594,2/23/2026 9:58,ivas,ws,8300,125,c,ts,2/23/2026,4:58:17,0,,,0.4444,,,,,,,,,,,,,,,,,,,,,,,,,,,,,,,
2092671,2/23/2026 11:38,ivas,ws,31000,115,c,ts,2/23/2026,6:38:01,0,,,0.4651,,,,,,,,,,,,,,,,,,,,,,,,,,,,,,,
2092664,2/23/2026 11:32,ivas,ws,17600,240,c,ts,2/23/2026,6:32:29,0,,,0.2941,,,,,,,,,,,,,,,,,,,,,,,,,,,,,,,
2092650,2/23/2026 11:14,ivas,ws,5700,125,c,ts,2/23/2026,6:14:51,0,,,0.4444,,,,,,,,,,,,,,,,,,,,,,,,,,,,,,,
2092906,2/23/2026 23:41,jarr,ws,9400,120,c,ts,2/23/2026,18:41:47,0,,,0.4545,,0.5556,0.4545,0.4545,0.5984,0.4878,0.4878,0.5652,0.4902,0.4902,0.4545,0.4545,0.4545,0.5833,0.4762,0.4762,0.5169,0.4274,0.4274,,,,0.4878,0.4878,0.4878,,,,0.5,0.4348,0.4425
2092961,2/24/2026 0:19,kasi,ws,17300,-220,c,ts,2/23/2026,19:19:44,0,,,0.6875,w,0.8182,0.7143,0.7143,0.7984,0.7093,0.7093,0.7938,0.6721,0.6721,0.6875,0.6875,0.6875,0.8182,,,0.8016,0.705,0.705,,,,0.726,0.7101,0.7059,,,,0.7455,0.6599,0.6633
2092907,2/23/2026 23:47,kasi,ws,8400,175,c,ts,2/23/2026,18:47:11,0,,,0.3636,w,0.4878,,,0.4695,,,0.431,,,0.3636,,,0.4762,,,0.4695,,,,,,0.3922,,,,,,0.4098,,
2092902,2/23/2026 23:21,kasi,ws,4400,236,d,ts,2/23/2026,18:21:44,0,,,0.2976,w,0.3509,,0.3636,0.2976,,0.3704,0.3636,,0.3846,0.4,,0.4,0.3571,,,0.346,,0.3559,,,,0.3774,,0.4,,,,0.3247,,0.346
2092962,2/24/2026 0:19,kasi,ws,8700,-265,l,ts,2/23/2026,19:19:46,0,,,0.726,w,0.8182,,0.7143,0.7984,,0.7093,0.7938,,0.6721,0.6875,,0.6875,0.8182,,,0.7826,,0.705,,,,0.7436,,0.7059,,,,0.7487,,0.6599
2094516,2/24/2026 5:12,kovc,ws,12600,-450,c,ts,2/23/2026,0:12:01,0,,,0.8182,w,0.8889,0.8246,0.8246,0.8864,0.8113,0.8113,0.8773,0.8198,0.8198,0.8182,0.8182,0.8182,0.9,0.8333,0.8333,,,,,,,0.8473,0.8438,0.8425,,,,0.8371,0.7921,0.7921
2094523,2/24/2026 5:27,kovc,ws,19800,-2140,l,ts,2/23/2026,0:27:37,0,,,0.9554,w,0.9804,0.9333,,0.9833,0.98,,,,,0.9804,0.9231,,0.9756,0.9756,,,,,,,,0.9554,0.9563,,,,,0.9634,0.9177,
2094519,2/24/2026 5:23,kovc,ws,19400,-200,c,ts,2/23/2026,0:23:12,0,,,0.6667,w,0.75,,,0.7333,,,0.7701,,,0.6667,,,0.7778,,,,,,,,,0.6774,,,,,,0.7207,,
2094521,2/24/2026 5:25,kovc,ws,20400,-380,c,ts,2/23/2026,0:25:09,0,,,0.7917,w,0.8889,,0.8113,0.8684,,0.8084,0.8851,,0.8077,0.7917,,0.7917,0.9,,0.8182,,,,,,,0.8261,,0.8246,,,,0.8319,,0.7773
2094139,2/24/2026 3:21,kyps,ws,15000,-125,c,ts,2/23/2026,22:21:25,0,,,0.5556,w,0.6875,0.5833,0.5833,0.67,0.5475,0.5475,0.6667,0.5726,0.5726,0.5556,0.5556,0.5556,0.6667,0.5833,0.5833,0.6667,0.5671,0.5671,,,,0.5918,0.5918,0.5918,,,,0.6109,0.5413,0.5413
2094491,2/24/2026 4:42,kyps,ws,37700,-340,c,ts,2/23/2026,23:42:42,0,,,0.7727,w,0.9167,0.7872,,0.9138,0.7967,,0.9259,0.7531,,0.7727,0.7727,,0.9231,0.7778,,0.8874,0.7826,,,,,0.802,0.7959,,,,,0.8496,0.7481,
2094132,2/24/2026 3:19,kyps,ws,5100,103,d,ts,2/23/2026,22:19:01,0,,,0.4926,w,0.5455,0.5455,0.5833,0.4926,0.537,0.537,0.5327,0.5327,0.5327,0.5349,0.5349,0.5349,0.5349,0.5455,0.5455,0.5575,0.5575,0.5575,,,,0.5745,0.5833,0.6078,,,,0.5146,0.5169,0.5327
2093442,2/24/2026 1:42,maia,ws,6100,230,c,ts,2/23/2026,20:42:33,0,,,0.303,l,0.4,0.3509,0.3509,0.3636,0.3279,0.3279,0.3846,0.3279,0.3279,0.303,0.303,0.303,0.3846,0.3333,0.3333,0.3876,0.3559,0.346,,,,0.3509,0.339,0.339,,,,0.3425,0.2967,0.3021
2093128,2/24/2026 0:57,mand,ws,5700,-115,f,ts,2/23/2026,19:57:55,0,,,0.5349,l,0.5349,0.5652,,0.5833,0.5833,,0.6255,0.6255,,0.5833,0.5833,,0.6154,0.6154,,0.5671,0.5868,,,,,0.6078,0.6226,,,,,0.5556,0.569,
2093622,2/24/2026 1:54,mand,ws,1900,403,d,ts,2/23/2026,20:54:45,0,,,0.1988,l,0.2326,0.2326,0.2326,0.1988,0.2398,0.2398,0.2632,0.2632,0.2632,0.2632,0.2632,0.2273,0.2353,0.2353,0.2667,0.2427,0.2427,0.2427,,,,0.2597,0.2597,0.2597,,,,0.2119,0.2137,0.2146
2093363,2/24/2026 1:34,mand,ws,18500,115,c,ts,2/23/2026,20:34:23,0,,,0.4651,l,0.5833,0.6154,0.6154,0.5935,0.6032,0.6032,0.5763,0.6183,0.6183,0.4651,,,0.6,0.6296,0.6296,0.5781,0.6364,0.6364,,,,0.6296,0.6296,0.6296,,,,0.5475,0.5902,0.5902
2092890,2/23/2026 23:01,marz,ws,8700,130,c,ts,2/23/2026,18:01:42,0,,,0.4348,l,0.5,0.4348,0.4348,0.4854,,,0.5392,0.4545,0.4545,0.4348,0.4348,0.4348,0.5,0.4545,0.4545,,,,,,,,,,,,,0.4762,0.4115,0.4115
2092857,2/23/2026 22:28,marz,ws,15700,-125,c,ts,2/23/2026,17:28:45,0,,,0.5556,l,0.6491,,,0.6403,,,0.6721,,,0.5556,,,0.6491,,,,,,,,,,,,,,,0.6124,,
2092868,2/23/2026 22:38,marz,ws,39900,-550,c,ts,2/23/2026,17:38:17,0,,,0.8462,l,0.9231,0.8571,0.8571,0.9242,0.878,0.878,0.9434,0.8773,0.8773,0.8462,0.8462,0.8462,0.9231,0.8824,0.8824,,,,,,,,,,,,,0.8973,0.8418,0.8418
2092861,2/23/2026 22:33,marz,ws,8000,-320,c,ts,2/23/2026,17:33:00,0,,,0.7619,l,0.7872,0.7143,0.7143,0.8084,0.7537,0.7537,0.8413,0.7701,0.7701,0.7619,0.7619,0.7619,0.8333,0.7647,0.7647,,,,,,,,,,,,,0.7778,0.7151,0.7151
2094305,2/24/2026 3:53,masa,ws,3300,160,c,ts,2/23/2026,22:53:36,0,,,0.3846,w,0.4348,0.4167,0.4167,0.4425,0.3953,0.3953,0.4444,0.4167,0.4167,0.3846,0.3846,0.4255,0.4545,0.4348,0.4348,0.4386,0.4184,0.4184,,,,0.4348,0.4167,0.4255,,,,0.4049,0.3802,0.3846
2092740,2/23/2026 17:48,para,ws,3400,288,d,ts,2/23/2026,12:48:19,0,,,0.2577,l,0.303,0.3571,0.3571,0.2577,0.346,0.346,0.3125,0.3636,0.3636,0.3636,0.3636,0.3636,0.2941,0.3509,0.3509,0.2841,0.3049,0.3155,,,,0.3509,0.3636,0.3636,,,,0.277,0.3175,0.3175
2092695,2/23/2026 17:13,para,ws,6000,-160,c,ts,2/23/2026,12:13:02,0,,,0.6154,l,0.6774,0.6774,0.6774,0.7222,0.7222,0.7222,0.6503,0.6503,0.6503,0.6154,0.6154,0.6154,0.6875,0.6875,0.6875,0.6667,0.6564,0.6564,,,,0.6825,0.6825,0.6552,,,,0.635,0.6337,0.6269
2092766,2/23/2026 18:28,para,ws,3500,210,l,ts,2/23/2026,13:28:01,0,,,0.3226,l,0.3704,0.3226,0.3226,0.4098,0.339,0.3817,0.3636,0.3175,0.303,0.3226,0.3226,0.3226,0.4,0.4,0.3509,0.3876,0.3774,0.3257,,,,0.3226,0.3226,0.3226,,,,0.3436,0.3077,0.2907
2092762,2/23/2026 18:26,para,ws,3100,160,c,ts,2/23/2026,13:26:10,0,,,0.3846,l,0.4545,0.4545,0.4082,0.4608,0.4608,0.4608,0.4255,0.4255,0.4255,0.4255,0.3846,0.3846,0.4348,0.4348,0.4348,0.4184,0.4184,0.4184,,,,0.4348,0.4167,0.4082,,,,0.4032,0.3968,0.3846
2092787,2/23/2026 18:52,pela,ws,7500,-390,d,ts,2/23/2026,13:52:46,0,,,0.7959,w,0.875,0.875,0.875,0.7959,0.8058,,0.8198,0.8198,0.8413,,,,0.8333,0.8333,0.8621,0.8302,0.84,0.859,,,,0.8675,0.875,0.8701,,,,0.8084,0.8134,0.827
2092798,2/23/2026 19:19,pela,ws,5500,-150,f,ts,2/23/2026,14:19:21,0,,,0.6,w,0.6,0.6,0.6,0.6466,0.6466,0.6564,0.6774,0.6774,0.6774,,,,0.6667,0.6667,0.6667,0.6564,0.6466,0.6466,,,,0.6774,0.6721,0.6774,,,,0.6183,0.6154,0.6154
2092804,2/23/2026 19:44,pela,ws,11000,-125,l,ts,2/23/2026,14:44:23,0,,,0.5556,w,0.6154,,0.5349,0.635,,0.5169,0.6364,,0.5652,,,,0.6296,,0.5455,0.6364,,0.5575,,,,0.5556,,0.5556,,,,0.5951,,0.5169
2094038,2/24/2026 2:58,pota,ws,14700,-249,d,ts,2/23/2026,21:58:05,0,,,0.7135,l,0.7872,0.8113,0.8113,0.7135,0.789,0.789,0.7895,0.8131,0.8131,,,,0.7647,0.7647,0.8182,0.763,0.7727,0.8113,,,,0.8113,0.8148,0.8198,,,,0.7481,0.7664,0.7778
2094115,2/24/2026 3:16,pota,ws,7600,-130,c,ts,2/23/2026,22:16:44,0,,,0.5652,l,0.6364,0.6,0.6,0.6364,0.6364,0.5868,0.639,0.639,0.6078,0.5652,0.5652,0.5652,0.6296,0.6296,0.6,0.6078,0.5968,0.5781,,,,0.6226,0.6078,0.6078,,,,0.5918,0.5781,0.5614
2092916,2/24/2026 0:04,priz,ws,16500,-380,c,ts,2/23/2026,19:04:26,0,,,0.7917,w,0.8667,,0.8182,0.863,,0.8145,0.8413,,0.8077,0.7917,,0.7917,0.8621,,0.8182,0.8494,,0.8208,,,,0.8592,,0.8276,,,,0.8201,,0.7807
2093509,2/24/2026 1:46,priz,ws,13000,-2000,c,ts,2/23/2026,20:46:55,0,,,0.9524,w,0.9877,0.9474,0.9474,0.995,0.9855,0.9438,,,0.9615,0.9524,0.9524,0.9524,,,0.9474,0.9814,0.9814,0.9439,,,,0.9752,0.976,0.9737,,,,0.9575,0.9422,0.9269
2093284,2/24/2026 1:26,priz,ws,40700,-385,l,ts,2/23/2026,20:26:12,0,,,0.7938,w,0.9,0.7826,0.7826,0.898,0.7596,0.7596,0.901,0.7938,0.7938,0.9,0.7727,0.7727,0.8621,0.9,0.7778,0.8684,0.8684,0.7537,,,,0.7938,0.7917,0.7917,,,,0.8632,0.759,0.7506
2092872,2/23/2026 22:46,puti,ws,6800,-120,c,ts,2/23/2026,17:46:45,0,,,0.5455,l,0.6,0.5349,0.5652,0.5868,0.5868,0.5614,0.6364,0.6364,0.6,0.5455,0.5455,0.5455,0.6,0.6,0.5652,0.5968,0.5575,0.5671,,,,0.6,0.5833,0.5833,,,,0.569,0.5413,0.5413
2092693,2/23/2026 14:29,ribf,ws,100,1320,d,ts,2/23/2026,9:29:45,0,,,0.0704,,0.1429,0.1538,0.1538,0.0704,0.0862,0.0862,0.1429,0.1562,0.1562,0.1,0.1,0.1,,,,,,,,,,,,,,,,0.0857,0.0976,0.0976
2092550,2/23/2026 8:02,rist,ws,3500,224,d,ts,2/23/2026,3:02:23,0,,,0.3086,,,,,,,,,,,,,,,,,,,,,,,,,,,,,,,
2092547,2/23/2026 8:00,rist,ws,5800,196,d,ts,2/23/2026,3:00:37,0,,,0.3378,,,,,,,,,,,,,,,,,,,,,,,,,,,,,,,
2092552,2/23/2026 8:03,rist,ws,4000,239,d,ts,2/23/2026,3:03:11,0,,,0.295,,,,,,,,,,,,,,,,,,,,,,,,,,,,,,,
2092546,2/23/2026 7:59,rist,ws,5600,189,d,ts,2/23/2026,2:59:10,0,,,0.346,,,,,,,,,,,,,,,,,,,,,,,,,,,,,,,
2092566,2/23/2026 8:35,taky,ws,25000,-700,c,ts,2/23/2026,3:35:29,0,,,0.875,,,,,,,,,,,,,,,,,,,,,,,,,,,,,,,
2092575,2/23/2026 8:51,taky,ws,11700,-2500,c,ts,2/23/2026,3:51:44,0,,,0.9615,,,,,,,,,,,,,,,,,,,,,,,,,,,,,,,
2092544,2/23/2026 7:45,taky,ws,5800,-150,c,ts,2/23/2026,2:45:40,0,,,0.6,,,,,,,,,,,,,,,,,,,,,,,,,,,,,,,
2092539,2/23/2026 7:36,taky,ws,5400,-110,c,ts,2/23/2026,2:36:44,0,,,0.5238,,,,,,,,,,,,,,,,,,,,,,,,,,,,,,,
2094062,2/24/2026 3:04,town,ws,35300,-260,l,ts,2/23/2026,22:04:48,0,,,0.7222,w,0.8462,,0.697,0.8423,,0.7041,0.8198,,0.6825,,,0.7059,0.8462,,0.7143,0.84,,0.6855,,,,0.7222,,0.7183,,,,0.8039,,0.6622
2093628,2/24/2026 1:55,town,ws,4100,165,c,ts,2/23/2026,20:55:38,0,,,0.3774,w,0.4651,0.3774,,0.4587,0.4587,,0.4444,0.4444,,0.3774,0.3774,,0.4348,0.4348,,0.4184,0.4184,,,,,0.4167,0.3922,,,,,0.4,0.3717,
2093121,2/24/2026 0:57,town,ws,11400,210,e,ts,2/23/2026,19:57:07,0,,,0.3226,w,0.4545,0.4545,0.4545,0.3546,0.4292,0.4219,0.3571,0.4444,0.4651,0.4878,0.4878,0.4878,0.3226,0.4348,0.4348,0.3774,0.4695,0.4695,,,,0.4762,0.4762,0.4762,,,,0.3861,0.4292,0.4329
2093822,2/24/2026 2:24,town,ws,9500,-140,c,ts,2/23/2026,21:24:04,0,,,0.5833,w,0.661,0.6154,0.6154,0.6942,0.6564,0.6564,0.661,0.6183,0.6183,0.5833,0.5833,0.5833,0.6875,0.6491,0.6491,0.6364,0.6364,0.6269,,,,0.6491,0.6429,0.6429,,,,0.6154,0.5968,0.5968
2094388,2/24/2026 4:11,vach,ws,5900,105,c,ts,2/23/2026,23:11:54,0,,,0.4878,w,0.5349,0.5349,0.5349,0.5455,0.5614,0.5614,0.5495,0.5305,0.5305,0.4878,0.4878,0.4878,0.5455,0.5349,0.5349,0.5475,0.5475,0.5475,,,,0.5652,0.5652,0.5652,,,,0.5122,0.5098,0.5098
2094467,2/24/2026 4:31,vach,ws,14100,-525,l,ts,2/23/2026,23:31:59,0,,,0.84,w,0.9231,0.8113,0.8113,0.9194,0.841,0.841,0.901,0.901,0.8,0.7619,0.7619,0.7619,0.9333,0.9333,0.8462,0.8969,0.8208,0.7921,,,,0.8462,0.84,0.84,,,,0.8601,0.8113,0.7788
2094342,2/24/2026 4:00,vach,ws,3700,150,c,ts,2/23/2026,23:00:27,0,,,0.4,w,0.4651,,0.4348,0.4545,,0.4219,0.4444,,0.4115,0.4,,0.4,0.4348,,0.4167,0.4587,,0.4386,,,,0.4545,,0.4348,,,,0.4202,,0.3876
2094384,2/24/2026 4:11,vach,ws,11500,130,c,ts,2/23/2026,23:11:30,0,,,0.4348,w,0.5349,0.4651,0.4651,0.5575,0.4673,0.4673,0.5305,0.4762,0.4762,0.4348,0.4348,0.4348,0.5238,0.4545,0.4545,0.537,0.4785,0.4785,,,,0.4878,0.4878,0.4878,,,,0.4902,0.4405,0.4405
2094277,2/24/2026 3:45,xiny,ws,5300,118,d,ts,2/23/2026,22:45:00,0,,,0.4587,l,,,,0.4587,,0.4587,0.5192,,0.5495,0.5349,,0.5833,0.4878,,0.4878,0.5074,,0.5074,,,,0.5349,,0.5652,,,,0.4831,,0.5
2094336,2/24/2026 3:59,xiny,ws,3200,154,d,ts,2/23/2026,22:59:05,0,,,0.3937,l,0.4167,,,0.3937,,,0.4608,,,0.4651,,,0.4167,,,0.4386,,,,,,0.4651,,,,,,0.4115,,
2094361,2/24/2026 4:05,xiny,ws,3900,234,d,ts,2/23/2026,23:05:01,0,,,0.2994,l,0.3333,0.3704,0.3704,0.2994,0.3289,0.3759,0.3636,0.3636,0.4,0.4,0.4,,0.3226,0.3226,0.3846,0.3559,0.3774,0.3774,,,,0.3846,0.4,0.4,,,,0.3226,0.3401,0.3546
2094292,2/24/2026 3:47,xiny,ws,6300,150,f,ts,2/23/2026,22:47:47,0,,,0.4,l,0.4,0.4545,0.4545,0.4505,0.4505,0.4831,0.4831,0.4831,0.5,0.5,0.5,0.5,0.4545,0.4545,0.4878,0.4484,0.4484,0.4785,,,,0.5,0.5122,0.5122,,,,0.4329,0.4405,0.4545
2092590,2/23/2026 9:54,zava,ws,9300,110,c,ts,2/23/2026,4:54:42,0,,,0.4762,,,,,,,,,,,,,,,,,,,,,,,,,,,,,,,
2092609,2/23/2026 10:17,zava,ws,20900,-400,c,ts,2/23/2026,5:17:58,0,,,0.8,,,,,,,,,,,,,,,,,,,,,,,,,,,,,,,
2092619,2/23/2026 10:25,zava,ws,10300,-900,c,ts,2/23/2026,5:25:02,0,,,0.9,,,,,,,,,,,,,,,,,,,,,,,,,,,,,,,
2092602,2/23/2026 10:07,zava,ws,11800,-210,c,ts,2/23/2026,5:07:36,0,,,0.6774,,,,,,,,,,,,,,,,,,,,,,,,,,,,,,,
2095377,2/24/2026 22:42,agst,ws,10100,-800,c,ts,2/24/2026,17:42:01,0,,,0.8889,w,0.931,,0.8824,0.9412,,0.9107,0.9346,,0.901,0.8889,,0.8889,0.9474,,0.9091,,,,,,,0.927,,0.9283,,,,0.8983,,0.8721
2095356,2/24/2026 22:30,agst,ws,16400,-210,c,ts,2/24/2026,17:30:18,0,,,0.6774,w,0.7561,0.7143,0.7143,0.8152,0.7455,0.7455,0.759,0.7059,0.7059,0.6774,0.6774,0.6774,0.8,0.75,0.75,,,,,,,0.7561,0.75,0.7468,,,,0.723,0.6855,0.6835
2095419,2/24/2026 23:08,agst,ws,19000,175,c,ts,2/24/2026,18:08:22,0,,,0.3636,w,0.5,0.3509,0.3509,,,,0.5169,0.3279,0.3279,0.3636,0.3636,0.3636,0.5238,0.3846,0.3846,,,,,,,0.3636,0.3636,0.3636,,,,0.4651,0.3145,0.3145
2095347,2/24/2026 22:26,agst,ws,12700,110,c,ts,2/24/2026,17:26:37,0,,,0.4762,w,0.6,0.5,0.5,0.6063,0.4608,0.4444,0.5968,0.4854,0.4854,0.4762,0.4762,0.4762,0.6154,0.4878,0.4762,,,,,,,0.5455,0.5,0.5,,,,0.5434,0.4545,0.4545
2095059,2/24/2026 19:55,ansc,ws,3500,600,c,ts,2/24/2026,14:55:37,0,,,0.1429,l,0.2041,0.1538,0.1538,0.2257,0.1825,0.1333,0.2667,0.2667,0.2041,0.1429,0.1429,0.1429,0.2353,0.2353,0.1667,,,,,,,0.1835,0.1724,0.1754,,,,0.1704,0.1466,0.1272
2094951,2/24/2026 18:37,ansc,ws,4400,300,d,ts,2/24/2026,13:37:52,0,,,0.25,l,0.303,0.303,0.303,0.25,0.266,0.266,0.3226,0.3175,0.3175,0.3636,0.3636,0.3636,0.2941,0.2941,0.3226,,,,,,,0.3279,0.3279,0.3279,,,,0.2786,0.2778,0.2793
2096851,2/25/2026 1:17,atma,ws,9900,-600,c,ts,2/24/2026,20:17:52,0,,,0.8571,w,0.9333,0.875,0.875,0.9057,0.8369,0.8369,0.9177,0.8485,0.8485,0.8571,0.8571,0.8571,0.8,0.8,0.8,,,,,,,0.9057,0.8837,0.8837,,,,0.8747,0.8267,0.8267
2094967,2/24/2026 18:47,berr,ws,12600,159,d,ts,2/24/2026,13:47:44,0,,,0.3861,l,0.5,0.5455,,0.3861,0.4505,,0.4608,0.4608,,0.5122,0.5122,,0.4545,0.4545,,,,,,,,0.5238,0.5455,,,,,0.4525,0.4695,
2094962,2/24/2026 18:45,berr,ws,7600,-120,c,ts,2/24/2026,13:45:45,0,,,0.5455,l,0.6,0.6,0.5,0.6552,0.6552,0.5595,0.6032,0.6032,0.5475,0.5455,0.5455,0.5455,0.6296,0.6296,0.5455,,,,,,,0.6226,0.5745,0.5455,,,,0.5745,0.5614,0.5
2095329,2/24/2026 22:20,birr,ws,9900,-320,c,ts,2/24/2026,17:20:25,0,,,0.7619,w,0.8246,0.8246,0.7619,0.8179,0.8179,0.7436,0.8276,0.8276,0.759,0.7619,0.7619,0.7222,0.8,0.8,0.7333,,,,,,,0.8148,0.7802,0.7753,,,,0.7817,0.7717,0.7238
2095297,2/24/2026 22:08,birr,ws,9500,-160,c,ts,2/24/2026,17:08:47,0,,,0.6154,w,0.697,0.6,0.6,0.6795,0.6094,0.6094,0.726,0.6503,0.6503,0.6154,0.6154,0.6154,0.7059,0.6154,0.6154,,,,,,,0.6552,0.6552,0.6491,,,,0.6454,0.5968,0.5951
2095313,2/24/2026 22:14,birr,ws,15700,-115,l,ts,2/24/2026,17:14:30,0,,,0.5349,w,0.6296,0.5,0.5,0.6296,0.5536,0.5536,0.6552,0.5122,0.5122,0.5349,0.5349,0.5349,0.6296,0.5122,0.5122,,,,,,,0.5349,0.5349,0.5349,,,,0.5951,0.4854,0.4854
2095260,2/24/2026 21:47,birr,ws,6900,-260,c,ts,2/24/2026,16:47:43,0,,,0.7222,w,0.7872,0.7143,0.7143,0.8073,0.7183,0.7183,0.7895,0.7333,0.7333,0.7222,0.7222,0.7222,0.7895,0.7143,0.7143,,,,,,,0.759,0.7436,0.7436,,,,0.7423,0.6904,0.6904
2095390,2/24/2026 22:49,bucs,ws,13700,-670,b,ts,2/24/2026,17:49:40,0,,,0.8701,w,0.92,0.9375,0.9375,0.9038,0.9296,0.9296,0.8701,0.9091,0.9091,0.9091,0.9091,0.9091,0.9231,0.9474,0.9474,0.9063,0.9158,0.9158,,,,0.9432,0.9488,0.9481,,,,0.8815,0.9014,0.9014
2095374,2/24/2026 22:40,bucs,ws,14400,-500,c,ts,2/24/2026,17:40:21,0,,,0.8333,w,0.9231,,,0.8667,0.9065,0.8734,0.8773,0.8413,0.8413,0.8333,0.8333,0.8333,0.8571,0.9091,0.8824,0.8779,0.8779,0.8684,,,,0.8907,0.8675,0.8561,,,,0.8534,0.8294,0.8201
2095385,2/24/2026 22:47,bucs,ws,10100,-750,e,ts,2/24/2026,17:47:49,0,,,0.8824,w,0.9412,0.9412,0.9412,0.8824,0.9265,0.9265,0.8851,0.8851,0.8851,0.9412,0.9412,0.9412,0.9,0.9231,0.9231,0.9158,0.9251,0.9251,,,,0.9492,0.9522,0.9615,,,,0.8945,0.8983,0.8959
2095416,2/24/2026 23:07,buse,ws,22400,-130,c,ts,2/24/2026,18:07:42,0,,,0.5652,l,0.7059,0.5652,0.5652,,,,0.6875,0.5763,0.5495,0.5652,0.5652,0.5652,0.6667,0.5238,0.5238,,,,,,,0.5745,0.5745,0.5652,,,,0.6454,0.5305,0.5192
2095467,2/24/2026 23:21,buse,ws,7500,160,c,ts,2/24/2026,18:21:56,0,,,0.3846,l,0.4878,0.3846,0.3846,0.4444,,,0.4545,0.3472,0.3704,0.3846,0.3846,0.3846,0.4348,0.3704,0.3704,,,,,,,0.3846,0.3774,0.3774,,,,0.4237,0.3344,0.339
2094586,2/24/2026 11:06,bust,ws,15900,-1000,c,ts,2/24/2026,6:06:37,0,,,0.9091,,0.9474,0.931,0.931,0.9359,0.9153,0.9153,0.9709,0.9434,0.9434,0.9091,0.9091,0.9091,0.9615,0.9615,0.9333,,,,,,,0.9506,0.9506,0.9509,,,,0.9225,0.9085,0.9061
2094555,2/24/2026 10:49,bust,ws,5300,-124,d,ts,2/24/2026,5:49:42,0,,,0.5536,,0.6,0.6154,0.6154,0.5536,0.5833,0.5833,0.6139,0.6139,0.6139,0.6,0.6,0.6,0.6,0.6,0.6296,,,,,,,0.6296,0.6296,0.6364,,,,0.5726,0.5798,0.5851
2094544,2/24/2026 10:40,bust,ws,6600,-220,c,ts,2/24/2026,5:40:42,0,,,0.6875,,0.7297,0.7297,0.7297,0.7602,0.7238,0.7238,0.7409,0.7354,0.7354,0.6875,0.6875,0.6875,0.7647,0.75,0.75,,,,,,,0.7531,0.7561,0.7531,,,,0.7041,0.7006,0.6988
2094585,2/24/2026 11:05,bust,ws,20700,-700,c,ts,2/24/2026,6:05:49,0,,,0.875,,0.9259,0.8889,0.8889,0.9231,0.918,0.881,0.9434,0.9434,0.901,0.875,0.875,0.875,0.9333,0.9333,0.9,,,,,,,0.9209,0.9206,0.92,,,,0.8942,0.8815,0.865
2094849,2/24/2026 17:44,cana,ws,5300,115,c,ts,2/24/2026,12:44:08,0,,,0.4651,,0.5455,0.4878,0.4878,0.5516,0.4673,0.4673,0.5192,0.4673,0.4673,0.4651,0.4651,0.4651,,,,,,,,,,,,,,,,0.4902,0.4367,0.4367
2094909,2/24/2026 18:18,cana,ws,12300,-700,c,ts,2/24/2026,13:18:36,0,,,0.875,,0.9286,0.9048,0.8889,0.8947,0.8718,0.8718,0.9434,0.9091,0.9091,0.875,0.875,0.875,,,,,,,,,,,,,,,,0.8878,0.8569,0.8551
2094957,2/24/2026 18:41,cana,ws,47900,-500,c,ts,2/24/2026,13:41:55,0,,,0.8333,,0.9412,,,0.9153,,,0.9709,,,0.8333,,,,,,,,,,,,,,,,,,0.8999,,
2094979,2/24/2026 18:57,cana,ws,39300,-2000,c,ts,2/24/2026,13:57:58,0,,,0.9524,,0.9877,0.9524,0.9524,0.995,0.9495,0.9495,,0.9804,0.9804,0.9524,0.9524,0.9524,,,,,,,,,,,,,,,,0.9687,0.9306,0.9306
2095184,2/24/2026 20:52,card,ws,18000,-220,c,ts,2/24/2026,15:52:53,0,,,0.6875,,0.8182,0.7436,0.7436,0.7664,0.696,0.696,0.7753,0.7143,0.7143,0.6875,0.6875,0.6875,,,,,,,,,,,,,,,,0.734,0.6721,0.6721
2095156,2/24/2026 20:39,card,ws,5500,150,c,ts,2/24/2026,15:39:13,0,,,0.4,,0.5,0.4348,0.4348,0.4762,0.3759,0.3759,0.4608,0.4115,0.4115,0.4651,0.4,0.4,,,,,,,,,,,,,,,,0.4405,0.3731,0.3731
2095158,2/24/2026 20:39,card,ws,6300,115,c,ts,2/24/2026,15:39:50,0,,,0.4651,,0.5745,0.5122,0.5122,0.5633,0.5074,0.5074,0.5169,0.4717,0.4717,0.4651,0.4651,0.4651,,,,,,,,,,,,,,,,0.495,0.4525,0.4525
2095167,2/24/2026 20:44,card,ws,6500,-125,c,ts,2/24/2026,15:44:03,0,,,0.5556,,0.6491,0.5833,0.5833,0.6403,0.5516,0.5516,0.6109,0.5327,0.5327,0.5556,0.5556,0.5556,,,,,,,,,,,,,,,,0.5798,0.5169,0.5169
2095336,2/24/2026 22:22,cerj,ws,6000,-277,d,ts,2/24/2026,17:22:22,0,,,0.7347,l,0.7872,0.8462,0.8462,0.7347,0.8035,0.8035,0.7826,0.8198,0.8198,0.7619,0.8182,0.8182,0.7647,0.8333,0.8333,,,,,,,0.8246,0.8413,0.8438,,,,0.7475,0.7972,0.798
2095586,2/24/2026 23:56,cerj,ws,9300,400,c,ts,2/24/2026,18:56:19,0,,,0.2,l,0.2941,0.1786,0.1786,0.2667,0.1441,0.1441,0.2703,0.1852,0.1852,0.2,0.2,0.2,0.6,0.6,0.6,,,,,,,0.1709,0.1724,0.1724,,,,0.2625,0.159,0.159
2095286,2/24/2026 22:05,cerj,ws,7600,-160,c,ts,2/24/2026,17:05:44,0,,,0.6154,l,0.6875,0.6296,0.6296,0.7167,0.6403,0.6403,0.6875,0.6429,0.6429,0.6154,0.6154,0.6154,0.6875,0.6875,0.6296,,,,,,,0.661,0.6429,0.6429,,,,0.639,0.6,0.5968
2095379,2/24/2026 22:42,cerj,ws,9900,-276,d,ts,2/24/2026,17:42:12,0,,,0.734,l,0.7917,0.7917,0.7917,0.734,0.7701,0.7701,0.8077,0.8077,0.8077,0.7727,0.7727,0.8182,0.7647,0.7647,0.7895,,,,,,,0.8039,0.8095,0.8305,,,,0.7561,0.7602,0.7712
2096306,2/25/2026 0:45,dimi,ws,7400,-145,l,ts,2/24/2026,19:45:54,0,,,0.5918,,0.6491,0.5918,0.5918,0.654,0.5816,0.5816,0.6667,0.5885,0.5885,0.5833,0.5833,0.5833,0.6491,0.5833,0.5833,,,,,,,0.5918,0.5918,0.5918,,,,0.6169,0.5595,0.5595
2099129,2/25/2026 2:54,dole,ws,7900,-120,c,ts,2/24/2026,21:54:18,0,,,0.5455,w,0.6154,,0.5652,0.6183,,0.5833,0.6364,,0.5968,0.5455,,0.5455,0.6154,,0.5652,,,,,,,0.6,,0.5918,,,,0.5763,,0.5455
2098746,2/25/2026 2:40,dole,ws,4800,123,d,ts,2/24/2026,21:40:46,0,,,0.4484,w,0.4878,,0.5,0.4484,,0.5,0.5392,,0.569,0.5122,,0.5122,0.4762,,0.5,,,,,,,0.5238,,0.5349,,,,0.4717,,0.4926
2099988,2/25/2026 3:38,dole,ws,11300,-600,c,ts,2/24/2026,22:38:34,0,,,0.8571,w,0.9,0.875,0.875,0.9065,0.9065,0.8824,0.901,0.901,0.8773,0.8571,0.8571,0.8571,0.9091,0.9091,0.875,,,,,,,0.9103,0.8969,0.8974,,,,0.8705,0.8599,0.8483
2100080,2/25/2026 3:41,dole,ws,11000,-800,c,ts,2/24/2026,22:41:56,0,,,0.8889,w,0.9259,0.9259,0.9259,0.9091,0.9091,0.9091,0.9346,0.9346,0.9346,0.8889,0.8889,0.8889,0.9231,0.9231,0.9231,,,,,,,0.9505,0.92,0.9111,,,,0.8991,0.8908,0.8879
2095734,2/25/2026 0:12,duck,ws,7300,126,f,ts,2/24/2026,19:12:08,0,,,0.4425,l,0.4425,0.4425,0.4425,0.5726,0.537,0.537,0.5169,0.4902,0.4902,0.5652,0.5122,0.5122,0.5455,0.5238,0.5238,,,,,,,0.5238,0.5238,0.5238,,,,0.4785,0.4608,0.4608
2096122,2/25/2026 0:36,duck,ws,4800,105,c,ts,2/24/2026,19:36:08,0,,,0.4878,l,0.5349,0.5349,0.5349,0.5633,0.5726,0.5726,0.5475,0.5475,0.5475,0.4878,0.4878,0.4878,0.5349,0.5455,0.5455,,,,,,,0.5556,0.5556,0.5122,,,,0.5074,0.5074,0.5
2101149,2/25/2026 6:04,dzum,ws,3300,545,d,ts,2/24/2026,1:04:20,0,,,0.155,l,0.2083,0.2857,0.2857,0.155,0.3125,0.3125,0.2273,0.3125,0.3125,0.2632,0.2632,0.2632,0.2222,0.2222,0.2857,,,,,,,0.2817,0.3077,0.3077,,,,0.1786,0.2584,0.2618
2101150,2/25/2026 6:05,dzum,ws,8600,315,l,ts,2/24/2026,1:05:10,0,,,0.241,l,0.3333,0.2083,0.2083,0.3205,0.2347,0.2347,0.339,0.25,0.25,0.3226,0.2273,0.2273,0.3125,0.25,0.25,,,,,,,0.2667,0.2353,0.2174,,,,0.2959,0.1919,0.1894
2100930,2/25/2026 5:34,dzum,ws,3800,240,c,ts,2/24/2026,0:34:39,0,,,0.2941,l,0.3846,0.3333,0.3333,0.3571,0.3257,0.3257,0.3571,0.3175,0.3175,0.2941,0.2941,0.2941,0.3571,0.3571,0.303,,,,,,,0.339,0.3226,0.3175,,,,0.3175,0.2882,0.2809
2094930,2/24/2026 18:25,fati,ws,4700,165,c,ts,2/24/2026,13:25:14,0,,,0.3774,,0.4651,0.4082,0.4082,0.4444,0.3788,0.3759,0.4444,0.3846,0.4,0.3774,0.3774,0.3774,,,,,,,,,,,,,,,,0.4032,0.3521,0.3571
2094816,2/24/2026 17:15,fati,ws,7900,-126,d,ts,2/24/2026,12:15:44,0,,,0.5575,,0.6296,0.6491,0.6491,0.5575,0.5918,0.5918,0.6364,0.6454,0.6454,0.6296,0.6296,0.6296,,,,,,,,,,,,,,,,0.5868,0.5984,0.5984
2094965,2/24/2026 18:46,fati,ws,9200,115,c,ts,2/24/2026,13:46:10,0,,,0.4651,,0.5833,0.5238,0.5238,0.5327,0.495,0.4902,0.5413,0.4878,0.495,0.4651,0.4651,0.4255,,,,,,,,,,,,,,,,0.505,0.4566,0.4587
2094977,2/24/2026 18:54,fati,ws,6900,380,c,ts,2/24/2026,13:54:49,0,,,0.2083,,0.303,,,0.3115,,,0.3077,,,0.2083,,,,,,,,,,,,,,,,,,0.2545,,
2096486,2/25/2026 1:00,frec,ws,10400,-450,c,ts,2/24/2026,20:00:52,0,,,0.8182,w,0.8571,0.8571,0.8246,0.8667,0.8667,0.8336,0.8773,0.8773,0.8413,0.8182,0.8182,0.8182,,,0.8462,0.8494,0.8494,0.8302,,,,0.8817,0.8667,0.8571,,,,0.8339,0.8302,0.8024
2097507,2/25/2026 1:43,frec,ws,15700,-700,c,ts,2/24/2026,20:43:50,0,,,0.875,w,0.9412,0.875,0.875,0.9485,0.8837,0.8837,0.9615,0.8773,0.8773,0.9412,0.875,0.875,0.8182,0.8182,0.8182,0.9251,0.8874,0.8684,,,,0.8901,0.8876,0.8837,,,,0.896,0.8438,0.8403
2095038,2/24/2026 19:44,galf,ws,12000,-1000,c,ts,2/24/2026,14:44:56,0,,,0.9091,w,0.9474,0.9474,0.9231,0.9565,0.9565,0.9231,0.9434,0.9434,0.9091,0.9524,0.9091,0.9091,0.9524,0.9524,0.9231,,,,,,,0.9592,0.9535,0.9371,,,,0.9249,0.9181,0.8928
2094679,2/24/2026 12:43,ghib,ws,15900,110,c,ts,2/24/2026,7:43:16,0,,,0.4762,,0.5918,0.4878,0.4878,0.6139,0.4739,0.4739,0.5885,0.5,0.5,0.4762,0.4762,0.4762,,,,,,,,,,,,,,,,0.5455,0.4525,0.4525
2094714,2/24/2026 15:01,ghib,ws,12800,320,c,ts,2/24/2026,10:01:24,0,,,0.2381,,0.3636,0.2083,0.2083,0.3731,0.2283,0.2283,0.3802,0.2439,0.2439,0.2381,0.2273,0.2273,,,,,,,,,,,,,,,,0.3195,0.1828,0.1828
2094655,2/24/2026 12:22,ghib,ws,18000,-170,c,ts,2/24/2026,7:22:12,0,,,0.6296,,0.7368,0.6226,0.6226,0.7537,0.6466,0.6466,0.7333,0.6454,0.6454,0.6296,0.6296,0.6296,,,,,,,,,,,,,,,,0.6845,0.5984,0.5984
2094657,2/24/2026 12:24,ghib,ws,5700,-114,d,ts,2/24/2026,7:24:48,0,,,0.5327,,0.5833,0.6364,0.6364,0.5327,0.5851,0.5851,0.6078,0.6552,0.639,0.6552,0.6552,0.6552,,,,,,,,,,,,,,,,0.5536,0.5935,0.5935
2095188,2/24/2026 20:53,hola,ws,4800,-150,c,ts,2/24/2026,15:53:11,0,,,0.6,,0.6667,0.6667,0.6667,0.6721,0.6774,0.6774,0.6667,0.6454,0.6454,0.6552,0.6,0.6,,,,,,,,,,,,,,,,0.6198,0.6078,0.6078
2099719,2/25/2026 3:23,hon,ws,4800,300,c,ts,2/24/2026,22:23:43,0,,,0.25,w,0.3333,,0.2632,0.3497,,,0.3226,,0.2632,0.25,,0.25,0.3448,,0.25,0.346,,0.274,,,,0.3125,,0.2703,,,,0.2849,,0.2242
2100369,2/25/2026 3:58,hon,ws,10300,-140,l,ts,2/24/2026,22:58:53,0,,,0.5833,w,,,,0.631,0.6124,0.537,0.6875,0.6875,0.5885,0.6296,0.5556,0.5556,0.6491,0.6491,0.5652,0.6364,0.6667,0.5781,,,,0.5833,0.5833,0.5833,,,,0.6183,0.5816,0.537
2100408,2/25/2026 4:02,hon,ws,40800,-345,l,ts,2/24/2026,23:02:00,0,,,0.7753,w,,,,0.8649,,,0.9177,,,0.7619,,,0.9,,,0.8684,,,,,,0.7753,,,,,,0.8494,,
2100377,2/25/2026 4:00,hon,ws,16100,105,c,ts,2/24/2026,23:00:05,0,,,0.4878,w,,,,0.5833,,,0.6503,,,0.4878,0.4878,0.4878,0.6154,0.5238,0.5238,0.6078,0.5868,0.5169,,,,0.5652,0.5455,0.5455,,,,0.5595,,0.4902
2095745,2/25/2026 0:12,jonf,ws,2200,469,d,ts,2/24/2026,19:12:34,0,,,0.1757,l,0.2381,0.2632,0.2632,0.1757,0.1597,0.2242,0.2353,0.2353,0.2564,,,,0.1923,0.1852,0.25,,,,,,,0.241,0.25,0.25,,,,0.1916,0.1988,0.2146
2096460,2/25/2026 0:58,jonf,ws,6800,-160,c,ts,2/24/2026,19:58:32,0,,,0.6154,l,0.6774,,,0.67,,,0.7015,,,0.6667,,,0.6667,,,,,,,,,0.6667,,,,,,0.6503,,
2095054,2/24/2026 19:54,juva,ws,24500,-700,c,ts,2/24/2026,14:54:09,0,,,0.875,w,0.9259,0.8571,,0.9091,,,0.9434,0.8621,,0.875,0.875,,0.9231,0.8462,,,,,,,,0.881,0.8773,,,,,0.9006,0.8294,
2094997,2/24/2026 19:24,kopr,ws,8500,-240,c,ts,2/24/2026,14:24:22,0,,,0.7059,l,0.7826,0.7561,0.7561,0.7921,0.7921,0.7886,0.726,0.726,0.726,0.7059,0.7059,0.7059,0.7778,0.7778,0.7647,,,,,,,0.7849,0.7872,0.7895,,,,0.726,0.7191,0.7191
2095036,2/24/2026 19:44,kopr,ws,8000,-115,c,ts,2/24/2026,14:44:12,0,,,0.5349,l,0.6,0.5652,0.5652,0.6109,0.5652,0.5633,0.6226,0.6,0.6,0.5349,0.5349,0.5349,0.6154,0.5833,0.5833,,,,,,,0.6,0.5918,0.6,,,,0.5671,0.5455,0.5455
2095018,2/24/2026 19:28,kopr,ws,6300,-340,c,ts,2/24/2026,14:28:23,0,,,0.7727,l,0.8246,0.8246,0.8246,0.8355,0.8355,0.8355,0.8,0.8,0.8,0.7727,0.7727,0.7727,0.8333,0.8333,0.8333,,,,,,,0.84,0.8333,0.8333,,,,0.7845,0.7826,0.7826
2095008,2/24/2026 19:26,kopr,ws,6600,-260,c,ts,2/24/2026,14:26:36,0,,,0.7222,l,0.7872,0.7872,0.8039,0.7895,0.7895,0.812,0.7333,0.7333,0.759,0.7222,0.7368,0.7368,0.7895,0.7895,0.8,,,,,,,0.8039,0.8113,0.8148,,,,0.7368,0.7368,0.7537
2094633,2/24/2026 12:05,kuku,ws,6700,-174,f,ts,2/24/2026,7:05:40,0,,,0.635,,0.635,0.635,0.635,0.7354,0.7354,0.7748,0.726,0.726,0.726,0.75,0.7059,0.7059,,,,,,,,,,,,,,,,0.6552,0.6516,0.6552
2094762,2/24/2026 16:18,lehe,ws,18500,-1000,c,ts,2/24/2026,11:18:45,0,,,0.9091,,,,,0.9583,0.9524,0.918,0.9524,0.9524,0.9177,0.9091,0.9091,0.9091,0.9615,0.9615,0.9333,0.9346,0.9158,0.8969,,,,0.9762,0.942,0.9403,,,,0.9245,0.9061,0.8894
2094758,2/24/2026 16:03,lehe,ws,21300,-550,c,ts,2/24/2026,11:03:57,0,,,0.8462,,,,,0.9479,0.8492,0.8492,0.9346,0.8551,0.8551,0.8462,0.8462,0.8462,0.9615,0.8462,0.8462,0.9063,0.8494,0.84,,,,0.8611,0.8592,0.8601,,,,0.8742,0.8165,0.8165
2094732,2/24/2026 15:26,lehe,ws,5900,155,l,ts,2/24/2026,10:26:27,0,,,0.3922,,0.4545,0.3704,0.3704,0.4386,0.3623,0.3623,0.4484,0.4,0.4,0.4444,0.4,0.4,0.4348,0.4348,0.3704,0.4587,0.4878,0.4386,,,,0.4082,0.3922,0.4,,,,0.4237,0.369,0.3636
2094741,2/24/2026 15:34,lehe,ws,7300,315,l,ts,2/24/2026,10:34:41,0,,,0.241,,0.3125,0.2273,0.2273,0.2882,0.2041,0.2041,0.3509,0.2703,0.2703,0.2778,0.2778,0.2778,0.303,0.2353,0.2353,0.3155,0.2114,0.2114,,,,0.25,0.241,0.241,,,,0.2874,0.207,0.207
2094791,2/24/2026 17:01,loko,ws,20100,-1000,c,ts,2/24/2026,12:01:29,0,,,0.9091,,0.96,0.9355,0.9355,0.9565,0.9242,0.9219,0.9615,0.9259,0.9346,0.9091,0.9091,0.9091,,,,,,,,,,,,,,,,0.9257,0.8922,0.8915
2094735,2/24/2026 15:31,loko,ws,5600,100,c,ts,2/24/2026,10:31:07,0,,,0.5,,0.5556,0.5238,0.5238,0.537,0.4975,0.5283,0.5968,0.5763,0.5763,0.5,0.5,0.5,,,,,,,,,,,,,,,,0.5215,0.4975,0.5
2094744,2/24/2026 15:35,loko,ws,6700,115,c,ts,2/24/2026,10:35:38,0,,,0.4651,,0.5238,0.4878,0.4878,0.5192,0.4762,0.4762,0.5238,0.5413,0.5413,0.5122,0.4651,0.4651,,,,,,,,,,,,,,,,0.4831,0.463,0.463
2094789,2/24/2026 17:01,loko,ws,14100,-600,c,ts,2/24/2026,12:01:00,0,,,0.8571,,0.8947,0.8947,0.8947,0.9231,0.8765,0.878,0.9346,0.8701,0.8851,0.8571,0.8571,0.8571,,,,,,,,,,,,,,,,0.8739,0.8433,0.8462
2094768,2/24/2026 16:25,majc,ws,8000,-250,d,ts,2/24/2026,11:25:19,0,,,0.7143,l,0.7778,,,0.7143,0.7143,0.7143,0.7701,0.7701,0.7701,0.75,0.75,0.75,0.7647,0.7647,0.7647,,,,,,,0.7849,0.7802,0.7802,,,,0.7333,0.7253,0.7253
2094776,2/24/2026 16:35,majc,ws,3800,150,d,ts,2/24/2026,11:35:50,0,,,0.4,l,0.4545,0.4651,0.4651,0.4,0.4202,0.4425,0.4587,0.4587,0.4762,,,,0.4545,0.4545,0.4651,,,,,,,0.4651,0.4762,0.4762,,,,0.4184,0.4274,0.4367
2095333,2/24/2026 22:21,marc,ws,2300,560,l,ts,2/24/2026,17:21:25,0,,,0.1515,l,0.2083,0.1429,0.1429,0.2004,0.1316,0.1316,0.2128,0.1333,0.1333,0.1538,0.1538,0.1538,0.2353,0.1667,0.1667,,,,,,,0.1639,0.1429,0.1471,,,,0.1548,0.1003,0.1015
2095311,2/24/2026 22:13,marc,ws,9600,135,c,ts,2/24/2026,17:13:30,0,,,0.4255,l,0.5455,,,0.5146,,,0.5238,,,0.4255,,,0.5556,,,,,,,,,0.4651,,,,,,0.4739,,
2095195,2/24/2026 20:58,marc,ws,12900,-225,d,ts,2/24/2026,15:58:28,0,,,0.6923,l,0.7872,0.7872,0.7872,0.696,0.7297,0.7297,0.7531,0.7701,0.7701,0.75,0.7059,0.7059,0.75,0.75,0.7895,,,,,,,0.7619,0.7561,0.7561,,,,0.7214,0.7238,0.726
2095337,2/24/2026 22:22,marc,ws,4100,900,c,ts,2/24/2026,17:22:42,0,,,0.1,l,0.1724,0.0952,0.0952,0.1575,,,0.1786,0.087,0.087,0.1,0.1,0.1111,0.1923,0.129,0.129,,,,,,,0.102,0.0995,0.098,,,,0.1312,0.051,0.0513
2094697,2/24/2026 14:39,maru,ws,5200,-110,c,ts,2/24/2026,9:39:31,0,,,0.5238,,0.5833,0.5122,0.5122,0.5918,0.5074,0.5074,0.5968,0.5074,0.5327,0.5238,0.5238,0.5238,,,,,,,,,,,,,,,,0.5434,0.4739,0.4831
2094701,2/24/2026 14:50,maru,ws,12300,-125,c,ts,2/24/2026,9:50:24,0,,,0.5556,,0.6552,0.5833,0.5833,0.6454,0.5708,0.5708,0.661,0.5968,0.5968,0.5556,0.5556,0.5556,,,,,,,,,,,,,,,,0.6,0.5434,0.5434
2094676,2/24/2026 12:39,maru,ws,6000,-200,c,ts,2/24/2026,7:39:32,0,,,0.6667,,0.7561,0.7059,0.7059,0.7175,0.6764,0.6764,0.726,0.6667,0.6667,0.6667,0.6667,0.6667,,,,,,,,,,,,,,,,0.6835,0.639,0.639
2094716,2/24/2026 15:02,maru,ws,53800,-135,c,ts,2/24/2026,10:02:49,0,,,0.5745,,0.8462,,0.5833,0.8179,,0.5726,0.8276,,0.639,0.5745,,0.5745,,,,,,,,,,,,,,,,0.7653,,0.5614
2095295,2/24/2026 22:08,mcna,ws,3500,300,c,ts,2/24/2026,17:08:13,0,,,0.25,l,0.3704,,0.2778,0.369,,0.2703,,,,0.25,,0.25,0.3704,,0.2778,,,,,,,0.2667,,0.2564,,,,0.277,,0.2262
2094805,2/24/2026 17:10,moll,ws,6400,110,l,ts,2/24/2026,12:10:16,0,,,0.4762,w,0.5556,0.4878,0.4878,0.5261,0.4505,0.4464,0.5327,0.4545,0.4545,0.4762,0.4762,0.4762,,,,,,,,,,0.4762,0.4762,0.4762,,,,0.5025,0.4348,0.4329
2094822,2/24/2026 17:20,moll,ws,6800,-135,c,ts,2/24/2026,12:20:26,0,,,0.5745,w,0.6296,,,0.6255,,,0.6454,,,0.5745,,,,,,,,,,,,0.6364,,,,,,0.5984,,
2095101,2/24/2026 20:12,navo,ws,11300,-550,c,ts,2/24/2026,15:12:46,0,,,0.8462,w,0.875,0.8462,0.8462,0.9315,0.9048,0.9048,0.8851,0.8621,0.8621,0.8462,0.8462,0.8462,0.9231,0.9091,0.9091,,,,,,,0.9145,0.9083,0.9057,,,,0.8605,0.8397,0.8392
2095461,2/24/2026 23:20,pass,ws,4300,225,d,ts,2/24/2026,18:20:39,0,,,0.3077,v,0.4348,0.4348,0.4348,0.3077,0.3185,0.3788,0.3704,0.3704,0.4115,0.3846,0.3846,0.3846,0.3333,0.3333,0.4,0.3356,0.3876,0.3876,,,,0.3636,0.4,0.4,,,,0.3333,0.3509,0.3717
2094771,2/24/2026 16:32,pauj,ws,5800,141,d,ts,2/24/2026,11:32:24,0,,,0.4149,,0.4878,0.4878,0.5455,0.4149,0.4367,0.5025,0.4902,0.4902,0.5392,0.5122,0.5122,0.5122,,,,,,,,,,,,,,,,0.4444,0.4464,0.495
2094558,2/24/2026 10:52,pigo,ws,6400,-182,d,ts,2/24/2026,5:52:28,0,,,0.6454,,0.7297,0.7297,,0.6454,0.6622,,,,,0.6667,0.6667,,,,,,,,,,,,,,,,,0.6644,0.6667,
2094560,2/24/2026 10:53,pigo,ws,9600,-172,d,ts,2/24/2026,5:53:04,0,,,0.6324,,0.7297,0.7297,0.7297,0.5968,0.6633,0.6633,,,,0.6667,0.6667,0.6667,,,,,,,,,,,,,,,,0.6552,0.6678,0.6678
2094770,2/24/2026 16:31,popy,ws,9300,125,c,ts,2/24/2026,11:31:29,0,,,0.4444,w,0.5238,0.4651,0.4651,0.5495,0.5192,0.5192,0.5327,0.4854,0.4854,0.4444,0.4444,0.4444,0.5455,0.4762,0.4762,,,,,,,0.5122,0.5,0.5,,,,0.4878,0.4484,0.4484
2094840,2/24/2026 17:38,popy,ws,12100,-1760,d,ts,2/24/2026,12:38:36,0,,,0.9462,w,0.9677,0.9756,0.9756,0.9462,0.9615,0.9615,0.9901,0.9901,,0.9722,0.9722,0.9722,0.9615,0.9615,0.9756,,,,,,,,,,,,,0.9525,0.9574,0.9556
2094772,2/24/2026 16:32,popy,ws,4900,-105,c,ts,2/24/2026,11:32:58,0,,,0.5122,w,0.5652,,0.5652,0.5833,,0.5833,0.5652,,0.5652,0.5122,,0.5122,0.5652,,0.5652,,,,,,,0.5833,,0.5745,,,,0.5305,,0.5283
2100571,2/25/2026 4:36,ruud,ws,8500,-110,c,ts,2/24/2026,23:36:06,0,,,0.5238,l,0.5833,0.5349,0.5349,0.5868,0.5516,0.5516,0.6226,0.5595,0.5595,0.5238,0.5238,0.5238,0.6,0.5455,0.5455,0.5968,0.5575,0.5475,,,,0.5745,0.5652,0.5652,,,,0.5575,0.5146,0.5146
2100781,2/25/2026 5:20,ruud,ws,4900,230,c,ts,2/24/2026,0:20:08,0,,,0.303,l,0.3571,0.2857,0.2857,0.3774,0.3145,0.3145,0.3704,0.2817,0.2817,0.303,0.303,0.303,0.3704,0.303,0.303,0.3774,0.3155,0.3155,,,,0.3175,0.2899,0.3077,,,,0.3185,0.2584,0.2625
2100531,2/25/2026 4:26,ruud,ws,7400,-200,c,ts,2/24/2026,23:26:28,0,,,0.6667,l,0.7143,0.7059,0.7059,0.7305,0.7207,0.7191,0.7333,0.7143,0.7143,0.6667,0.6667,0.6667,,,,0.7245,0.705,0.7151,,,,0.726,0.7222,0.7222,,,,0.6875,0.6753,0.6764
2100541,2/25/2026 4:30,ruud,ws,8000,-240,c,ts,2/24/2026,23:30:23,0,,,0.7059,l,0.7619,0.7619,0.7222,0.75,0.75,0.7222,0.7701,0.7701,0.7468,0.7059,0.7059,0.7059,,,,0.763,0.7436,0.734,,,,0.759,0.7561,0.7468,,,,0.7253,0.7191,0.697
2096217,2/25/2026 0:40,sonm,ws,9000,-650,e,ts,2/24/2026,19:40:45,0,,,0.8667,w,0.92,0.92,0.92,,0.881,0.881,0.9091,0.9091,0.9091,,,,0.8667,0.8667,0.8667,0.9063,0.9063,0.9063,,,,0.9065,0.9065,0.907,,,,0.8765,0.8748,0.8761
2096171,2/25/2026 0:38,stea,ws,8400,-115,f,ts,2/24/2026,19:38:30,0,,,0.5349,w,0.5349,0.5652,0.5652,0.5745,0.5745,0.6416,0.5885,0.5885,0.6255,0.6667,0.6667,0.6667,0.6154,0.6154,0.6491,,,,,,,0.6491,0.6667,0.6552,,,,0.5671,0.5781,0.5935
2096062,2/25/2026 0:32,stea,ws,6200,-280,f,ts,2/24/2026,19:32:57,0,,,0.7368,w,0.7727,0.7368,0.7368,0.7921,0.7455,0.7669,0.8131,0.8131,0.8131,,,,0.7895,0.7895,0.7895,,,,,,,0.8039,0.8113,0.8182,,,,0.759,0.7494,0.7537
2097410,2/25/2026 1:39,stea,ws,14300,-170,e,ts,2/24/2026,20:39:28,0,,,0.6296,w,0.7727,0.6875,0.6875,0.734,0.6575,0.6575,0.726,0.6667,0.6667,0.6667,0.6667,0.6667,0.6296,0.6296,0.6296,,,,,,,0.6721,0.6721,0.6667,,,,0.6732,0.631,0.6283
2097176,2/25/2026 1:30,stea,ws,8200,-140,c,ts,2/24/2026,20:30:32,0,,,0.5833,w,0.6667,0.6154,0.6154,0.6689,0.5984,0.5984,0.6552,0.6,0.6,0.5833,0.5833,0.5833,0.6875,,,,,,,,,0.6296,0.6078,0.6078,,,,0.6109,0.5708,0.5708
2099273,2/25/2026 3:02,stom,ws,9300,340,c,ts,2/24/2026,22:02:10,0,,,0.2273,l,0.3636,,,0.3448,,,0.3571,,,0.2273,,,0.3509,,,,,,,,,0.274,,,,,,0.2874,,
2099306,2/25/2026 3:03,stom,ws,9700,580,l,ts,2/24/2026,22:03:52,0,,,0.1471,l,0.25,0.1333,0.1333,0.2398,,0.1456,0.2597,0.125,0.1481,,0.1667,0.1667,0.25,0.1538,0.1538,,,,,,,0.1471,0.146,0.1504,,,,0.2165,0.0934,0.1026
2097352,2/25/2026 1:37,stom,ws,13500,-140,c,ts,2/24/2026,20:37:19,0,,,0.5833,l,0.697,0.6364,0.6364,0.6454,0.5671,0.5671,0.6875,0.6255,0.6255,0.5833,0.5833,,0.7333,0.7333,0.7333,,,,,,,0.6226,0.6296,0.6364,,,,0.6296,0.5968,0.5951
2094854,2/24/2026 17:54,stri,ws,10200,-162,d,ts,2/24/2026,12:54:11,0,,,0.6183,,0.6875,,,0.6183,,,0.7333,,,0.6667,,,,,,,,,,,,,,,,,,0.6503,,
2094821,2/24/2026 17:20,stri,ws,10500,-240,c,ts,2/24/2026,12:20:07,0,,,0.7059,,0.7917,0.7297,,0.7802,0.7245,,0.7753,0.7143,,0.7059,0.7059,,,,,,,,,,,,,,,,,0.7312,0.6795,
2094855,2/24/2026 17:54,stri,ws,8700,-164,d,ts,2/24/2026,12:54:20,0,,,0.6212,,0.6875,0.6875,0.6875,0.6212,,0.6183,0.726,0.7333,0.7333,0.6667,0.6667,0.6667,,,,,,,,,,,,,,,,0.6479,,0.6503
2096436,2/25/2026 0:56,svrc,ws,8700,-260,c,ts,2/24/2026,19:56:50,0,,,0.7222,w,0.8,0.7561,0.7561,0.7872,0.7585,0.7585,0.7826,0.7333,0.7333,0.7222,0.7222,0.7222,0.8,0.75,0.75,,,,,,,0.7647,0.759,0.7531,,,,0.7423,0.711,0.7101
2097108,2/25/2026 1:27,svrc,ws,93200,-600,e,ts,2/24/2026,20:27:35,0,,,0.8571,w,0.998,0.998,0.998,0.999,,,,,,0.998,0.998,0.998,0.8571,0.8571,0.8571,,,,,,,,,,,,,0.9682,,
2096104,2/25/2026 0:35,tabi,ws,8200,115,c,ts,2/24/2026,19:35:28,0,,,0.4651,w,0.5556,0.5122,0.5122,0.5708,0.4902,0.4902,0.5349,0.4651,0.4545,0.4651,0.4651,0.4651,0.5455,0.5,0.5,,,,,,,0.5238,0.5122,0.5122,,,,0.5,0.4608,0.4587
2095133,2/24/2026 20:20,tjen,ws,7800,-124,b,ts,2/24/2026,15:20:57,0,,,0.5536,l,0.6,0.6,0.6,0.6377,0.6377,0.6377,0.5536,0.5816,0.5968,0.6429,0.6429,0.6429,0.6296,0.6296,0.6296,0.6269,0.6364,0.6364,,,,0.6429,0.6429,0.6491,,,,0.5816,0.5868,0.5902
2095069,2/24/2026 20:00,uchk,ws,16700,230,c,ts,2/24/2026,15:00:25,0,,,0.303,l,0.4651,0.3636,0.3636,0.4149,0.2849,0.2849,0.4587,0.3571,0.3571,0.303,0.303,0.303,,,,,,,,,,,,,,,,0.4016,0.3058,0.3058
2095170,2/24/2026 20:44,uchk,ws,3600,320,c,ts,2/24/2026,15:44:49,0,,,0.2381,l,0.2941,0.2128,0.2128,0.2994,0.2114,0.2114,0.339,0.2899,0.2899,0.2381,0.2381,0.2381,,,,,,,,,,,,,,,,0.2618,0.2024,0.2024
2095367,2/24/2026 22:34,veki,ws,1800,460,d,ts,2/24/2026,17:34:25,0,,,0.1786,l,,,,0.1786,,0.1786,0.25,,0.25,0.25,,0.25,0.2105,,0.2105,0.2008,,0.2008,,,,0.2532,,0.2564,,,,0.1912,,0.188
2094700,2/24/2026 14:47,virt,ws,2100,443,d,ts,2/24/2026,9:47:25,0,,,0.1842,l,0.2273,,0.2439,0.1842,,,0.25,,0.2632,0.25,,0.25,0.2222,,0.2353,,,,,,,0.25,,0.2532,,,,0.1992,,0.2123
2095294,2/24/2026 22:08,wats,ws,3000,360,d,ts,2/24/2026,17:08:03,0,,,0.2174,l,,,,0.2174,,0.2618,0.2899,,0.3077,0.2941,,0.2941,0.25,,,0.2427,,0.2632,,,,0.2857,,0.303,,,,0.2375,,0.2558
2100695,2/25/2026 4:57,wuy,ws,6000,-162,d,ts,2/24/2026,23:57:20,0,,,0.6183,w,0.6774,0.6774,0.6774,0.6183,0.6183,0.6183,0.6774,0.6774,0.6774,0.6552,0.6552,0.6552,0.6491,0.6491,0.6491,0.6667,0.6667,0.6667,,,,0.6923,0.6923,0.6923,,,,0.6364,0.635,0.635
2100691,2/25/2026 4:56,wuy,ws,5700,-140,c,ts,2/24/2026,23:56:12,0,,,0.5833,w,0.6552,0.6154,0.6154,0.6324,0.6109,0.6109,0.6503,0.6,0.6,0.5833,0.5833,0.5918,0.6296,0.6,0.6,0.6466,0.5781,0.5781,,,,0.6296,0.6154,0.6154,,,,0.6032,0.569,0.569
2100817,2/25/2026 5:26,wuy,ws,7800,-110,c,ts,2/24/2026,0:26:25,0,,,0.5238,w,0.6154,0.5455,0.5455,0.5935,0.5122,0.5122,0.6032,0.5283,0.5283,0.5238,0.5238,0.5238,0.6154,0.5455,0.5455,0.5671,0.5169,0.4975,,,,0.5745,0.5556,0.5556,,,,0.5536,0.5025,0.505
2101096,2/25/2026 5:57,wuy,ws,7100,-230,l,ts,2/24/2026,0:57:14,0,,,0.697,w,0.7778,0.6296,0.6296,0.7963,0.6633,0.6633,0.7753,0.6774,0.6774,0.6296,0.6296,0.6296,0.8,0.6923,0.6923,0.734,0.6466,0.6364,,,,0.697,0.6825,0.6825,,,,0.7143,0.6255,0.6212
2095853,2/25/2026 0:19,yuay,ws,4800,110,c,ts,2/24/2026,19:19:42,0,,,0.4762,w,0.5349,0.4545,0.4545,0.5305,0.5614,0.4717,0.5283,0.5283,0.4348,0.4762,0.4762,0.4762,0.5455,0.5455,0.4762,0.5074,0.5475,0.4274,,,,0.5,0.4651,0.4545,,,,0.4854,0.4695,0.4202
2095432,2/24/2026 23:13,yuay,ws,2100,555,d,ts,2/24/2026,18:13:18,0,,,0.1527,w,0.1887,0.1887,,0.1527,0.1603,,0.2222,0.2353,,0.2273,0.2273,,0.1754,0.1754,,0.2008,0.2114,,,,,0.2105,0.2151,,,,,0.1678,0.1712,
2095395,2/24/2026 22:56,yuay,ws,3300,298,d,ts,2/24/2026,17:56:10,0,,,0.2513,w,0.2778,,,0.2513,,,0.339,,,0.3333,,,0.2941,,,0.3049,,,,,,0.3279,,,,,,0.2725,,
2095446,2/24/2026 23:16,yuay,ws,2500,880,d,ts,2/24/2026,18:16:26,0,,,0.102,w,0.1429,0.1667,0.1667,0.102,0.1316,0.1316,0.1739,0.1961,0.2041,0.1818,0.1818,0.2,0.1379,0.1538,0.1538,0.1486,0.1905,0.1802,,,,0.1724,0.1802,0.1818,,,,0.1211,0.1408,0.1433
2099048,2/25/2026 2:51,zakh,ws,13600,-320,c,ts,2/24/2026,21:51:09,0,,,0.7619,w,0.8462,,,0.8355,,,0.8198,,,0.7619,,,0.8333,,,,,,,,,0.8214,,,,,,0.7886,,
2098483,2/25/2026 2:30,zarr,ws,3400,190,c,ts,2/24/2026,21:30:42,0,,,0.3448,l,0.3922,,0.3571,0.4405,,0.3861,0.3922,,0.3571,0.3448,,0.3448,0.4167,,0.3846,0.4184,,0.4082,,,,0.3846,,0.3636,,,,0.365,,0.3247
2097329,2/25/2026 1:36,zarr,ws,7400,140,d,ts,2/24/2026,20:36:45,0,,,0.4167,l,0.4878,0.5,0.5,0.4167,0.4587,0.4608,0.4673,0.4673,0.4902,,,,0.6154,0.6154,0.6154,0.4484,0.4695,0.4695,,,,0.4878,0.5122,0.5122,,,,0.4464,0.463,0.4651
2100073,2/25/2026 3:41,zarr,ws,5300,-150,l,ts,2/24/2026,22:41:42,0,,,0.6,l,,,,0.661,0.5763,,0.661,0.5781,,0.6,0.6,,0.6667,0.6,,0.6364,0.5868,,,,,0.6154,0.6,,,,,0.6169,0.5556,
2099701,2/25/2026 3:22,zarr,ws,8700,-276,d,ts,2/24/2026,22:22:57,0,,,0.734,l,0.7872,0.8571,0.8571,0.734,0.8069,0.8069,0.8131,0.8621,0.8621,,,,0.7647,0.7647,0.8333,0.7727,0.7826,0.8113,,,,0.8507,0.871,0.8726,,,,0.7555,0.8192,0.8138
2104137,2/26/2026 1:30,atma,ws,6500,-125,c,ts,2/25/2026,20:30:43,0,,,0.5556,w,0.5918,,,0.6587,,,0.6255,,,0.5556,,,0.6296,,,0.5968,,,,,,0.6154,,,,,,0.5763,,
2103972,2/26/2026 1:25,atma,ws,3600,170,f,ts,2/25/2026,20:25:45,0,,,0.3704,w,0.3704,,0.4167,0.4587,,0.4739,0.4386,,0.4651,0.4348,,0.4545,0.4545,,0.4545,0.3968,,0.4386,,,,0.4545,,0.4545,,,,0.3906,,0.4167
2104721,2/26/2026 1:46,atma,ws,20900,-700,c,ts,2/25/2026,20:46:00,0,,,0.875,w,0.9259,,,0.9565,,,0.9434,,,0.875,,,0.9474,,,0.9158,,,,,,0.9237,,,,,,0.8978,,
2102521,2/26/2026 0:27,atma,ws,4800,127,d,ts,2/25/2026,19:27:00,0,,,0.4405,w,0.5,,,0.4405,,,0.4854,,,0.5455,,,0.4651,,,0.4695,,,,,,0.5238,,,,,,0.4608,,
2101657,2/25/2026 20:21,barn,ws,5200,238,d,ts,2/25/2026,15:21:19,0,,,0.2959,l,0.3774,0.3448,0.3448,0.2959,0.3497,0.3268,0.3774,0.3774,0.3472,0.3636,0.3636,0.3636,0.3509,0.3509,0.3704,0.3356,0.3356,0.3155,,,,0.3704,0.3571,0.3571,,,,0.3268,0.3215,0.3106
2107770,2/26/2026 4:48,bell,ws,5200,-137,d,ts,2/25/2026,23:48:01,0,,,0.5781,w,0.6364,,,0.5781,,,0.6364,,,0.6429,,,0.6154,,,0.6169,,,0.6364,,,0.6552,,,,,,0.5951,,
2107976,2/26/2026 5:10,bell,ws,47600,-765,l,ts,2/25/2026,0:10:06,0,,,0.8844,w,0.9756,0.8571,0.8571,0.9787,,0.8483,0.9901,0.9901,0.8851,0.875,0.875,0.875,0.9756,0.9756,0.8571,0.9533,0.9251,0.859,0.9901,0.9901,0.8571,0.8844,0.8817,0.883,,,,0.9302,0.9138,0.8325
2107477,2/26/2026 4:21,bell,ws,3100,150,c,ts,2/25/2026,23:21:03,0,,,0.4,w,0.4651,0.4651,0.4651,0.4274,0.4274,0.4274,0.4348,0.4348,0.4348,0.4,0.4255,0.4255,0.4348,0.4348,0.4348,0.4587,0.4587,0.4587,0.4651,0.4651,0.4651,0.4545,0.4651,0.4762,,,,0.4167,0.4202,0.4219
2107482,2/26/2026 4:21,bell,ws,3800,150,c,ts,2/25/2026,23:21:20,0,,,0.4,w,0.4651,0.4651,0.4651,0.4484,0.4484,0.4274,0.4348,0.4348,0.4348,0.4,0.4,0.4,0.4348,0.4348,0.4348,0.4587,0.4484,0.4484,0.4762,0.4762,0.4651,0.4545,0.4545,0.4545,,,,0.4202,0.4149,0.4149
2101193,2/25/2026 13:36,bust,ws,3700,235,l,ts,2/25/2026,8:36:15,0,,,0.2985,,0.3846,,,0.3953,,,0.4,,,0.3774,,,,,,0.3356,,,,,,0.2985,,,,,,0.3448,,
2101188,2/25/2026 13:15,bust,ws,5300,-140,c,ts,2/25/2026,8:15:35,0,,,0.5833,,0.6296,,0.6296,0.6575,,0.6226,0.6364,,0.6454,0.5833,,0.6,,,,0.6269,,0.6269,,,,0.6667,,0.661,,,,0.6016,,0.5984
2101187,2/25/2026 13:12,bust,ws,7300,-140,c,ts,2/25/2026,8:12:19,0,,,0.5833,,0.6154,0.5833,,0.6774,0.6721,,0.661,0.661,,0.5833,0.5833,,,,,0.6466,0.6466,,,,,0.6552,0.6491,,,,,0.6078,0.5984,
2101186,2/25/2026 13:11,bust,ws,5100,-140,c,ts,2/25/2026,8:11:39,0,,,0.5833,,0.6154,0.5918,0.6,0.6503,0.6503,0.6732,0.639,0.639,0.661,0.5833,0.5833,0.5833,,,,0.6364,0.6364,0.6364,,,,0.6667,0.6774,0.6774,,,,0.6,0.5951,0.6032
2102905,2/26/2026 0:45,dard,ws,5000,-150,c,ts,2/25/2026,19:45:11,0,,,0.6,w,0.6552,,,0.6904,,,0.6552,,,0.6,,,0.6667,,,0.6667,,,,,,0.6429,,,,,,0.6183,,
2104283,2/26/2026 1:34,dard,ws,27200,-1200,c,ts,2/25/2026,20:34:46,0,,,0.9231,w,0.9677,0.9231,,0.9787,0.9275,,0.9901,0.9177,,0.9231,0.9231,,0.9804,0.9231,,0.9627,0.9439,,,,,0.9585,0.9444,,,,,0.9417,0.8998,
2103028,2/26/2026 0:52,dard,ws,4100,175,c,ts,2/25/2026,19:52:49,0,,,0.3636,w,0.4167,0.3636,0.3636,0.4132,0.4292,0.3745,0.4255,0.4255,0.3704,0.3636,0.3636,0.3636,0.4348,0.4348,0.3846,0.4274,0.4274,0.3876,,,,0.4255,0.3846,0.3846,,,,0.3861,0.365,0.3356
2103627,2/26/2026 1:16,dard,ws,7400,-135,l,ts,2/25/2026,20:16:09,0,,,0.5745,w,0.6491,,0.5652,0.6364,,0.5413,0.6255,,0.5495,0.5833,,0.5833,0.6491,,0.5556,0.6364,,0.5575,,,,0.5918,,0.5833,,,,0.6,,0.5283
2101654,2/25/2026 20:18,drap,ws,4900,335,l,ts,2/25/2026,15:18:43,0,,,0.2299,,0.2941,0.2273,,0.3195,0.2347,,0.3125,0.2439,,0.2273,0.2273,,0.2857,0.2857,,0.274,0.2427,,,,,0.25,0.2273,,,,,0.25,0.2062,
2101485,2/25/2026 19:15,drap,ws,6700,200,c,ts,2/25/2026,14:15:08,0,,,0.3333,,0.4167,,,0.3906,,,0.4202,,,0.3333,,,0.3846,,,0.3876,,,,,,0.339,,,,,,0.3717,,
2101572,2/25/2026 19:51,drap,ws,6300,-240,e,ts,2/25/2026,14:51:39,0,,,0.7059,,0.7436,0.7436,0.7436,0.7691,0.7691,0.7636,0.759,0.759,0.759,0.7619,0.7619,0.7619,0.7059,0.7059,0.7059,0.7436,0.7436,0.7436,,,,0.7802,0.7753,0.7753,,,,0.7207,0.7199,0.7199
2101477,2/25/2026 19:13,drap,ws,11500,210,l,ts,2/25/2026,14:13:06,0,,,0.3226,,0.4348,,,0.3922,,,0.4255,,,0.3448,,,0.3846,,,0.4274,,,,,,0.3226,,,,,,0.3876,,
2101203,2/25/2026 15:18,grie,ws,6300,-140,d,ts,2/25/2026,10:18:22,0,,,0.5833,w,0.661,0.6774,0.6774,0.5833,0.635,0.635,0.6364,0.6364,0.6503,0.6667,0.6667,0.6667,,,,0.6078,0.6364,0.6466,,,,0.6667,0.6774,0.6774,,,,0.6032,0.6241,0.6241
2101954,2/25/2026 23:27,kasi,ws,10800,-135,c,ts,2/25/2026,18:27:02,0,,,0.5745,w,0.6774,0.5556,0.5556,0.6454,,,0.6667,0.569,0.569,0.5745,0.5745,0.5745,0.6825,0.5652,0.5652,0.6753,0.5868,0.5868,,,,0.5918,0.5833,0.5833,,,,0.6124,0.5392,0.5392
2101896,2/25/2026 23:08,kasi,ws,24000,-380,c,ts,2/25/2026,18:08:23,0,,,0.7917,w,0.8824,0.8182,0.8182,0.8611,0.7972,0.7859,0.8701,0.7701,0.7701,0.7917,0.7917,0.7917,0.8824,0.8182,0.8,0.8969,0.8302,0.8208,,,,0.8333,0.823,0.823,,,,0.8333,0.7773,0.7743
2101967,2/25/2026 23:28,kasi,ws,15800,-270,l,ts,2/25/2026,18:28:34,0,,,0.7297,w,0.8462,,,0.8148,,,0.8198,,,0.6875,,,0.8333,,,0.8208,,,,,,0.7297,,,,,,0.7653,,
2101922,2/25/2026 23:14,kasi,ws,7800,-360,l,ts,2/25/2026,18:14:11,0,,,0.7826,w,0.875,0.875,0.7619,0.8765,0.8571,0.7207,0.8413,0.8413,0.7468,0.8571,0.7619,0.7619,0.8571,0.8571,0.75,0.8302,0.8302,0.705,,,,0.8374,0.7778,0.7778,,,,0.8261,0.7963,0.7214
2106346,2/26/2026 2:47,kecm,ws,18800,150,c,ts,2/25/2026,21:47:48,0,,,0.4,w,0.5652,0.4545,0.4545,0.5833,0.4808,0.4808,0.5816,0.4,0.4,0.4,0.4,0.4,0.5833,0.4545,0.4545,0.5169,0.4082,0.4274,,,,0.4444,0.4444,0.4444,,,,0.4975,0.3968,0.4
2106347,2/26/2026 2:47,kecm,ws,11400,120,l,ts,2/25/2026,21:47:50,0,,,0.4545,w,0.5652,0.4545,0.4545,0.5833,0.4808,0.4808,0.5816,0.4,0.4,0.4,0.4,0.4,0.5833,0.4545,0.4545,0.5575,0.4082,0.4184,,,,0.4762,0.4444,0.4444,,,,0.5098,0.3968,0.3984
2105385,2/26/2026 2:13,kecm,ws,3200,165,c,ts,2/25/2026,21:13:29,0,,,0.3774,w,0.4348,,0.4348,0.4255,,0.4149,0.4292,,0.4292,0.3774,,0.3636,0.4348,,0.4167,0.4386,,0.4274,,,,0.4348,,0.4,,,,0.3968,,0.3861
2103240,2/26/2026 1:05,kecm,ws,13800,-170,c,ts,2/25/2026,20:05:07,0,,,0.6296,w,0.7436,0.6491,0.6491,0.7475,0.6283,0.6283,0.7143,0.6454,0.6454,0.6296,0.6296,0.6296,0.75,0.6491,0.6491,0.6951,0.6269,0.6269,,,,0.6923,0.661,0.661,,,,0.6764,0.6078,0.6078
2107377,2/26/2026 4:10,kovc,ws,7600,230,c,ts,2/25/2026,23:10:22,0,,,0.303,l,0.4348,0.303,0.303,0.4149,0.4,0.3058,0.3774,0.3774,0.2941,0.303,0.303,0.303,0.4167,0.4348,0.303,0.3663,0.3663,0.2841,,,,0.339,0.3175,0.3125,,,,0.3448,0.3125,0.2653
2107881,2/26/2026 5:01,kovc,ws,5100,190,c,ts,2/25/2026,0:01:05,0,,,0.3448,l,0.4167,,0.3636,0.4115,,0.3534,0.4386,,0.3636,0.3448,,0.3448,0.4167,,0.3704,0.4082,,0.3257,0.4,,0.3571,0.4,,0.3774,,,,0.3759,,0.3247
2107874,2/26/2026 5:00,kovc,ws,5400,235,l,ts,2/25/2026,0:00:26,0,,,0.2985,l,0.3636,,,0.361,,,0.3846,,,0.3448,,,0.3704,,,0.3559,,,0.3571,,,0.2985,,,,,,0.3311,,
2108133,2/26/2026 5:26,kovc,ws,5500,325,b,ts,2/25/2026,0:26:35,0,,,0.2353,l,0.3333,,,,,,0.2353,,,,,,0.2667,,,0.3049,,,0.2632,,,0.3175,,,,,,0.2558,,
2101196,2/25/2026 13:37,lehe,ws,39200,-340,c,ts,2/25/2026,8:37:53,0,,,0.7727,,0.8889,,0.75,0.8851,,0.7297,0.8773,,0.7753,0.7727,,0.7727,,,,0.8779,,0.8113,,,,0.7917,,0.7701,,,,0.8214,,0.7253
2101189,2/25/2026 13:18,lehe,ws,5200,120,b,ts,2/25/2026,8:18:58,0,,,0.4545,,0.5,0.5455,0.5455,0.5192,0.5798,0.5798,0.4545,0.5122,0.5122,0.5556,0.5556,0.5556,,,,0.5074,0.5475,0.5575,,,,0.5556,0.5652,0.5652,,,,0.4785,0.5122,0.5122
2101197,2/25/2026 13:49,lehe,ws,22900,-1400,c,ts,2/25/2026,8:49:36,0,,,0.9333,,0.9877,,0.9524,0.9828,,0.9194,0.9804,,0.9346,0.9333,,0.9333,,,,0.9533,,0.8874,,,,0.9787,,0.9685,,,,0.9471,,0.9099
2101194,2/25/2026 13:37,lehe,ws,12400,-225,l,ts,2/25/2026,8:37:20,0,,,0.6923,,0.75,0.661,0.661,0.7409,0.661,0.661,0.7468,0.6429,0.6667,0.7727,0.6875,0.6875,,,,0.7727,0.6753,0.7151,,,,0.7059,0.6774,0.6825,,,,0.7238,0.631,0.639
2101917,2/25/2026 23:13,line,ws,3500,250,f,ts,2/25/2026,18:13:37,0,,,0.2857,l,0.2857,0.3636,0.3636,0.3215,0.3115,0.3968,0.339,0.4202,0.4202,0.4,0.4,0.4,0.3125,0.3125,0.4348,0.346,0.3968,0.4274,,,,0.3774,0.4082,0.4082,,,,0.303,0.3546,0.3745
2101928,2/25/2026 23:15,line,ws,7500,240,c,ts,2/25/2026,18:15:37,0,,,0.2941,l,0.3846,0.2703,0.2703,0.3906,0.2747,0.2747,0.431,0.2899,0.2899,0.2941,0.2941,0.2941,0.3846,0.2857,0.2857,0.3876,0.2841,0.2941,,,,0.303,0.2857,0.2857,,,,0.339,0.2481,0.2488
2101936,2/25/2026 23:16,line,ws,5600,-125,c,ts,2/25/2026,18:16:36,0,,,0.5556,l,0.6296,0.6296,0.6296,0.5798,0.5868,0.5868,0.6364,0.6364,0.6364,0.5556,0.5556,0.4651,0.5652,0.5652,0.6,0.6078,0.6078,0.6078,,,,0.5918,0.5455,0.5349,,,,0.5781,0.5868,0.5595
2101899,2/25/2026 23:09,line,ws,3300,380,c,ts,2/25/2026,18:09:07,0,,,0.2083,l,0.2564,,,0.2976,,,0.3077,,,0.2083,,,0.2667,,,0.232,,,,,,0.1887,,,,,,0.232,,
2101885,2/25/2026 22:57,loko,ws,9400,100,c,ts,2/25/2026,17:57:22,0,,,0.5,,0.5833,0.5455,,0.5935,0.5763,,0.5885,0.5885,,0.5,0.5,,,,,,,,,,,,,,,,,0.5392,0.5215,
2101890,2/25/2026 23:04,loko,ws,8800,125,c,ts,2/25/2026,18:04:04,0,,,0.4444,,0.5455,0.4545,0.4545,0.5261,0.5074,0.4545,0.5283,0.4484,0.4651,0.4444,0.4444,0.4444,,,,,,,,,,,,,,,,0.4878,0.4184,0.4184
2101887,2/25/2026 23:00,loko,ws,6100,120,c,ts,2/25/2026,18:00:22,0,,,0.4545,,0.5349,,,0.5122,,,0.5305,,,0.4545,,,,,,,,,,,,,,,,,,0.4831,,
2101901,2/25/2026 23:09,loko,ws,23000,-135,c,ts,2/25/2026,18:09:28,0,,,0.5745,,0.7297,,,0.705,,,0.7059,,,0.5745,,,,,,,,,,,,,,,,,,0.6552,,
2105185,2/26/2026 2:03,osom,ws,5700,123,d,ts,2/25/2026,21:03:15,0,,,0.4484,v,0.4878,0.5,0.5,0.4484,0.4566,0.4566,0.5349,0.5349,0.5349,0.5349,0.5349,0.5349,0.5,0.5,0.5,0.4975,0.4975,0.4878,,,,0.5238,0.5238,0.5238,,,,0.4762,0.4785,0.4762
2105502,2/26/2026 2:18,osom,ws,3500,193,d,ts,2/25/2026,21:18:06,0,,,0.3413,v,0.3846,,,0.3413,,,0.4032,,,0.4255,,,0.3846,,,0.3774,,,,,,0.4,,,,,,0.3571,,
2101871,2/25/2026 22:40,priz,ws,6400,260,c,ts,2/25/2026,17:40:45,0,,,0.2778,l,0.3571,0.2632,0.2632,0.3788,0.2882,0.2882,0.4,0.3333,0.3333,0.2778,0.2778,0.2778,0.3846,0.3077,0.3077,0.346,0.3356,0.3049,,,,0.3175,0.2985,0.303,,,,0.3175,0.2703,0.2597
2101806,2/25/2026 21:18,priz,ws,17200,-1700,d,ts,2/25/2026,16:18:49,0,,,0.9444,l,0.9756,0.9804,0.9804,0.9444,0.9524,0.9524,0.9901,,,0.9804,0.9868,0.9868,0.9804,0.9868,0.9868,0.9533,0.9627,0.9627,,,,,,,,,,0.9532,0.9562,0.9562
2101794,2/25/2026 21:11,priz,ws,10600,-1440,d,ts,2/25/2026,16:11:54,0,,,0.9351,l,0.9677,,0.96,0.9351,,0.9275,0.9709,,0.9709,0.9722,,0.9722,0.9722,,0.9722,0.9439,,0.9439,,,,,,,,,,0.9418,,0.938
2101808,2/25/2026 21:19,priz,ws,16200,-1400,d,ts,2/25/2026,16:19:22,0,,,0.9333,l,0.9677,,,0.9333,,,0.9804,,,0.9722,,,0.9722,,,0.9533,,,,,,,,,,,,0.9463,,
2101431,2/25/2026 18:29,rakh,ws,5700,145,d,ts,2/25/2026,13:29:10,0,,,0.4082,l,0.4545,,0.4651,0.4082,,0.4184,0.5,,0.5122,0.4444,,0.4444,,,,0.4587,,0.4587,,,,0.4878,,0.4878,,,,0.4367,,0.4405
2101437,2/25/2026 18:41,rakh,ws,4100,326,d,ts,2/25/2026,13:41:10,0,,,0.2347,l,0.2778,0.303,0.303,0.2347,0.2786,0.2786,0.3175,0.339,0.339,0.3333,0.3333,0.3333,0.2778,0.2778,0.3077,0.274,0.2941,0.2941,,,,0.3175,0.3226,0.3279,,,,0.2611,0.277,0.2793
2101417,2/25/2026 18:13,rakh,ws,7900,139,d,ts,2/25/2026,13:13:43,0,,,0.4184,l,0.5122,,0.5,0.5349,,0.4132,0.4854,,0.4854,0.4878,,,0.5122,,0.4348,0.4878,,0.4274,,,,0.5,,0.5,,,,0.4695,,0.4405
2101584,2/25/2026 19:56,rind,ws,3700,200,l,ts,2/25/2026,14:56:39,0,,,0.3333,w,0.3922,,,0.3559,,,0.4,,,0.3333,,,0.3846,,,0.3774,,,,,,0.3333,,,,,,0.3546,,
2101594,2/25/2026 19:58,rind,ws,3400,200,c,ts,2/25/2026,14:58:00,0,,,0.3333,w,0.4,0.4,0.4,0.3831,0.3831,0.3831,0.4,0.4,0.4,0.3774,0.3333,0.3333,0.4167,0.3846,0.3846,0.4082,0.3968,0.3968,,,,0.3509,0.3509,0.3509,,,,0.3704,0.3509,0.3509
2101542,2/25/2026 19:39,rind,ws,3500,160,c,ts,2/25/2026,14:39:36,0,,,0.3846,w,0.4545,0.4545,0.4,0.4274,0.4274,0.4274,0.4484,0.4484,0.4484,0.3846,0.3846,0.3846,0.4545,0.4545,0.4545,0.4184,0.4184,0.4184,,,,0.4348,0.4167,0.4,,,,0.4032,0.4,0.3861
2102253,2/26/2026 0:12,svrc,ws,3600,190,c,ts,2/25/2026,19:12:27,0,,,0.3448,l,0.3922,0.3704,0.3704,0.4367,0.4367,0.4367,0.4,0.4,0.4,0.4,0.3448,0.3448,0.4545,0.4545,0.4545,0.3968,0.3968,0.3968,,,,0.3922,0.3704,0.3704,,,,0.3731,0.3559,0.3559
2108128,2/26/2026 5:26,tiaf,ws,19100,-155,l,ts,2/25/2026,0:26:05,0,,,0.6078,w,0.7222,,0.5833,0.7167,,0.6032,0.7753,,0.5327,0.5455,,0.5455,0.7333,,0.5833,0.7245,,0.5868,0.75,,0.6154,0.6226,,0.6078,,,,0.6743,,0.5475
2108052,2/26/2026 5:19,tiaf,ws,9400,600,c,ts,2/25/2026,0:19:41,0,,,0.1429,w,0.2632,,,0.2674,,,0.2941,,,0.1429,,,0.2667,,,0.2632,,,0.303,,,0.1527,,,,,,0.2105,,
2107850,2/26/2026 4:57,tiaf,ws,13200,-180,c,ts,2/25/2026,23:57:48,0,,,0.6429,w,0.7368,0.6875,0.6875,0.7403,0.6894,0.6894,0.7354,0.6774,0.6774,0.6429,0.6429,0.6429,0.75,0.6923,0.6923,0.7436,0.6855,0.6855,0.7647,0.7015,0.7015,0.7015,0.7015,0.697,,,,0.6942,0.6491,0.6516
2108155,2/26/2026 5:28,tiaf,ws,18100,-560,b,ts,2/25/2026,0:28:16,0,,,0.8485,w,0.9048,0.9048,0.9048,,0.8889,0.8889,0.8485,0.9091,0.9177,,,,0.9,0.9,0.9,0.9063,0.8779,0.8874,0.9231,0.9231,0.9231,0.9281,0.9293,0.9293,,,,0.8713,0.878,0.881
2101303,2/25/2026 16:46,ugo,ws,3700,160,f,ts,2/25/2026,11:46:59,0,,,0.3846,l,0.3846,0.3846,0.4167,0.4167,0.4167,0.4386,0.4545,0.4545,0.4808,0.4545,0.4878,0.4878,0.4348,0.4348,0.4545,,,,,,,0.4651,0.4762,0.4762,,,,0.4032,0.4082,0.4255
2101305,2/25/2026 16:47,ugo,ws,3300,170,f,ts,2/25/2026,11:47:29,0,,,0.3704,l,,0.3704,,,0.4566,,,0.431,,,0.4545,,,0.4167,,,,,,,,,0.4545,,,,,,0.3906,
2107029,2/26/2026 3:38,wuy,ws,12600,-325,l,ts,2/25/2026,22:38:32,0,,,0.7647,w,0.8182,0.7368,0.7368,0.8233,0.7333,0.7333,0.8276,0.7701,0.7701,0.7917,0.7917,0.7917,0.8182,0.8182,0.7647,0.8113,0.7245,0.7245,,,,0.7647,0.7647,0.7647,,,,0.7895,0.7222,0.7191
2105811,2/26/2026 2:29,zver,ws,10500,-120,l,ts,2/25/2026,21:29:37,0,,,0.5455,l,0.6154,,0.5,0.6109,,0.495,0.6226,,0.5305,0.5455,,0.5455,0.6,,0.5,0.6169,,0.5283,,,,0.5455,,0.5238,,,,0.5868,,0.4878
2104565,2/26/2026 1:41,zver,ws,21600,140,l,ts,2/25/2026,20:41:23,0,,,0.4167,l,0.5652,0.4,0.4,0.5595,0.4049,0.4049,0.5633,0.4386,0.4386,0.4545,0.4545,0.4545,0.5455,0.4,0.4,0.5475,0.4082,0.4082,,,,0.4545,0.4167,0.4167,,,,0.5192,0.3876,0.3876
2104639,2/26/2026 1:43,zver,ws,19900,-120,e,ts,2/25/2026,20:43:40,0,,,0.5455,l,0.661,0.5652,0.5652,0.6689,0.5745,0.5745,0.7015,0.6139,0.6139,0.6429,0.6429,0.6429,0.5455,0.5455,0.5455,0.6753,0.6364,0.6269,,,,0.6154,0.6078,0.6078,,,,0.6198,0.569,0.569
2106339,2/26/2026 2:47,zver,ws,5000,-137,d,ts,2/25/2026,21:47:34,0,,,0.5781,l,0.6,0.6,0.6,0.5781,0.5935,0.5935,0.6667,0.6183,0.6183,0.6667,0.6667,0.6667,0.6154,0.6154,0.6154,0.6269,0.6169,0.6169,,,,0.6491,0.6364,0.6364,,,,0.5951,0.5885,0.5885
2112883,2/27/2026 2:17,agst,ws,5100,160,c,ts,2/26/2026,21:17:19,0,,,0.3846,l,0.4545,0.4348,0.4348,0.463,0.4202,0.4202,0.4587,0.4386,0.4386,0.3846,0.3846,0.3846,0.4167,0.4167,0.4167,0.4274,0.4082,0.4082,0.4444,0.4255,0.4255,0.4444,0.4444,0.4444,,,,0.4115,0.3937,0.3953
2111449,2/27/2026 1:35,agst,ws,15800,130,c,ts,2/26/2026,20:35:46,0,,,0.4348,l,0.5349,,0.4348,0.5708,,0.4587,0.5816,,0.5122,0.4348,,0.4348,0.5833,,0.4651,0.5169,,0.4975,0.5745,,0.4762,0.4878,,0.4878,,,,0.505,,0.4348
2112712,2/27/2026 2:12,agst,ws,3200,175,c,ts,2/26/2026,21:12:00,0,,,0.3636,l,,,,0.4115,0.3891,0.3891,0.4386,0.4,0.4,0.3636,0.3636,0.3636,0.3846,0.3846,0.3333,0.4274,0.4184,0.4184,0.4167,0.3846,0.3846,0.4082,0.4082,0.4082,,,,0.3817,0.3546,0.3521
2111711,2/27/2026 1:41,agst,ws,7100,120,c,ts,2/26/2026,20:41:39,0,,,0.4545,l,0.5122,,,0.5475,,,0.5652,,,0.4545,,,0.5349,,,0.5169,,,0.5455,,,0.4762,,,,,,0.4902,,
2113968,2/27/2026 2:50,bell,ws,3500,229,d,ts,2/26/2026,21:50:56,0,,,0.304,l,0.3509,0.4167,0.4167,0.304,0.3876,0.3876,0.339,0.3846,0.3846,0.4167,0.4167,0.4167,0.3448,0.4167,0.4167,0.3663,0.4274,0.4274,0.339,0.4082,0.4082,0.4,0.4167,0.4167,,,,0.3247,0.3759,0.3774
2114942,2/27/2026 3:34,bell,ws,2000,450,c,ts,2/26/2026,22:34:08,0,,,0.1818,l,0.25,0.2273,0.2273,0.2062,0.2062,0.1764,0.2273,0.2273,0.2041,0.1818,0.1818,0.1818,0.2222,0.2222,0.2,0.2427,0.2427,0.2217,0.2439,0.2439,0.2174,0.2273,0.2105,0.202,,,,0.1976,0.1887,0.1715
2114048,2/27/2026 2:56,bell,ws,5800,240,c,ts,2/26/2026,21:56:00,0,,,0.2941,l,0.3846,,0.3333,0.3846,,0.3145,0.3472,,0.3077,0.2941,,0.2941,0.3846,,0.3125,0.3774,,0.3155,0.3774,,0.3226,0.3448,,0.3279,,,,0.33,,0.2825
2113975,2/27/2026 2:51,bell,ws,3000,243,d,ts,2/26/2026,21:51:03,0,,,0.2915,l,0.3509,0.3509,0.4167,0.2915,0.304,0.304,0.339,0.339,0.339,0.3448,0.4167,0.4167,0.3333,0.3333,0.3448,0.3663,0.3663,0.4082,0.339,0.339,0.339,0.3571,0.3636,0.4167,,,,0.3096,0.3185,0.3425
2108563,2/26/2026 18:21,cana,ws,3400,280,c,ts,2/26/2026,13:21:37,0,,,0.2632,,0.3125,0.2273,0.2273,0.346,0.3125,0.2268,0.3636,0.2899,0.2899,0.2632,0.2632,0.2632,,,,,,,,,,,,,,,,0.2849,0.2252,0.2119
2108441,2/26/2026 14:11,card,ws,10800,-240,c,ts,2/26/2026,9:11:01,0,,,0.7059,,0.7872,0.7436,0.7436,0.7326,0.696,0.696,0.7938,0.7701,0.7701,0.7059,0.7059,0.7059,,,,,,,,,,,,,,,,0.7319,0.6988,0.6988
2108448,2/26/2026 14:31,card,ws,8300,-400,c,ts,2/26/2026,9:31:54,0,,,0.8,,0.8571,,,0.8516,,,0.8701,,,0.8,,,,,,,,,0.8462,,,,,,,,,0.8138,,
2108439,2/26/2026 14:08,card,ws,6600,-160,c,ts,2/26/2026,9:08:04,0,,,0.6154,,0.6774,,,0.6721,,,0.7143,,,0.6154,,,,,,,,,0.6774,,,,,,,,,0.6364,,
2108447,2/26/2026 14:28,card,ws,10500,-550,c,ts,2/26/2026,9:28:44,0,,,0.8462,,0.9091,0.8667,0.8667,0.9083,0.8684,0.8684,0.9177,0.8773,0.8773,0.8462,0.8462,0.8462,,,,,,,0.8889,0.8462,0.8462,,,,,,,0.8596,0.8273,0.8273
2110498,2/27/2026 1:06,cobo,ws,3200,280,f,ts,2/26/2026,20:06:55,0,,,0.2632,w,0.2632,0.3333,0.3333,0.3155,0.3155,0.3584,0.3226,0.3226,0.3846,0.3448,0.4,0.4,0.3333,0.3333,0.3846,0.3049,0.3155,0.3663,0.3226,0.3226,0.3704,0.339,0.3704,0.3704,,,,0.2801,0.303,0.3322
2110901,2/27/2026 1:21,cobo,ws,10100,-320,c,ts,2/26/2026,20:21:37,0,,,0.7619,w,0.8182,0.7619,0.7619,0.8333,0.8333,0.7863,0.8198,0.8198,0.7826,0.7619,0.7619,0.7619,0.8333,0.8333,0.8,0.7826,0.763,0.734,0.8333,0.8333,0.7778,0.8182,0.8,0.7895,,,,0.7817,0.763,0.7389
2110440,2/27/2026 1:04,cobo,ws,10700,120,c,ts,2/26/2026,20:04:50,0,,,0.4545,w,0.5556,0.4545,0.4545,0.5122,0.431,0.431,0.5327,0.4673,0.4673,0.4545,0.4545,0.4545,0.5349,0.4348,0.4348,0.5074,0.4386,0.4386,0.5556,0.4651,0.4651,0.4651,0.4651,0.4651,,,,0.5025,0.4255,0.4255
2110572,2/27/2026 1:09,cobo,ws,5400,120,c,ts,2/26/2026,20:09:27,0,,,0.4545,w,0.5,0.4348,0.4348,0.5652,0.4673,0.4587,0.5146,0.4348,0.4545,0.5238,0.4545,0.4545,0.5238,0.5238,0.4545,0.4975,0.4975,0.4386,0.5238,0.4651,0.4651,0.4651,0.4651,0.4651,,,,0.4831,0.4202,0.4202
2108564,2/26/2026 18:21,dalm,ws,7400,150,d,ts,2/26/2026,13:21:58,0,,,0.4,,0.4878,0.4878,0.5,0.4,0.4167,0.4167,,,,,,,,,,,,,0.4878,0.4878,0.5,,,,,,,0.4386,0.4386,0.4484
2108549,2/26/2026 18:15,dalm,ws,3000,225,d,ts,2/26/2026,13:15:34,0,,,0.3077,,0.3774,0.3774,0.3333,0.3077,0.3077,0.2778,0.3704,0.3226,0.3226,,,,,,,,,,0.3937,0.3937,0.3509,,,,,,,0.3257,0.3058,0.2825
2108554,2/26/2026 18:17,dalm,ws,4200,210,d,ts,2/26/2026,13:17:42,0,,,0.3226,,0.4,0.4,0.4,0.3226,0.3333,0.3333,0.3922,0.3922,0.3922,,,,,,,,,,0.4167,0.4167,0.4167,,,,,,,0.3472,0.3472,0.3472
2108559,2/26/2026 18:19,dalm,ws,4200,200,d,ts,2/26/2026,13:19:11,0,,,0.3333,,0.4167,0.3571,0.3571,0.3333,0.3333,0.2857,0.4,0.3509,0.3509,,,,,,,,,,0.4167,0.4167,0.3704,,,,,,,0.3584,0.3135,0.3067
2108819,2/26/2026 20:44,dole,ws,3700,203,d,ts,2/26/2026,15:44:11,0,,,0.33,l,0.3636,0.3846,0.3846,0.33,0.3846,0.3846,0.4032,0.4292,0.4292,0.4348,0.4348,0.4348,0.3846,0.4,0.4,0.3663,0.3968,0.3968,0.3704,0.3937,0.4,0.4255,0.4255,0.4255,,,,0.3521,0.3731,0.3745
2108871,2/26/2026 20:57,dole,ws,6800,-135,c,ts,2/26/2026,15:57:50,0,,,0.5745,l,0.6364,,,0.635,,,0.6454,,,0.5745,,,0.6296,,,0.6269,,,0.7015,,,0.6364,,,,,,0.6,,
2108912,2/26/2026 21:20,dole,ws,3800,338,d,ts,2/26/2026,16:20:13,0,,,0.2283,l,,,,0.2283,,,0.2985,,,0.3333,,,0.2667,,,0.2532,,,0.303,,,0.3077,,,,,,0.2532,,
2108827,2/26/2026 20:47,frec,ws,7500,-263,d,ts,2/26/2026,15:47:52,0,,,0.7245,w,0.7619,0.7619,0.7619,0.7245,0.7743,0.7743,0.7826,0.7826,0.7826,0.7727,0.7727,0.7727,0.7647,0.7647,0.8,0.7245,0.7245,0.734,0.7895,0.7895,0.7895,0.8,0.8077,0.8077,,,,0.7409,0.7442,0.7494
2108468,2/26/2026 16:08,herb,ws,7200,-140,c,ts,2/26/2026,11:08:21,0,,,0.5833,w,0.6667,,0.6,0.6503,,0.5614,0.6503,,0.6032,0.5833,,0.5833,,,,,,,0.6552,,0.6078,,,,,,,0.6078,,0.5556
2108459,2/26/2026 15:37,herb,ws,6800,144,f,ts,2/26/2026,10:37:14,0,,,0.4098,w,0.4098,0.4098,,0.5146,0.5146,,0.5,0.5,,0.5238,0.5238,,,,,,,,0.5122,0.5122,,,,,,,,0.4444,0.4444,
2108473,2/26/2026 16:18,herb,ws,9400,-190,c,ts,2/26/2026,11:18:46,0,,,0.6552,w,0.7436,,0.697,0.7126,,0.6337,0.726,,0.6825,0.6552,,0.6552,,,,,,,0.7403,,0.6923,,,,,,,0.6815,,0.6364
2108494,2/26/2026 16:49,herb,ws,27500,-380,c,ts,2/26/2026,11:49:29,0,,,0.7917,w,0.9091,,,0.8684,,,0.8851,,,0.7917,,,,,,,,,0.8824,,,,,,,,,0.8395,,
2108617,2/26/2026 19:23,juva,ws,2200,720,d,ts,2/26/2026,14:23:49,0,,,0.122,l,0.1538,,0.1667,0.122,,0.1658,0.2,,0.2128,0.1818,,0.2273,0.1754,,0.1923,0.159,,0.1695,0.1818,,0.2105,0.1923,,0.1961,,,,0.1376,,0.1567
2113403,2/27/2026 2:32,kecm,ws,18200,-300,c,ts,2/26/2026,21:32:36,0,,,0.75,w,0.8667,0.7619,,0.8492,0.7579,,0.8077,0.7409,,0.75,0.75,,0.8571,0.75,,0.8208,0.7826,,0.8621,0.7647,,0.7802,0.7802,,,,,0.7908,0.7253,
2108540,2/26/2026 18:00,krua,ws,9700,-170,c,ts,2/26/2026,13:00:30,0,,,0.6296,w,0.7143,0.661,0.661,0.7085,0.6441,0.6441,0.6923,0.639,0.639,0.6296,0.6296,0.6296,0.7059,,0.6296,0.705,0.6667,0.6667,0.7468,0.6875,0.6875,0.6774,0.6667,0.6667,,,,0.661,0.6154,0.6154
2108529,2/26/2026 17:40,krua,ws,3000,303,d,ts,2/26/2026,12:40:20,0,,,0.2481,w,0.3125,0.3125,0.3125,0.2481,0.3115,0.3115,0.3077,0.3125,0.3125,0.2778,0.3226,0.3226,0.3077,0.2941,0.3077,0.274,0.274,0.2841,0.3333,0.3226,0.3226,0.3125,0.3125,0.3226,,,,0.2674,0.2725,0.277
2108573,2/26/2026 18:30,krua,ws,8200,-400,c,ts,2/26/2026,13:30:45,0,,,0.8,w,0.875,,,0.8571,,,0.8413,,,0.8,,,0.8621,,,0.8302,,,0.8571,,,0.8496,,,,,,0.8138,,
2108521,2/26/2026 17:17,krua,ws,4900,127,d,ts,2/26/2026,12:17:18,0,,,0.4405,w,0.4878,0.4878,0.4878,0.4405,0.4405,0.4444,0.5122,0.5122,0.5122,0.5122,0.5122,0.5556,0.4762,0.4762,0.4762,0.4878,0.4785,0.4785,0.5122,0.5122,0.5122,0.5122,0.5122,0.5238,,,,0.4651,0.463,0.4695
2108988,2/26/2026 22:14,lia,ws,6200,-300,e,ts,2/26/2026,17:14:57,0,,,0.75,l,0.8182,0.8182,0.8182,0.8279,0.8279,0.8279,0.7753,0.7753,0.7753,0.7619,0.7619,0.7619,0.75,0.75,0.75,0.8016,0.7921,0.7921,0.7895,0.7895,0.7895,0.8095,0.8039,0.8095,,,,0.763,0.7613,0.7619
2108968,2/26/2026 22:00,lia,ws,6900,-190,c,ts,2/26/2026,17:00:48,0,,,0.6552,l,0.7059,,,0.726,,,0.7101,,,0.6552,,,0.75,,,0.734,,,0.6923,,,0.7222,,,,,,0.6743,,
2109095,2/26/2026 23:13,lia,ws,13600,-340,c,ts,2/26/2026,18:13:24,0,,,0.7727,l,0.8305,,,0.8331,,,0.8551,,,0.7727,,,0.8462,,,0.8302,,,0.8261,,,0.8291,,,,,,0.7984,,
2109227,2/26/2026 23:50,lia,ws,3200,600,c,ts,2/26/2026,18:50:20,0,,,0.1429,l,0.2083,0.1667,0.1667,0.2096,0.1437,0.1437,0.2273,0.1724,0.1724,0.1429,0.1429,0.1429,0.2353,0.1818,0.1818,0.2008,0.1486,0.1486,0.2174,0.1667,0.1667,0.1639,0.1653,0.1695,,,,0.1661,0.1253,0.1261
2115970,2/27/2026 4:35,nakb,ws,4100,157,d,ts,2/26/2026,23:35:45,0,,,0.3891,w,0.4255,0.4545,0.4545,0.3891,0.4184,0.4115,0.4717,0.4717,0.4902,0.4545,0.4545,0.4545,0.4348,0.4545,0.4545,0.4386,0.4695,0.4386,0.4444,0.4651,0.4651,0.4651,0.4651,0.4651,,,,0.4115,0.4255,0.4255
2116265,2/27/2026 5:48,nakb,ws,27600,-380,c,ts,2/26/2026,0:48:32,0,,,0.7917,w,0.8667,0.7143,,0.9029,0.7118,,0.8621,0.759,,0.7917,0.7917,,0.9091,0.9091,,0.859,0.7436,,0.875,0.875,,0.7619,0.7619,,,,,0.8395,0.7442,
2116208,2/27/2026 5:26,nakb,ws,5000,130,f,ts,2/26/2026,0:26:50,0,,,0.4348,w,0.4348,0.4348,0.4348,0.5,0.4831,0.4831,0.5238,0.5238,0.5238,0.5455,0.5455,0.5238,0.5,0.5,0.4762,0.4587,0.4587,0.4587,,,,0.5122,0.5,0.5,,,,0.4587,0.4566,0.4505
2115972,2/27/2026 4:36,nakb,ws,6400,239,d,ts,2/26/2026,23:36:02,0,,,0.295,w,0.3333,0.4255,0.4255,0.295,0.3937,0.3891,0.4,0.4,0.4717,0.4545,0.4545,0.4545,0.3333,0.3333,0.4348,0.346,0.3876,0.4484,0.3571,0.3571,0.4444,0.3922,0.4444,0.4444,,,,0.3322,0.369,0.4082
2108515,2/26/2026 17:11,nava,ws,6500,-155,d,ts,2/26/2026,12:11:08,0,,,0.6078,w,0.6875,0.6875,0.6875,0.6078,,0.6139,0.6429,0.6429,0.6503,0.6552,0.6552,0.6552,0.6667,0.6667,0.6491,0.6564,0.6564,0.6564,0.6923,0.6923,0.6923,0.6774,0.6774,0.6774,,,,0.6283,0.6324,0.631
2108481,2/26/2026 16:29,nava,ws,5100,-115,c,ts,2/26/2026,11:29:20,0,,,0.5349,w,0.6,0.5556,,0.6269,0.6269,,0.5652,0.5652,,0.5349,0.5349,,0.6,0.6,,0.5671,0.5671,,0.6078,0.6078,,0.5833,0.5652,,,,,0.5536,0.5413,
2108455,2/26/2026 15:26,rind,ws,3400,230,c,ts,2/26/2026,10:26:08,0,,,0.303,l,0.3704,0.3571,0.3571,0.339,0.3135,0.3135,0.3509,0.3333,0.3333,0.303,0.303,0.303,0.3333,0.3125,0.3125,0.3663,0.3356,0.3356,0.4082,0.3774,0.3774,0.3448,0.3333,0.3333,,,,0.3236,0.304,0.304
2108412,2/26/2026 7:52,shym,ws,12600,-233,d,ts,2/26/2026,2:52:19,0,,,0.6997,l,,,,,,,,,,,,,,,,,,,,,,,,,,,,,,
2108407,2/26/2026 7:49,shym,ws,7400,-204,d,ts,2/26/2026,2:49:21,0,,,0.6711,l,,0.7778,0.7778,,0.7245,0.7245,,,,,,,,,,,,,,0.7403,0.7778,,,,,,,,0.7118,0.7312
2108424,2/26/2026 8:34,shym,ws,15600,-550,c,ts,2/26/2026,3:34:29,0,,,0.8462,l,,0.8947,0.8947,,0.8851,0.8851,,,,,0.8462,0.8462,,,,,,,,0.8824,0.8824,,,,,,,,0.851,0.851
2108409,2/26/2026 7:50,shym,ws,6700,-206,d,ts,2/26/2026,2:50:33,0,,,0.6732,l,,0.7778,0.7778,,0.7283,0.7283,,,,,,,,,,,,,,0.7778,0.7778,,,,,,,,0.7368,0.7368
2109106,2/26/2026 23:19,sonm,ws,8800,340,l,ts,2/26/2026,18:19:25,0,,,0.2273,w,0.3226,0.2273,,0.3497,0.2165,,0.303,0.1887,,0.2381,0.2381,,0.3333,0.2222,,0.3155,0.2008,,0.3333,0.2309,,0.2439,0.2273,,,,,0.2695,0.1818,
2109093,2/26/2026 23:12,sonm,ws,3800,340,c,ts,2/26/2026,18:12:40,0,,,0.2273,w,0.2857,0.2083,0.2083,0.3195,0.2058,0.2058,0.274,0.2273,0.2273,0.2273,0.2273,0.2273,0.2857,0.2857,0.2222,0.2632,0.2008,0.2008,0.3226,0.2381,0.2381,0.2439,0.2198,0.2174,,,,0.2433,0.1852,0.1799
2109141,2/26/2026 23:30,sonm,ws,15000,-200,c,ts,2/26/2026,18:30:13,0,,,0.6667,w,0.7727,0.7143,0.7143,0.7778,0.711,0.711,0.759,0.7015,0.7015,0.6667,0.6667,0.6667,0.75,0.6825,0.6825,0.7151,0.6855,0.6753,0.7468,0.7015,0.7015,0.726,0.7143,0.7143,,,,0.7085,0.6644,0.661
2109125,2/26/2026 23:27,sonm,ws,7100,-135,c,ts,2/26/2026,18:27:38,0,,,0.5745,w,0.6491,,0.6,0.6454,,0.5935,0.6364,,0.5781,0.5745,,0.6154,0.6491,,0.6,0.6269,,0.5781,0.6491,,0.6,0.6226,,0.6154,,,,0.5951,,0.5614
2108548,2/26/2026 18:15,stri,ws,5600,-135,m,ts,2/26/2026,13:15:21,0,,,0.5745,,0.6429,0.6552,0.6552,0.631,0.6403,0.6269,0.6552,0.6552,0.6667,0.6154,0.6154,0.6154,,,,,,,0.5745,0.5833,0.5833,,,,,,,0.5935,0.5984,0.6016
2108555,2/26/2026 18:17,stri,ws,8200,-165,m,ts,2/26/2026,13:17:57,0,,,0.6226,,0.697,,0.7222,0.6599,,0.6979,0.697,,0.726,0.6875,,0.6774,,,,,,,0.6226,,0.6552,,,,,,,0.6403,,0.6667
2108556,2/26/2026 18:18,stri,ws,6300,-165,m,ts,2/26/2026,13:18:27,0,,,0.6226,,0.7143,0.697,0.697,0.6622,0.6575,0.6599,0.697,0.697,0.697,0.6667,0.6667,0.6667,,,,,,,0.6226,0.6226,0.6226,,,,,,,0.6416,0.6377,0.639
2108562,2/26/2026 18:20,stri,ws,10000,-280,c,ts,2/26/2026,13:20:03,0,,,0.7368,,0.7872,0.7872,0.7872,0.8384,0.7619,0.7647,0.8198,0.7753,0.759,0.7368,0.7368,0.7368,,,,,,,,0.7143,0.7143,,,,,,,0.7585,0.7214,0.7159
2112989,2/27/2026 2:20,tabi,ws,8700,-300,c,ts,2/26/2026,21:20:11,0,,,0.75,w,0.8039,0.8039,0.8039,0.7988,0.7988,0.7988,0.8,0.8,0.8,0.8333,0.75,0.75,0.8,0.8,0.8,0.7826,0.7826,0.7826,0.8182,0.8182,0.8182,0.8261,0.798,0.7647,,,,0.7743,0.7619,0.7555
2112386,2/27/2026 2:02,tabi,ws,5000,-130,l,ts,2/26/2026,21:02:08,0,,,0.5652,w,,,,0.6337,0.6337,0.5349,0.6,0.6,0.4717,0.5556,0.5556,0.5556,0.6296,0.6296,0.5349,0.6078,0.6078,0.537,0.6364,0.6364,0.5455,0.6226,0.5556,0.5652,,,,0.5798,0.5833,0.4975
2111424,2/27/2026 1:35,tabi,ws,5300,-134,b,ts,2/26/2026,20:35:03,0,,,0.5726,w,0.6154,0.6667,0.6667,0.6047,0.6845,0.6845,0.5726,0.6139,0.6139,0.6875,0.6875,0.6875,0.6154,0.6667,0.6667,0.6269,0.6753,0.6753,0.6,0.6552,0.6552,0.6721,0.6721,0.6721,,,,0.5902,0.6198,0.6241
2111080,2/27/2026 1:27,tabi,ws,5500,125,c,ts,2/26/2026,20:27:00,0,,,0.4444,w,0.5,0.5,0.5,,0.5,0.5098,0.4878,0.4878,0.4878,0.4444,0.4444,0.4545,0.5,0.5,0.5,0.5169,0.5575,0.5169,0.5122,0.5122,0.5122,0.5238,0.5238,0.5238,,,,0.4717,0.4651,0.4717
2112326,2/27/2026 2:00,toml,ws,10400,-210,c,ts,2/26/2026,21:00:01,0,,,0.6774,w,,,,0.7763,,,0.7701,,,0.6774,,,0.7647,,,,,,0.7468,,,0.7222,,,,,,0.705,,
2112356,2/27/2026 2:01,toml,ws,6400,-220,c,ts,2/26/2026,21:01:03,0,,,0.6875,w,,,,0.7722,0.7613,0.7118,0.7701,0.7701,0.697,0.6875,0.6875,0.6875,0.75,0.75,0.6923,,,,0.7468,0.7468,0.6923,0.7436,0.7101,0.7143,,,,0.7101,0.7006,0.6599
2112741,2/27/2026 2:12,toml,ws,12600,-280,c,ts,2/26/2026,21:12:50,0,,,0.7368,w,,,,0.8,0.7792,0.7468,0.8077,0.8077,0.7531,0.7368,0.7368,0.75,0.8,0.75,0.75,,,,0.8182,0.8182,0.7647,0.8077,0.7753,0.7778,,,,0.7642,0.7475,0.7207
2113025,2/27/2026 2:21,toml,ws,13900,-240,c,ts,2/26/2026,21:21:25,0,,,0.7059,w,0.7872,,0.7059,0.7854,,0.7101,0.7826,,0.6875,0.7059,,0.7059,0.7778,,0.6923,,,,0.8095,,0.7333,0.7561,,0.7333,,,,0.7396,,0.6743
2108469,2/26/2026 16:10,vall,ws,10600,-166,f,ts,2/26/2026,11:10:18,0,,,0.6241,l,0.6241,0.6241,0.6241,0.7389,0.7389,0.7024,0.6923,0.6923,0.6503,0.7059,0.7059,0.7059,0.7143,0.7143,0.6875,0.7151,0.705,0.6951,0.7015,0.7015,0.6667,0.7143,0.697,0.697,,,,0.6587,0.6491,0.6283
2108429,2/26/2026 14:01,vari,ws,10400,-240,c,ts,2/26/2026,9:01:27,0,,,0.7059,,0.7826,0.7368,0.7368,0.7669,0.7347,0.7347,0.7753,0.726,0.726,0.7059,0.7059,0.7059,,,,,,,0.7778,0.7403,0.7403,,,,,,,0.7312,0.6875,0.6875
2108427,2/26/2026 14:00,vari,ws,7900,-200,c,ts,2/26/2026,9:00:57,0,,,0.6667,,0.7368,0.6667,,0.7275,0.6785,,0.7333,,,0.6667,0.6667,,,,,,,,0.7403,0.6667,,,,,,,,0.6855,0.6269,
2108432,2/26/2026 14:03,vari,ws,10300,-200,c,ts,2/26/2026,9:03:52,0,,,0.6667,,0.7561,0.6774,0.6774,0.7462,0.6835,0.6835,0.726,0.6454,0.6454,0.6667,0.6667,0.6667,,,,,,,0.75,0.6774,0.6774,,,,,,,0.6951,0.6255,0.6255
2110329,2/27/2026 0:57,wuy,ws,6500,-160,c,ts,2/26/2026,19:57:41,0,,,0.6154,l,0.6774,,,0.6599,,,0.6875,,,0.6667,,,0.6667,,,0.6753,,,0.6774,,,0.6667,,,,,,0.6429,,
2110461,2/27/2026 1:05,wuy,ws,5500,-115,l,ts,2/26/2026,20:05:26,0,,,0.5349,l,0.5833,0.5,0.5,0.6094,0.5327,0.537,0.6139,0.5495,0.5327,0.5,0.5,0.5,0.6296,0.5349,0.5349,0.5968,0.5671,0.5283,0.6078,0.5122,0.5122,0.5349,0.5349,0.5349,,,,0.5556,0.495,0.4902
2110387,2/27/2026 1:01,wuy,ws,9800,-200,c,ts,2/26/2026,20:01:18,0,,,0.6667,l,0.7368,0.6667,0.6667,0.7347,0.7347,0.67,0.7354,0.7354,0.6825,0.6667,0.6667,0.6667,0.7333,0.7333,0.6923,0.734,0.734,0.6667,0.7333,0.7333,0.6774,0.7101,0.6923,0.6923,,,,0.6933,0.6764,0.6403
2110589,2/27/2026 1:10,wuy,ws,9900,-110,c,ts,2/26/2026,20:10:09,0,,,0.5238,l,0.6154,,0.5556,0.5868,,0.5556,0.6109,,0.5305,0.5238,,0.5238,0.6154,,0.5652,0.6169,,0.6169,0.6078,,0.5413,0.5833,,0.5745,,,,0.569,,0.5146
2113715,2/27/2026 2:41,zhas,ws,8600,-160,c,ts,2/26/2026,21:41:20,0,,,0.6154,w,0.697,0.6364,0.6364,0.6667,0.6667,0.6212,0.7059,0.7059,0.6429,0.6154,0.6154,0.6154,0.6825,0.6825,0.6296,0.6564,0.6564,0.6169,0.6875,0.6875,0.6364,0.6721,0.6491,0.6491,,,,0.6429,0.6269,0.5984
2112650,2/27/2026 2:10,zhas,ws,2500,419,d,ts,2/26/2026,21:10:44,0,,,0.1927,w,,,,0.1927,0.2577,0.2577,0.2632,0.2632,0.2985,,,,0.2353,0.2667,0.2667,0.2217,0.2427,0.2841,0.2381,0.2778,0.2778,0.2667,0.2857,0.2857,,,,0.2075,0.2278,0.2415
2113462,2/27/2026 2:34,zhas,ws,3700,165,m,ts,2/26/2026,21:34:25,0,,,0.3774,w,0.4167,0.4878,0.4878,0.3968,0.4854,0.4854,0.4167,0.4717,0.4717,0.4878,0.4878,0.4878,0.4167,0.4651,0.4651,0.4082,0.4785,0.4695,0.3774,0.4444,0.4444,0.4762,0.4762,0.4762,,,,0.3953,0.4425,0.4425
2114609,2/27/2026 3:21,zhas,ws,31100,-1000,c,ts,2/26/2026,22:21:20,0,,,0.9091,w,0.9677,0.931,0.931,0.9655,0.8876,0.8876,0.9804,0.8851,0.8851,0.9091,0.9091,0.9091,0.9756,0.9091,0.9091,0.9533,0.8969,0.8969,0.9677,0.9,0.9,0.932,0.932,0.9293,,,,0.934,0.8782,0.8776
2119772,2/28/2026 4:03,bouk,ws,6100,-159,d,ts,2/27/2026,23:03:36,0,,,0.6139,l,0.6667,,,0.6139,,,0.6875,,,,,,0.6491,,,0.6364,,,0.6875,,,0.726,,,,,,0.6337,,
2119500,2/28/2026 3:19,bouk,ws,7800,150,f,ts,2/27/2026,22:19:12,0,,,0.4,l,0.4,0.4,0.4,0.5434,0.4975,0.495,0.4717,0.4484,0.4386,,,,0.5238,,,0.4484,0.4082,0.4082,0.505,0.4651,0.4651,0.4878,0.4878,0.4878,,,,0.4405,0.4132,0.4132
2117276,2/27/2026 22:27,bouz,ws,4800,100,c,ts,2/27/2026,17:27:04,0,,,0.5,l,0.5455,,,0.5238,,,0.5851,,,0.5,,,0.5455,,,0.5575,,,0.5833,,,0.5349,,,,,,0.5215,,
2117292,2/27/2026 22:48,bouz,ws,7700,135,c,ts,2/27/2026,17:48:56,0,,,0.4255,l,0.5122,0.4167,,0.4695,0.4167,,0.5305,0.4202,,0.4255,0.4255,,0.5,0.5,,0.4878,0.4695,,0.5238,0.5238,,0.4651,0.4444,,,,,0.4673,0.4016,
2117261,2/27/2026 21:58,bouz,ws,3100,195,l,ts,2/27/2026,16:58:00,0,,,0.339,l,0.3846,0.3333,0.3333,0.3876,0.2994,0.2994,0.3922,0.3922,0.3472,0.3774,0.3333,0.3333,0.3846,0.3846,0.3333,0.3774,0.3663,0.3257,0.4,0.4,0.3509,0.3509,0.339,0.339,,,,0.3559,0.3195,0.3049
2117260,2/27/2026 21:49,bouz,ws,5900,140,c,ts,2/27/2026,16:49:26,0,,,0.4167,l,0.5,0.4348,0.4348,0.4717,0.4386,0.4386,0.4831,0.4255,0.4255,0.4167,0.4167,0.4167,0.4762,0.4348,0.4348,0.4785,0.4587,0.4587,0.5,0.4444,0.4444,0.4545,0.4444,0.4444,,,,0.4464,0.4049,0.4049
2116393,2/27/2026 14:31,brum,ws,9300,-220,c,ts,2/27/2026,9:31:21,0,,,0.6875,,0.7778,0.7059,0.7059,0.7717,0.6914,0.6914,0.7409,0.6923,0.6923,0.6875,0.6875,0.6875,,,,,,,0.7647,0.7015,0.7015,,,,,,,0.7118,0.6552,0.6552
2116400,2/27/2026 14:56,brum,ws,34900,-2000,c,ts,2/27/2026,9:56:57,0,,,0.9524,,0.9877,0.9804,0.9804,0.9839,0.9722,0.9697,,0.9615,0.9709,0.9524,0.9524,0.9524,,,,,,,0.9901,0.9677,0.9677,,,,,,,0.967,0.9359,0.9377
2116365,2/27/2026 13:44,brum,ws,9700,110,c,ts,2/27/2026,8:44:08,0,,,0.4762,,0.5918,0.5238,0.5238,0.5816,0.5074,0.5122,0.5349,0.4717,0.4717,0.4762,0.4762,0.4545,,,,,,,0.5745,0.4878,0.4878,,,,,,,0.5169,0.4545,0.4545
2116399,2/27/2026 14:51,brum,ws,39000,-1000,c,ts,2/27/2026,9:51:05,0,,,0.9091,,0.9722,0.9412,0.9412,0.9688,0.9138,0.9138,0.9901,0.9346,0.9346,0.9091,0.9091,0.9231,,,,,,,0.9677,0.9231,0.9231,,,,,,,0.94,0.8894,0.8924
2116401,2/27/2026 15:01,chid,ws,6900,-210,c,ts,2/27/2026,10:01:07,0,,,0.6774,l,0.75,0.75,0.75,0.7199,0.7436,0.6914,0.7826,0.759,0.759,0.6774,0.6774,0.6774,,,,,,,0.7143,0.7143,0.7143,,,,,,,0.696,0.6904,0.6875
2116532,2/27/2026 17:08,chid,ws,9000,-450,m,ts,2/27/2026,12:08:25,0,,,0.8182,l,0.8571,0.8571,0.8571,0.8837,0.8734,0.8734,0.901,0.8773,0.8773,0.8462,0.8462,0.8462,,,,,,,0.8182,0.8182,0.8182,,,,,,,0.8316,0.8233,0.8233
2116490,2/27/2026 16:47,chid,ws,11300,-125,c,ts,2/27/2026,11:47:05,0,,,0.5556,l,0.6364,,,0.6711,,,0.6454,,,0.5556,,,,,,,,,,,,,,,,,,0.5968,,
2116476,2/27/2026 16:40,chid,ws,9300,-190,c,ts,2/27/2026,11:40:23,0,,,0.6552,l,0.7143,,0.6552,0.7245,,,0.759,,0.7015,0.6552,,0.6552,,,,,,,,,,,,,,,,0.6815,,
2117303,2/27/2026 22:58,dard,ws,12200,-204,d,ts,2/27/2026,17:58:56,0,,,0.6711,w,0.7436,,0.7436,0.6711,,0.6785,0.7409,,0.7409,,,,0.7143,,0.7143,0.734,,0.734,0.7468,,0.7468,0.75,,0.7531,,,,0.7041,,0.7059
2116477,2/27/2026 16:40,dodm,ws,4200,178,d,ts,2/27/2026,11:40:27,0,,,0.3597,,0.4255,0.4651,0.4651,0.3597,0.4405,0.4405,0.4386,0.4386,0.4762,0.4444,0.4444,0.4444,,,,,,,0.4167,0.4167,0.4545,,,,,,,0.3831,0.4049,0.4219
2116817,2/27/2026 18:46,dodm,ws,9100,-135,f,ts,2/27/2026,13:46:38,0,,,0.5745,,0.5745,,,0.6599,0.6599,0.726,0.6721,0.6721,0.7143,0.7222,0.7222,0.7222,,,,,,,0.6774,0.6774,0.7333,,,,,,,0.6063,0.6296,0.6795
2116825,2/27/2026 18:54,dodm,ws,45600,-900,c,ts,2/27/2026,13:54:03,0,,,0.9,,0.96,0.8947,0.8947,0.9773,0.9254,0.9254,0.9901,0.9177,0.9177,0.9,0.9,0.875,,,,,,,0.9677,0.9091,0.9091,,,,,,,0.938,0.87,0.8668
2116642,2/27/2026 17:46,dodm,ws,7300,105,c,ts,2/27/2026,12:46:11,0,,,0.4878,,0.5455,0.4762,0.4762,0.5781,0.4902,0.4902,0.5763,0.4808,0.4808,0.4878,0.4878,0.4878,,,,,,,0.5918,0.505,0.505,,,,,,,0.5192,0.4425,0.4425
2116592,2/27/2026 17:31,fier,ws,3300,285,d,ts,2/27/2026,12:31:49,0,,,0.2597,l,0.3333,0.3333,0.3509,0.2597,0.2632,0.2632,0.3448,0.3448,0.3636,,,,,,,,,,0.3125,0.3125,0.3125,,,,,,,0.2809,0.2809,0.2924
2116603,2/27/2026 17:36,gaub,ws,3600,160,d,ts,2/27/2026,12:36:05,0,,,0.3846,l,,,,0.3846,0.4016,0.4016,0.4831,0.4717,0.4717,,,,0.4167,0.4167,0.4167,0.4587,0.4484,0.4386,0.4082,0.4,0.4,0.4255,0.4255,0.4255,,,,0.4016,0.4032,0.4016
2116459,2/27/2026 16:26,gaub,ws,2000,446,d,ts,2/27/2026,11:26:34,0,,,0.1832,l,,,,0.1832,0.1901,0.1901,0.2326,0.2326,0.2326,0.2381,0.2381,0.2381,0.2222,0.2222,0.2353,0.2632,0.2632,0.2632,0.2439,0.2439,0.2439,0.2247,0.2247,0.2247,,,,0.1965,0.1969,0.1976
2116536,2/27/2026 17:10,gaub,ws,15500,-130,d,ts,2/27/2026,12:10:15,0,,,0.5652,l,0.6552,0.7143,0.7143,0.5652,,0.6875,0.6429,0.6429,0.7143,0.7059,0.7059,0.7059,,,0.5652,0.6466,0.6564,0.7151,0.6552,0.6552,0.7143,0.6774,0.726,0.7183,,,,0.6169,0.6441,0.6721
2116509,2/27/2026 16:56,gaub,ws,8400,110,c,ts,2/27/2026,11:56:36,0,,,0.4762,l,0.5652,,,0.5614,,,0.5595,,,0.4762,,,0.5652,,,0.5671,,,,,,0.5,,,,,,0.5122,,
2116415,2/27/2026 15:58,grie,ws,9600,281,d,ts,2/27/2026,10:58:29,0,,,0.2625,w,0.3704,,,0.2625,,,0.3472,,0.274,0.3636,,,0.3846,,0.3846,0.3663,,0.274,,,,0.3509,,0.3509,,,,0.3226,,0.2732
2116443,2/27/2026 16:21,grie,ws,4600,215,b,ts,2/27/2026,11:21:11,0,,,0.3175,w,0.3571,,0.3571,0.4237,0.4219,0.4219,0.3175,0.3226,0.3226,,,,0.3704,,,0.3663,0.3774,0.3876,0.4167,0.4167,0.4167,0.4,0.4,0.3922,,,,0.3436,0.3509,0.3448
2119565,2/28/2026 3:27,kecm,ws,2000,695,l,ts,2/27/2026,22:27:27,0,,,0.1258,l,0.1724,0.125,0.125,0.1733,0.1087,0.1087,0.1852,0.1333,0.1333,0.125,0.125,0.125,0.1667,0.125,0.125,0.159,0.0958,0.0958,0.2105,0.1481,0.1481,0.1316,0.1258,0.1258,,,,0.1292,0.0864,0.0864
2118293,2/28/2026 1:37,kecm,ws,6800,-150,d,ts,2/27/2026,20:37:00,0,,,0.6,l,0.661,,0.661,0.6,,0.6183,0.661,,0.6552,0.6552,,0.6552,0.6296,,0.6296,0.6564,,0.6466,0.6774,,0.6667,0.6721,,0.6721,,,,0.6226,,0.6183
2118014,2/28/2026 1:15,kecm,ws,7300,-115,c,ts,2/27/2026,20:15:19,0,,,0.5349,l,0.5918,0.5652,0.5652,0.5833,0.5455,0.5455,0.5968,0.5781,0.5781,0.5349,0.5349,0.5349,0.6,0.5833,0.5833,0.5868,0.5868,0.5868,0.6078,0.5833,0.5833,0.6,0.6,0.6,,,,0.5633,0.5434,0.5434
2118575,2/28/2026 1:55,kecm,ws,7500,-200,c,ts,2/27/2026,20:55:52,0,,,0.6667,l,0.7561,0.7561,0.6875,0.7126,0.7126,0.6528,0.726,0.726,0.6667,0.6667,0.6667,0.6667,0.7143,0.7143,0.6667,0.705,0.6855,0.6564,0.7333,0.7333,0.6667,0.7101,0.6825,0.6774,,,,0.6875,0.6785,0.635
2119885,2/28/2026 4:34,krua,ws,26700,-253,d,ts,2/27/2026,23:34:53,0,,,0.7167,w,0.8182,0.8824,,0.7167,0.8239,,0.8198,0.901,,,,,,0.8333,,0.7826,0.8684,,0.8333,0.8889,,0.9103,0.9052,,,,,0.7797,0.8538,
2119887,2/28/2026 4:35,krua,ws,13000,-510,d,ts,2/27/2026,23:35:57,0,,,0.8361,w,0.8667,0.8667,0.8667,0.8361,0.8423,0.8423,0.9091,0.8851,0.8851,,,,0.8571,0.8571,0.8571,0.8779,0.8779,0.859,0.8889,0.8889,0.8889,0.9074,0.9048,0.9057,,,,0.8538,0.8494,0.8466
2119704,2/28/2026 3:47,krua,ws,7800,-145,c,ts,2/27/2026,22:47:26,0,,,0.5918,w,0.661,,0.6154,0.6479,,0.5816,0.6825,,0.6364,0.6552,,0.5918,,,,0.6564,,0.6169,0.6667,,0.6154,0.6364,,0.6296,,,,0.6283,,0.5868
2119878,2/28/2026 4:32,krua,ws,9100,-376,d,ts,2/27/2026,23:32:23,0,,,0.7899,w,0.8462,0.8462,0.8113,0.7899,0.7972,0.7972,0.8485,0.8485,0.8485,0.8462,0.8462,0.8182,0.8,0.8182,0.8182,0.8113,0.8113,0.8016,0.8462,0.8462,0.8462,0.8582,0.8485,0.8276,,,,0.8054,0.8047,0.7912
2116513,2/27/2026 16:57,loko,ws,2100,502,d,ts,2/27/2026,11:57:20,0,,,0.1661,,0.2128,0.2941,0.2941,0.1661,0.2347,0.2309,0.2353,0.2899,0.303,0.2941,0.2941,0.2941,,,,,,,,,,,,,,,,0.1815,0.2445,0.2494
2116482,2/27/2026 16:42,loko,ws,4600,150,c,ts,2/27/2026,11:42:21,0,,,0.4,,0.5,,0.4255,0.4854,,,0.4484,,0.3922,0.4,,0.4,,,,,,,,,,,,,,,,0.4237,,
2116488,2/27/2026 16:44,loko,ws,5300,-130,c,ts,2/27/2026,11:44:55,0,,,0.5652,,0.6667,0.6078,0.6078,0.6466,0.5633,0.5633,0.6078,0.6078,0.5495,0.5652,0.5652,0.5652,,,,,,,,,,,,,,,,0.5833,0.5575,0.5349
2116554,2/27/2026 17:16,loko,ws,7100,380,c,ts,2/27/2026,12:16:31,0,,,0.2083,,0.3125,0.2,0.2,0.2681,0.1408,0.1408,0.2985,0.2174,0.2174,0.2083,0.2083,0.2083,,,,,,,0.339,0.339,0.2439,,,,,,,0.2558,0.1698,0.1626
2116389,2/27/2026 14:18,maru,ws,1000,1120,d,ts,2/27/2026,9:18:25,0,,,0.082,,0.1538,,0.1538,0.082,,0.082,0.1724,,0.1724,0.1429,,0.1429,,,,,,,0.1429,,0.1429,,,,,,,0.1036,,0.1036
2116374,2/27/2026 13:58,maru,ws,4300,190,c,ts,2/27/2026,8:58:45,0,,,0.3448,,0.4255,0.3846,0.3846,0.3802,0.3344,0.3344,0.4348,0.3922,0.3922,0.3448,0.3448,0.3448,,,,,,,0.3922,0.3636,0.3636,,,,,,,0.369,0.3333,0.3333
2116380,2/27/2026 14:08,maru,ws,4200,200,c,ts,2/27/2026,9:08:33,0,,,0.3333,,0.4082,0.3636,0.3636,0.3774,0.3846,0.3413,0.4348,0.4348,0.3922,0.3333,0.3333,0.3333,,,,,,,0.3774,0.3774,0.339,,,,,,,0.3571,0.3425,0.3185
2116378,2/27/2026 14:04,maru,ws,6100,190,c,ts,2/27/2026,9:04:09,0,,,0.3448,,0.4255,,0.3922,0.4167,,0.3817,0.4545,,0.4115,0.3448,,0.3448,,,,,,,0.4,,0.3636,,,,,,,0.3788,,0.3425
2120087,2/28/2026 6:40,nakb,ws,600,1060,d,ts,2/27/2026,1:40:41,0,,,0.0862,l,0.1333,,0.1333,0.0862,,0.0862,0.2381,,0.2174,0.125,,0.125,0.1111,,0.1111,0.159,,0.1276,0.1333,,0.1333,0.119,,0.122,,,,0.106,,0.0999
2120061,2/28/2026 5:49,nakb,ws,5100,-114,b,ts,2/27/2026,0:49:08,0,,,0.5327,l,0.6,,,0.569,,,0.5327,,,0.6296,,,0.6,,,0.5868,,,0.5556,,,0.6078,,,,,,0.5475,,
2120063,2/28/2026 5:52,nakb,ws,11800,-235,l,ts,2/27/2026,0:52:13,0,,,0.7015,l,0.7727,0.7727,0.7727,0.734,0.734,0.734,0.7826,0.7826,0.7826,0.75,0.75,0.75,0.7778,0.7778,0.7778,0.734,0.734,0.7436,0.7647,0.7647,0.7647,0.7015,0.7183,0.6296,,,,0.7305,0.7305,0.7319
2120062,2/28/2026 5:50,nakb,ws,5300,117,b,ts,2/27/2026,0:50:10,0,,,0.4608,l,0.5556,0.5556,0.5556,,0.495,0.495,0.4608,0.4673,0.4673,0.5122,0.5122,0.5122,0.5349,0.5349,0.5349,0.5169,0.5169,0.5283,0.505,0.505,0.505,0.5349,0.5238,0.5349,,,,0.4854,0.4831,0.4878
2116843,2/27/2026 19:06,nava,ws,100,4000,f,ts,2/27/2026,14:06:16,0,,,0.0244,l,0.0244,0.0286,0.0714,0.0581,0.0581,0.0625,0.0952,0.0952,0.1,0.1,0.1,0.1,0.0714,0.0714,0.0714,0.064,0.064,0.0746,0.0909,0.0909,0.0952,,,,,,,0.04,0.0401,0.0471
2119984,2/28/2026 5:04,paol,ws,19100,-320,c,ts,2/27/2026,0:04:23,0,,,0.7619,w,0.8462,0.7561,0.7561,0.8336,0.7797,,0.8485,0.7701,0.7701,0.7619,0.7619,0.7619,0.8571,0.75,0.75,0.84,0.7826,0.7537,0.84,0.7647,0.7647,0.7917,0.7895,0.7778,,,,0.7996,0.7326,0.729
2119833,2/28/2026 4:20,paol,ws,4800,185,m,ts,2/27/2026,23:20:54,0,,,0.3509,w,0.4,,,0.4202,,,0.3846,,,0.3846,,,0.4,,,0.3968,,,0.3509,,,0.4348,,,,,,0.369,,
2119862,2/28/2026 4:28,paol,ws,5000,105,m,ts,2/27/2026,23:28:12,0,,,0.4878,w,0.5455,0.5455,0.5455,0.537,0.537,0.5349,0.5349,0.5349,0.5475,0.5122,0.5122,0.5122,0.5833,0.5455,0.5455,0.5575,0.5475,0.5475,0.5238,0.4878,,0.5556,0.5556,0.5556,,,,0.5098,0.5074,0.5122
2119923,2/28/2026 4:52,paol,ws,8200,-180,c,ts,2/27/2026,23:52:03,0,,,0.6429,w,0.7059,0.6364,,0.7167,0.631,,0.7143,0.7143,,0.6429,0.6429,,0.7059,0.7059,,0.705,0.6753,,0.7143,0.7143,,0.697,0.6667,,,,,0.6678,0.639,
2116347,2/27/2026 11:20,pert,ws,3100,185,d,ts,2/27/2026,6:20:29,0,,,0.3509,,,,,,,,,,,,,,,,,,,,,,,,,,,,,,,
2116353,2/27/2026 11:28,pert,ws,4900,-135,m,ts,2/27/2026,6:28:23,0,,,0.5745,,,,,,,,,,,,,,,,,,,,,,,,,,,,,,,
2116349,2/27/2026 11:25,pert,ws,3300,160,d,ts,2/27/2026,6:25:21,0,,,0.3846,,,,,,,,,,,,,,,,,,,,,,,,,,,,,,,
2116343,2/27/2026 11:17,pert,ws,3400,265,d,ts,2/27/2026,6:17:32,0,,,0.274,,,,,,,,,,,,,,,,,,,,,,,,,,,,,,,
2116413,2/27/2026 15:57,rubl,ws,9600,-215,e,ts,2/27/2026,10:57:44,0,,,0.6825,l,,0.6774,0.6774,,0.6942,0.6942,,0.726,0.726,0.7059,0.7059,0.7059,0.6825,0.6825,0.6825,0.7436,0.6951,0.6855,,0.7143,0.7143,0.7333,0.7297,0.7222,,,,0.6855,0.6689,0.6667
2116419,2/27/2026 16:08,rubl,ws,9500,-165,m,ts,2/27/2026,11:08:17,0,,,0.6226,l,0.697,0.6491,0.6491,0.6951,0.6466,0.6466,0.6774,0.6226,0.6226,0.6552,0.6552,0.6552,0.6825,0.6825,0.6825,0.7151,0.6951,0.6951,0.6226,0.5833,,0.697,0.6825,0.6825,,,,0.6516,0.6109,0.6255
2116502,2/27/2026 16:51,rubl,ws,6100,-211,d,ts,2/27/2026,11:51:46,0,,,0.6785,l,0.7059,0.7059,0.7059,0.6785,0.6785,0.6785,0.7701,0.7701,0.7701,0.7222,0.7222,0.6875,,,,0.7151,0.7151,0.705,0.7647,0.7647,0.7647,0.726,0.7222,0.7101,,,,0.6942,0.6933,0.6885
2116449,2/27/2026 16:23,rubl,ws,7500,-168,d,ts,2/27/2026,11:23:17,0,,,0.6269,l,,0.6491,0.6774,0.6269,0.6154,0.6154,0.7354,0.7143,0.7143,,,,0.7143,0.7143,0.7143,0.6951,0.6951,0.6951,0.6667,0.6552,0.6774,0.6875,0.6825,0.6825,,,,0.6503,0.6364,0.6491
2117042,2/27/2026 19:57,schw,ws,6200,-200,c,ts,2/27/2026,14:57:11,0,,,0.6667,,0.7727,0.7222,0.7222,0.7449,0.6785,0.6785,0.726,0.6825,0.6825,0.6667,0.6667,0.6667,,,,,,,0.7143,0.7015,0.7015,,,,,,,0.6835,0.6528,0.6528
2117013,2/27/2026 19:47,schw,ws,12000,135,c,ts,2/27/2026,14:47:44,0,,,0.4255,,0.5238,,,0.5434,,,0.5215,,,0.4255,,,,,,,,,0.5413,,,,,,,,,0.4854,,
2117040,2/27/2026 19:56,schw,ws,14900,-140,c,ts,2/27/2026,14:56:24,0,,,0.5833,,0.7059,0.661,0.661,0.6667,0.6226,0.5984,0.6667,0.639,0.639,0.5833,0.5833,0.5833,,,,,,,0.6923,0.6552,0.6552,,,,,,,0.635,0.5984,0.5968
2117008,2/27/2026 19:46,schw,ws,5300,240,c,ts,2/27/2026,14:46:50,0,,,0.2941,,0.3636,0.3125,,0.3401,0.3049,,0.3846,0.3509,,0.2941,0.2941,,,,,,,,0.3774,0.339,,,,,,,,0.3257,0.2865,
2118942,2/28/2026 2:26,sele,ws,4300,690,l,ts,2/27/2026,21:26:15,0,,,0.1266,l,0.1887,,,0.1988,,,0.2,,,0.1429,,,0.2,,,0.1802,,,0.2273,,,0.1258,,,,,,0.1585,,
2118958,2/28/2026 2:27,sele,ws,21700,195,l,ts,2/27/2026,21:27:24,0,,,0.339,l,0.5,0.3226,0.3226,0.4854,,,0.4902,0.3571,0.3571,,,,0.4762,0.3125,0.3125,0.4785,0.346,0.3356,0.5,0.3571,0.3571,0.339,0.339,0.339,,,,0.4608,0.3058,0.3021
2118955,2/28/2026 2:26,sele,ws,4300,325,l,ts,2/27/2026,21:26:45,0,,,0.2353,l,0.3226,0.1887,0.1887,0.3356,0.1916,0.1916,0.3226,0.2273,0.2273,0.2,0.2083,0.2083,0.3125,0.2,0.2,0.3049,0.2532,0.1802,0.3571,0.2273,0.2273,0.2222,0.2083,0.1923,,,,0.2604,0.1698,0.1695
2118752,2/28/2026 2:11,sele,ws,10700,-125,c,ts,2/27/2026,21:11:24,0,,,0.5556,l,0.6364,0.5556,0.5556,0.631,0.5575,0.5575,0.6667,0.5763,0.5763,0.5556,0.5556,0.5556,0.6491,0.5652,0.5652,0.6169,0.5781,0.5475,,,,0.5918,0.5833,0.5833,,,,0.5951,0.5327,0.5327
2116359,2/27/2026 13:27,sher,ws,12800,-135,c,ts,2/27/2026,8:27:41,0,,,0.5745,,0.6774,0.6078,0.6078,0.6667,0.6047,0.6047,,,,0.5745,0.5455,0.5455,,,,,,,0.6667,0.6078,0.6078,,,,,,,0.6198,0.5652,0.5652
2116360,2/27/2026 13:28,sher,ws,10800,-190,c,ts,2/27/2026,8:28:17,0,,,0.6552,,0.7368,0.6774,0.6774,0.7253,0.6795,0.6795,,,,0.6552,0.6552,0.6429,,,,,,,0.7333,0.6667,0.6667,,,,,,,0.6855,0.6296,0.6283
2116384,2/27/2026 14:14,sher,ws,30700,-700,c,ts,2/27/2026,9:14:35,0,,,0.875,,0.9474,0.8667,0.8667,0.9425,0.851,0.851,,,,0.875,0.875,0.875,,,,,,,0.9524,0.8621,0.8621,,,,,,,0.907,0.8319,0.8319
2116354,2/27/2026 13:19,sher,ws,5400,110,c,ts,2/27/2026,8:19:32,0,,,0.4762,,0.5455,0.5,0.5,0.5413,0.4878,0.4878,,,,0.4762,0.4762,0.4762,,,,,,,0.5349,0.505,0.505,,,,,,,0.5,0.463,0.463
2117020,2/27/2026 19:48,stri,ws,11700,-125,c,ts,2/27/2026,14:48:57,0,,,0.5556,,0.6429,0.5652,0.5652,0.6032,0.5261,0.5261,0.661,,0.5851,0.5556,0.5556,0.5745,,,,,,,0.6364,0.5556,0.5556,,,,,,,0.5984,0.5192,0.5283
2120058,2/28/2026 5:44,tiaf,ws,7100,210,c,ts,2/27/2026,0:44:24,0,,,0.3226,w,0.4348,,0.3333,0.3953,,0.3049,0.4115,,0.339,0.3226,,0.3333,0.3846,,0.303,0.4082,,0.3049,0.4082,,0.3226,0.3636,,0.3333,,,,0.365,,0.2924
2120076,2/28/2026 6:09,tiaf,ws,22400,-205,l,ts,2/27/2026,1:09:55,0,,,0.6721,w,0.7619,0.6491,0.6491,0.7863,0.6063,0.6516,0.7895,0.661,0.661,0.7222,0.7222,0.7222,0.7778,0.6667,,0.7436,0.6269,0.6564,0.7647,0.6667,0.6667,0.6721,0.6721,0.6721,,,,0.7333,0.6255,0.6269
2120034,2/28/2026 5:27,tiaf,ws,3600,450,c,ts,2/27/2026,0:27:02,0,,,0.1818,w,0.25,0.1887,0.1887,0.271,0.2193,0.2193,0.25,0.2041,0.2041,0.1818,0.1818,0.2,0.2667,0.2222,0.2222,0.2427,0.2008,0.1905,0.2857,0.2353,0.2353,0.2174,0.2174,0.2174,,,,0.207,0.1678,0.1675
2120083,2/28/2026 6:34,tiaf,ws,62300,-1600,c,ts,2/27/2026,1:34:18,0,,,0.9412,w,0.9877,0.931,0.931,0.9901,0.9219,0.9219,,0.9177,0.9177,0.9412,0.9412,0.9412,0.9934,0.9333,0.9333,0.9907,0.9251,0.8969,0.9901,0.9412,0.9412,0.9478,0.9465,0.9446,,,,0.9726,0.9021,0.899
2116517,2/27/2026 16:59,tobo,ws,6100,-240,c,ts,2/27/2026,11:59:50,0,,,0.7059,,0.7674,0.6667,0.6667,0.7778,0.6923,0.6923,0.7701,0.6667,0.6667,0.7059,0.7059,0.7059,,,,,,,0.7647,0.6875,0.6875,,,,,,,0.7207,0.631,0.631
2116487,2/27/2026 16:44,tobo,ws,9800,-210,c,ts,2/27/2026,11:44:39,0,,,0.6774,,0.7619,0.6875,0.6875,0.7674,0.6825,0.6825,0.7468,0.6875,0.6875,0.6774,0.6774,0.6774,,,,,,,0.75,0.6923,0.6923,,,,,,,0.7033,0.639,0.639
2116430,2/27/2026 16:12,tobo,ws,7100,150,c,ts,2/27/2026,11:12:04,0,,,0.4,,0.4878,0.4255,0.4255,0.4762,0.4,0.4,0.4762,0.4167,0.4167,0.4,0.4,0.4,,,,,,,0.4878,0.4348,0.4348,,,,,,,0.4367,0.3788,0.3788
2116537,2/27/2026 17:10,tobo,ws,14500,-1200,c,ts,2/27/2026,12:10:33,0,,,0.9231,,0.9722,,,0.9804,,,0.9709,,,0.9231,,,,,,,,,0.9804,,,,,,,,,0.9363,,
2116355,2/27/2026 13:20,toth,ws,7200,115,c,ts,2/27/2026,8:20:48,0,,,0.4651,,0.5833,,0.5238,0.5798,,0.5169,,,,0.4651,,0.4651,,,,,,,0.5918,,0.5413,,,,,,,0.5349,,0.4854
2116385,2/27/2026 14:15,toth,ws,3000,800,c,ts,2/27/2026,9:15:06,0,,,0.1111,,0.2041,,,0.1961,,,,,,0.1111,,,,,,,,,0.2174,,,,,,,,,0.1513,,
2116379,2/27/2026 14:04,toth,ws,3700,380,c,ts,2/27/2026,9:04:38,0,,,0.2083,,0.2941,0.2222,0.2222,0.2618,0.1916,0.1916,,,,0.2083,0.2083,0.2083,,,,,,,,,,,,,,,,0.2331,0.1742,0.1742
2116362,2/27/2026 13:36,toth,ws,3400,260,c,ts,2/27/2026,8:36:04,0,,,0.2778,,0.3448,0.2941,0.2941,0.3378,,,,,,0.2778,0.2778,0.2941,,,,,,,0.3636,0.3125,0.3125,,,,,,,0.2994,0.2538,0.2571
2117189,2/27/2026 20:50,town,ws,13200,100,d,ts,2/27/2026,15:50:58,0,,,0.5,w,0.6503,0.6503,0.6503,0.5,0.5781,0.5745,0.5763,0.6139,0.6139,,,,,,,0.5575,0.6078,0.5968,,,,0.6,0.6078,0.6078,,,,0.5536,0.5833,0.5816
2117300,2/27/2026 22:54,town,ws,12400,-700,c,ts,2/27/2026,17:54:05,0,,,0.875,w,0.92,0.8667,0.8667,0.9265,0.8925,0.8925,0.9434,0.893,0.893,0.875,0.875,0.875,0.9333,0.9333,0.8824,0.9063,0.9063,0.84,0.9167,0.8621,0.8621,0.9167,0.9034,0.9061,,,,0.8879,0.8607,0.8464
2116409,2/27/2026 15:53,wess,ws,15500,-145,c,ts,2/27/2026,10:53:04,0,,,0.5918,,0.7059,0.6078,0.6078,0.7143,0.6364,0.6364,0.6875,0.6078,0.6078,0.5918,0.5918,0.5918,,,,,,,0.6923,0.6078,0.6078,,,,,,,0.6441,0.5671,0.5671
2118773,2/28/2026 2:12,zhas,ws,9500,-860,d,ts,2/27/2026,21:12:45,0,,,0.8958,w,0.931,,0.931,0.8958,,0.8958,0.9524,,0.9524,0.9333,,,0.9231,,0.9231,0.9158,,0.9158,0.9231,,0.9231,0.9524,,0.9443,,,,0.9036,,0.9021
2118753,2/28/2026 2:11,zhas,ws,13700,-800,d,ts,2/27/2026,21:11:25,0,,,0.8889,w,0.92,,,0.8889,,,0.9524,,,,,,0.9231,,,0.9158,,,0.9333,,,0.9506,,,,,,0.9022,,
2120472,2/28/2026 17:44,acst,ws,22500,120,c,ts,2/28/2026,12:44:01,0,,,0.4545,w,0.6,0.5,0.5,0.5833,0.4739,0.4739,0.6226,0.4854,0.4854,0.4545,0.4545,0.4545,,,,,,,0.6078,0.5,0.5,,,,,,,0.5556,0.4505,0.4505
2120455,2/28/2026 17:40,acst,ws,13700,125,c,ts,2/28/2026,12:40:39,0,,,0.4444,w,0.5455,0.4651,0.4651,0.5192,0.4525,0.4464,0.5726,0.4673,0.495,0.4444,0.4444,0.4444,,,,,,,0.5556,0.4762,0.4762,,,,,,,0.5074,0.4255,0.4348
2120335,2/28/2026 17:25,acst,ws,5500,190,c,ts,2/28/2026,12:25:55,0,,,0.3448,w,0.4444,0.4082,0.4082,0.3831,,,0.4444,0.4,0.4,0.3448,0.3448,0.3448,,,,,,,0.3846,0.3509,0.3509,,,,,,,0.3759,0.339,0.339
2120621,2/28/2026 18:08,acst,ws,10600,-115,c,ts,2/28/2026,13:08:38,0,,,0.5349,w,0.6,0.5,0.5,0.6364,,,0.639,0.5652,0.5652,0.5349,0.5349,0.5349,,,,,,,0.6226,0.5349,0.5349,,,,,,,0.5745,0.495,0.495
2120149,2/28/2026 11:00,ajdu,ws,600,1020,d,ts,2/28/2026,6:00:44,0,,,0.0893,,,,,,,,,,,,,,,,,,,,,,,,,,,,,,,
2120131,2/28/2026 10:19,ajdu,ws,9000,115,c,ts,2/28/2026,5:19:48,0,,,0.4651,,,,,,,,,,,,,,,,,,,,,,,,,,,,,,,
2120147,2/28/2026 10:57,ajdu,ws,2600,900,d,ts,2/28/2026,5:57:59,0,,,0.1,,,,,,,,,,,,,,,,,,,,,,,,,,,,,,,
2120128,2/28/2026 10:19,ajdu,ws,6700,130,c,ts,2/28/2026,5:19:25,0,,,0.4348,,,,,,,,,,,,,,,,,,,,,,,,,,,,,,,
2130852,2/28/2026 23:22,baez,ws,7300,467,d,ts,2/28/2026,18:22:07,0,,,0.1764,l,0.25,0.25,0.25,0.1764,0.2941,0.2941,,,,0.2941,0.2941,0.2941,0.2857,,,0.2427,0.2427,0.2427,0.3226,0.3226,0.3226,0.2941,0.2941,0.2941,,,,0.2268,0.2342,0.2342
2120341,2/28/2026 17:27,bick,ws,9700,-350,d,ts,2/28/2026,12:27:16,0,,,0.7778,l,0.8667,,,0.7778,,,0.8621,,,,,,,,,,,,0.8182,,,,,,,,,0.7955,,
2122641,2/28/2026 19:31,birr,ws,3700,239,d,ts,2/28/2026,14:31:35,0,,,0.295,l,0.3846,,,0.295,,,0.3571,,,0.3846,,,0.3333,,,0.346,,,0.3226,,,,,,,,,0.3175,,
2124537,2/28/2026 20:29,birr,ws,11400,-125,c,ts,2/28/2026,15:29:23,0,,,0.5556,l,0.6154,,,0.6528,,,0.6364,,,0.5556,,,0.6491,,,0.6078,,,0.6491,,,,,,,,,0.5968,,
2125552,2/28/2026 20:51,birr,ws,16400,-260,c,ts,2/28/2026,15:51:52,0,,,0.7222,l,0.7917,,,0.8088,,,0.7895,,,0.7222,,,0.8182,,,0.7921,,,0.7895,,,,,,,,,0.7602,,
2124609,2/28/2026 20:30,birr,ws,7000,100,f,ts,2/28/2026,15:30:46,0,,,0.5,l,0.5,0.5833,0.5833,0.5708,0.5708,0.6403,0.5633,0.5633,0.6552,0.6296,0.6296,0.6296,0.5833,0.5833,0.6491,0.5575,0.5671,0.6364,0.5745,0.5745,0.6491,,,,,,,0.5283,0.5475,0.6
2135785,3/1/2026 3:54,bucs,ws,18800,115,c,ts,2/28/2026,22:54:24,0,,,0.4651,w,0.5918,,0.5918,0.5851,,0.5833,,,,0.4651,,0.5349,0.6,,0.6,0.5671,,0.5781,,,,0.6078,,0.5556,,,,0.5475,,0.5392
2136095,3/1/2026 4:31,bucs,ws,7700,-383,d,ts,2/28/2026,23:31:58,0,,,0.793,w,0.8182,0.8462,0.8462,0.793,0.8236,0.8236,,,,0.8571,0.8571,0.8571,0.8571,0.8571,0.8571,0.8494,0.84,0.84,,,,0.8718,0.8726,0.878,,,,0.8102,0.8201,0.8205
2136078,3/1/2026 4:30,bucs,ws,12100,-600,c,ts,2/28/2026,23:30:07,0,,,0.8571,w,0.9167,,0.8462,0.8969,,0.843,,,,0.8571,,0.8571,0.9231,,0.8667,0.8969,,0.8494,,,,0.8969,,0.883,,,,0.87,,0.8294
2135913,3/1/2026 4:09,bucs,ws,16500,-1400,c,ts,2/28/2026,23:09:23,0,,,0.9333,w,0.9756,0.96,0.96,0.9706,0.96,0.96,,,,0.9333,0.9333,0.9333,0.9756,0.9756,0.9615,0.9533,0.9439,0.9346,,,,0.9899,0.9847,0.9845,,,,0.9435,0.9363,0.9327
2120145,2/28/2026 10:53,cina,ws,15300,-380,c,ts,2/28/2026,5:53:57,0,,,0.7917,,,,,,,,,,,,,,,,,,,,,,,,,,,,,,,
2120142,2/28/2026 10:47,cina,ws,18100,-180,c,ts,2/28/2026,5:47:21,0,,,0.6429,,,,,,,,,,,,,,,,,,,,,,,,,,,,,,,
2120141,2/28/2026 10:46,cina,ws,11700,-125,c,ts,2/28/2026,5:46:24,0,,,0.5556,,,,,,,,,,,,,,,,,,,,,,,,,,,,,,,
2135683,3/1/2026 3:43,cobo,ws,5100,102,d,ts,2/28/2026,22:43:00,0,,,0.495,w,0.5455,0.5556,0.5556,0.495,0.5122,0.5122,,,,0.5652,0.5652,0.5652,0.5238,0.5238,,0.5283,0.5575,0.5575,0.5745,0.5833,0.5833,0.5745,0.5745,0.5833,,,,0.5146,0.5238,0.5283
2136446,3/1/2026 5:10,cobo,ws,13300,-710,l,ts,2/28/2026,0:10:54,0,,,0.8765,w,0.9375,,0.8571,0.949,,0.84,0.9434,,0.8485,0.8182,,0.8182,0.9355,,0.8621,0.9063,,0.8494,0.9333,,0.84,0.8765,,0.883,,,,0.8893,,0.8165
2136415,3/1/2026 5:07,cobo,ws,13400,-1000,c,ts,2/28/2026,0:07:17,0,,,0.9091,w,0.9474,0.9259,0.9259,0.9545,0.9107,0.9107,0.9524,0.9177,0.9177,0.9091,0.9091,0.9231,0.9444,0.9444,0.9259,0.9251,0.9251,0.9158,0.9524,0.9524,0.9167,0.9675,0.9588,0.961,,,,0.9206,0.9048,0.8954
2136450,3/1/2026 5:11,cobo,ws,6300,-250,m,ts,2/28/2026,0:11:56,0,,,0.7143,w,0.7297,0.875,0.875,0.7449,0.7449,0.8718,0.7333,0.7333,0.8485,0.8571,0.8571,0.8571,0.7674,0.7674,0.8824,0.7436,0.7436,0.84,0.7143,0.7143,0.8621,0.8473,0.8995,0.899,,,,0.729,0.7674,0.8358
2130478,2/28/2026 23:11,dard,ws,6500,-280,c,ts,2/28/2026,18:11:02,0,,,0.7368,w,0.8,0.8,0.7561,0.7797,0.7797,0.7283,,,,0.8,0.7368,0.7368,0.7778,0.7778,0.7333,0.7826,0.7826,0.734,0.7468,0.7468,0.7143,0.7917,0.759,0.7561,,,,0.7619,0.7416,0.7076
2131692,2/28/2026 23:55,dard,ws,11100,-1200,c,ts,2/28/2026,18:55:53,0,,,0.9231,w,0.9524,,,0.9643,,,,,,0.9231,,,0.9615,,,0.9439,,,0.9677,,,0.9838,,,,,,0.9322,,
2130847,2/28/2026 23:21,dard,ws,6300,-295,d,ts,2/28/2026,18:21:39,0,,,0.7468,w,0.8,0.8,0.8,0.7468,0.7468,0.7468,,,,0.7727,0.7727,0.7727,,,,0.8016,0.8016,0.8016,0.75,0.75,0.75,0.7938,0.7849,0.7959,,,,0.7602,0.7573,0.7602
2131811,3/1/2026 0:03,dard,ws,13600,-900,c,ts,2/28/2026,19:03:34,0,,,0.9,w,0.9259,0.9048,0.9048,0.9425,0.9231,0.9231,,,,0.9,0.9,0.9,0.9615,0.9615,0.9474,0.9346,0.9251,0.9251,0.9524,0.9333,0.9333,0.9593,0.9516,0.9516,,,,0.9113,0.8988,0.898
2120266,2/28/2026 17:15,dodm,ws,3600,165,c,ts,2/28/2026,12:15:25,0,,,0.3774,,0.4762,0.4255,0.4255,0.431,0.4082,0.4082,0.4032,0.3846,0.3846,0.3774,0.3774,0.3774,,,,,,,0.4587,0.4255,0.4082,,,,,,,0.3968,0.3704,0.3636
2134028,3/1/2026 1:49,frec,ws,21200,-380,c,ts,2/28/2026,20:49:14,0,,,0.7917,w,0.8571,,0.7727,0.881,,0.7947,,,,0.7917,,0.7917,0.9,,0.8333,0.8302,,0.763,0.875,,0.8,,,,,,,0.8296,,0.7537
2134503,3/1/2026 2:23,frec,ws,5900,-130,c,ts,2/28/2026,21:23:17,0,,,0.5652,w,0.6296,0.5652,0.5652,0.6154,0.5984,0.5413,,,,0.5652,0.5652,0.5652,0.6154,0.6154,0.5455,0.6078,0.6078,0.5575,0.6491,0.6491,0.6,0.6078,0.6,0.5918,,,,0.5833,0.5595,0.537
2134625,3/1/2026 2:30,frec,ws,9000,-380,c,ts,2/28/2026,21:30:12,0,,,0.7917,w,0.8305,0.8305,0.7619,0.8358,0.8358,0.7934,,,,0.7917,0.7917,0.8,0.8571,0.8571,0.8571,0.8208,0.8113,0.7921,0.8667,0.8667,0.8667,0.8795,0.8387,0.8165,,,,0.8095,0.7959,0.768
2134060,3/1/2026 1:51,frec,ws,21100,-900,c,ts,2/28/2026,20:51:47,0,,,0.9,w,0.9412,0.8824,0.8824,0.9565,0.9091,0.9091,,,,0.9,0.9,0.9,0.9615,0.9231,0.9231,0.9251,0.8874,0.8494,0.9615,0.8889,0.8889,,,,,,,0.9176,0.8636,0.8592
2120127,2/28/2026 10:18,giov,ws,17400,130,c,ts,2/28/2026,5:18:54,0,,,0.4348,,,,,,,,,,,,,,,,,,,,,,,,,,,,,,,
2120120,2/28/2026 10:12,giov,ws,3800,160,d,ts,2/28/2026,5:12:23,0,,,0.3846,,,,,,,,,,,,,,,,,,,,,,,,,,,,,,,
2120132,2/28/2026 10:20,giov,ws,13800,-130,c,ts,2/28/2026,5:20:11,0,,,0.5652,,,,,,,,,,,,,,,,,,,,,,,,,,,,,,,
2120096,2/28/2026 9:41,giov,ws,4800,-110,d,ts,2/28/2026,4:41:38,0,,,0.5238,,,,,,,,,,,,,,,,,,,,,,,,,,,,,,,
2127671,2/28/2026 22:10,hanf,ws,15200,-275,d,ts,2/28/2026,17:10:34,0,,,0.7333,w,0.8039,,0.8571,0.7333,,0.8413,0.7938,,0.8413,0.8333,,0.8333,0.8182,,0.8571,0.7921,,0.859,0.8,,0.84,0.8462,,0.8675,,,,0.7669,,0.8165
2127248,2/28/2026 21:57,hanf,ws,5500,-115,f,ts,2/28/2026,16:57:59,0,,,0.5349,w,0.5349,0.5652,0.5652,0.6296,0.6296,0.6,0.5816,0.5816,0.5885,0.5918,0.5918,0.5918,0.6296,0.6296,0.6296,0.5781,0.5781,0.5968,0.6,0.6,0.6078,0.6154,0.6226,0.6226,,,,0.5556,0.5595,0.5652
2128726,2/28/2026 22:31,hanf,ws,36400,-1000,c,ts,2/28/2026,17:31:43,0,,,0.9091,w,0.9804,0.9375,0.9375,0.9722,0.9206,0.899,0.9524,0.9524,0.9524,0.9091,0.9091,0.9091,0.9836,0.9333,0.9231,0.9627,0.8969,0.9158,0.9901,0.9333,0.9333,0.9539,0.9516,0.9361,,,,0.938,0.9055,0.9026
2127903,2/28/2026 22:16,hanf,ws,11700,-600,c,ts,2/28/2026,17:16:53,0,,,0.8571,w,0.9167,0.9167,0.9167,0.881,0.881,0.881,0.901,0.901,0.901,0.8571,0.875,0.875,0.8824,0.8824,0.8824,0.8874,0.8874,0.8874,0.9,0.9,0.9,0.9209,0.9219,0.9245,,,,0.871,0.8716,0.8721
2126671,2/28/2026 21:36,krua,ws,7400,-108,f,ts,2/28/2026,16:36:35,0,,,0.5192,l,0.5192,,0.5192,,,,0.5885,,0.5763,0.5918,,0.5556,0.6154,,0.5652,0.5781,,0.5475,0.6154,,0.5745,,,,,,,0.5475,,0.5238
2129101,2/28/2026 22:38,krua,ws,1800,420,f,ts,2/28/2026,17:38:51,0,,,0.1923,l,0.1923,0.1923,0.1923,0.2062,0.2062,0.2062,0.3333,0.3333,0.3333,0.2273,0.2273,0.2273,0.2222,0.2222,0.2222,0.2217,0.2114,0.2114,0.2309,0.2309,0.2309,,,,,,,0.2053,0.2037,0.2028
2129962,2/28/2026 22:56,krua,ws,2000,412,d,ts,2/28/2026,17:56:02,0,,,0.1953,l,0.2174,0.2439,0.2439,0.1953,0.2294,0.2294,0.3333,0.3333,0.3333,0.2632,0.2632,0.2632,0.2222,0.2222,0.25,0.2217,0.2427,0.2427,0.2309,0.25,0.25,,,,,,,0.2092,0.2242,0.2257
2130746,2/28/2026 23:19,krua,ws,4300,900,c,ts,2/28/2026,18:19:12,0,,,0.1,l,0.1333,0.1,0.1,0.137,0.0781,0.0781,0.3333,0.3333,0.3333,0.1,0.1,0.1,0.1538,0.0909,0.0909,0.1486,0.117,0.1064,0.1429,0.1053,0.1053,,,,,,,0.1339,0.1033,0.1021
2135573,3/1/2026 3:30,paol,ws,5400,145,m,ts,2/28/2026,22:30:57,0,,,0.4082,l,0.4651,,,0.4525,,,,,,0.5349,,,0.4545,,,0.4386,,,0.4082,,,0.5,,,,,,0.4367,,
2135728,3/1/2026 3:47,paol,ws,12100,-130,f,ts,2/28/2026,22:47:25,0,,,0.5652,l,0.5652,0.6154,0.6154,0.5726,0.6491,0.6491,,,,0.6875,0.6875,0.6875,0.6154,0.6667,0.6667,0.6564,0.6667,0.6753,,,,0.6721,0.6721,0.6721,,,,0.5968,0.6198,0.6109
2120342,2/28/2026 17:27,schw,ws,50600,-500,c,ts,2/28/2026,12:27:31,0,,,0.8333,,0.9412,0.8276,0.8276,0.9515,0.8684,0.8684,0.9615,0.8621,0.8621,0.8333,0.8333,0.8333,,,,,,,0.9412,0.8333,0.8333,,,,,,,0.9037,0.8035,0.8035
2120339,2/28/2026 17:26,schw,ws,7600,-300,c,ts,2/28/2026,12:26:46,0,,,0.75,,0.7917,0.7059,0.7059,0.8403,0.7361,0.7361,0.8276,0.7826,0.7826,0.75,0.75,0.75,,,,,,,0.8095,0.7333,0.7333,,,,,,,0.7658,0.696,0.696
2120326,2/28/2026 17:25,schw,ws,7600,-320,c,ts,2/28/2026,12:25:09,0,,,0.7619,,,,,0.8276,0.7831,0.7831,0.8551,0.8131,0.8131,0.7619,0.7619,0.7619,,,,,,,0.8095,0.7647,0.7647,,,,,,,0.7768,0.7481,0.7481
2120116,2/28/2026 10:09,sher,ws,4800,101,d,ts,2/28/2026,5:09:21,0,,,0.4975,,,,,,,,,,,,,,,,,,,,,,,,,,,,,,,
2120162,2/28/2026 11:41,sher,ws,20800,-340,c,ts,2/28/2026,6:41:59,0,,,0.7727,,,,,,,,,,,,,,,,,,,,,,,,,,,,,,,
2120159,2/28/2026 11:36,sher,ws,8100,-260,c,ts,2/28/2026,6:36:50,0,,,0.7222,,,,,,,,,,,,,,,,,,,,,,,,,,,,,,,
2120143,2/28/2026 10:51,sher,ws,8800,-170,c,ts,2/28/2026,5:51:06,0,,,0.6296,,,,,,,,,,,,,,,,,,,,,,,,,,,,,,,
2125092,2/28/2026 20:41,stea,ws,4200,209,d,ts,2/28/2026,15:41:33,0,,,0.3236,w,0.3846,,0.4545,0.3236,,0.4098,0.3802,,0.4348,0.4651,,0.4651,0.3704,,0.4348,0.3774,,0.4274,0.3774,,0.4255,,,,,,,0.3484,,0.4065
2125644,2/28/2026 20:55,stea,ws,12800,140,c,ts,2/28/2026,15:55:38,0,,,0.4167,w,0.5122,0.4545,,0.5025,,,0.5122,0.4348,,0.4167,0.4167,,0.5238,0.4167,,0.5074,0.4975,,0.5238,0.4444,,,,,,,,0.4808,0.4049,
2123281,2/28/2026 19:56,stea,ws,6500,-250,f,ts,2/28/2026,14:56:45,0,,,0.7143,w,0.7143,0.75,0.75,0.768,0.7854,0.7854,0.7468,0.7468,0.7826,0.8,0.8,0.8,0.7778,0.7778,0.8,0.7537,0.763,0.7921,0.8,0.8,0.8261,,,,,,,0.7297,0.7375,0.7512
2125954,2/28/2026 21:09,stea,ws,18500,-170,d,ts,2/28/2026,16:09:44,0,,,0.6296,w,0.7297,0.7917,0.7917,0.6296,0.7253,0.7253,0.726,0.8,0.8,0.8462,0.8462,0.8462,,,,0.705,0.763,0.7727,0.7015,0.7778,0.7778,,,,,,,0.6865,0.7525,0.7596
2120112,2/28/2026 10:06,zana,ws,6700,100,c,ts,2/28/2026,5:06:05,0,,,0.5,,,,,,,,,,,,,,,,,,,,,,,,,,,,,,,
2120119,2/28/2026 10:12,zana,ws,18000,-110,c,ts,2/28/2026,5:12:21,0,,,0.5238,,,,,,,,,,,,,,,,,,,,,,,,,,,,,,,
2120103,2/28/2026 9:49,zana,ws,3700,190,c,ts,2/28/2026,4:49:43,0,,,0.3448,,,,,,,,,,,,,,,,,,,,,,,,,,,,,,,
2120115,2/28/2026 10:09,zana,ws,24200,-150,c,ts,2/28/2026,5:09:00,0,,,0.6,,,,,,,,,,,,,,,,,,,,,,,,,,,,,,,
2134272,3/1/2026 2:08,zhas,ws,4900,120,m,ts,2/28/2026,21:08:36,0,,,0.4545,l,0.5455,0.5455,0.5455,0.4902,0.5261,0.5261,,,,0.5238,0.5238,0.5238,0.4762,0.5349,0.5349,0.4785,0.5475,0.5283,0.4545,0.5122,0.5122,0.5349,0.5349,0.5455,,,,0.4785,0.5025,0.5025
2133818,3/1/2026 1:36,zhas,ws,1300,1000,c,ts,2/28/2026,20:36:27,0,,,0.0909,l,0.1429,0.0909,,0.1623,,,,,,0.0909,0.0909,,0.1667,0.0909,,0.159,0.1276,,0.16,0.0909,,,,,,,,0.1155,0.0426,
2133822,3/1/2026 1:36,zhas,ws,1900,550,c,ts,2/28/2026,20:36:51,0,,,0.1538,l,0.1923,0.1429,0.1429,0.2105,0.1664,0.1623,,,,0.1538,0.1538,0.1538,0.2222,0.1667,0.1667,0.2114,0.1486,0.159,0.2105,0.16,0.16,,,,,,,0.1678,0.12,0.1203
2134228,3/1/2026 2:04,zhas,ws,3600,260,l,ts,2/28/2026,21:04:47,0,,,0.2778,l,,,,0.3257,0.2611,0.2611,,,,0.2778,0.2778,0.2778,0.303,0.2667,0.2667,0.3559,0.3049,0.3049,0.339,0.303,0.303,0.2857,0.2703,0.2703,,,,0.2817,0.2625,0.2625
2140303,3/2/2026 1:02,bucs,ws,13400,-900,c,ts,3/1/2026,20:02:54,0,,,0.9,w,0.9474,0.9,0.9,0.9444,0.9254,0.8876,0.9434,0.9434,0.901,0.9,0.9,0.9,0.9474,0.9474,0.9091,0.9158,0.9063,0.8874,0.9524,0.9524,0.9,0.9487,0.9234,0.9231,0.915,0.89,0.89,0.9112,0.895,0.8706
2140427,3/2/2026 1:22,bucs,ws,45300,-500,c,ts,3/1/2026,20:22:57,0,,,0.8333,w,0.9375,,,0.9438,,,0.9615,,,0.8333,,,0.9474,,,0.9346,,,0.9615,,,0.8693,,,0.8227,,,0.8991,,
2140421,3/2/2026 1:21,bucs,ws,12700,-200,c,ts,3/1/2026,20:21:03,0,,,0.6667,w,0.75,0.6667,,0.734,0.711,,0.7531,0.7531,,0.6667,0.6667,,0.75,0.75,,0.7436,0.7436,,0.75,0.7647,,0.7183,0.7015,,0.7006,0.6491,,0.7041,0.6805,
2139992,3/1/2026 23:45,bucs,ws,13100,-542,d,ts,3/1/2026,18:45:54,0,,,0.8442,w,0.9,0.8889,,0.8442,0.8765,,0.8851,0.8851,,0.875,0.875,,0.9,0.9,,0.8874,0.8874,,0.9167,0.9091,,0.917,0.9163,,0.907,0.91,,0.8613,0.8603,
2139829,3/1/2026 23:13,dard,ws,10500,-283,d,ts,3/1/2026,18:13:21,0,,,0.7389,w,0.8,0.8462,0.8462,0.7389,0.811,0.811,0.7895,0.8198,0.8198,0.8333,0.8333,0.8333,0.7778,0.8182,0.8182,0.763,0.8208,0.8208,0.7895,0.8333,0.8333,0.8438,0.8485,0.8485,0.8459,0.8459,0.8459,0.7619,0.7972,0.7972
2139685,3/1/2026 22:53,dard,ws,9900,-300,c,ts,3/1/2026,17:53:34,0,,,0.75,w,0.8462,0.7778,0.7778,0.8305,0.7585,0.7585,0.7938,0.7468,0.7468,0.75,0.75,0.75,0.8182,0.8182,0.7647,0.8016,0.7826,0.7436,0.8095,0.8095,0.7468,0.7917,0.7753,0.7727,,,,0.7706,0.7403,0.7245
2139887,3/1/2026 23:28,dard,ws,5600,-135,c,ts,3/1/2026,18:28:04,0,,,0.5745,w,0.6491,,,0.6124,,,0.6454,,,0.5745,,,0.6296,,,0.6364,,,0.6226,,,0.6226,,,0.5968,,,0.5935,,
2139946,3/1/2026 23:36,dard,ws,13000,-170,c,ts,3/1/2026,18:36:54,0,,,0.6296,w,0.7143,,,0.7118,,,0.7333,,,0.6296,,,0.7333,,,0.7245,,,0.7143,,,0.6552,,,0.6491,,,0.6689,,
2139877,3/1/2026 23:26,day,ws,6900,260,c,ts,3/1/2026,18:26:53,0,,,0.2778,w,0.3846,0.3846,0.3846,0.3257,0.3257,0.3257,0.3571,0.3571,0.3571,0.2778,0.3448,0.3448,0.3333,0.3333,0.3333,0.3968,0.3663,0.3663,0.3774,0.3774,0.3774,0.3571,0.3571,0.3636,0.3788,0.3788,0.3922,0.3205,0.3279,0.3289
2139972,3/1/2026 23:40,day,ws,4700,150,c,ts,3/1/2026,18:40:02,0,,,0.4,w,,,,0.4566,0.4115,0.4098,0.463,0.4386,0.4386,0.4,0.4,0.4,0.4545,0.4167,0.4167,0.4878,0.4587,0.4386,0.4762,0.4444,0.4444,0.4444,0.4348,0.4348,0.4545,0.4545,0.4545,0.4237,0.3922,0.3984
2139842,3/1/2026 23:16,day,ws,3300,460,d,ts,3/1/2026,18:16:05,0,,,0.1786,w,,,,0.1786,0.2237,0.2237,0.2439,0.2564,0.2564,,,,0.2083,0.2273,0.2273,0.2217,0.2841,0.274,0.2439,0.2703,0.2703,0.2564,0.2564,0.2532,0.2571,0.2632,0.2604,0.2016,0.2208,0.2203
2139858,3/1/2026 23:22,day,ws,3500,280,c,ts,3/1/2026,18:22:02,0,,,0.2632,w,0.3636,0.3226,0.3226,0.3077,0.3077,0.2725,0.3077,0.3077,0.2857,0.2632,0.25,0.25,0.3226,0.3226,0.2941,0.3257,0.3257,0.3155,0.339,0.339,0.303,0.2985,0.2899,0.2941,0.3165,0.3165,0.3165,0.2857,0.2762,0.2551
2139871,3/1/2026 23:25,frec,ws,2100,497,d,ts,3/1/2026,18:25:59,0,,,0.1675,l,0.2,0.2174,0.2174,0.1675,0.2049,0.2049,0.2439,0.2564,0.2564,0.2632,0.2632,0.2632,0.2105,0.2105,0.2222,0.2008,0.2114,0.2114,0.2105,0.2105,0.2273,0.2353,0.2353,0.2353,0.2092,0.2132,0.2132,0.1825,0.1961,0.1953
2140208,3/2/2026 0:38,frec,ws,4000,165,c,ts,3/1/2026,19:38:19,0,,,0.3774,l,0.4348,0.4348,0.3636,0.4348,0.4348,0.3953,0.4255,0.4255,0.3846,0.3774,0.3774,0.3774,0.4348,0.4348,0.4167,0.4484,0.4274,0.4184,0.4651,0.4651,0.4167,0.4348,0.4,0.4,0.4202,0.3861,0.3861,0.4,0.3906,0.361
2140203,3/2/2026 0:37,frec,ws,6100,200,c,ts,3/1/2026,19:37:38,0,,,0.3333,l,0.4167,0.3636,0.3636,0.4049,0.4149,0.3676,0.3922,0.3922,0.339,0.3333,0.3333,0.3333,0.4167,0.4167,0.3571,0.4082,0.4082,0.3663,0.4255,0.4255,0.3774,0.3846,0.3636,0.3636,0.365,0.365,0.365,0.3676,0.3559,0.3268
2140413,3/2/2026 1:20,frec,ws,3300,210,c,ts,3/1/2026,20:20:22,0,,,0.3226,l,0.3846,0.2941,0.2941,0.3953,0.295,0.295,0.3846,0.3846,0.2985,0.3226,0.3448,0.3448,0.3846,0.3846,0.3125,0.3663,0.3356,0.2841,0.3636,0.3636,0.2857,0.3279,0.3077,0.3077,0.3226,0.3268,0.3268,0.3322,0.3145,0.2646
2137984,3/1/2026 19:53,ingl,ws,4000,298,d,ts,3/1/2026,14:53:33,0,,,0.2513,l,0.3333,0.3333,0.3333,0.2513,,0.2519,0.3077,0.3077,0.3077,0.3636,0.3636,0.3636,0.2941,0.2941,0.2941,0.3257,0.3257,0.3257,0.303,0.303,0.303,0.303,0.3077,0.3175,,,,0.277,0.2801,0.2793
2137982,3/1/2026 19:53,ingl,ws,4500,297,d,ts,3/1/2026,14:53:17,0,,,0.2519,l,0.3333,0.3333,0.3333,0.2519,0.2882,0.2882,0.3077,0.3226,0.3226,0.3636,0.3636,0.3636,0.2941,0.3077,0.3077,0.3257,0.346,0.346,0.303,0.3226,0.3226,0.3226,0.3226,0.3333,,,,0.2801,0.2849,0.2865
2140074,3/1/2026 23:59,jean,ws,8300,-125,c,ts,3/1/2026,18:59:48,0,,,0.5556,w,0.6491,0.5918,0.5918,0.6416,0.5726,0.5708,0.6364,0.5763,0.5885,0.5556,,,0.6154,0.5833,0.5833,0.6269,0.5868,0.5868,0.6078,0.5556,0.5556,0.5918,0.5918,0.6078,0.6016,0.6016,0.6016,0.5851,0.5495,0.5556
2140232,3/2/2026 0:47,jean,ws,15300,-900,c,ts,3/1/2026,19:47:33,0,,,0.9,w,0.9474,0.8947,0.8947,0.9545,0.9138,0.9138,0.9524,0.9524,0.893,0.9,0.9,0.9091,0.9524,0.9524,0.9231,0.9251,0.9251,0.9063,0.9524,0.9524,0.9,0.9478,0.9278,0.9278,0.925,0.925,0.925,0.9127,0.9014,0.8736
2140201,3/2/2026 0:36,jean,ws,7000,-340,c,ts,3/1/2026,19:36:34,0,,,0.7727,w,0.8113,0.8113,0.7436,0.8496,0.8496,0.7817,0.8413,0.8413,0.7938,0.7727,0.7727,0.7727,0.8333,0.8333,0.7778,0.8113,0.8113,0.8016,0.8333,0.8333,0.7647,0.8077,0.7872,0.7826,0.8459,0.7727,0.7727,0.7859,0.7817,0.7326
2140164,3/2/2026 0:24,jean,ws,6900,-145,c,ts,3/1/2026,19:24:15,0,,,0.5918,w,0.6667,,0.6078,0.6552,,0.6047,0.6721,,0.6139,0.5918,,0.6154,0.6667,,0.6154,0.6466,,0.6169,0.6667,,0.6,0.6429,,0.6296,0.6416,,0.6078,0.6154,,0.5781
2136952,3/1/2026 18:25,jone,ws,1900,410,f,ts,3/1/2026,13:25:38,0,,,0.1961,,0.1961,,0.1818,0.2506,,0.2188,0.2817,,0.2532,0.2381,,0.2381,0.2778,,0.25,0.232,,0.2114,0.2439,,0.2222,0.2632,,0.2439,,,,0.2096,,0.1869
2139193,3/1/2026 21:51,kali,ws,7200,110,c,ts,3/1/2026,16:51:08,0,,,0.4762,w,0.5652,0.5238,0.5238,0.5434,0.4878,0.4878,0.5455,0.5122,0.5122,0.4762,0.4762,0.4762,0.5349,0.5349,0.4878,0.537,0.537,0.5283,0.5556,0.5238,0.5238,0.5238,0.5122,0.5122,,,,0.5074,0.4785,0.4785
2139242,3/1/2026 22:03,kali,ws,7100,115,c,ts,3/1/2026,17:03:38,0,,,0.4651,w,0.5556,,,0.5455,,,0.5556,,,0.4651,,,0.5238,,,0.5283,,,0.5413,,,0.5,,,,,,0.5,,
2139118,3/1/2026 21:32,kali,ws,3300,180,d,ts,3/1/2026,16:32:31,0,,,0.3571,w,0.4082,,0.4255,0.3571,,0.3636,0.4202,,0.4202,0.4348,,0.4348,0.3846,,0.3846,0.4082,,0.4082,0.4167,,0.4255,0.4167,,0.4167,,,,0.3759,,0.3817
2139252,3/1/2026 22:05,kali,ws,12300,-140,c,ts,3/1/2026,17:05:10,0,,,0.5833,w,0.697,,0.6296,0.6667,,0.5968,0.6774,,0.6255,0.5833,,0.5833,0.6667,,0.5833,0.6564,,0.6078,0.6774,,0.6226,0.6364,,0.6154,,,,0.6255,,0.5816
2138311,3/1/2026 20:17,lame,ws,3400,207,d,ts,3/1/2026,15:17:45,0,,,0.3257,l,,,,0.3257,0.4016,0.4016,0.3774,0.4082,0.4082,0.4255,0.4255,0.4255,0.3704,0.3704,0.4167,0.346,0.3876,0.3968,0.3937,0.4444,0.4444,0.4082,0.4255,0.4167,,,,0.346,0.3731,0.3759
2139027,3/1/2026 21:16,lame,ws,1900,670,d,ts,3/1/2026,16:16:20,0,,,0.1299,l,,,,0.1299,0.1595,,0.1786,0.1786,,0.2083,0.2083,,0.1538,0.1538,,0.1905,0.2008,,0.1739,0.1739,,0.202,0.2062,,,,,0.1441,0.1471,
2136941,3/1/2026 18:23,lepc,ws,5700,165,c,ts,3/1/2026,13:23:26,0,,,0.3774,l,0.4651,,,0.4545,,,0.4386,,,0.3774,,,0.4762,,,0.4274,,,0.4651,,,0.4255,,,,,,0.4082,,
2137102,3/1/2026 18:39,lepc,ws,2000,408,d,ts,3/1/2026,13:39:43,0,,,0.1969,l,0.2439,0.2439,0.2174,0.1969,0.2463,0.2551,0.2667,0.2667,0.2667,0.2632,0.2632,0.2381,0.2353,0.2353,0.25,0.232,0.232,0.2217,0.2778,0.2778,0.2778,0.2532,0.2439,0.2381,,,,0.211,0.211,0.2045
2140154,3/2/2026 0:16,osuw,ws,9400,-320,c,ts,3/1/2026,19:16:03,0,,,0.7619,l,0.8462,0.7872,0.7872,0.8066,0.7712,0.7712,0.8333,0.7895,0.7895,0.7619,0.7619,0.7619,0.8333,0.8333,0.7895,0.8016,0.7921,0.7727,0.8182,0.7647,0.7647,0.802,0.7826,0.7872,0.8328,0.7868,0.7868,0.7802,0.7436,0.7429
2140202,3/2/2026 0:36,osuw,ws,7300,148,d,ts,3/1/2026,19:36:51,0,,,0.4032,l,0.5,0.5,0.5,0.4032,,0.4082,0.5,0.5,0.5,0.4878,0.4878,0.4878,0.4762,0.4762,0.4762,0.4695,0.4587,0.4587,0.4545,0.4545,0.4545,0.4762,0.4762,0.4762,0.4673,0.4673,0.4673,0.4405,0.4484,0.4405
2140435,3/2/2026 1:25,osuw,ws,2700,415,l,ts,3/1/2026,20:25:39,0,,,0.1942,l,,,,0.2404,,0.1724,0.274,,0.2128,0.2083,,0.2083,0.25,,0.2083,0.2632,,0.1905,0.25,,0.2,0.2128,,0.1961,,,,0.1988,,0.1577
2139869,3/1/2026 23:24,osuw,ws,11800,-122,f,ts,3/1/2026,18:24:58,0,,,0.5495,l,0.5495,0.5495,0.5495,0.6416,0.5868,0.5868,0.6255,0.6,0.6,0.6154,0.6154,0.6154,0.6296,0.6,0.6,0.6564,0.6466,0.6169,0.6774,0.6491,0.6491,0.6364,0.6296,0.6296,0.6795,0.6416,0.639,0.5935,0.5633,0.5708
2138520,3/1/2026 20:31,pard,ws,17000,-320,c,ts,3/1/2026,15:31:27,0,,,0.7619,w,0.8571,0.8276,0.8276,0.8031,0.7886,0.7886,0.8276,0.8,0.8,0.7619,0.8,0.8,0.8182,0.7895,0.7895,0.8208,0.8113,0.8113,0.8571,0.8261,0.8261,0.8361,0.8261,0.8276,,,,0.798,0.7788,0.7792
2138925,3/1/2026 21:05,pard,ws,28800,-1200,c,ts,3/1/2026,16:05:41,0,,,0.9231,w,0.9677,,0.9677,0.9565,,0.9565,0.9804,,0.9804,0.9231,,0.9804,0.9722,,0.9722,0.9533,,0.9533,0.9677,,0.9677,,,,,,,0.9427,,0.9467
2138040,3/1/2026 19:57,pard,ws,9300,104,d,ts,3/1/2026,14:57:57,0,,,0.4902,w,0.5833,0.5918,0.5918,0.4902,0.5261,0.5261,0.5495,0.5495,0.5495,,,,0.5349,0.5349,0.5349,0.5781,0.5868,0.5868,0.5745,0.5833,0.5833,0.5745,0.5745,0.5833,,,,0.5283,0.5305,0.5327
2138502,3/1/2026 20:30,pard,ws,6900,-390,d,ts,3/1/2026,15:30:29,0,,,0.7959,w,0.8571,0.8571,0.8667,0.7959,0.7959,0.8047,0.8276,0.8276,0.8276,0.8182,0.8182,0.8182,0.8333,0.8333,0.8333,0.8302,0.8302,0.84,0.8571,0.8571,0.8621,0.8582,0.854,0.8551,,,,0.8073,0.8054,0.8092
2137833,3/1/2026 19:44,sakh,ws,11600,-220,c,ts,3/1/2026,14:44:27,0,,,0.6875,w,0.7826,,,0.7487,,,0.7701,,,0.6875,,,0.75,,,0.7537,,,0.7647,,,0.7368,,,,,,0.7199,,
2137649,3/1/2026 19:31,sakh,ws,8000,-160,c,ts,3/1/2026,14:31:25,0,,,0.6154,w,0.7059,,0.661,0.6711,,0.6241,0.6875,,0.639,0.6154,,0.6154,0.6875,,,0.6667,,0.6466,0.6875,,0.6491,0.6825,,0.6721,,,,0.6416,,0.6094
2137852,3/1/2026 19:45,sakh,ws,14100,-210,c,ts,3/1/2026,14:45:31,0,,,0.6774,w,0.7826,0.7222,0.7222,0.7512,0.6678,0.6622,0.7701,0.6923,0.7101,0.6774,0.6774,0.6774,0.75,0.6875,0.6875,0.763,0.7151,0.705,0.7647,0.7015,0.7015,0.7222,0.7101,0.7143,,,,0.7167,0.661,0.6656
2137254,3/1/2026 18:58,sakh,ws,13400,-180,c,ts,3/1/2026,13:58:03,0,,,0.6429,w,0.7826,,0.697,0.7024,,0.6785,0.7409,,0.6667,0.6429,,0.6429,0.75,,0.6491,0.7436,,0.6855,0.7468,,0.6875,0.7059,,0.6825,,,,0.6988,,0.639
2139208,3/1/2026 21:55,stak,ws,3400,150,c,ts,3/1/2026,16:55:47,0,,,0.4,w,0.4545,0.4167,0.4167,0.5,0.5,0.4255,0.4717,0.4717,0.4386,0.4,0.4,0.4,0.4878,0.4878,0.4348,0.4386,0.4274,0.3876,0.4545,0.4545,0.4082,0.4444,0.4348,0.4348,,,,0.4184,0.4082,0.3817
2139072,3/1/2026 21:25,stak,ws,5400,-122,f,ts,3/1/2026,16:25:56,0,,,0.5495,w,0.5495,,,0.6466,,,0.6183,,,0.6,,,0.6154,,,0.5781,,,0.6226,,,0.6154,,,,,,0.5708,,
2139279,3/1/2026 22:10,stak,ws,5400,-145,c,ts,3/1/2026,17:10:22,0,,,0.5918,w,0.6491,,0.6,0.661,,,0.6667,,0.6032,0.5918,,0.5918,0.6667,,0.6154,0.6269,,0.6078,0.6875,,0.6364,0.6491,,0.6226,,,,0.6094,,0.5708
2139372,3/1/2026 22:21,stak,ws,9500,120,c,ts,3/1/2026,17:21:22,0,,,0.4545,w,0.5556,,,0.5652,,,0.5495,,,0.4545,,,0.5556,,,0.537,,,0.5556,,,0.4762,,,,,,0.5,,
2139105,3/1/2026 21:30,star,ws,5900,-125,c,ts,3/1/2026,16:30:37,0,,,0.5556,,0.6429,0.5918,,0.6516,,,0.6078,0.5816,,0.5556,0.5556,,0.6296,0.6154,,0.5868,0.5868,,0.6078,0.5745,,0.6154,0.6078,,,,,0.5781,0.5516,
2139111,3/1/2026 21:31,star,ws,4800,-140,c,ts,3/1/2026,16:31:23,0,,,0.5833,,0.6774,0.6774,,0.6743,0.6743,,0.6255,0.6255,,0.5833,0.5833,,0.6667,0.6667,,0.6169,0.6078,,0.6226,0.6226,,0.6429,0.6364,,,,,0.6,0.5968,
2139465,3/1/2026 22:30,star,ws,3600,240,c,ts,3/1/2026,17:30:43,0,,,0.2941,,0.3571,0.3226,0.3226,0.3788,0.3448,0.304,0.3509,0.3509,0.3226,0.2941,0.2941,0.3226,0.3509,0.3509,0.3077,0.3559,0.3155,0.3155,0.3704,0.3704,0.3333,0.339,0.3226,0.3226,,,,0.3165,0.2924,0.2809
2137252,3/1/2026 18:57,stea,ws,4100,200,c,ts,3/1/2026,13:57:51,0,,,0.3333,w,0.4,0.3448,0.3448,0.4032,0.4065,,0.4032,0.4032,0.3704,0.3333,0.3333,0.3333,0.4,0.4,0.3448,0.3774,0.3663,0.3559,0.4,0.4,0.3509,0.3704,0.3571,0.3571,,,,0.3571,0.3413,0.3165
2137987,3/1/2026 19:53,stea,ws,14600,-325,d,ts,3/1/2026,14:53:39,0,,,0.7647,w,0.8039,0.875,0.875,0.7647,0.7835,0.8592,0.8198,0.8198,0.8621,0.875,0.875,0.875,,0.8182,0.8824,0.8016,0.8113,0.84,0.8261,0.8261,0.875,0.883,0.8942,0.8974,,,,0.793,0.8092,0.8403
2137505,3/1/2026 19:22,stea,ws,6400,-135,l,ts,3/1/2026,14:22:34,0,,,0.5745,w,0.6296,0.6296,0.5349,0.6063,0.6063,0.5283,0.6364,0.6364,0.4902,0.6429,0.5349,0.5349,0.6296,0.6296,0.5349,0.6269,0.6269,0.5283,0.6667,0.6667,0.5455,0.5745,0.5745,0.5455,,,,0.5968,0.5816,0.5
2137265,3/1/2026 18:59,stea,ws,9200,105,c,ts,3/1/2026,13:59:46,0,,,0.4878,w,0.5833,0.5349,0.5349,0.5652,0.5495,0.5516,0.5633,0.5305,0.5192,0.4878,0.4878,0.4878,0.5652,0.5238,0.5238,0.5575,0.5475,0.537,0.5833,0.5238,0.5238,0.5455,0.5349,0.5349,,,,0.5283,0.4975,0.4975
2137481,3/1/2026 19:20,town,ws,13600,-115,c,ts,3/1/2026,14:20:55,0,,,0.5349,l,0.6154,0.4651,0.4651,0.6169,0.5025,0.5025,0.6226,0.4878,0.4878,0.5349,0.5349,0.5349,0.6296,0.5349,0.5349,0.6169,0.4695,0.4695,0.6364,0.5238,0.5238,0.5455,0.5238,0.5238,,,,0.5868,0.4651,0.4673
2137482,3/1/2026 19:20,town,ws,11100,-120,l,ts,3/1/2026,14:20:55,0,,,0.5455,l,0.6154,0.4651,0.4651,0.6169,0.5025,0.5025,0.6226,0.4878,0.4878,0.5349,0.5349,0.5349,0.6296,0.5349,0.5349,0.6169,0.4695,0.4695,0.6364,0.5238,0.5238,0.5455,0.5238,0.5238,,,,0.5868,0.4651,0.4673
2136901,3/1/2026 18:15,town,ws,5400,-110,c,ts,3/1/2026,13:15:49,0,,,0.5238,l,0.5833,0.5652,,0.5918,0.5918,,0.569,0.569,,0.5238,0.5238,,0.5833,0.5833,,0.5671,0.5781,,0.6,0.5652,,0.5745,0.5652,,,,,0.5434,0.5305,
2136914,3/1/2026 18:18,town,ws,7300,-160,c,ts,3/1/2026,13:18:16,0,,,0.6154,l,0.697,,0.6296,0.6951,,0.6403,0.6721,,0.639,0.6154,,0.6154,0.6825,,0.6296,0.6753,,0.6269,0.7143,,0.6667,0.6491,,0.6429,,,,0.6377,,0.5984
2139301,3/1/2026 22:13,vidm,ws,10200,-1400,e,ts,3/1/2026,17:13:04,0,,,0.9333,w,0.9722,0.9722,0.9677,0.9524,0.9524,0.9524,0.9709,0.9709,0.9709,0.9615,0.9615,0.9615,0.9333,0.9333,0.9333,0.9533,0.9533,0.9533,0.9615,0.9615,0.9615,0.9863,0.983,0.9808,,,,0.94,0.9394,0.9382
2139333,3/1/2026 22:16,vidm,ws,16700,-1040,d,ts,3/1/2026,17:16:38,0,,,0.9123,w,0.9677,0.9677,0.9677,0.9123,0.9306,0.9306,0.9524,0.9615,0.9615,0.9524,0.9524,0.9524,0.9333,0.9333,0.9333,0.9439,0.9533,0.9533,0.9524,0.9524,0.9524,0.9715,0.9753,0.9753,,,,0.9258,0.9317,0.9317
2137092,3/1/2026 18:38,walt,ws,6500,-130,d,ts,3/1/2026,13:38:54,0,,,0.5652,l,0.6429,0.6875,0.6875,0.5652,0.6255,0.6255,0.6226,0.661,0.661,0.6296,0.6552,0.6552,0.6,0.6,0.6491,0.6269,0.6269,0.6466,0.6,0.6,0.6364,0.6364,0.6667,0.6667,,,,0.5868,0.6032,0.6154
2137103,3/1/2026 18:39,walt,ws,5200,-140,c,ts,3/1/2026,13:39:50,0,,,0.5833,l,0.6667,0.6667,0.6667,0.6283,0.6283,0.6226,0.639,0.639,0.6454,0.5833,0.5833,0.5833,0.6296,0.6296,0.6296,0.6466,0.6667,0.6364,0.6364,0.6364,0.6364,0.6552,0.6491,0.6429,,,,0.6,0.5984,0.6016
2137074,3/1/2026 18:37,walt,ws,8900,-170,c,ts,3/1/2026,13:37:24,0,,,0.6296,l,0.7297,,,0.7126,,,0.7015,,,0.6296,,,0.7059,,,0.6951,,,0.6875,,,0.6875,,,,,,0.6575,,
2136959,3/1/2026 18:26,walt,ws,12000,-170,c,ts,3/1/2026,13:26:32,0,,,0.6296,l,0.7368,0.6774,0.6774,0.6997,0.6564,0.6528,0.6923,0.6429,0.6552,0.6296,0.6296,0.6296,0.7143,0.6875,0.6875,0.6951,0.6667,0.6564,0.7333,0.6875,0.6875,0.6875,0.6721,0.6721,,,,0.6656,0.6241,0.6255
2141688,3/2/2026 22:06,agud,ws,3600,155,l,ts,3/2/2026,17:06:32,0,,,0.3922,w,,,,0.4367,0.3922,0.3922,0.4484,0.3846,0.3846,0.4444,0.4444,0.4444,,,,,,,,,,0.3922,0.3922,0.3922,0.4167,0.4167,0.4167,0.4115,0.3584,0.3584
2141671,3/2/2026 21:55,agud,ws,5900,375,l,ts,3/2/2026,16:55:19,0,,,0.2105,w,,,,0.2564,,0.1786,0.3077,,0.2273,0.25,,0.25,,,,,,,,,,0.2174,,0.2128,0.2092,,0.2092,0.25,,0.1764
2141639,3/2/2026 21:43,agud,ws,3200,361,d,ts,3/2/2026,16:43:52,0,,,0.2169,w,,,,0.2169,,,0.2899,,,0.2778,,,,,,,,,,,,0.3509,,,0.3676,,,0.2387,,
2141677,3/2/2026 22:01,agud,ws,4200,150,l,ts,3/2/2026,17:01:28,0,,,0.4,w,,,,0.4608,0.3984,0.3906,0.4608,0.4082,0.4082,0.4348,0.4348,0.4348,,,,,,,,,,0.4167,0.4,0.4082,0.4219,0.4219,0.4219,0.4219,0.3731,0.3676
2141652,3/2/2026 21:47,basi,ws,12700,-210,c,ts,3/2/2026,16:47:26,0,,,0.6774,,0.7727,,,0.7783,,,,,,0.6774,,,0.7778,,,0.763,,,0.7647,,,0.7059,,,0.7537,,,0.711,,
2141696,3/2/2026 22:12,basi,ws,25100,-900,c,ts,3/2/2026,17:12:52,0,,,0.9,,0.96,0.9091,0.9091,0.9545,0.9057,0.9057,,,,0.9,0.9,0.9,0.9722,0.9722,0.9091,0.9439,0.9158,0.8874,0.9615,0.9615,0.9,0.9399,0.9396,0.9419,0.999,0.999,0.999,0.9209,0.8941,0.8713
2141344,3/2/2026 18:45,bloc,ws,4100,284,d,ts,3/2/2026,13:45:34,0,,,0.2604,l,0.3333,0.3333,0.3636,0.2604,0.2725,0.304,0.3226,0.3226,0.3571,0.3333,0.3333,0.3333,0.3704,0.3704,0.3704,0.3356,0.3356,0.3663,0.3125,0.3125,0.3448,0.3175,0.3279,0.3279,0.3096,0.3367,0.3367,0.2874,0.2899,0.3106
2141293,3/2/2026 18:21,bloc,ws,4500,171,d,ts,3/2/2026,13:21:09,0,,,0.369,l,0.4444,0.4545,0.4545,0.369,0.3817,0.3937,0.4444,0.4444,0.4444,0.4444,0.4444,0.4444,0.4167,0.4167,0.4348,0.4386,0.4386,0.4484,0.4167,0.4167,0.4255,0.4348,0.4444,0.4444,0.4202,0.4202,0.4202,0.3937,0.3968,0.4
2141339,3/2/2026 18:39,bloc,ws,4100,260,c,ts,3/2/2026,13:39:57,0,,,0.2778,l,0.3509,0.2941,0.2941,0.3425,0.2532,0.2532,0.3509,0.303,0.303,0.2778,0.2778,0.2941,0.3704,0.3704,0.3704,0.346,0.3155,0.3155,0.3077,0.2703,0.2703,0.2778,0.2817,0.2778,0.2825,0.2825,0.289,0.303,0.2551,0.2551
2141290,3/2/2026 18:20,bloc,ws,3300,156,d,ts,3/2/2026,13:20:49,0,,,0.3906,l,0.4545,,0.5,0.3906,,0.3984,0.4545,,0.4545,0.4878,,0.4878,0.4348,,0.4348,0.4274,,0.4184,0.4255,,0.4255,0.4444,,0.5,0.4202,,0.4695,0.4065,,0.4202
2141136,3/2/2026 13:15,broo,ws,11400,-450,c,ts,3/2/2026,8:15:42,0,,,0.8182,,,,,,,,,,,,,,,,,,,,,,,,,,,,,,,
2141149,3/2/2026 13:30,broo,ws,19700,-220,c,ts,3/2/2026,8:30:06,0,,,0.6875,,,,,,,,,,,,,,,,,,,,,,,,,,,,,,,
2143915,3/3/2026 3:23,bura,ws,6700,-160,c,ts,3/2/2026,22:23:49,0,,,0.6154,w,0.7059,0.6226,0.6226,0.6942,0.6226,0.6139,,,,0.6154,0.6154,0.6154,,,,0.6753,0.6269,0.5968,0.7333,0.6491,0.6491,0.661,0.6296,0.6226,,,,0.6416,0.5918,0.5833
2143770,3/3/2026 3:06,bura,ws,29900,130,c,ts,3/2/2026,22:06:26,0,,,0.4348,w,0.697,0.5238,0.5238,0.6466,0.5,0.5,,,,0.4348,0.4348,0.4348,,,,0.6466,0.5475,0.5074,0.6491,0.4878,0.4878,0.5122,0.5,0.4762,,,,0.5763,0.4566,0.4587
2143760,3/3/2026 3:05,bura,ws,3400,280,l,ts,3/2/2026,22:05:15,0,,,0.2632,w,0.3333,0.3333,0.2273,0.3115,0.3115,0.1905,,,,0.303,0.2273,0.2273,,,,0.3257,0.3257,0.2427,0.3077,0.3077,0.2174,0.274,0.2381,0.2273,,,,0.2849,0.2591,0.1789
2143755,3/3/2026 3:04,bura,ws,3100,320,c,ts,3/2/2026,22:04:19,0,,,0.2381,w,0.3333,0.2381,0.2381,0.3058,0.2075,0.2119,,,,0.2381,0.2381,0.2381,,,,0.3155,0.2941,0.232,0.303,0.2273,0.2273,0.2469,0.2439,0.2439,,,,0.2577,0.1894,0.1953
2141232,3/2/2026 16:56,cani,ws,2600,434,d,ts,3/2/2026,11:56:56,0,,,0.1873,,0.25,,0.25,0.1873,,0.271,0.2667,,0.2703,,,,,,,,,,0.25,,0.25,,,,,,,0.2058,,0.216
2141074,3/2/2026 9:56,curb,ws,3400,220,d,ts,3/2/2026,4:56:31,0,,,0.3125,,,,,,,,,,,,,,,,,,,,,,,,,,,,,,,
2141098,3/2/2026 10:48,curb,ws,5100,340,c,ts,3/2/2026,5:48:55,0,,,0.2273,,,,,,,,,,,,,,,,,,,,,,,,,,,,,,,
2141059,3/2/2026 8:56,curb,ws,10100,140,c,ts,3/2/2026,3:56:08,0,,,0.4167,,,,,,,,,,,,,,,,,,,,,,,,,,,,,,,
2141084,3/2/2026 10:26,curb,ws,7200,-170,c,ts,3/2/2026,5:26:33,0,,,0.6296,,,,,,,,,,,,,,,,,,,,,,,,,,,,,,,
2141495,3/2/2026 20:33,drax,ws,3400,325,e,ts,3/2/2026,15:33:33,0,,,0.2353,l,0.303,0.303,0.25,0.3546,0.3546,0.2375,0.2941,0.2941,0.2564,0.3226,0.3226,0.2778,0.2353,0.2353,0.2353,0.3049,0.2941,0.2427,0.2941,0.2941,0.25,0.274,0.2532,0.2532,0.3077,0.2494,0.2494,0.2577,0.2519,0.211
2143993,3/3/2026 3:29,echa,ws,1800,800,c,ts,3/2/2026,22:29:50,0,,,0.1111,,0.1667,0.1,0.1,0.1585,0.0862,0.0862,,,,0.1111,0.1111,0.1,,,,0.159,0.0746,0.0852,0.1667,0.1053,0.1053,0.1111,,,,,,0.1225,0.0556,0.0561
2143757,3/3/2026 3:04,echa,ws,15800,-300,c,ts,3/2/2026,22:04:45,0,,,0.75,,0.8462,,,0.8514,,,,,,0.75,,,,,,0.8113,,,0.8621,,,0.7895,,,,,,0.7868,,
2143695,3/3/2026 2:55,echa,ws,7800,-240,c,ts,3/2/2026,21:55:44,0,,,0.7059,,0.7826,0.7826,0.7222,0.75,0.75,0.7525,,,,0.7059,0.7059,0.7059,,,,0.734,0.734,0.7245,0.7778,0.7778,0.7778,0.7826,0.7403,0.7297,,,,0.726,0.7159,0.6904
2143992,3/3/2026 3:29,echa,ws,2000,945,l,ts,3/2/2026,22:29:50,0,,,0.0957,,0.1667,0.1,0.1,0.1585,0.0862,0.0862,,,,0.1111,0.1111,0.1,,,,0.159,0.0746,0.0852,0.1667,0.1053,0.1053,0.1111,,,,,,0.1225,0.0556,0.0561
2141254,3/2/2026 17:31,enge,ws,5300,115,c,ts,3/2/2026,12:31:38,0,,,0.4651,,0.5238,,,0.5851,,,0.5238,,,0.4651,,,,,,,,,0.5413,,,,,,,,,0.4902,,
2141281,3/2/2026 18:16,enge,ws,13500,-300,c,ts,3/2/2026,13:16:47,0,,,0.75,,0.8571,0.7917,0.7917,0.8288,0.75,0.75,0.8131,0.7753,0.7753,0.75,0.75,0.75,,,,,,,0.8182,0.7647,0.7647,,,,,,,0.7778,0.7283,0.7283
2141258,3/2/2026 17:34,enge,ws,6700,110,c,ts,3/2/2026,12:34:39,0,,,0.4762,,0.5455,,,0.5726,,,0.5283,,,0.4762,,,,,,,,,0.5745,,,,,,,,,0.505,,
2141118,3/2/2026 12:07,fell,ws,17000,-380,c,ts,3/2/2026,7:07:42,0,,,0.7917,,,,,,,,,,,,,,,,,,,,,,,,,,,,,,,
2141111,3/2/2026 11:50,fell,ws,31600,-300,c,ts,3/2/2026,6:50:21,0,,,0.75,,,,,,,,,,,,,,,,,,,,,,,,,,,,,,,
2141110,3/2/2026 11:49,fell,ws,8200,-300,c,ts,3/2/2026,6:49:02,0,,,0.75,,,,,,,,,,,,,,,,,,,,,,,,,,,,,,,
2141120,3/2/2026 12:12,fell,ws,17500,-300,c,ts,3/2/2026,7:12:03,0,,,0.75,,,,,,,,,,,,,,,,,,,,,,,,,,,,,,,
2143518,3/3/2026 2:32,gala,ws,38400,-800,c,ts,3/2/2026,21:32:55,0,,,0.8889,,0.9722,0.9355,0.9355,0.9783,,,0.9615,0.901,0.901,0.8889,0.8889,0.8889,0.9722,0.9091,0.9091,0.9439,0.9158,0.9158,0.9901,0.9412,0.9412,0.9427,0.9427,0.9427,,,,0.9339,0.8875,0.8875
2141319,3/2/2026 18:32,goma,ws,3700,158,d,ts,3/2/2026,13:32:14,0,,,0.3876,,0.4348,0.4762,0.4762,0.3876,0.4049,0.4545,0.4545,0.4545,0.4902,0.4878,0.4878,0.4878,,,,0.4082,0.4878,0.4785,0.4444,0.4444,0.4878,0.4762,0.4878,0.4878,0.4545,0.4545,0.4545,0.4082,0.4255,0.4464
2141407,3/2/2026 19:43,goma,ws,3400,160,c,ts,3/2/2026,14:43:15,0,,,0.3846,,0.4651,0.3846,0.3846,0.4785,0.4785,0.4065,0.4348,0.4348,0.3704,0.3846,0.3846,0.3846,,,,0.4274,0.4274,0.4386,,,,0.4348,0.4,0.3846,,0.3636,0.3484,0.4049,0.3817,0.3436
2141465,3/2/2026 20:15,goma,ws,2600,400,c,ts,3/2/2026,15:15:31,0,,,0.2,,0.2632,0.1667,0.1667,0.2398,0.16,0.1621,0.2703,0.2041,0.1887,0.2,0.2,0.2,,,,0.232,0.1379,0.1486,0.2703,0.1905,0.1905,0.1961,0.1818,0.1818,0.2114,0.1531,0.1531,0.2179,0.1389,0.1383
2141431,3/2/2026 19:51,goma,ws,9600,-220,c,ts,3/2/2026,14:51:39,0,,,0.6875,,0.7778,,0.7222,0.7636,,0.7093,0.7531,,0.7059,0.6875,,0.6875,,,,0.7436,,0.6951,,,,0.7531,,0.7143,,,0.6855,0.7135,,0.6689
2141342,3/2/2026 18:40,harb,ws,3100,300,e,ts,3/2/2026,13:40:49,0,,,0.25,l,0.303,0.303,0.303,0.304,0.304,0.2967,0.3226,0.3226,0.3226,0.3333,0.3333,0.3333,0.25,0.25,0.25,0.274,0.274,0.2841,0.3226,0.3226,0.3226,0.3175,0.3125,0.3175,0.3077,0.3077,0.303,0.2695,0.2688,0.2703
2141208,3/2/2026 16:04,ivas,ws,5200,100,c,ts,3/2/2026,11:04:31,0,,,0.5,,0.5652,,0.5122,0.5671,,0.5122,0.5652,,0.5327,0.5,,0.5,,,,,,,0.5745,,0.5238,,,,,,,0.5215,,0.4808
2141183,3/2/2026 15:32,ivas,ws,3100,160,m,ts,3/2/2026,10:32:40,0,,,0.3846,,0.4444,0.5,0.5,0.4167,0.4975,0.4975,0.4587,0.495,0.495,0.4444,0.4878,0.4878,,,,,,,0.3846,0.4348,0.4348,,,,,,,0.4016,0.4505,0.4505
2141252,3/2/2026 17:17,ivas,ws,7500,-195,f,ts,3/2/2026,12:17:05,0,,,0.661,,0.661,,0.661,0.7608,,0.7409,0.7468,,0.7333,0.7727,,0.75,,,,,,,0.7403,,0.7403,,,,,,,0.6815,,0.6732
2141533,3/2/2026 20:41,jarr,ws,8300,-380,c,ts,3/2/2026,15:41:41,0,,,0.7917,,0.8667,0.7826,0.7826,0.878,0.878,0.8084,0.8621,0.8621,0.7409,0.7917,0.7917,0.7917,0.6667,0.6667,0.6667,0.8302,0.8016,0.7537,0.8621,0.8621,0.7778,0.8148,0.7959,0.8,,,,0.8058,0.7788,0.7305
2141554,3/2/2026 20:49,jarr,ws,3000,270,b,ts,3/2/2026,15:49:28,0,,,0.2703,,0.3333,0.3333,0.3333,,0.3704,0.3704,0.2703,0.3333,0.3333,,,,0.3509,0.3704,0.3704,0.3155,0.3257,0.3356,0.3448,0.3448,0.3448,0.3509,0.3571,0.3571,0.369,0.369,0.369,0.289,0.3058,0.3067
2141478,3/2/2026 20:24,jarr,ws,11600,175,c,ts,3/2/2026,15:24:09,0,,,0.3636,,0.4545,0.3226,0.3226,0.4926,0.3663,0.3509,0.4717,0.2941,0.3448,0.3636,0.3636,0.3636,0.4878,0.3509,0.3509,0.4484,0.3155,0.3155,0.4762,0.3448,0.3448,0.3846,0.3448,0.3571,0.369,0.3663,0.3663,0.4098,0.2915,0.3049
2141524,3/2/2026 20:40,jarr,ws,26300,-110,c,ts,3/2/2026,15:40:28,0,,,0.5238,,0.6875,0.4762,0.4762,0.7059,0.5169,0.5169,0.6774,0.5305,0.5305,0.5238,0.5238,0.5238,0.6667,0.6667,0.6667,0.6364,0.4587,0.4484,0.6774,0.4878,0.4878,0.5238,0.5122,0.5,0.5146,0.5146,0.5169,0.6283,0.4762,0.4739
2141162,3/2/2026 13:54,johg,ws,3200,400,c,ts,3/2/2026,8:54:07,0,,,0.2,,,,,,,,,,,,,,,,,,,,,,,,,,,,,,,
2144063,3/3/2026 3:38,kasi,ws,5200,230,c,ts,3/2/2026,22:38:39,0,,,0.303,w,0.3922,0.303,,0.3876,0.4049,,0.3922,0.2985,,0.303,0.303,,0.3846,0.3846,,,,,0.3937,0.3937,,0.339,0.3226,,,,,0.3378,0.2959,
2143708,3/3/2026 2:59,kasi,ws,4800,120,c,ts,3/2/2026,21:59:03,0,,,0.4545,w,0.5,0.5,0.4255,0.5413,0.5413,0.5327,0.5305,0.5305,0.4484,0.4545,0.4545,0.4545,0.5238,0.5238,0.5238,,,,0.5745,0.5745,0.5745,0.5122,0.4878,0.4651,,,,0.4785,0.4717,0.4274
2143566,3/3/2026 2:36,kopr,ws,37600,-355,l,ts,3/2/2026,21:36:12,0,,,0.7802,w,0.8889,0.7826,,0.8901,0.7773,,0.8851,0.7826,,0.7727,0.7727,,0.9,0.7895,,0.8684,0.7537,,0.8889,0.7647,,0.7895,0.7802,,,,,0.8302,0.7354,
2141907,3/2/2026 23:55,krau,ws,4900,121,d,ts,3/2/2026,18:55:38,0,,,0.4525,,0.5556,0.5556,0.5556,0.4525,0.5327,0.5327,0.495,0.5238,0.5238,,,,0.4762,0.5122,0.5122,,,,,,,0.5238,0.5349,0.5349,,,,0.4762,0.4975,0.4975
2141309,3/2/2026 18:28,maes,ws,6000,-240,c,ts,3/2/2026,13:28:38,0,,,0.7059,w,0.7727,0.7727,0.75,0.7917,0.7691,0.7691,0.7468,0.7354,0.7354,0.7059,0.7059,0.7059,0.6875,0.6875,0.6875,0.7537,0.734,0.734,0.7778,0.7778,0.7778,0.7778,0.7727,0.7727,0.7908,0.7849,0.7849,0.7207,0.7151,0.711
2141300,3/2/2026 18:26,maes,ws,4800,-140,c,ts,3/2/2026,13:26:10,0,,,0.5833,w,0.6429,0.6296,0.6296,0.6241,0.6169,0.6183,0.6255,0.6255,0.6255,0.5833,0.5833,0.5833,0.6491,0.6296,0.6296,0.6364,0.6269,0.6269,0.6774,0.6774,0.6774,0.6552,0.6552,0.6552,0.6667,0.654,0.654,0.6,0.5968,0.5984
2141302,3/2/2026 18:26,maes,ws,7500,-150,c,ts,3/2/2026,13:26:22,0,,,0.6,w,0.6774,0.6429,0.6429,0.6667,0.6491,0.6241,0.6552,0.6255,0.6255,0.6,0.5833,0.5833,0.6667,0.6491,0.6491,0.6667,0.6466,0.6364,0.7143,0.6774,0.6774,0.661,0.6552,0.6552,0.6667,0.6667,0.6667,0.6241,0.6016,0.6
2141547,3/2/2026 20:47,maes,ws,11400,103,d,ts,3/2/2026,15:47:34,0,,,0.4926,w,0.5745,0.5745,0.5745,0.4926,0.5283,0.5283,0.639,0.5763,0.5763,0.5455,0.5455,0.5455,0.5556,0.5556,0.5556,0.705,0.5475,0.5475,0.5833,0.5833,0.5833,0.5833,0.5745,0.5745,,,,0.5413,0.5283,0.5283
2141575,3/2/2026 21:12,meri,ws,3000,185,e,ts,3/2/2026,16:12:20,0,,,0.3509,,0.4082,0.3846,0.3846,,,,,,,,,,0.3509,0.3509,0.3333,0.4184,0.4082,0.4082,0.4,0.4,0.3846,,,,,,,0.3676,0.3571,0.3509
2141426,3/2/2026 19:47,moch,ws,8600,100,c,ts,3/2/2026,14:47:55,0,,,0.5,w,0.5918,0.5238,0.5238,0.5726,0.5122,0.5122,0.5781,0.5781,0.5327,0.5,0.5,0.5,,,,0.5671,0.5169,0.5169,,,,0.5652,0.5349,0.5349,0.5283,0.5283,0.5192,0.5349,0.5,0.4926
2141463,3/2/2026 20:15,moch,ws,23200,-400,c,ts,3/2/2026,15:15:02,0,,,0.8,w,0.8947,0.8113,0.8113,0.8851,0.8095,0.8095,0.8773,0.7753,0.7753,0.8,0.8,0.8,,,,0.8779,0.8208,0.8302,0.8889,0.8182,0.8182,0.8438,0.8291,0.8319,0.8408,0.8408,0.8408,0.8384,0.7722,0.7743
2141400,3/2/2026 19:39,moch,ws,6400,-240,c,ts,3/2/2026,14:39:45,0,,,0.7059,w,0.7778,0.7778,0.7778,,0.7449,0.7416,0.759,0.7468,0.759,0.7059,0.7059,0.7059,,,,0.7537,0.7436,0.7537,0.75,0.75,0.75,0.7727,0.7727,0.7778,0.7917,0.7917,0.7917,0.7214,0.7159,0.7207
2141337,3/2/2026 18:39,moch,ws,6500,-266,d,ts,3/2/2026,13:39:33,0,,,0.7268,w,0.7917,0.8113,0.8113,0.7268,0.7531,0.7531,0.7701,0.7826,0.7826,0.7619,0.7619,0.7619,,,,0.7727,0.7826,0.7826,0.7778,0.8,0.8,0.7938,0.7917,0.7917,0.8069,0.8069,0.8069,0.7416,0.7525,0.7519
2141073,3/2/2026 9:56,napo,ws,29000,-2000,c,ts,3/2/2026,4:56:02,0,,,0.9524,,,,,,,,,,,,,,,,,,,,,,,,,,,,,,,
2141067,3/2/2026 9:18,napo,ws,9700,-536,d,ts,3/2/2026,4:18:17,0,,,0.8428,,,,,,,,,,,,,,,,,,,,,,,,,,,,,,,
2141155,3/2/2026 13:34,nisk,ws,36800,-240,c,ts,3/2/2026,8:34:10,0,,,0.7059,,,,,,,,,,,,,,,,,,,,,,,,,,,,,,,
2141130,3/2/2026 12:41,nisk,ws,17100,-600,c,ts,3/2/2026,7:41:00,0,,,0.8571,,,,,,,,,,,,,,,,,,,,,,,,,,,,,,,
2141124,3/2/2026 12:17,nisk,ws,12000,-401,d,ts,3/2/2026,7:17:21,0,,,0.8004,,,,,,,,,,,,,,,,,,,,,,,,,,,,,,,
2141090,3/2/2026 10:37,pier,ws,16700,140,c,ts,3/2/2026,5:37:29,0,,,0.4167,,,,,,,,,,,,,,,,,,,,,,,,,,,,,,,
2141065,3/2/2026 9:09,pier,ws,5400,150,c,ts,3/2/2026,4:09:13,0,,,0.4,,,,,,,,,,,,,,,,,,,,,,,,,,,,,,,
2141063,3/2/2026 9:08,pier,ws,3900,150,c,ts,3/2/2026,4:08:14,0,,,0.4,,,,,,,,,,,,,,,,,,,,,,,,,,,,,,,
2141096,3/2/2026 10:46,pier,ws,12500,-210,m,ts,3/2/2026,5:46:44,0,,,0.6774,,,,,,,,,,,,,,,,,,,,,,,,,,,,,,,
2141046,3/2/2026 8:09,prid,ws,5100,182,d,ts,3/2/2026,3:09:53,0,,,0.3546,,,,,,,,,,,,,,,,,,,,,,,,,,,,,,,
2141039,3/2/2026 7:45,prid,ws,5600,-125,c,ts,3/2/2026,2:45:29,0,,,0.5556,,,,,,,,,,,,,,,,,,,,,,,,,,,,,,,
2141234,3/2/2026 16:59,ribd,ws,5700,160,c,ts,3/2/2026,11:59:15,0,,,0.3846,,0.4762,0.4348,0.4348,0.4202,0.4016,0.3968,0.4651,0.4167,0.431,0.3846,0.3846,0.3846,,,,,,,,,,,,,,,,0.4149,0.3759,0.3831
2141184,3/2/2026 15:33,ribd,ws,3000,200,c,ts,3/2/2026,10:33:14,0,,,0.3333,,0.4255,0.3774,0.3774,0.3968,0.3509,0.3509,0.3846,0.3472,0.3472,0.3333,0.3333,0.3226,,,,,,,,,,,,,,,,0.3509,0.3115,0.3106
2141191,3/2/2026 15:40,ribd,ws,2100,750,d,ts,3/2/2026,10:40:09,0,,,0.1176,,0.1667,0.2381,0.2381,0.1176,0.1927,0.1927,0.1923,0.2381,0.2381,0.2273,0.2273,0.2273,,,,,,,,,,,,,,,,0.1335,0.1887,0.1887
2141197,3/2/2026 15:49,ribd,ws,5700,190,c,ts,3/2/2026,10:49:55,0,,,0.3448,,0.4255,0.3636,0.3636,0.3817,0.3484,0.3401,0.4386,0.4032,0.4032,0.3448,0.3448,0.3448,,,,,,,,,,,,,,,,0.3774,0.3311,0.33
2141041,3/2/2026 7:59,rist,ws,6800,130,m,ts,3/2/2026,2:59:51,0,,,0.4348,,,,,,,,,,,,,,,,,,,,,,,,,,,,,,,
2141051,3/2/2026 8:24,rist,ws,5000,-145,c,ts,3/2/2026,3:24:05,0,,,0.5918,,,,,,,,,,,,,,,,,,,,,,,,,,,,,,,
2141196,3/2/2026 15:49,safi,ws,11500,-170,c,ts,3/2/2026,10:49:22,0,,,0.6296,,0.7222,0.6491,0.6429,0.7085,0.6416,0.6416,,,,0.6296,0.6296,0.6296,,,,,,,0.7143,0.6552,0.6552,,,,,,,0.6644,0.6047,0.6032
2141178,3/2/2026 15:28,safi,ws,8700,125,c,ts,3/2/2026,10:28:22,0,,,0.4444,,0.5455,,,0.5,,,,,,0.4444,,,,,,,,,,,,,,,,,,0.4854,,
2141212,3/2/2026 16:09,safi,ws,8100,-300,c,ts,3/2/2026,11:09:25,0,,,0.75,,0.8113,,,0.7881,,,,,,0.75,,,,,,,,,0.8182,,,,,,,,,0.7669,,
2141174,3/2/2026 15:13,safi,ws,5200,135,m,ts,3/2/2026,10:13:13,0,,,0.4255,,0.5,0.5,0.5,0.4587,0.5098,0.4975,,,,0.5,0.5,0.5,,,,,,,0.4255,0.4651,0.4651,,,,,,,0.4525,0.463,0.4608
2141109,3/2/2026 11:44,sels,ws,3100,300,c,ts,3/2/2026,6:44:43,0,,,0.25,,,,,,,,,,,,,,,,,,,,,,,,,,,,,,,
2141146,3/2/2026 13:27,sels,ws,4900,115,m,ts,3/2/2026,8:27:37,0,,,0.4651,,,,,,,,,,,,,,,,,,,,,,,,,,,,,,,
2141134,3/2/2026 13:06,sels,ws,3100,218,d,ts,3/2/2026,8:06:01,0,,,0.3145,,,,,,,,,,,,,,,,,,,,,,,,,,,,,,,
2141153,3/2/2026 13:33,sels,ws,3500,175,c,ts,3/2/2026,8:33:18,0,,,0.3636,,,,,,,,,,,,,,,,,,,,,,,,,,,,,,,
2141277,3/2/2026 18:13,shis,ws,4900,102,f,ts,3/2/2026,13:13:55,0,,,0.495,w,0.495,0.495,0.495,0.5816,0.5816,0.5816,0.5633,0.5633,0.5633,0.5745,0.5745,0.5745,0.5556,0.5556,0.5556,0.537,0.537,0.537,0.5556,0.5556,0.5556,0.5745,0.5745,0.5745,0.5614,0.5614,0.5614,0.5146,0.5146,0.5146
2141383,3/2/2026 19:17,shis,ws,6600,-196,d,ts,3/2/2026,14:17:30,0,,,0.6622,w,0.7619,0.7619,0.7222,0.6622,0.6622,0.6622,0.7143,0.7143,0.7143,0.7222,0.6875,0.6875,,0.7143,0.7143,0.6855,0.6951,0.6855,0.7333,0.7333,0.7333,0.7297,0.7101,0.697,0.7475,0.7041,0.7041,0.6805,0.6774,0.6667
2141218,3/2/2026 16:18,skat,ws,3900,210,c,ts,3/2/2026,11:18:55,0,,,0.3226,,0.3922,,,0.4,,,,,,0.3226,,,,,,,,,0.3846,,,,,,,,,0.346,,
2141299,3/2/2026 18:24,smic,ws,5300,125,c,ts,3/2/2026,13:24:25,0,,,0.4444,l,0.5122,0.4444,0.4444,0.5434,0.5434,0.4525,0.5074,0.5074,0.4545,0.4444,0.4444,0.4444,0.5455,0.5455,0.4762,0.4975,0.4785,0.4386,0.5122,0.5122,0.4545,0.4878,0.4651,0.4651,0.5098,0.4367,0.4367,0.4695,0.4525,0.4167
2141423,3/2/2026 19:46,smic,ws,7100,340,c,ts,3/2/2026,14:46:28,0,,,0.2273,l,0.3333,0.2,,0.3636,,,0.3333,0.2299,,0.2273,0.2273,,,0.3509,,0.3049,0.274,,0.3448,0.2309,,0.2667,0.2247,,0.1992,0.1992,,0.2793,0.1862,
2141370,3/2/2026 19:01,smic,ws,6100,-140,l,ts,3/2/2026,14:01:21,0,,,0.5833,l,0.6364,0.5455,0.5455,0.6364,0.5575,0.5575,0.6429,0.5851,0.5851,0.6296,0.5556,0.5556,0.6491,0.5652,0.5652,0.6364,0.5671,0.5575,0.6667,0.5833,0.5833,0.5833,0.5652,0.5745,0.5516,0.5516,,0.6047,0.5305,0.5305
2141275,3/2/2026 18:13,smic,ws,4800,107,d,ts,3/2/2026,13:13:17,0,,,0.4831,l,0.5614,,0.5614,0.4831,,0.537,0.5215,,0.5413,0.5122,,0.5455,0.5238,,0.5455,0.537,,0.5475,0.5455,,0.5745,0.5556,,0.5652,0.5516,,0.5475,0.5025,,0.5192
2144172,3/3/2026 3:48,stef,ws,5400,210,c,ts,3/2/2026,22:48:25,0,,,0.3226,l,0.4348,0.3333,0.3333,0.4098,0.2967,0.2967,0.3922,0.3922,0.3226,0.3226,0.3226,0.3226,0.4,0.4,0.3077,,,,0.4167,0.4167,0.3226,0.3571,0.3226,0.3279,,,,0.3559,0.3125,0.2833
2144220,3/3/2026 3:52,stef,ws,17000,105,c,ts,3/2/2026,22:52:44,0,,,0.4878,l,0.6429,0.5122,0.5122,0.6255,0.4926,0.4926,0.6255,0.4673,0.4673,0.4878,0.4878,0.4878,0.6296,0.5,0.5,,,,0.6491,0.5122,0.5122,0.5349,0.5122,0.5122,,,,0.5652,0.4651,0.4651
2144038,3/3/2026 3:36,stef,ws,6000,-132,d,ts,3/2/2026,22:36:37,0,,,0.569,l,0.6226,,,0.569,,,0.6,,,0.6774,,,0.6154,,,,,,0.6,,,0.6491,,,,,,0.5816,,
2143697,3/3/2026 2:56,stef,ws,6300,-160,c,ts,3/2/2026,21:56:14,0,,,0.6154,l,0.7222,0.7222,0.6491,0.6988,0.6988,0.6154,0.6774,0.6774,0.6226,0.6154,0.6154,0.6154,0.6875,0.6875,0.6875,,,,0.6552,0.6552,0.6552,0.6721,0.6429,0.6296,,,,0.635,0.6283,0.6016
2143737,3/3/2026 3:02,svat,ws,5600,136,d,ts,3/2/2026,22:02:43,0,,,0.4237,l,0.5,0.5,0.4255,0.4237,0.4237,0.3704,0.5098,0.5098,0.463,0.4878,0.4348,0.4348,0.4545,0.4545,0.4,0.4878,0.4785,0.4184,0.505,0.505,0.4545,0.4651,0.4444,0.4545,,,,0.4525,0.4464,0.4016
2143730,3/3/2026 3:01,svat,ws,3400,164,d,ts,3/2/2026,22:01:36,0,,,0.3788,l,0.4255,0.4255,0.4545,0.3788,0.3817,0.3817,0.4587,0.4444,0.4444,0.4348,0.4348,0.4348,0.4,0.4,0.4,0.4386,0.4184,0.4184,0.4444,0.4444,0.4444,0.4444,0.4348,0.4348,,,,0.3984,0.3953,0.4
2143368,3/3/2026 2:19,svat,ws,7600,280,c,ts,3/2/2026,21:19:39,0,,,0.2632,l,0.3846,0.3333,0.3333,0.3906,0.3012,0.3012,0.3226,0.274,0.274,0.2632,0.2632,0.2632,0.3509,,,0.3774,0.346,0.3155,0.3448,0.2941,0.2941,0.3226,0.2985,0.2941,,,,0.3115,0.2538,0.2604
2143406,3/3/2026 2:21,svat,ws,5900,190,c,ts,3/2/2026,21:21:38,0,,,0.3448,l,0.4255,0.4082,0.4348,0.4348,0.3968,0.3984,0.4202,0.4,0.4115,0.3448,0.3448,0.3448,0.4167,0.4,0.4,0.4184,0.4082,0.3876,0.4082,0.3846,0.3846,0.4082,0.4167,0.4167,,,,0.3788,0.3571,0.3676
2143732,3/3/2026 3:02,svrc,ws,7600,-250,m,ts,3/2/2026,22:02:15,0,,,0.7143,w,0.7727,,,0.7347,,,0.7468,,,0.7727,,,0.75,,,0.7537,,,0.7143,,,0.802,,,,,,0.7207,,
2143810,3/3/2026 3:10,svrc,ws,6200,-135,c,ts,3/2/2026,22:10:44,0,,,0.5745,w,0.6774,0.6154,0.6154,0.6528,0.5726,0.5726,0.6503,0.5851,0.5851,0.5745,0.5745,0.5745,0.6491,0.5833,0.5833,0.6564,0.5868,0.5868,0.6154,0.5413,0.5413,0.6078,0.6,0.6,,,,0.5984,0.5536,0.5536
2143846,3/3/2026 3:14,svrc,ws,13900,-170,c,ts,3/2/2026,22:14:09,0,,,0.6296,w,0.7619,0.6364,0.6364,0.7015,0.5745,0.5745,0.7059,0.5851,0.5851,0.6296,0.6296,0.6296,0.7333,0.6154,0.6154,0.7245,0.6364,0.6269,0.6774,0.5455,0.5455,0.6296,0.6,0.6078,,,,0.6721,0.5633,0.5726
2141473,3/2/2026 20:21,trav,ws,5200,125,c,ts,3/2/2026,15:21:53,0,,,0.4444,,0.5238,0.5238,0.5122,0.5122,0.5122,0.4739,0.4902,0.4902,0.4762,0.4444,0.4444,0.4444,0.5122,0.5,0.5,0.4975,0.4975,0.4975,0.5122,0.5122,0.4878,0.5122,0.5,0.5,0.505,0.4854,0.4854,0.4695,0.4673,0.4505
2141630,3/2/2026 21:40,trav,ws,4300,400,c,ts,3/2/2026,16:40:13,0,,,0.2,,0.2632,,0.1667,0.2433,,0.1529,0.2941,,0.2174,0.2,,0.2,0.25,,0.1754,0.2632,,0.1905,0.2778,,0.1905,0.1869,,0.1887,0.1642,,0.1642,0.2304,,0.1504
2141580,3/2/2026 21:13,trav,ws,3400,220,m,ts,3/2/2026,16:13:42,0,,,0.3125,,0.3846,0.3846,0.3846,,0.3584,0.3623,0.3802,0.3774,0.3802,0.3333,0.3333,0.3333,,,,0.3663,0.3559,0.3559,0.3125,0.3125,0.3125,0.3704,0.3704,0.3704,0.3521,0.3521,0.3521,0.3333,0.3289,0.33
2141574,3/2/2026 21:11,trav,ws,5300,145,m,ts,3/2/2026,16:11:28,0,,,0.4082,,0.5,,0.5238,0.4717,,0.5192,0.4717,,0.4878,,,0.3774,0.4545,,0.5,0.4386,,0.4695,0.4082,,0.4545,0.5122,,0.5122,0.4762,,0.4975,0.4348,,0.4505
2141783,3/2/2026 23:15,tsen,ws,3300,160,c,ts,3/2/2026,18:15:06,0,,,0.3846,w,0.4255,0.3636,,0.4808,0.4785,,0.4444,0.4444,,0.3846,0.3846,,,,,0.4386,0.4386,,,,,0.4444,0.4255,,,,,0.4032,0.3876,
2141632,3/2/2026 21:41,vuki,ws,24400,-445,l,ts,3/2/2026,16:41:07,0,,,0.8165,,0.9167,0.8214,0.8214,0.8837,0.8134,0.8134,0.8773,0.7938,0.7938,0.8,0.8,0.8,0.8889,0.8182,0.8182,0.8684,0.8113,0.8113,0.9091,0.8182,0.8182,0.8333,0.8148,0.8148,0.8288,0.8288,0.8288,0.8408,0.7722,0.7722
2141631,3/2/2026 21:41,vuki,ws,31600,-400,c,ts,3/2/2026,16:41:06,0,,,0.8,,0.9167,,,0.8837,,,0.8773,,,0.8,,,0.8889,,,0.859,,,0.9091,,,0.8165,,,0.8288,,,0.8527,,
2141767,3/2/2026 23:08,ymee,ws,5700,129,d,ts,3/2/2026,18:08:13,0,,,0.4367,w,0.5,0.5,0.5,0.4367,0.4367,0.4367,0.495,0.495,0.495,0.5122,0.5122,0.5122,0.4762,0.4762,0.4762,0.4878,0.4785,0.4785,0.5349,0.5349,0.5349,0.5238,0.5238,0.5238,,,,0.4651,0.463,0.463
2141798,3/2/2026 23:19,ymee,ws,6300,-117,d,ts,3/2/2026,18:19:04,0,,,0.5392,w,0.6154,0.5918,0.5918,0.5392,0.5261,0.5261,0.5885,0.569,0.569,0.5918,0.5918,0.5918,0.5652,0.5652,0.5556,0.5968,0.5671,0.5671,0.6491,0.6491,0.6226,0.6,0.5918,0.5918,,,,0.5633,0.5434,0.5413
2141768,3/2/2026 23:08,ymee,ws,7000,100,l,ts,3/2/2026,18:08:24,0,,,0.5,w,0.5745,0.5,0.5,0.5413,0.4367,0.4367,0.5556,0.5556,0.495,0.5556,0.5122,0.5122,0.5556,0.5556,0.4762,0.5575,0.5283,0.4878,0.6078,0.6078,0.5349,0.5122,0.5,0.5122,,,,0.5283,0.4854,0.463
2141858,3/2/2026 23:35,ymee,ws,3800,273,d,ts,3/2/2026,18:35:53,0,,,0.2681,w,0.3448,,0.3333,0.2681,,,0.3509,,0.339,0.3448,,0.3448,0.2941,,0.2941,0.3049,,0.2941,0.3448,,0.3333,0.3226,,0.3175,,,,0.2924,,0.2849
2141895,3/2/2026 23:49,zarr,ws,2500,417,d,ts,3/2/2026,18:49:38,0,,,0.1934,l,0.2857,0.2857,0.2857,0.1934,0.2033,0.2008,0.25,0.25,0.2564,0.2778,0.2778,0.2778,0.2273,0.2273,0.2273,,,,0.25,0.2632,0.2632,0.2469,0.25,0.2597,,,,0.211,0.2151,0.2188
2141866,3/2/2026 23:39,zarr,ws,3200,368,d,ts,3/2/2026,18:39:45,0,,,0.2137,l,0.3333,,0.2941,0.2137,,0.2137,0.2817,,0.2817,0.2941,,0.2941,0.2353,,0.2353,,,,0.2632,,0.2632,0.2632,,0.2597,,,,0.2353,,0.2304
2141730,3/2/2026 22:41,zarr,ws,6700,-158,f,ts,3/2/2026,17:41:42,0,,,0.6124,l,0.6124,,0.6124,0.6865,,0.6885,0.6667,,0.6667,0.6774,,0.6774,0.6875,,0.6875,,,,0.7015,,0.7015,0.6923,,0.697,0.7085,,0.7118,0.6337,,0.6296
2141364,3/2/2026 18:53,zepp,ws,15100,-220,c,ts,3/2/2026,13:53:52,0,,,0.6875,,0.7619,0.6552,0.6552,0.7984,0.6885,0.6885,0.7826,0.7143,0.7143,0.6875,0.6875,0.6875,,,,,,,0.7778,0.7015,0.7015,,,,,,,0.7268,0.6466,0.6466
2145072,3/3/2026 21:12,agud,ws,5900,105,l,ts,3/3/2026,16:12:34,0,,,0.4878,w,,,,0.5575,0.569,0.5434,0.5455,0.5455,0.5455,0.5556,0.4651,0.4651,,,,,,,,,,0.5122,0.4762,0.4444,,,,0.5122,0.5025,0.5
2145035,3/3/2026 20:59,agud,ws,6400,-179,d,ts,3/3/2026,15:59:01,0,,,0.6416,w,,,,0.6416,,,0.6721,,,0.7727,,,,,,,,,,,,0.7368,,,,,,0.6599,,
2145068,3/3/2026 21:12,agud,ws,12600,125,l,ts,3/3/2026,16:12:26,0,,,0.4444,w,,,,0.569,0.4016,0.4016,0.5455,0.431,0.431,0.4651,0.4651,0.4651,,,,,,,,,,0.4878,0.4545,0.4651,,,,0.4785,0.4016,0.4049
2145179,3/3/2026 21:39,agud,ws,22600,-550,c,ts,3/3/2026,16:39:55,0,,,0.8462,w,,,,0.9333,0.8701,0.8701,0.9524,0.8851,0.8851,0.8462,0.8462,0.8462,,,,,,,,,,0.8925,0.8925,0.8895,,,,0.8752,0.844,0.8428
2145225,3/3/2026 22:00,alvf,ws,7800,650,c,ts,3/3/2026,17:00:02,0,,,0.1333,,0.2381,,,0.1965,,,0.2532,,,0.1333,,,,,,,,,0.2439,,,,,,,,,0.1905,,
2144972,3/3/2026 20:14,alvf,ws,12800,-135,c,ts,3/3/2026,15:14:44,0,,,0.5745,,0.6875,0.6154,0.6154,0.6774,0.6,0.5968,0.6923,0.6552,0.6429,0.5745,0.5745,0.5745,,,,,,,0.6364,0.5745,0.5745,,,,,,,0.6198,0.5798,0.5763
2144968,3/3/2026 20:13,alvf,ws,5200,-105,c,ts,3/3/2026,15:13:48,0,,,0.5122,,0.5652,0.5652,0.5652,0.5455,0.4975,0.4975,0.6032,0.6032,0.6032,0.5122,0.5122,0.5122,,,,,,,,,,,,,,,,0.5327,0.5283,0.5283
2145220,3/3/2026 21:57,alvf,ws,2100,800,c,ts,3/3/2026,16:57:08,0,,,0.1111,,0.1667,0.1,0.1,0.1408,0.0833,0.0833,0.1961,0.1333,0.1333,0.1111,0.1111,0.1111,,,,,,,0.1818,0.1111,0.1111,,,,,,,0.1271,0.0647,0.0647
2145905,3/4/2026 0:17,barn,ws,6800,190,c,ts,3/3/2026,19:17:11,0,,,0.3448,l,0.4167,0.3125,0.3125,0.4444,0.3333,0.3333,0.4717,0.4,0.4,0.3448,0.3448,0.3774,0.4167,0.3333,,,,,0.4444,0.3636,0.3636,0.3774,0.3704,0.3704,,,,0.3831,0.3195,0.3226
2145503,3/3/2026 23:47,barn,ws,7200,-380,c,ts,3/3/2026,18:47:39,0,,,0.7917,l,0.8571,0.8214,0.8214,0.8224,0.8224,0.8148,0.8485,0.8485,0.8198,0.7917,0.7917,0.7917,0.8333,0.8333,0.7895,,,,0.84,0.84,0.8095,0.8485,0.8291,0.8198,,,,0.8054,0.7934,0.7773
2145272,3/3/2026 22:27,barn,ws,6200,-240,c,ts,3/3/2026,17:27:41,0,,,0.7059,l,0.7674,0.7674,0.7222,0.7908,0.7835,0.7423,0.759,0.759,0.7409,0.7059,0.7059,0.7059,0.6667,0.6667,0.6667,,,,0.7647,0.7647,0.7647,0.7701,0.7531,0.7468,,,,0.7207,0.7159,0.6904
2145259,3/3/2026 22:18,barn,ws,6600,-250,f,ts,3/3/2026,17:18:45,0,,,0.7143,l,0.7143,0.7143,0.7143,0.8148,0.8148,0.812,0.7701,0.7701,0.7701,0.7917,0.7917,0.7368,0.7778,0.7778,0.7778,,,,0.7647,0.7647,0.7647,0.7895,0.7895,0.7778,,,,0.7297,0.7297,0.723
2144829,3/3/2026 15:52,blan,ws,14500,-135,c,ts,3/3/2026,10:52:33,0,,,0.5745,w,0.6774,0.5918,0.5918,0.631,0.5122,0.5122,0.7015,0.6109,0.6364,0.5745,0.5745,0.5745,,,,,,,0.6667,0.5833,0.5833,,,,,,,0.6255,0.5475,0.5516
2144834,3/3/2026 16:02,blan,ws,6000,150,c,ts,3/3/2026,11:02:24,0,,,0.4,w,0.4762,0.4255,0.4255,0.4739,0.4219,0.4386,0.4717,0.431,0.431,0.4,0.4,0.4,,,,,,,0.5,0.4545,0.4545,,,,,,,0.431,0.3876,0.3876
2144847,3/3/2026 16:20,blan,ws,13600,-600,c,ts,3/3/2026,11:20:48,0,,,0.8571,w,0.9167,0.875,0.875,0.9123,0.8611,0.8611,0.9177,0.8773,0.8773,0.8571,0.8571,0.8571,,,,,,,0.9167,0.875,0.875,,,,,,,0.8733,0.8339,0.8339
2144825,3/3/2026 15:48,blan,ws,10600,120,c,ts,3/3/2026,10:48:52,0,,,0.4545,w,0.5455,0.4762,0.4762,0.5215,,,0.5763,0.5122,0.5122,0.4545,0.4545,0.4545,,,,,,,0.5349,0.4651,0.4651,,,,,,,0.5025,0.4464,0.4464
2144817,3/3/2026 15:30,boyt,ws,300,1300,d,ts,3/3/2026,10:30:35,0,,,0.0714,l,0.1429,0.1429,0.1429,0.0714,,0.0714,0.1429,0.1429,0.1429,0.1111,0.1111,0.1111,,,,,,,0.1379,0.1379,0.1379,,,,,,,0.0883,0.0913,0.0883
2144798,3/3/2026 13:53,erha,ws,5100,230,c,ts,3/3/2026,8:53:51,0,,,0.303,,0.3846,0.3125,0.3125,0.3546,0.2717,0.2667,0.4,0.3226,0.339,0.303,0.303,0.303,,,,,,,0.3636,0.3077,0.3077,,,,,,,0.3333,0.2688,0.2717
2144895,3/3/2026 18:46,frul,ws,2200,471,d,ts,3/3/2026,13:46:04,0,,,0.1751,l,0.2273,0.2381,0.2381,0.1751,0.1876,0.1876,0.2439,0.2439,0.2564,0.25,0.25,0.25,0.2353,0.2353,0.2353,,,,0.2309,0.2309,0.2439,0.2381,0.2532,0.2564,,,,0.1905,0.1972,0.2028
2145986,3/4/2026 0:20,gala,ws,8600,-140,c,ts,3/3/2026,19:20:16,0,,,0.5833,,0.6774,0.6364,0.6364,0.661,0.6047,0.6047,0.6552,0.6255,0.6255,0.5833,0.5833,0.5833,0.6667,0.6296,0.6296,0.6564,0.6269,0.6269,0.6667,0.6226,0.6226,0.6364,0.6296,0.6296,,,,0.6124,0.5868,0.5868
2146027,3/4/2026 0:22,gala,ws,9300,-190,c,ts,3/3/2026,19:22:09,0,,,0.6552,,0.7436,0.697,0.697,0.7531,0.7403,0.6764,0.7101,0.7101,0.6667,0.6552,0.6552,0.6552,0.7333,0.7333,0.6875,0.7245,0.6753,0.6753,0.7333,0.7333,0.6774,0.7015,0.6923,0.6923,,,,0.6815,0.661,0.6377
2145574,3/4/2026 0:02,gala,ws,8000,-130,c,ts,3/3/2026,19:02:07,0,,,0.5652,,0.6667,0.6296,0.6296,0.6154,0.5868,0.5951,0.6226,0.5968,0.5968,0.5652,0.5652,0.5652,0.6296,0.6,0.6,0.6364,0.6078,0.6078,0.6226,0.6078,0.6078,0.6154,0.6154,0.6078,,,,0.5935,0.5708,0.569
2145598,3/4/2026 0:04,gala,ws,12700,-150,c,ts,3/3/2026,19:04:04,0,,,0.6,,0.7222,0.6875,0.6875,0.7059,0.6183,0.6183,0.6774,0.6454,0.6255,0.6,0.6,0.6,0.6875,0.6491,0.6491,0.6753,0.6466,0.6466,0.6875,0.6491,0.6491,0.661,0.661,0.661,,,,0.6403,0.6094,0.6032
2145355,3/3/2026 23:17,galf,ws,7500,900,c,ts,3/3/2026,18:17:45,0,,,0.1,l,0.2222,0.1667,0.1667,0.2342,0.1282,0.1282,0.2128,0.1333,0.1333,0.1,0.1,0.1,0.2273,0.129,0.129,0.1905,0.117,0.117,0.2105,0.1379,0.1379,0.1429,0.1307,0.129,,,,0.157,0.093,0.0927
2145240,3/3/2026 22:08,galf,ws,3300,161,d,ts,3/3/2026,17:08:17,0,,,0.3831,l,0.4082,0.4082,0.4082,0.3623,0.4202,0.4202,0.4348,0.4348,0.4348,0.4,0.4545,0.4545,0.5833,0.5833,0.5833,0.4274,0.4274,0.4274,0.4082,0.4348,0.4348,0.4545,0.4651,0.4651,,,,0.3922,0.4065,0.4065
2145287,3/3/2026 22:39,galf,ws,2600,416,d,ts,3/3/2026,17:39:18,0,,,0.1938,l,0.2273,0.2703,0.2703,0.1938,0.2398,0.2398,0.2597,0.2941,0.2941,0.2632,0.2778,0.2778,0.2941,0.2941,0.2941,0.2532,0.274,0.274,0.2439,0.2778,0.2778,0.2703,0.2778,0.2817,,,,0.2119,0.2404,0.241
2145298,3/3/2026 22:42,galf,ws,4700,240,e,ts,3/3/2026,17:42:50,0,,,0.2941,l,0.3509,0.3226,0.3509,0.3891,0.3344,0.3344,0.3922,0.3636,0.3636,0.3448,0.3448,0.3448,0.2941,0.2941,0.2941,0.346,0.3049,0.3049,0.3636,0.3333,0.3333,0.3448,0.3448,0.3448,,,,0.3226,0.2941,0.3003
2144859,3/3/2026 18:06,glin,ws,1400,1520,d,ts,3/3/2026,13:06:18,0,,,0.0617,,0.1333,0.1333,0.1333,0.0617,0.0847,0.0847,0.1429,0.1429,0.1429,0.125,0.125,0.125,,,,,,,0.1667,0.1667,0.1667,,,,,,,0.0876,0.089,0.089
2144858,3/3/2026 17:49,glin,ws,3400,820,d,ts,3/3/2026,12:49:10,0,,,0.1087,,0.1724,0.1724,0.1724,0.1087,0.1506,0.1506,0.1887,0.1961,0.1961,0.1818,0.1818,0.1818,,,,,,,0.2222,0.2222,0.2222,,,,,,,0.1342,0.1395,0.1395
2144850,3/3/2026 17:17,gren,ws,3300,610,d,ts,3/3/2026,12:17:58,0,,,0.1408,v,0.2128,,0.2128,0.1408,,0.1678,0.2381,,0.2532,0.2,,0.2,,,,,,,0.2,,0.2105,,,,,,,0.1647,,0.1733
2144855,3/3/2026 17:22,gren,ws,1900,457,d,ts,3/3/2026,12:22:27,0,,,0.1795,v,0.2564,0.2564,0.2564,,0.1927,0.1927,0.2703,0.2817,0.2817,0.2,0.2,0.2,,,,,,,0.2,0.2,0.2,,,,,,,0.2066,0.1931,0.1931
2149767,3/4/2026 2:38,hiji,ws,10900,-125,l,ts,3/3/2026,21:38:33,0,,,0.5556,w,0.6552,,,0.6466,,,0.6255,,,0.5455,,,0.6491,,,0.6078,,,0.6364,,,0.5556,,,,,,0.5951,,
2150175,3/4/2026 2:55,hiji,ws,30900,-260,c,ts,3/3/2026,21:55:57,0,,,0.7222,w,0.8571,,,0.8534,,,0.8551,,,0.7222,,,0.875,,,0.8113,,,0.8621,,,0.7701,,,,,,0.7938,,
2150054,3/4/2026 2:49,hiji,ws,14900,-160,c,ts,3/3/2026,21:49:50,0,,,0.6154,w,0.7368,0.6552,0.6552,0.7024,,,0.697,0.6139,0.6139,0.6154,0.6154,0.6154,0.7143,0.6491,0.6491,0.6951,0.6667,0.6466,0.7333,0.6491,0.6491,0.6825,0.6491,0.6491,,,,0.6633,0.5968,0.5968
2148902,3/4/2026 2:07,hiji,ws,5900,-145,c,ts,3/3/2026,21:07:57,0,,,0.5918,w,0.6875,0.6875,0.6667,0.6575,0.639,0.6212,0.639,0.639,0.6139,0.5918,0.5918,0.5918,0.6667,0.6491,0.6296,0.6466,0.6466,0.6364,0.6491,0.6491,0.6226,0.6667,0.6429,0.6429,,,,0.6109,0.6047,0.5935
2145025,3/3/2026 20:53,izqu,ws,3200,280,c,ts,3/3/2026,15:53:30,0,,,0.2632,,0.3333,0.2703,0.2703,,,,,,,0.2632,0.2632,0.2632,,,,,,,0.339,0.2778,0.2778,,,,,,,0.2841,0.2294,0.2294
2145302,3/3/2026 22:43,izqu,ws,2600,600,c,ts,3/3/2026,17:43:55,0,,,0.1429,,0.2128,0.1538,0.1538,,,,,,,0.1429,0.1429,0.1333,,,,,,,0.2273,0.1538,0.1538,,,,,,,0.1618,0.1064,0.1053
2145000,3/3/2026 20:25,izqu,ws,3900,240,c,ts,3/3/2026,15:25:00,0,,,0.2941,,0.3636,0.303,,,,,,,,0.2941,0.2941,,,,,,,,0.3774,0.3125,,,,,,,,0.3175,0.2618,
2145460,3/3/2026 23:40,kasi,ws,16100,-220,c,ts,3/3/2026,18:40:46,0,,,0.6875,w,0.7826,0.7059,0.7059,0.7567,0.6951,0.6951,0.7826,0.7143,0.7143,0.6875,0.6875,0.6875,0.7778,0.6875,0.6875,0.763,0.7436,0.705,0.7778,0.6875,0.6875,0.7403,0.7183,0.7183,,,,0.729,0.6656,0.6656
2145485,3/3/2026 23:44,kasi,ws,6000,-360,l,ts,3/3/2026,18:44:48,0,,,0.7826,w,0.8571,0.8571,0.75,0.8489,0.8489,0.7222,0.8621,0.8621,0.7701,0.7619,0.7619,0.7727,0.8462,0.8462,0.7647,0.8016,0.8016,0.705,0.8462,0.8462,0.7468,0.7826,0.7674,0.7727,,,,0.7934,0.8069,0.7175
2145490,3/3/2026 23:45,kasi,ws,13700,-600,c,ts,3/3/2026,18:45:11,0,,,0.8571,w,0.931,0.8571,0.8571,0.9194,0.8534,0.8534,0.9259,0.8485,0.8485,0.8571,0.8571,0.8571,,0.8462,0.8462,0.8874,0.8779,0.8113,0.9167,0.8462,0.8462,0.878,0.8639,0.8639,,,,0.8734,0.8208,0.8134
2145679,3/4/2026 0:07,kopr,ws,6800,-130,f,ts,3/3/2026,19:07:26,0,,,0.5652,v,0.5652,0.5652,0.5652,0.6689,0.6403,0.6324,0.6109,0.6109,0.6109,0.6154,0.6154,0.6154,0.6296,0.6296,0.6154,0.6269,0.6364,0.6078,0.6491,0.6364,0.6364,0.6364,0.6364,0.6364,,,,0.5902,0.5868,0.5833
2146012,3/4/2026 0:21,kopr,ws,6600,-105,m,ts,3/3/2026,19:21:36,0,,,0.5122,v,0.5652,0.6078,0.6078,0.5595,0.5763,0.5763,0.5726,0.6109,0.6109,0.5556,0.5918,0.5918,0.5349,0.5652,0.5652,0.5575,0.5868,0.5868,0.5122,0.5556,0.5556,0.5918,0.5918,0.5833,,,,0.5283,0.5575,0.5556
2146553,3/4/2026 0:42,kopr,ws,5900,160,c,ts,3/3/2026,19:42:39,0,,,0.3846,v,0.4444,0.3774,0.3774,0.4608,0.4016,0.4016,0.4902,0.4348,0.4348,0.3846,0.3846,0.3846,0.4762,0.4,0.4,0.4587,0.4184,0.4274,0.4651,0.4,0.4,0.4167,0.4167,0.4082,,,,0.4167,0.365,0.3636
2144939,3/3/2026 19:53,land,ws,3000,162,d,ts,3/3/2026,14:53:45,0,,,0.3817,l,0.4255,0.4762,0.4762,0.3817,0.4545,0.4545,0.4444,0.4808,0.4808,0.5,0.5,0.5,0.4167,0.4167,0.4762,0.4082,0.4184,0.4386,0.4255,0.4255,0.4762,0.4651,0.4878,0.4878,,,,0.3984,0.4237,0.4386
2145243,3/3/2026 22:09,land,ws,6600,100,c,ts,3/3/2026,17:09:58,0,,,0.5,l,0.5833,0.5122,0.5122,0.5556,0.5,0.5,0.6,0.5475,0.5475,0.5,0.5,0.5,0.5652,0.5652,0.5652,0.5475,0.4695,0.4695,0.5745,0.5122,0.5122,0.5556,0.5349,0.5349,,,,0.5305,0.4878,0.4878
2145191,3/3/2026 21:42,land,ws,7200,-125,c,ts,3/3/2026,16:42:53,0,,,0.5556,l,0.6364,0.5556,,0.631,0.5475,,0.6429,0.5851,,0.5556,0.5556,,0.6296,0.5652,,0.5968,0.537,,0.6364,0.5745,,0.5833,0.5652,,,,,0.5816,0.5261,
2145221,3/3/2026 21:57,land,ws,5900,125,c,ts,3/3/2026,16:57:41,0,,,0.4444,l,0.5238,,,0.5215,,,0.5283,,,0.4444,,,0.5349,,,0.4975,,,0.5122,,,0.5238,,,,,,0.4785,,
2145285,3/3/2026 22:37,sakh,ws,4000,194,d,ts,3/3/2026,17:37:00,0,,,0.3401,w,0.4255,0.3922,0.3922,0.3401,0.3401,0.3367,0.4032,0.4032,0.3846,0.3636,0.3636,0.3636,0.4,0.4,0.4,,,,0.4167,0.4167,0.3937,0.3922,0.3846,0.3846,,,,0.3636,0.3521,0.3472
2145947,3/4/2026 0:18,sakh,ws,19900,-170,l,ts,3/3/2026,19:18:45,0,,,0.6296,w,0.7778,0.6296,0.6296,0.7167,0.5745,0.5745,0.7143,0.5763,0.5763,0.6296,0.6296,0.6296,0.7333,0.6154,0.6154,,,,0.7333,0.6,0.6,0.6491,0.6154,0.6226,,,,0.6689,0.569,0.5708
2146017,3/4/2026 0:21,sakh,ws,31300,-265,l,ts,3/3/2026,19:21:51,0,,,0.726,w,0.875,0.7561,0.7561,0.8273,0.6933,0.6933,0.8198,0.6923,0.6923,0.7222,0.7222,0.7222,0.8462,0.75,0.75,,,,0.8333,0.7015,0.7015,0.726,0.7297,0.7333,,,,0.7972,0.6795,0.6795
2145406,3/3/2026 23:31,sakh,ws,5400,239,d,ts,3/3/2026,18:31:28,0,,,0.295,w,0.3704,0.3846,0.3846,0.295,0.3236,0.3247,0.3636,0.3846,0.3802,0.3774,0.3774,0.3774,0.3704,0.3704,0.3704,,,,,,,0.3774,0.3774,0.3704,,,,0.3279,0.3378,0.3344
2145046,3/3/2026 21:06,schj,ws,5400,134,d,ts,3/3/2026,16:06:40,0,,,0.4274,w,0.5,,0.5,0.4274,,0.4348,0.5192,,0.5192,0.4651,,0.4651,,,,,,,0.4878,,0.4878,,,,,,,0.4545,,0.4545
2145001,3/3/2026 20:27,schj,ws,12100,-210,c,ts,3/3/2026,15:27:14,0,,,0.6774,w,0.7436,0.6667,0.6667,0.7821,0.6979,0.6979,0.759,0.7015,0.7015,0.6774,0.6774,0.6552,,,,,,,0.7647,0.6923,0.6923,,,,,,,0.7101,0.6429,0.6403
2145206,3/3/2026 21:46,schj,ws,19300,-122,d,ts,3/3/2026,16:46:29,0,,,0.5495,w,0.6429,0.6429,0.6429,0.5495,,0.6429,0.726,0.726,0.726,0.6552,0.6552,0.6552,,,,,,,0.6774,0.6774,0.6774,,,,,,,0.6212,0.6337,0.631
2145016,3/3/2026 20:45,schj,ws,5800,-150,d,ts,3/3/2026,15:45:12,0,,,0.6,w,0.6774,0.6774,0.6774,0.6,,,0.6825,0.6825,0.6825,0.6429,0.6429,0.6429,,,,,,,0.6552,0.6552,0.6552,,,,,,,0.6183,0.6226,0.6226
2144801,3/3/2026 14:43,schw,ws,9200,-339,d,ts,3/3/2026,9:43:08,0,,,0.7722,,0.8182,,0.8214,0.7722,,0.7934,0.8485,,0.8485,0.8,,0.8,,,,,,,0.8571,,0.8621,,,,,,,0.7895,,0.7917
2144804,3/3/2026 14:58,schw,ws,22400,-900,c,ts,3/3/2026,9:58:34,0,,,0.9,,0.9474,0.92,0.92,0.9419,0.9419,0.9065,0.9709,0.9709,0.9434,0.9,0.9,0.9,,,,,,,0.9677,0.9412,0.9412,,,,,,,0.9187,0.9018,0.8889
2144813,3/3/2026 15:10,schw,ws,19600,-2000,c,ts,3/3/2026,10:10:21,0,,,0.9524,,0.9804,,0.96,0.9901,,0.9655,,,0.9901,0.9804,,0.9524,,,,,,,,,,,,,,,,0.965,,0.9424
2144800,3/3/2026 14:39,schw,ws,27400,-800,c,ts,3/3/2026,9:39:40,0,,,0.8889,,0.9474,0.9167,0.9167,0.9351,0.9123,0.9123,0.9709,0.9434,0.9434,0.8889,0.8889,0.8889,,,,,,,0.9677,0.9412,0.9412,,,,,,,0.9143,0.888,0.888
2144877,3/3/2026 18:28,seme,ws,1800,430,d,ts,3/3/2026,13:28:31,0,,,0.1887,l,0.25,0.25,0.2632,0.1887,0.1887,0.2232,0.2532,0.2532,0.2632,0.25,0.25,0.25,0.2353,0.2353,0.25,0.2217,0.2114,0.232,0.2273,0.2273,0.2439,0.25,0.2532,0.2532,,,,0.2012,0.2008,0.2114
2144890,3/3/2026 18:32,seme,ws,3400,506,d,ts,3/3/2026,13:32:49,0,,,0.165,l,0.2381,0.2381,0.2273,0.165,0.2227,0.2227,0.25,0.25,0.25,0.2273,0.2273,0.2273,0.2083,0.2083,0.2273,0.2114,0.2114,0.2008,0.2273,0.2273,0.2273,0.2299,0.2273,0.2222,,,,0.1898,0.1912,0.1901
2144880,3/3/2026 18:29,sunl,ws,5400,210,d,ts,3/3/2026,13:29:01,0,,,0.3226,l,0.3922,0.3922,0.3922,0.3226,0.3247,0.3247,0.3922,0.3922,0.3922,0.3846,0.3846,0.3846,0.3704,0.3704,0.3704,,,,0.4651,0.4651,0.4651,0.4,0.4,0.4,,,,0.3546,0.3546,0.3546
2144888,3/3/2026 18:31,sunl,ws,3100,212,d,ts,3/3/2026,13:31:37,0,,,0.3205,l,0.3774,0.3774,0.3774,0.3205,0.3205,0.3205,0.3704,0.3704,0.3704,0.3774,0.3774,0.3774,0.3509,0.3509,0.3509,,,,0.4444,0.4444,0.4444,0.3922,0.3774,0.3774,,,,0.339,0.3356,0.3356
2146948,3/4/2026 1:04,svrc,ws,13400,-130,l,ts,3/3/2026,20:04:54,0,,,0.5652,w,0.6875,0.5833,0.5833,0.6552,0.5536,0.5536,0.6667,0.5781,0.5781,0.6667,0.5556,0.5556,0.6667,0.5652,0.5652,0.6466,0.5868,0.5475,0.6154,0.5238,,0.5652,0.5652,0.5652,,,,0.6124,0.5349,0.5392
2146920,3/4/2026 1:03,svrc,ws,6100,-125,c,ts,3/3/2026,20:03:33,0,,,0.5556,w,0.6491,0.6491,0.6491,0.6109,0.6109,0.6109,0.639,0.639,0.639,0.5556,0.5556,0.5556,0.6154,0.6154,0.6154,0.5968,0.5968,0.5868,0.5918,0.5918,0.5918,0.6226,0.5833,0.5556,,,,0.5781,0.5708,0.5833
2145823,3/4/2026 0:14,svrc,ws,3000,240,d,ts,3/3/2026,19:14:06,0,,,0.2941,w,0.3448,,,0.2941,,,0.3636,,,0.3636,,,0.3333,,,0.3356,,,0.3636,,,0.3704,,,,,,0.3125,,
2145303,3/3/2026 22:44,town,ws,15800,-710,f,ts,3/3/2026,17:44:06,0,,,0.8765,w,0.8765,0.8765,0.8765,0.9383,0.9231,0.918,0.9177,0.9177,0.901,0.9524,0.9333,0.9333,,,,0.9063,0.9063,0.8874,0.9412,0.9412,0.9231,0.9373,0.9306,0.9283,,,,0.8928,0.8857,0.8762
2145755,3/4/2026 0:09,town,ws,30300,-1000,c,ts,3/3/2026,19:09:45,0,,,0.9091,w,0.9677,0.931,0.931,0.9545,0.9038,0.9038,0.9901,0.9346,0.9346,0.9091,0.9091,0.9091,0.9524,0.9091,0.9091,0.9439,0.8779,0.8969,0.9677,0.9091,0.9091,0.954,0.9259,0.9278,,,,0.9335,0.8837,0.8897
2145504,3/3/2026 23:47,town,ws,11100,-514,d,ts,3/3/2026,18:47:53,0,,,0.8371,w,0.8667,0.9048,0.9048,0.8371,0.8765,0.8765,0.9177,0.9177,0.9346,0.9,0.9,0.9,0.8621,0.8621,0.8889,0.8684,0.8684,0.9063,0.8824,0.8824,0.9091,0.9123,0.9267,0.9267,,,,0.8523,0.8617,0.8782
2145378,3/3/2026 23:24,town,ws,15600,-2100,d,ts,3/3/2026,18:24:28,0,,,0.9545,w,0.9783,0.9836,0.9836,0.9545,0.963,0.975,0.9901,0.9901,,0.9868,0.9868,0.9868,0.9722,0.9722,0.9804,0.972,0.972,0.9814,0.9901,0.9901,0.9901,,,,,,,0.9611,0.9638,0.9652
2149669,3/4/2026 2:34,tsen,ws,10900,-240,c,ts,3/3/2026,21:34:40,0,,,0.7059,l,0.8113,0.7222,0.7222,0.7797,0.7214,,0.7895,0.7059,0.6875,0.7059,0.7059,0.7059,,,,0.763,0.705,0.6951,,,,0.7297,0.7183,0.7015,,,,0.7326,0.6743,0.661
2149406,3/4/2026 2:25,tsen,ws,4600,190,c,ts,3/3/2026,21:25:50,0,,,0.3448,l,0.4082,0.4082,0.3125,0.4,0.4202,,0.4292,0.4115,0.3226,0.3448,0.3448,0.3448,,,,0.4184,0.4184,0.3155,,,,0.3846,0.3509,0.339,,,,0.3704,0.3745,0.2874
2146700,3/4/2026 0:49,tsen,ws,3400,485,d,ts,3/3/2026,19:49:05,0,,,0.1709,l,0.2174,0.2174,0.2174,0.1709,0.1894,0.1894,0.2564,0.2564,0.2564,0.2632,0.2632,0.2778,,,,0.2217,0.232,0.232,,,,0.2353,0.25,0.2532,,,,0.1946,0.2,0.2012
2146731,3/4/2026 0:50,tsen,ws,2900,475,d,ts,3/3/2026,19:50:00,0,,,0.1739,l,0.2128,0.2326,0.2326,0.1739,0.1912,,0.2532,0.2667,0.2667,0.2632,0.2632,0.2632,,,,0.2217,0.2427,0.2427,,,,0.2381,0.241,0.2439,,,,0.1938,0.2028,0.2105
2152449,3/4/2026 16:33,bail,ws,5400,380,c,ts,3/4/2026,11:33:10,0,,,0.2083,,0.2778,0.1887,0.1887,0.2618,0.1949,0.1949,0.3125,0.1887,0.1887,0.2083,0.2083,0.2083,,,,,,,0.3077,0.2174,0.2174,,,,,,,0.2445,0.1497,0.1497
2152440,3/4/2026 15:54,bail,ws,3600,300,c,ts,3/4/2026,10:54:56,0,,,0.25,,0.303,,0.2381,0.2924,,0.2364,0.3636,,0.2941,0.25,,0.25,,,,,,,0.3125,,0.2439,,,,,,,0.2732,,0.2119
2152428,3/4/2026 15:24,bail,ws,2600,1400,d,ts,3/4/2026,10:24:38,0,,,0.0667,,0.1538,0.1333,0.1333,0.0667,0.0794,0.0794,0.1639,0.1333,0.1333,,,,,,,,,,0.1429,0.1429,0.125,,,,,,,0.1013,0.0838,0.0803
2152441,3/4/2026 15:55,bail,ws,5100,230,c,ts,3/4/2026,10:55:28,0,,,0.303,,0.3509,,0.303,0.4098,,0.2924,0.4167,,0.3636,0.303,,0.303,,,,,,,0.3636,,0.3125,,,,,,,0.3333,,0.277
2154670,3/5/2026 1:12,blin,ws,5300,173,d,ts,3/4/2026,20:12:00,0,,,0.3663,,0.4348,0.4545,0.4545,0.3663,0.4065,0.4065,0.4484,0.4717,0.4717,0.4348,0.4348,0.4348,0.4167,0.4348,0.4348,0.4082,0.4386,0.4274,0.4255,0.4444,0.4444,0.4444,0.4545,0.4545,,,,0.3953,0.4149,0.4132
2154114,3/5/2026 0:41,blin,ws,5000,-134,b,ts,3/4/2026,19:41:08,0,,,0.5726,,0.6296,0.6296,0.6296,0.6296,0.6324,0.6324,0.6109,0.5726,0.5726,0.6296,0.6296,0.6296,0.6296,0.6296,0.6296,0.6269,0.6169,0.6169,0.6364,0.6364,0.6364,0.6429,0.6364,0.6226,,,,0.5968,0.5902,0.5885
2154071,3/5/2026 0:38,blin,ws,6400,-132,b,ts,3/4/2026,19:38:56,0,,,0.569,,0.6296,,0.6491,0.6403,,0.6575,0.569,,0.6,0.6552,,,0.6154,,0.6296,0.6169,,0.6466,0.6226,,0.6552,0.6552,,0.6552,,,,0.5935,,0.6063
2154588,3/5/2026 1:08,blin,ws,3600,166,d,ts,3/4/2026,20:08:50,0,,,0.3759,,0.4167,,0.4348,0.3759,,0.4082,0.4545,,0.4673,0.4444,,0.4444,0.4167,,0.4348,0.4184,,0.4274,0.4348,,0.4545,0.4444,,0.4444,,,,0.3953,,0.4098
2152380,3/4/2026 14:39,broo,ws,3000,200,c,ts,3/4/2026,9:39:33,0,,,0.3333,,0.4082,,,0.4149,,,0.3922,,,0.3333,,,,,,,,,0.3774,,,,,,,,,0.3509,,
2152368,3/4/2026 14:30,broo,ws,3100,240,c,ts,3/4/2026,9:30:39,0,,,0.2941,,0.3704,0.3226,0.3226,0.361,0.3021,0.3021,0.3704,0.3226,0.3226,0.2941,0.2941,0.2941,,,,,,,0.339,0.2941,0.2941,,,,,,,0.3135,0.2732,0.2732
2152362,3/4/2026 14:21,broo,ws,6900,190,c,ts,3/4/2026,9:21:32,0,,,0.3448,,0.4444,0.3571,0.3571,0.4608,0.361,0.361,0.4202,0.3571,0.3571,0.4444,0.3448,0.3448,,,,,,,0.4167,0.3333,0.3333,,,,,,,0.3922,0.3135,0.3135
2152381,3/4/2026 14:40,broo,ws,3900,200,c,ts,3/4/2026,9:40:50,0,,,0.3333,,0.4082,0.3636,0.3636,0.4049,0.3401,0.3401,0.4167,0.3636,0.3636,0.3333,0.3333,0.3333,,,,,,,0.3774,0.3774,0.3226,,,,,,,0.3559,0.3185,0.3135
2152680,3/4/2026 19:48,damm,ws,5900,-150,f,ts,3/4/2026,14:48:00,0,,,0.6,,0.6,0.6296,0.6296,0.6441,0.6441,0.6656,0.661,0.661,0.6774,0.6774,0.6774,0.6774,0.7333,0.7333,0.7333,,,,0.6667,0.6667,0.6923,,,,,,,0.6198,0.6269,0.6403
2152870,3/4/2026 20:41,damm,ws,4900,220,e,ts,3/4/2026,15:41:58,0,,,0.3125,,0.3704,0.3333,0.3333,0.3817,0.3521,0.3521,0.3922,0.3636,0.3636,0.3448,0.3448,0.3448,0.3125,0.3125,0.3125,,,,0.3846,0.3571,0.3571,,,,,,,0.3413,0.3125,0.3125
2152722,3/4/2026 20:03,damm,ws,5400,105,d,ts,3/4/2026,15:03:52,0,,,0.4878,,0.5122,0.5455,0.5455,0.4878,0.5455,0.5392,0.5413,0.5413,0.569,0.5556,0.5556,0.5556,0.7333,0.7333,0.7333,,,,0.5413,0.5745,0.5745,,,,,,,0.5098,0.5327,0.5392
2152829,3/4/2026 20:35,damm,ws,3300,220,e,ts,3/4/2026,15:35:18,0,,,0.3125,,0.3636,0.3226,0.3226,0.3831,0.3571,0.3571,0.3704,0.3333,0.3333,0.3448,0.3448,0.3448,0.3125,0.3125,0.3125,,,,0.3774,0.339,0.339,,,,,,,0.3322,0.2967,0.2967
2153196,3/4/2026 22:27,kess,ws,9500,-125,c,ts,3/4/2026,17:27:10,0,,,0.5556,,0.6154,0.5238,0.5238,0.6094,0.5816,0.5,0.6139,0.5283,0.5283,0.5556,0.5556,0.5556,0.6923,0.6923,0.6923,0.6078,0.5868,0.5074,0.6364,0.6364,0.5556,0.5556,0.5455,0.5455,,,,0.5902,0.537,0.5098
2153221,3/4/2026 22:31,kess,ws,9300,165,m,ts,3/4/2026,17:31:42,0,,,0.3774,,0.3509,0.5,0.5,0.537,0.5283,0.5283,0.3636,0.4762,0.4762,0.5238,0.5238,0.5122,0.5349,0.5455,0.5455,0.3876,0.537,0.537,0.3774,0.5238,0.5238,0.5238,0.5238,0.5238,,,,0.3831,0.4785,0.4854
2153165,3/4/2026 22:22,kess,ws,7100,-170,c,ts,3/4/2026,17:22:13,0,,,0.6296,,0.7059,0.6364,0.6364,0.7126,0.635,0.635,0.6774,0.6226,0.6226,0.6296,0.6296,0.6296,0.6923,0.6923,0.6923,0.6667,0.6169,0.6169,0.7143,0.6667,0.6667,0.6667,0.6491,0.6491,,,,0.6516,0.6063,0.6016
2153195,3/4/2026 22:27,kess,ws,9500,-125,l,ts,3/4/2026,17:27:10,0,,,0.5556,,0.6154,0.5238,0.5238,0.6094,0.5816,0.5,0.6139,0.5283,0.5283,0.5556,0.5556,0.5556,0.6923,0.6923,0.6923,0.6078,0.5868,0.5074,0.6364,0.6364,0.5556,0.5556,0.5455,0.5455,,,,0.5902,0.537,0.5098
2152357,3/4/2026 14:17,kola,ws,13600,-190,c,ts,3/4/2026,9:17:40,0,,,0.6552,,0.7368,,,0.7642,,,0.759,,,0.6552,,,,,,,,,0.7333,,,,,,,,,0.6942,,
2152412,3/4/2026 15:05,kola,ws,12200,115,c,ts,3/4/2026,10:05:41,0,,,0.4651,,0.5556,0.4545,0.4545,0.569,0.4785,0.4785,0.5726,0.4348,0.4348,0.4651,0.4651,0.4651,,,,,,,0.5833,0.4762,0.4762,,,,,,,0.5192,0.4202,0.4202
2152404,3/4/2026 14:58,kola,ws,44100,-210,c,ts,3/4/2026,9:58:32,0,,,0.6774,,0.8571,0.697,0.697,0.811,0.6622,0.6711,0.8485,0.7409,0.7143,0.6774,0.6774,0.6774,,,,,,,0.8571,0.7143,0.7143,,,,,,,0.7959,0.6644,0.6552
2152400,3/4/2026 14:55,kola,ws,31300,-320,c,ts,3/4/2026,9:55:51,0,,,0.7619,,0.8667,0.7619,0.7619,0.8667,0.7543,0.7596,0.8701,0.7938,0.7701,0.7619,0.7619,0.7619,,,,,,,0.8667,0.7647,0.7647,,,,,,,0.8239,0.7268,0.7222
2152514,3/4/2026 18:09,nisk,ws,3300,332,d,ts,3/4/2026,13:09:25,0,,,0.2315,,0.2941,0.2941,0.2941,0.2315,0.2421,0.2421,0.3226,0.3226,0.3226,0.2778,0.2778,0.2778,,,,,,,0.2941,0.2941,0.2941,,,,,,,0.2532,0.2538,0.2538
2152476,3/4/2026 17:27,nisk,ws,8400,-118,d,ts,3/4/2026,12:27:15,0,,,0.5413,,0.6,0.6,0.6154,0.5413,,0.5475,0.6454,0.6454,0.6454,0.5918,0.5918,0.5918,,,,,,,0.6154,0.6154,0.6154,,,,,,,0.5726,0.5763,0.5781
2152512,3/4/2026 18:09,nisk,ws,2900,425,d,ts,3/4/2026,13:09:00,0,,,0.1905,,0.25,0.25,0.25,0.1905,0.216,0.2141,0.2778,0.2778,0.2899,0.2381,0.2381,0.2381,,,,,,,0.2564,0.2703,0.2703,,,,,,,0.211,0.2169,0.2188
2152515,3/4/2026 18:09,nisk,ws,4600,260,c,ts,3/4/2026,13:09:44,0,,,0.2778,,0.3509,,,0.3115,,,0.3774,,,0.2778,,,,,,,,,0.3448,,,,,,,,,0.3067,,
2153042,3/4/2026 21:37,opel,ws,9400,130,e,ts,3/4/2026,16:37:29,0,,,0.4348,,0.5349,0.5,0.5,0.5122,0.5025,0.5,0.5146,0.4762,0.4902,0.4545,0.4545,0.4545,0.4348,0.4348,0.4348,0.5074,0.4975,0.4975,0.5238,0.5,0.5,0.5122,0.5122,0.5122,,,,0.4808,0.4566,0.463
2153197,3/4/2026 22:27,opel,ws,13600,-180,c,ts,3/4/2026,17:27:27,0,,,0.6429,,0.7143,0.6296,0.6296,0.7636,0.6644,0.6644,0.7354,0.6875,0.6875,0.6429,0.6429,0.6429,0.5652,0.5652,0.5652,0.7245,0.6753,0.6564,0.7468,0.6667,0.6667,0.7015,0.6825,0.6825,,,,0.6825,0.6241,0.6212
2153087,3/4/2026 21:57,opel,ws,6700,-180,c,ts,3/4/2026,16:57:07,0,,,0.6429,,0.7059,0.6296,0.6296,0.7423,0.6753,0.6753,0.697,0.6364,0.6364,0.6429,0.6429,0.6429,0.7143,0.6491,0.6491,0.6855,0.6169,0.6169,0.7333,0.6667,0.6667,0.6667,0.6667,0.661,,,,0.6622,0.6124,0.6078
2153089,3/4/2026 21:59,opel,ws,20800,-230,l,ts,3/4/2026,16:59:01,0,,,0.697,,0.7872,0.661,0.661,0.7845,0.6835,0.6835,0.7753,0.6552,0.6552,0.7917,0.6429,0.6429,0.8,0.8,0.6491,0.7537,0.7245,0.6269,0.8,0.8,0.6774,0.697,0.6774,0.6721,,,,0.7494,0.6516,0.6241
2152435,3/4/2026 15:39,pari,ws,2700,425,d,ts,3/4/2026,10:39:47,0,,,0.1905,,0.2564,,0.2703,0.1905,,0.2083,0.2597,,0.2778,,,,,,,,,,0.2564,,0.2778,,,,,,,0.2096,,0.2268
2152433,3/4/2026 15:33,pari,ws,2000,400,d,ts,3/4/2026,10:33:58,0,,,0.2,,0.2632,,0.2273,0.2,,0.2,0.2597,,0.2439,,,,,,,,,,0.2632,,0.2381,,,,,,,0.2137,,0.189
2152442,3/4/2026 15:56,pari,ws,3600,235,d,ts,3/4/2026,10:56:56,0,,,0.2985,,0.3448,0.2381,0.2381,0.2985,0.2985,,0.3846,0.3846,0.2857,,,,,,,,,,0.3774,0.3774,0.2667,,,,,,,0.3205,0.2941,
2152434,3/4/2026 15:37,pari,ws,2200,500,d,ts,3/4/2026,10:37:28,0,,,0.1667,,0.2222,0.2222,0.2222,0.1667,0.1905,0.1818,0.2381,0.2381,0.2381,,,,,,,,,,0.2353,0.2353,0.2353,,,,,,,0.1825,0.1842,0.1838
2152367,3/4/2026 14:28,ribd,ws,5400,210,c,ts,3/4/2026,9:28:35,0,,,0.3226,,0.3922,0.303,,0.3968,0.3205,,0.4082,0.3472,,0.3226,0.3226,,,,,,,,0.4,0.3125,,,,,,,,0.3534,0.2778,
2152431,3/4/2026 15:29,ribd,ws,28100,-550,c,ts,3/4/2026,10:29:43,0,,,0.8462,,0.92,0.8571,0.8571,0.9057,0.845,0.845,0.9434,0.8701,0.8701,0.8462,0.8462,0.8462,,,,,,,0.9333,0.875,0.875,,,,,,,0.8821,0.823,0.823
2152403,3/4/2026 14:58,ribd,ws,7300,-190,c,ts,3/4/2026,9:58:16,0,,,0.6552,,0.7368,0.661,0.661,0.7167,0.6226,0.6226,0.7101,0.661,0.661,0.6552,0.6552,0.6552,,,,,,,0.7468,0.6875,0.6875,,,,,,,0.6753,0.6154,0.6154
2152424,3/4/2026 15:16,ribd,ws,24400,-450,c,ts,3/4/2026,10:16:18,0,,,0.8182,,0.9091,0.8462,0.8462,0.898,0.8471,0.8471,0.901,0.8333,0.8333,0.8182,0.8182,0.8182,,,,,,,0.9,0.84,0.84,,,,,,,0.8551,0.802,0.802
2153071,3/4/2026 21:51,safi,ws,8200,-190,c,ts,3/4/2026,16:51:19,0,,,0.6552,,0.75,0.6774,0.6774,0.7245,0.6564,0.6564,0.726,0.6721,0.6721,0.6552,0.6552,0.6552,,,,,,,0.7143,0.6667,0.6667,,,,,,,0.6785,0.6226,0.6226
2153094,3/4/2026 22:00,safi,ws,13200,125,c,ts,3/4/2026,17:00:21,0,,,0.4444,,0.5455,0.4762,0.4762,0.5305,0.4367,0.4367,0.5633,,,0.4444,0.4444,0.5122,,,,,,,0.5745,,,,,,,,,0.505,0.4274,0.4386
2152983,3/4/2026 21:09,safi,ws,12500,-380,c,ts,3/4/2026,16:09:22,0,,,0.7917,,0.875,0.7917,0.7917,0.8466,0.8088,0.8088,0.8621,0.7895,0.7895,0.7917,0.7917,0.7619,,,,,,,0.8462,0.7647,0.7647,,,,,,,0.8131,0.7468,0.7449
2153023,3/4/2026 21:23,safi,ws,18100,-160,c,ts,3/4/2026,16:23:30,0,,,0.6154,,0.7674,,0.697,0.7135,,0.631,0.7143,,0.6503,0.6154,,0.6154,,,,,,,0.7143,,0.6491,,,,,,,0.6732,,0.6109
2152407,3/4/2026 15:00,schw,ws,11900,320,c,ts,3/4/2026,10:00:26,0,,,0.2381,,0.3636,0.2128,,0.3623,,,0.3704,0.1923,,0.3636,0.2381,,,,,,,,,,,,,,,,,0.3247,,
2152384,3/4/2026 14:44,schw,ws,13200,340,c,ts,3/4/2026,9:44:22,0,,,0.2273,,0.3774,0.2273,0.2273,0.33,,0.1976,0.3571,0.2273,0.2273,0.2273,0.2273,0.2273,,,,,,,0.3704,0.2381,0.2381,,,,,,,0.3135,0.1842,0.1818
2152382,3/4/2026 14:43,schw,ws,8700,280,c,ts,3/4/2026,9:43:36,0,,,0.2632,,0.3774,0.2857,,0.33,0.33,,0.3636,0.2532,,0.2632,0.2632,,,,,,,,0.3704,0.3704,,,,,,,,0.3175,0.2427,
2152414,3/4/2026 15:06,schw,ws,25300,-120,c,ts,3/4/2026,10:06:25,0,,,0.5455,,0.7059,,,0.6785,,,0.7015,,,0.5455,,,,,,,,,0.6875,,,,,,,,,0.6416,,
2153295,3/4/2026 23:05,seie,ws,3200,343,d,ts,3/4/2026,18:05:19,0,,,0.2257,,0.2857,0.2857,0.2857,0.2257,0.2273,0.2273,0.2817,0.2817,0.2817,0.3226,0.3226,0.3226,0.2667,0.2667,0.2667,0.2632,0.2532,0.2532,0.303,0.303,0.303,0.2899,0.2899,0.2899,,,,0.2469,0.2463,0.2463
2153313,3/4/2026 23:15,seie,ws,2100,417,d,ts,3/4/2026,18:15:12,0,,,0.1934,,0.2273,0.2439,0.2439,0.1934,0.2203,0.2222,0.25,0.274,0.274,0.2778,0.2778,0.2778,0.2353,0.2353,0.25,0.232,0.2427,0.2427,0.2632,0.2632,0.2857,0.2632,0.274,0.2817,,,,0.2079,0.2227,0.2262
2153322,3/4/2026 23:17,seie,ws,2500,416,d,ts,3/4/2026,18:17:09,0,,,0.1938,,0.2273,,0.25,0.1938,,0.2421,0.2532,,0.2857,0.2778,,0.3226,0.2353,,0.2667,0.232,,0.274,0.2632,,0.303,0.2703,,0.2817,,,,0.2105,,0.2415
2153323,3/4/2026 23:17,seie,ws,1800,418,d,ts,3/4/2026,18:17:33,0,,,0.1931,,0.2273,,0.2273,0.1931,,0.1938,0.2564,,0.2532,0.25,,0.25,0.2353,,0.2353,0.2427,,0.232,0.2632,,0.2632,0.25,,0.25,,,,0.2058,,0.2037
2152361,3/4/2026 14:21,zarc,ws,7200,-275,d,ts,3/4/2026,9:21:26,0,,,0.7333,,0.8,0.8182,0.8182,0.7333,0.7674,0.7674,0.8077,0.8077,0.8198,,,,,,,,,,0.7895,0.7895,0.8095,,,,,,,0.7494,0.7561,0.7664
