id,time,team,source,size,odds,book,sport,date,timestamp,market,over/under,Line #,implied_prob,r,fd_odds,fd_odds_5s,fd_odds_10s,dk_odds,dk_odds_5s,dk_odds_10s,br_odds,br_odds_5s,br_odds_10s,czr_odds,czr_odds_5s,czr_odds_10s,es_odds,es_odds_5s,es_odds_10s,ka_odds,ka_odds_5s,ka_odds_10s,mgm_odds,mgm_odds_5s,mgm_odds_10s,li_odds,li_odds_5s,li_odds_10s,nv_odds,nv_odds_5s,nv_odds_10s,fv_odds,fv_odds_5s,fv_odds_10s
2116843,2/27/2026 19:06,nava,ws,100,4000,f,ts,2/27/2026,14:06:16,0,,,0.0244,l,0.0244,0.0286,0.0714,0.0581,0.0581,0.0625,0.0952,0.0952,0.1,0.1,0.1,0.1,0.0714,0.0714,0.0714,0.064,0.064,0.0746,0.0909,0.0909,0.0952,,,,,,,0.04,0.0401,0.0471
2085210,2/22/2026 2:22,hern,ws,300,1400,d,ts,2/21/2026,21:22:01,0,,,0.0667,l,0.122,0.122,0.122,0.0667,0.0794,0.0794,0.1429,0.1538,0.1538,0.1429,0.1429,0.1429,0.0909,0.1053,0.1053,0.0958,0.117,0.117,,,,,,,,,,0.0831,0.0901,0.0901
2088553,2/22/2026 17:36,chir,ws,100,1880,d,ts,2/22/2026,12:36:21,0,,,0.0505,l,0.1053,0.1053,0.1053,0.0505,0.0633,0.0633,0.125,0.1333,0.1333,0.1,0.0909,0.0909,0.0909,0.0909,0.0909,0.0958,0.0958,0.0958,,,,,,,,,,0.0662,0.0693,0.0693
2069435,2/21/2026 0:35,tiaf,ws,100,1420,d,ts,2/20/2026,19:35:31,0,,,0.0658,l,0.1053,,0.1333,0.1,,0.137,0.125,,0.1538,0.1538,,0.1538,0.1111,,0.1429,0.1064,,0.159,,,,0.1439,,0.1538,,,,0.0842,,0.1103
2088537,2/22/2026 17:21,chir,ws,1200,1160,d,ts,2/22/2026,12:21:24,0,,,0.0794,l,0.1429,,0.1667,0.0794,,0.0926,0.1639,,0.1786,0.1429,,0.1538,0.1176,,0.1379,0.1276,,0.1486,,,,,,,,,,0.1029,,0.1212
2092782,2/23/2026 18:48,haly,ws,1600,1660,d,ts,2/23/2026,13:48:37,0,,,0.0568,l,0.125,0.1333,0.1333,0.0568,0.0971,0.101,0.1429,0.1667,0.1667,0.1111,0.1333,0.1333,0.1053,0.1053,0.129,0.1276,0.1276,0.1379,,,,0.1198,0.1307,0.1282,,,,0.0825,0.097,0.1005
2095446,2/24/2026 23:16,yuay,ws,2500,880,d,ts,2/24/2026,18:16:26,0,,,0.102,w,0.1429,0.1667,0.1667,0.102,0.1316,0.1316,0.1739,0.1961,0.2041,0.1818,0.1818,0.2,0.1379,0.1538,0.1538,0.1486,0.1905,0.1802,,,,0.1724,0.1802,0.1818,,,,0.1211,0.1408,0.1433
2130746,2/28/2026 23:19,krua,ws,4300,900,c,ts,2/28/2026,18:19:12,0,,,0.1,l,0.1333,0.1,0.1,0.137,0.0781,0.0781,0.3333,0.3333,0.3333,0.1,0.1,0.1,0.1538,0.0909,0.0909,0.1486,0.117,0.1064,0.1429,0.1053,0.1053,,,,,,,0.1339,0.1033,0.1021
2060131,2/19/2026 3:34,giro,ws,3800,1300,e,ts,2/18/2026,22:34:15,0,,,0.0714,l,0.1667,,,0.1689,,,0.1887,,,0.1111,,,0.0714,,,0.159,,,,,,0.1212,,,,,,0.1168,,
2070973,2/21/2026 4:11,agst,ws,1800,800,e,ts,2/20/2026,23:11:15,0,,,0.1111,l,0.1724,0.1724,0.1724,,,0.1351,0.1818,0.1818,0.1667,0.1333,0.1333,0.1333,0.1111,0.1111,0.1111,0.159,0.159,0.159,,,,0.146,0.1449,0.1449,,,,0.1247,0.1244,0.1193
2088518,2/22/2026 17:11,roch,ws,2800,790,d,ts,2/22/2026,12:11:01,0,,,0.1124,l,0.1667,0.1667,0.1667,0.1124,,0.1534,0.1852,0.1923,0.1923,0.2273,0.2273,0.2778,0.1379,0.1379,0.1852,0.159,0.159,0.159,,,,0.1869,0.1905,0.2,,,,0.1328,0.1385,0.1462
2108617,2/26/2026 19:23,juva,ws,2200,720,d,ts,2/26/2026,14:23:49,0,,,0.122,l,0.1538,,0.1667,0.122,,0.1658,0.2,,0.2128,0.1818,,0.2273,0.1754,,0.1923,0.159,,0.1695,0.1818,,0.2105,0.1923,,0.1961,,,,0.1376,,0.1567
2119565,2/28/2026 3:27,kecm,ws,2000,695,l,ts,2/27/2026,22:27:27,0,,,0.1258,l,0.1724,0.125,0.125,0.1733,0.1087,0.1087,0.1852,0.1333,0.1333,0.125,0.125,0.125,0.1667,0.125,0.125,0.159,0.0958,0.0958,0.2105,0.1481,0.1481,0.1316,0.1258,0.1258,,,,0.1292,0.0864,0.0864
2120087,2/28/2026 6:40,nakb,ws,600,1060,d,ts,2/27/2026,1:40:41,0,,,0.0862,l,0.1333,,0.1333,0.0862,,0.0862,0.2381,,0.2174,0.125,,0.125,0.1111,,0.1111,0.159,,0.1276,0.1333,,0.1333,0.119,,0.122,,,,0.106,,0.0999
2133818,3/1/2026 1:36,zhas,ws,1300,1000,c,ts,2/28/2026,20:36:27,0,,,0.0909,l,0.1429,0.0909,,0.1623,,,,,,0.0909,0.0909,,0.1667,0.0909,,0.159,0.1276,,0.16,0.0909,,,,,,,,0.1155,0.0426,
2068978,2/20/2026 19:55,wong,ws,2800,690,l,ts,2/20/2026,14:55:55,0,,,0.1266,l,0.1818,,0.1176,0.1869,,0.0917,0.1961,,0.1176,0.1333,,0.1333,0.1818,,0.1111,0.1695,,0.0746,,,,0.1266,,0.117,,,,0.1475,,0.0678
2068979,2/20/2026 19:55,wong,ws,1900,650,c,ts,2/20/2026,14:55:55,0,,,0.1333,l,0.1818,,0.1176,0.1869,,0.0917,0.1961,,0.1176,0.1333,,0.1333,0.1818,,0.1111,0.1695,,0.0746,,,,0.1266,,0.117,,,,0.1475,,0.0678
2021737,2/13/2026 1:17,navo,ws,2800,650,c,ts,2/12/2026,20:17:01,0,,,0.1333,l,0.1724,,,0.1949,,,0.2128,,,0.1333,,,0.1818,,,0.1802,,,,,,0.2083,,,0.1961,,,0.1543,,
2062852,2/20/2026 0:42,wala,ws,2000,755,l,ts,2/19/2026,19:42:12,0,,,0.117,l,0.1724,0.1,0.1,0.1949,0.1949,0.0345,0.2105,0.2105,0.1333,0.1111,0.1111,0.1111,0.2105,0.2105,,0.1802,0.159,0.0852,,,,0.1538,0.1156,0.1156,,,,0.1412,0.1119,0.0698
2070126,2/21/2026 1:44,tien,ws,2400,700,c,ts,2/20/2026,20:44:13,0,,,0.125,w,0.1667,0.1667,0.1667,0.2088,0.1176,0.1176,0.2083,0.1429,0.1429,0.125,0.125,0.125,0.2105,0.125,0.125,0.1802,0.1486,0.1064,,,,0.1515,0.1333,0.1316,,,,0.1433,0.1057,0.0983
2071581,2/21/2026 15:38,svit,ws,1900,620,d,ts,2/21/2026,10:38:23,0,,,0.1389,l,0.2,0.2,0.2,0.1389,0.1517,0.1517,0.1887,0.2,0.2,0.2273,0.2273,0.2273,0.1739,0.1739,0.2,0.1802,0.1802,0.2008,,,,0.1923,0.1923,0.1961,,,,0.1531,0.1582,0.1631
2118942,2/28/2026 2:26,sele,ws,4300,690,l,ts,2/27/2026,21:26:15,0,,,0.1266,l,0.1887,,,0.1988,,,0.2,,,0.1429,,,0.2,,,0.1802,,,0.2273,,,0.1258,,,,,,0.1585,,
2046972,2/16/2026 18:36,wong,ws,1900,559,d,ts,2/16/2026,13:36:04,0,,,0.1517,w,0.1961,0.1961,0.1961,0.1517,0.1912,0.1912,0.2105,0.2105,0.2,0.2381,0.2381,0.2381,0.1818,0.1818,0.2,0.1905,0.1905,0.1802,,,,0.2083,0.2041,0.202,,,,0.1656,0.1661,0.1626
2062954,2/20/2026 0:45,wala,ws,2300,700,c,ts,2/19/2026,19:45:44,0,,,0.125,l,0.1887,0.125,,0.1946,0.1235,,0.2,0.1333,,0.125,0.125,,0.2105,0.1429,,0.1905,0.2114,,,,,0.1418,0.137,,,,,0.1427,0.103,
2071572,2/21/2026 15:23,svit,ws,2500,575,d,ts,2/21/2026,10:23:42,0,,,0.1481,l,0.1754,,,0.1481,,,0.2128,,,0.2381,,,0.2,,,0.1905,,,,,,0.2273,,,,,,0.1653,,
2071574,2/21/2026 15:25,svit,ws,2300,580,d,ts,2/21/2026,10:25:39,0,,,0.1471,l,0.1754,,,0.1471,,,0.2273,,,0.2083,,,0.2,,,0.1905,,,,,,0.2128,,,,,,0.1637,,
2071573,2/21/2026 15:24,svit,ws,2200,575,d,ts,2/21/2026,10:24:05,0,,,0.1481,l,0.1754,,0.1754,0.1481,,0.1481,0.2273,,0.2128,0.2083,,0.2083,0.2,,0.2,0.1905,,0.1905,,,,0.2198,,0.2247,,,,0.1642,,0.1595
2088533,2/22/2026 17:20,chir,ws,1800,660,d,ts,2/22/2026,12:20:25,0,,,0.1316,l,0.1818,0.2041,0.2041,0.1316,0.159,0.1825,0.1905,0.2041,0.2105,0.2083,0.2083,0.1818,0.1538,0.1538,0.1852,0.1905,0.2008,0.2114,,,,,,,,,,0.1449,0.1555,0.1656
2139027,3/1/2026 21:16,lame,ws,1900,670,d,ts,3/1/2026,16:16:20,0,,,0.1299,l,,,,0.1299,0.1595,,0.1786,0.1786,,0.2083,0.2083,,0.1538,0.1538,,0.1905,0.2008,,0.1739,0.1739,,0.202,0.2062,,,,,0.1441,0.1471,
2145355,3/3/2026 23:17,galf,ws,7500,900,c,ts,3/3/2026,18:17:45,0,,,0.1,l,0.2222,0.1667,0.1667,0.2342,0.1282,0.1282,0.2128,0.1333,0.1333,0.1,0.1,0.1,0.2273,0.129,0.129,0.1905,0.117,0.117,0.2105,0.1379,0.1379,0.1429,0.1307,0.129,,,,0.157,0.093,0.0927
2070977,2/21/2026 4:22,agst,ws,2500,595,l,ts,2/20/2026,23:22:57,0,,,0.1439,l,0.2,0.1667,0.1667,0.1754,0.1266,0.1266,0.1923,0.1429,0.1429,0.2083,0.1818,0.1818,0.1818,0.1429,0.1429,0.2008,0.2008,0.1695,,,,0.1575,0.1439,0.1439,,,,0.1631,0.1235,0.1189
2095367,2/24/2026 22:34,veki,ws,1800,460,d,ts,2/24/2026,17:34:25,0,,,0.1786,l,,,,0.1786,,0.1786,0.25,,0.25,0.25,,0.25,0.2105,,0.2105,0.2008,,0.2008,,,,0.2532,,0.2564,,,,0.1912,,0.188
2095432,2/24/2026 23:13,yuay,ws,2100,555,d,ts,2/24/2026,18:13:18,0,,,0.1527,w,0.1887,0.1887,,0.1527,0.1603,,0.2222,0.2353,,0.2273,0.2273,,0.1754,0.1754,,0.2008,0.2114,,,,,0.2105,0.2151,,,,,0.1678,0.1712,
2109227,2/26/2026 23:50,lia,ws,3200,600,c,ts,2/26/2026,18:50:20,0,,,0.1429,l,0.2083,0.1667,0.1667,0.2096,0.1437,0.1437,0.2273,0.1724,0.1724,0.1429,0.1429,0.1429,0.2353,0.1818,0.1818,0.2008,0.1486,0.1486,0.2174,0.1667,0.1667,0.1639,0.1653,0.1695,,,,0.1661,0.1253,0.1261
2139871,3/1/2026 23:25,frec,ws,2100,497,d,ts,3/1/2026,18:25:59,0,,,0.1675,l,0.2,0.2174,0.2174,0.1675,0.2049,0.2049,0.2439,0.2564,0.2564,0.2632,0.2632,0.2632,0.2105,0.2105,0.2222,0.2008,0.2114,0.2114,0.2105,0.2105,0.2273,0.2353,0.2353,0.2353,0.2092,0.2132,0.2132,0.1825,0.1961,0.1953
2133822,3/1/2026 1:36,zhas,ws,1900,550,c,ts,2/28/2026,20:36:51,0,,,0.1538,l,0.1923,0.1429,0.1429,0.2105,0.1664,0.1623,,,,0.1538,0.1538,0.1538,0.2222,0.1667,0.1667,0.2114,0.1486,0.159,0.2105,0.16,0.16,,,,,,,0.1678,0.12,0.1203
2144890,3/3/2026 18:32,seme,ws,3400,506,d,ts,3/3/2026,13:32:49,0,,,0.165,l,0.2381,0.2381,0.2273,0.165,0.2227,0.2227,0.25,0.25,0.25,0.2273,0.2273,0.2273,0.2083,0.2083,0.2273,0.2114,0.2114,0.2008,0.2273,0.2273,0.2273,0.2299,0.2273,0.2222,,,,0.1898,0.1912,0.1901
2020047,2/12/2026 22:35,stru,ws,3300,420,l,ts,2/12/2026,17:35:32,0,,,0.1923,l,,,,0.2242,0.1562,0.1553,0.2632,0.1724,0.1961,0.2778,0.2083,0.2083,,,,0.2217,0.2114,0.159,,,,0.1923,0.1923,0.1905,0.3521,0.4082,0.4082,0.2151,0.1381,0.1475
2020035,2/12/2026 22:25,stru,ws,4400,425,l,ts,2/12/2026,17:25:20,0,,,0.1905,l,,,,0.2331,0.1675,,0.2703,0.1852,,0.2778,0.2273,,,,,0.2217,0.1905,,,,,0.1905,0.1942,,0.2865,0.2865,,0.2208,0.1541,
2054315,2/18/2026 16:19,zhaz,ws,2500,436,d,ts,2/18/2026,11:19:27,0,,,0.1866,l,0.2381,0.2778,0.2778,0.1866,0.2506,0.2506,0.2381,0.2632,0.2632,0.303,0.303,0.303,0.2353,0.2667,0.2667,0.2217,0.2427,0.2632,,,,0.2469,0.2703,0.274,,,,0.2024,0.232,0.2347
2089152,2/22/2026 19:09,osuw,ws,2000,486,d,ts,2/22/2026,14:09:06,0,,,0.1706,w,0.2326,,0.2,0.1706,,0.1618,0.2299,,0.1961,0.2,,0.2,0.2273,,0.1852,0.2217,,0.1905,,,,,,,,,,0.1852,,0.155
2092820,2/23/2026 20:37,bond,ws,4900,645,l,ts,2/23/2026,15:37:15,0,,,0.1342,l,0.1887,0.125,0.125,0.2137,0.1075,0.1075,0.2174,0.1429,0.1429,0.1538,0.1538,0.1538,0.2273,0.1667,0.1667,0.2217,0.1486,0.1064,,,,0.1575,0.1342,0.1342,,,,0.1565,0.0979,0.0917
2112650,2/27/2026 2:10,zhas,ws,2500,419,d,ts,2/26/2026,21:10:44,0,,,0.1927,w,,,,0.1927,0.2577,0.2577,0.2632,0.2632,0.2985,,,,0.2353,0.2667,0.2667,0.2217,0.2427,0.2841,0.2381,0.2778,0.2778,0.2667,0.2857,0.2857,,,,0.2075,0.2278,0.2415
2129101,2/28/2026 22:38,krua,ws,1800,420,f,ts,2/28/2026,17:38:51,0,,,0.1923,l,0.1923,0.1923,0.1923,0.2062,0.2062,0.2062,0.3333,0.3333,0.3333,0.2273,0.2273,0.2273,0.2222,0.2222,0.2222,0.2217,0.2114,0.2114,0.2309,0.2309,0.2309,,,,,,,0.2053,0.2037,0.2028
2129962,2/28/2026 22:56,krua,ws,2000,412,d,ts,2/28/2026,17:56:02,0,,,0.1953,l,0.2174,0.2439,0.2439,0.1953,0.2294,0.2294,0.3333,0.3333,0.3333,0.2632,0.2632,0.2632,0.2222,0.2222,0.25,0.2217,0.2427,0.2427,0.2309,0.25,0.25,,,,,,,0.2092,0.2242,0.2257
2139842,3/1/2026 23:16,day,ws,3300,460,d,ts,3/1/2026,18:16:05,0,,,0.1786,w,,,,0.1786,0.2237,0.2237,0.2439,0.2564,0.2564,,,,0.2083,0.2273,0.2273,0.2217,0.2841,0.274,0.2439,0.2703,0.2703,0.2564,0.2564,0.2532,0.2571,0.2632,0.2604,0.2016,0.2208,0.2203
2144877,3/3/2026 18:28,seme,ws,1800,430,d,ts,3/3/2026,13:28:31,0,,,0.1887,l,0.25,0.25,0.2632,0.1887,0.1887,0.2232,0.2532,0.2532,0.2632,0.25,0.25,0.25,0.2353,0.2353,0.25,0.2217,0.2114,0.232,0.2273,0.2273,0.2439,0.25,0.2532,0.2532,,,,0.2012,0.2008,0.2114
2146700,3/4/2026 0:49,tsen,ws,3400,485,d,ts,3/3/2026,19:49:05,0,,,0.1709,l,0.2174,0.2174,0.2174,0.1709,0.1894,0.1894,0.2564,0.2564,0.2564,0.2632,0.2632,0.2778,,,,0.2217,0.232,0.232,,,,0.2353,0.25,0.2532,,,,0.1946,0.2,0.2012
2146731,3/4/2026 0:50,tsen,ws,2900,475,d,ts,3/3/2026,19:50:00,0,,,0.1739,l,0.2128,0.2326,0.2326,0.1739,0.1912,,0.2532,0.2667,0.2667,0.2632,0.2632,0.2632,,,,0.2217,0.2427,0.2427,,,,0.2381,0.241,0.2439,,,,0.1938,0.2028,0.2105
2068994,2/20/2026 19:59,wong,ws,5900,450,l,ts,2/20/2026,14:59:16,0,,,0.1818,l,0.2564,0.1724,0.1724,0.2532,,0.1587,0.2632,0.1481,0.1818,0.2778,0.2,0.2,0.2667,0.1818,0.1818,0.232,0.1802,0.1486,,,,0.1818,0.1852,0.1852,,,,0.2227,0.1359,0.1383
2082669,2/22/2026 0:24,pard,ws,2300,400,c,ts,2/21/2026,19:24:06,0,,,0.2,l,0.2632,0.2381,0.2381,0.2475,,0.2273,0.2817,0.2817,0.2564,0.2,0.2,0.1818,0.2353,0.2353,0.2353,0.232,0.232,0.2217,,,,0.2532,0.2469,0.2439,,,,0.216,0.2053,0.1972
2101899,2/25/2026 23:09,line,ws,3300,380,c,ts,2/25/2026,18:09:07,0,,,0.2083,l,0.2564,,,0.2976,,,0.3077,,,0.2083,,,0.2667,,,0.232,,,,,,0.1887,,,,,,0.232,,
2137102,3/1/2026 18:39,lepc,ws,2000,408,d,ts,3/1/2026,13:39:43,0,,,0.1969,l,0.2439,0.2439,0.2174,0.1969,0.2463,0.2551,0.2667,0.2667,0.2667,0.2632,0.2632,0.2381,0.2353,0.2353,0.25,0.232,0.232,0.2217,0.2778,0.2778,0.2778,0.2532,0.2439,0.2381,,,,0.211,0.211,0.2045
2047494,2/16/2026 23:03,altm,ws,5700,600,c,ts,2/16/2026,18:03:34,0,,,0.1429,l,0.25,0.1333,0.1333,0.2427,0.1205,0.1205,0.2105,0.1481,0.1639,0.1429,0.1429,0.1429,0.25,0.1429,0.1429,0.2427,0.1486,0.1379,,,,0.1325,0.1351,0.1351,,,,0.1838,0.0957,0.1072
2070883,2/21/2026 3:21,agst,ws,3000,375,d,ts,2/20/2026,22:21:00,0,,,0.2105,l,,,,0.2105,0.2933,0.2933,0.25,0.303,0.303,0.3226,0.3226,0.3226,0.2353,0.303,0.303,0.2427,0.274,0.3155,,,,0.2899,0.3077,0.3077,,,,0.2262,0.2667,0.2703
2091149,2/22/2026 22:26,karl,ws,4700,550,c,ts,2/22/2026,17:26:00,0,,,0.1538,l,0.2381,0.1754,0.1754,0.2283,0.1661,0.1661,0.25,0.1887,0.1887,0.1538,0.1538,0.1538,0.2353,0.1667,0.1667,0.2427,0.2114,0.1802,,,,0.1887,0.177,0.177,,,,0.1866,0.1326,0.1326
2093622,2/24/2026 1:54,mand,ws,1900,403,d,ts,2/23/2026,20:54:45,0,,,0.1988,l,0.2326,0.2326,0.2326,0.1988,0.2398,0.2398,0.2632,0.2632,0.2632,0.2632,0.2632,0.2273,0.2353,0.2353,0.2667,0.2427,0.2427,0.2427,,,,0.2597,0.2597,0.2597,,,,0.2119,0.2137,0.2146
2095294,2/24/2026 22:08,wats,ws,3000,360,d,ts,2/24/2026,17:08:03,0,,,0.2174,l,,,,0.2174,,0.2618,0.2899,,0.3077,0.2941,,0.2941,0.25,,,0.2427,,0.2632,,,,0.2857,,0.303,,,,0.2375,,0.2558
2114942,2/27/2026 3:34,bell,ws,2000,450,c,ts,2/26/2026,22:34:08,0,,,0.1818,l,0.25,0.2273,0.2273,0.2062,0.2062,0.1764,0.2273,0.2273,0.2041,0.1818,0.1818,0.1818,0.2222,0.2222,0.2,0.2427,0.2427,0.2217,0.2439,0.2439,0.2174,0.2273,0.2105,0.202,,,,0.1976,0.1887,0.1715
2120034,2/28/2026 5:27,tiaf,ws,3600,450,c,ts,2/27/2026,0:27:02,0,,,0.1818,w,0.25,0.1887,0.1887,0.271,0.2193,0.2193,0.25,0.2041,0.2041,0.1818,0.1818,0.2,0.2667,0.2222,0.2222,0.2427,0.2008,0.1905,0.2857,0.2353,0.2353,0.2174,0.2174,0.2174,,,,0.207,0.1678,0.1675
2130852,2/28/2026 23:22,baez,ws,7300,467,d,ts,2/28/2026,18:22:07,0,,,0.1764,l,0.25,0.25,0.25,0.1764,0.2941,0.2941,,,,0.2941,0.2941,0.2941,0.2857,,,0.2427,0.2427,0.2427,0.3226,0.3226,0.3226,0.2941,0.2941,0.2941,,,,0.2268,0.2342,0.2342
2062761,2/20/2026 0:38,wala,ws,2100,400,c,ts,2/19/2026,19:38:47,0,,,0.2,l,0.2381,0.1724,0.1724,0.2538,0.2037,0.2004,0.2381,0.1724,0.1887,0.2,0.2,0.2,0.3704,0.3704,0.3704,0.2532,0.2632,0.1802,,,,0.2128,0.2,0.2,,,,0.2037,0.1739,0.161
2069390,2/21/2026 0:25,tiaf,ws,4100,400,f,ts,2/20/2026,19:25:47,0,,,0.2,l,0.2,0.2778,0.2778,0.2404,0.2404,0.3484,0.2564,0.2564,0.3448,0.3636,0.3636,0.3636,0.25,0.25,0.3448,0.2532,0.274,0.3559,,,,0.3077,0.339,0.3509,,,,0.2278,0.2538,0.2959
2108912,2/26/2026 21:20,dole,ws,3800,338,d,ts,2/26/2026,16:20:13,0,,,0.2283,l,,,,0.2283,,,0.2985,,,0.3333,,,0.2667,,,0.2532,,,0.303,,,0.3077,,,,,,0.2532,,
2145287,3/3/2026 22:39,galf,ws,2600,416,d,ts,3/3/2026,17:39:18,0,,,0.1938,l,0.2273,0.2703,0.2703,0.1938,0.2398,0.2398,0.2597,0.2941,0.2941,0.2632,0.2778,0.2778,0.2941,0.2941,0.2941,0.2532,0.274,0.274,0.2439,0.2778,0.2778,0.2703,0.2778,0.2817,,,,0.2119,0.2404,0.241
2047488,2/16/2026 23:02,altm,ws,3200,400,c,ts,2/16/2026,18:02:03,0,,,0.2,l,0.25,0.1667,0.1667,0.2591,0.1475,0.1475,0.2667,0.1818,0.1818,0.2,0.2,0.2,0.25,0.1818,0.1818,0.2632,0.1802,0.1695,,,,0.1961,0.1786,0.1786,,,,0.2217,0.1389,0.1389
2108052,2/26/2026 5:19,tiaf,ws,9400,600,c,ts,2/25/2026,0:19:41,0,,,0.1429,w,0.2632,,,0.2674,,,0.2941,,,0.1429,,,0.2667,,,0.2632,,,0.303,,,0.1527,,,,,,0.2105,,
2109093,2/26/2026 23:12,sonm,ws,3800,340,c,ts,2/26/2026,18:12:40,0,,,0.2273,w,0.2857,0.2083,0.2083,0.3195,0.2058,0.2058,0.274,0.2273,0.2273,0.2273,0.2273,0.2273,0.2857,0.2857,0.2222,0.2632,0.2008,0.2008,0.3226,0.2381,0.2381,0.2439,0.2198,0.2174,,,,0.2433,0.1852,0.1799
2116459,2/27/2026 16:26,gaub,ws,2000,446,d,ts,2/27/2026,11:26:34,0,,,0.1832,l,,,,0.1832,0.1901,0.1901,0.2326,0.2326,0.2326,0.2381,0.2381,0.2381,0.2222,0.2222,0.2353,0.2632,0.2632,0.2632,0.2439,0.2439,0.2439,0.2247,0.2247,0.2247,,,,0.1965,0.1969,0.1976
2140435,3/2/2026 1:25,osuw,ws,2700,415,l,ts,3/1/2026,20:25:39,0,,,0.1942,l,,,,0.2404,,0.1724,0.274,,0.2128,0.2083,,0.2083,0.25,,0.2083,0.2632,,0.1905,0.25,,0.2,0.2128,,0.1961,,,,0.1988,,0.1577
2027734,2/14/2026 2:45,kecm,ws,5000,380,c,ts,2/13/2026,21:45:11,0,,,0.2083,l,0.2941,,0.2564,0.2558,,0.2146,0.2985,,0.2381,0.2083,,0.2,0.2667,,0.2353,0.274,,0.2114,,,,0.2667,,0.241,0.2445,,0.2445,0.2415,,0.1972
2101437,2/25/2026 18:41,rakh,ws,4100,326,d,ts,2/25/2026,13:41:10,0,,,0.2347,l,0.2778,0.303,0.303,0.2347,0.2786,0.2786,0.3175,0.339,0.339,0.3333,0.3333,0.3333,0.2778,0.2778,0.3077,0.274,0.2941,0.2941,,,,0.3175,0.3226,0.3279,,,,0.2611,0.277,0.2793
2108529,2/26/2026 17:40,krua,ws,3000,303,d,ts,2/26/2026,12:40:20,0,,,0.2481,w,0.3125,0.3125,0.3125,0.2481,0.3115,0.3115,0.3077,0.3125,0.3125,0.2778,0.3226,0.3226,0.3077,0.2941,0.3077,0.274,0.274,0.2841,0.3333,0.3226,0.3226,0.3125,0.3125,0.3226,,,,0.2674,0.2725,0.277
2141342,3/2/2026 18:40,harb,ws,3100,300,e,ts,3/2/2026,13:40:49,0,,,0.25,l,0.303,0.303,0.303,0.304,0.304,0.2967,0.3226,0.3226,0.3226,0.3333,0.3333,0.3333,0.25,0.25,0.25,0.274,0.274,0.2841,0.3226,0.3226,0.3226,0.3175,0.3125,0.3175,0.3077,0.3077,0.303,0.2695,0.2688,0.2703
2062872,2/20/2026 0:43,wala,ws,6800,400,c,ts,2/19/2026,19:43:14,0,,,0.2,l,0.303,,,0.3571,,,0.3175,,,0.2,,,0.3571,,,0.2841,,,,,,0.2151,,,,,,0.25,,
2075129,2/21/2026 20:26,day,ws,6700,440,e,ts,2/21/2026,15:26:35,0,,,0.1852,l,0.2564,0.2041,0.2041,0.2778,0.2551,0.2551,0.2899,0.2439,0.2439,0.2778,0.25,0.25,0.1852,0.1852,0.1852,0.2841,0.2427,0.2427,,,,,,,,,,0.2331,0.1848,0.1931
2092740,2/23/2026 17:48,para,ws,3400,288,d,ts,2/23/2026,12:48:19,0,,,0.2577,l,0.303,0.3571,0.3571,0.2577,0.346,0.346,0.3125,0.3636,0.3636,0.3636,0.3636,0.3636,0.2941,0.3509,0.3509,0.2841,0.3049,0.3155,,,,0.3509,0.3636,0.3636,,,,0.277,0.3175,0.3175
2019591,2/12/2026 19:12,mbok,ws,3100,275,e,ts,2/12/2026,14:12:00,0,,,0.2667,w,0.3922,0.3922,0.3922,0.2874,0.3774,0.3774,0.25,0.3279,0.3279,0.3448,0.3226,0.3226,0.2667,0.3448,0.3448,0.2941,0.3968,0.3774,,,,0.3571,0.3571,0.3571,,,,0.2865,0.3175,0.3165
2021566,2/13/2026 1:12,navo,ws,4400,300,c,ts,2/12/2026,20:12:15,0,,,0.25,l,0.3125,0.2564,0.2564,0.3436,0.2695,0.2695,0.3472,0.274,0.274,0.25,0.25,0.2273,0.3448,0.3448,0.2857,0.2941,0.2532,0.2427,,,,0.3125,0.2817,0.2817,0.3145,0.2747,0.2747,0.2825,0.2353,0.2299
2021610,2/13/2026 1:13,navo,ws,3200,300,c,ts,2/12/2026,20:13:38,0,,,0.25,l,0.3125,0.2564,,0.3165,0.3165,,0.3472,0.274,,0.25,0.25,,0.3125,0.3125,,0.2941,0.2941,,,,,0.2941,0.2778,,0.2703,0.2703,,0.2747,0.2347,
2026928,2/13/2026 23:26,muna,ws,5400,315,l,ts,2/13/2026,18:26:39,0,,,0.241,l,,0.2273,0.2174,0.3155,0.2519,0.2451,0.3125,0.2222,0.2439,0.3226,0.25,0.25,0.2857,0.2353,0.2353,0.2941,0.2532,0.2427,,,,0.25,0.241,0.241,,,,0.2755,0.2012,0.2024
2042904,2/15/2026 17:55,svrc,ws,3700,317,d,ts,2/15/2026,12:55:19,0,,,0.2398,l,0.303,,0.303,0.2398,,,0.3226,,0.3226,0.3226,,0.3226,0.2667,,0.303,0.2941,,0.3155,,,,0.2941,,0.2985,0.2959,,0.3185,0.2639,,0.277
2068771,2/20/2026 18:03,gauf,ws,4400,300,c,ts,2/20/2026,13:03:42,0,,,0.25,l,0.3333,,0.2703,0.3378,,,0.3226,,0.2564,0.25,,0.25,,,,0.2941,,0.232,,,,0.2899,,0.2667,,,,0.2778,,0.2208
2069022,2/20/2026 20:19,mens,ws,6300,380,c,ts,2/20/2026,15:19:05,0,,,0.2083,l,0.2857,0.1818,0.1818,0.3584,0.2193,0.2268,0.3175,0.2439,0.2273,0.2083,0.2083,0.2083,0.3448,0.2439,0.2439,0.2941,0.2217,0.2114,,,,0.2174,0.2105,0.2041,,,,0.2506,0.1832,0.1761
2061495,2/19/2026 18:00,ruzi,ws,5300,279,d,ts,2/19/2026,13:00:47,0,,,0.2639,l,0.3226,0.3226,0.3226,0.2817,0.3125,0.3145,0.339,0.3704,0.3636,0.3636,0.3636,0.3636,0.3226,0.3448,0.3571,0.3049,,,,,,0.3636,0.3704,0.3636,,0.3165,0.3165,0.2976,0.3135,0.3106
2095395,2/24/2026 22:56,yuay,ws,3300,298,d,ts,2/24/2026,17:56:10,0,,,0.2513,w,0.2778,,,0.2513,,,0.339,,,0.3333,,,0.2941,,,0.3049,,,,,,0.3279,,,,,,0.2725,,
2108133,2/26/2026 5:26,kovc,ws,5500,325,b,ts,2/25/2026,0:26:35,0,,,0.2353,l,0.3333,,,,,,0.2353,,,,,,0.2667,,,0.3049,,,0.2632,,,0.3175,,,,,,0.2558,,
2110498,2/27/2026 1:06,cobo,ws,3200,280,f,ts,2/26/2026,20:06:55,0,,,0.2632,w,0.2632,0.3333,0.3333,0.3155,0.3155,0.3584,0.3226,0.3226,0.3846,0.3448,0.4,0.4,0.3333,0.3333,0.3846,0.3049,0.3155,0.3663,0.3226,0.3226,0.3704,0.339,0.3704,0.3704,,,,0.2801,0.303,0.3322
2118955,2/28/2026 2:26,sele,ws,4300,325,l,ts,2/27/2026,21:26:45,0,,,0.2353,l,0.3226,0.1887,0.1887,0.3356,0.1916,0.1916,0.3226,0.2273,0.2273,0.2,0.2083,0.2083,0.3125,0.2,0.2,0.3049,0.2532,0.1802,0.3571,0.2273,0.2273,0.2222,0.2083,0.1923,,,,0.2604,0.1698,0.1695
2141495,3/2/2026 20:33,drax,ws,3400,325,e,ts,3/2/2026,15:33:33,0,,,0.2353,l,0.303,0.303,0.25,0.3546,0.3546,0.2375,0.2941,0.2941,0.2564,0.3226,0.3226,0.2778,0.2353,0.2353,0.2353,0.3049,0.2941,0.2427,0.2941,0.2941,0.25,0.274,0.2532,0.2532,0.3077,0.2494,0.2494,0.2577,0.2519,0.211
2141423,3/2/2026 19:46,smic,ws,7100,340,c,ts,3/2/2026,14:46:28,0,,,0.2273,l,0.3333,0.2,,0.3636,,,0.3333,0.2299,,0.2273,0.2273,,,0.3509,,0.3049,0.274,,0.3448,0.2309,,0.2667,0.2247,,0.1992,0.1992,,0.2793,0.1862,
2141858,3/2/2026 23:35,ymee,ws,3800,273,d,ts,3/2/2026,18:35:53,0,,,0.2681,w,0.3448,,0.3333,0.2681,,,0.3509,,0.339,0.3448,,0.3448,0.2941,,0.2941,0.3049,,0.2941,0.3448,,0.3333,0.3226,,0.3175,,,,0.2924,,0.2849
2043725,2/15/2026 19:27,vera,ws,3100,296,d,ts,2/15/2026,14:27:20,0,,,0.2525,l,0.3125,0.3125,0.3125,0.2525,0.2525,0.2513,0.3226,0.3226,0.3226,0.3226,0.3226,0.3226,0.2857,0.2857,0.2857,0.3155,0.3257,0.3049,,,,0.3077,0.3077,0.3077,0.2882,0.2882,0.2882,0.2725,0.2681,0.2681
2055508,2/19/2026 0:24,tabi,ws,3600,283,d,ts,2/18/2026,19:24:13,0,,,0.2611,w,0.3125,0.3125,0.3125,0.2611,,0.2591,0.339,0.3472,0.3472,0.3333,0.3333,0.3333,0.2857,0.2857,0.2857,0.3155,0.3155,0.3155,,,,0.3175,0.3175,0.3175,,,,0.2841,0.2874,0.2841
2071945,2/21/2026 18:01,mont,ws,3000,260,c,ts,2/21/2026,13:01:52,0,,,0.2778,l,0.3333,0.3333,0.25,0.3623,0.3745,0.2809,0.3636,0.3636,0.2817,0.2778,0.2778,0.2778,0.3509,0.3509,0.2941,0.3155,0.3049,0.274,,,,0.3226,0.3226,0.2941,,,,0.2976,0.2967,0.2375
2109106,2/26/2026 23:19,sonm,ws,8800,340,l,ts,2/26/2026,18:19:25,0,,,0.2273,w,0.3226,0.2273,,0.3497,0.2165,,0.303,0.1887,,0.2381,0.2381,,0.3333,0.2222,,0.3155,0.2008,,0.3333,0.2309,,0.2439,0.2273,,,,,0.2695,0.1818,
2143755,3/3/2026 3:04,bura,ws,3100,320,c,ts,3/2/2026,22:04:19,0,,,0.2381,w,0.3333,0.2381,0.2381,0.3058,0.2075,0.2119,,,,0.2381,0.2381,0.2381,,,,0.3155,0.2941,0.232,0.303,0.2273,0.2273,0.2469,0.2439,0.2439,,,,0.2577,0.1894,0.1953
2068786,2/20/2026 18:08,gauf,ws,3200,290,l,ts,2/20/2026,13:08:53,0,,,0.2564,l,0.3333,0.3333,0.2439,0.3378,0.3378,0.3289,0.339,0.339,0.2222,0.2273,0.2273,0.2273,,,,0.3257,0.3155,0.2841,,,,0.2857,0.2667,0.2439,,,,0.2841,0.2793,0.216
2139858,3/1/2026 23:22,day,ws,3500,280,c,ts,3/1/2026,18:22:02,0,,,0.2632,w,0.3636,0.3226,0.3226,0.3077,0.3077,0.2725,0.3077,0.3077,0.2857,0.2632,0.25,0.25,0.3226,0.3226,0.2941,0.3257,0.3257,0.3155,0.339,0.339,0.303,0.2985,0.2899,0.2941,0.3165,0.3165,0.3165,0.2857,0.2762,0.2551
2137984,3/1/2026 19:53,ingl,ws,4000,298,d,ts,3/1/2026,14:53:33,0,,,0.2513,l,0.3333,0.3333,0.3333,0.2513,,0.2519,0.3077,0.3077,0.3077,0.3636,0.3636,0.3636,0.2941,0.2941,0.2941,0.3257,0.3257,0.3257,0.303,0.303,0.303,0.303,0.3077,0.3175,,,,0.277,0.2801,0.2793
2137982,3/1/2026 19:53,ingl,ws,4500,297,d,ts,3/1/2026,14:53:17,0,,,0.2519,l,0.3333,0.3333,0.3333,0.2519,0.2882,0.2882,0.3077,0.3226,0.3226,0.3636,0.3636,0.3636,0.2941,0.3077,0.3077,0.3257,0.346,0.346,0.303,0.3226,0.3226,0.3226,0.3226,0.3333,,,,0.2801,0.2849,0.2865
2143760,3/3/2026 3:05,bura,ws,3400,280,l,ts,3/2/2026,22:05:15,0,,,0.2632,w,0.3333,0.3333,0.2273,0.3115,0.3115,0.1905,,,,0.303,0.2273,0.2273,,,,0.3257,0.3257,0.2427,0.3077,0.3077,0.2174,0.274,0.2381,0.2273,,,,0.2849,0.2591,0.1789
2101657,2/25/2026 20:21,barn,ws,5200,238,d,ts,2/25/2026,15:21:19,0,,,0.2959,l,0.3774,0.3448,0.3448,0.2959,0.3497,0.3268,0.3774,0.3774,0.3472,0.3636,0.3636,0.3636,0.3509,0.3509,0.3704,0.3356,0.3356,0.3155,,,,0.3704,0.3571,0.3571,,,,0.3268,0.3215,0.3106
2141344,3/2/2026 18:45,bloc,ws,4100,284,d,ts,3/2/2026,13:45:34,0,,,0.2604,l,0.3333,0.3333,0.3636,0.2604,0.2725,0.304,0.3226,0.3226,0.3571,0.3333,0.3333,0.3333,0.3704,0.3704,0.3704,0.3356,0.3356,0.3663,0.3125,0.3125,0.3448,0.3175,0.3279,0.3279,0.3096,0.3367,0.3367,0.2874,0.2899,0.3106
2145823,3/4/2026 0:14,svrc,ws,3000,240,d,ts,3/3/2026,19:14:06,0,,,0.2941,w,0.3448,,,0.2941,,,0.3636,,,0.3636,,,0.3333,,,0.3356,,,0.3636,,,0.3704,,,,,,0.3125,,
2019416,2/12/2026 17:49,mbok,ws,5900,280,c,ts,2/12/2026,12:49:38,0,,,0.2632,w,0.3846,0.303,0.303,0.3774,0.3236,0.3236,0.3448,0.2985,0.2985,0.2632,0.2632,0.2632,0.3704,0.303,0.303,0.346,0.2841,0.274,,,,0.2985,0.2899,0.2941,0.3086,0.3086,0.3086,0.303,0.2632,0.2632
2054468,2/18/2026 18:24,atma,ws,3200,205,d,ts,2/18/2026,13:24:17,0,,,0.3279,l,0.3636,0.3846,0.3846,0.3279,0.3472,0.3497,0.4082,0.4082,0.4255,0.4167,0.4167,0.4167,0.3704,0.4,0.4,0.346,0.3559,0.3663,,,,0.3922,0.4,0.4,,,,0.3448,0.3571,0.3584
2054687,2/18/2026 20:19,bura,ws,5200,248,d,ts,2/18/2026,15:19:34,0,,,0.2874,l,0.3333,0.3774,,0.2874,0.4274,,0.3704,0.4202,,0.3774,0.4167,,,,,0.346,0.3876,,,,,0.4082,0.4255,,,,,0.3185,0.3731,
2092902,2/23/2026 23:21,kasi,ws,4400,236,d,ts,2/23/2026,18:21:44,0,,,0.2976,w,0.3509,,0.3636,0.2976,,0.3704,0.3636,,0.3846,0.4,,0.4,0.3571,,,0.346,,0.3559,,,,0.3774,,0.4,,,,0.3247,,0.346
2099719,2/25/2026 3:23,hon,ws,4800,300,c,ts,2/24/2026,22:23:43,0,,,0.25,w,0.3333,,0.2632,0.3497,,,0.3226,,0.2632,0.25,,0.25,0.3448,,0.25,0.346,,0.274,,,,0.3125,,0.2703,,,,0.2849,,0.2242
2101917,2/25/2026 23:13,line,ws,3500,250,f,ts,2/25/2026,18:13:37,0,,,0.2857,l,0.2857,0.3636,0.3636,0.3215,0.3115,0.3968,0.339,0.4202,0.4202,0.4,0.4,0.4,0.3125,0.3125,0.4348,0.346,0.3968,0.4274,,,,0.3774,0.4082,0.4082,,,,0.303,0.3546,0.3745
2101871,2/25/2026 22:40,priz,ws,6400,260,c,ts,2/25/2026,17:40:45,0,,,0.2778,l,0.3571,0.2632,0.2632,0.3788,0.2882,0.2882,0.4,0.3333,0.3333,0.2778,0.2778,0.2778,0.3846,0.3077,0.3077,0.346,0.3356,0.3049,,,,0.3175,0.2985,0.303,,,,0.3175,0.2703,0.2597
2115972,2/27/2026 4:36,nakb,ws,6400,239,d,ts,2/26/2026,23:36:02,0,,,0.295,w,0.3333,0.4255,0.4255,0.295,0.3937,0.3891,0.4,0.4,0.4717,0.4545,0.4545,0.4545,0.3333,0.3333,0.4348,0.346,0.3876,0.4484,0.3571,0.3571,0.4444,0.3922,0.4444,0.4444,,,,0.3322,0.369,0.4082
2122641,2/28/2026 19:31,birr,ws,3700,239,d,ts,2/28/2026,14:31:35,0,,,0.295,l,0.3846,,,0.295,,,0.3571,,,0.3846,,,0.3333,,,0.346,,,0.3226,,,,,,,,,0.3175,,
2138311,3/1/2026 20:17,lame,ws,3400,207,d,ts,3/1/2026,15:17:45,0,,,0.3257,l,,,,0.3257,0.4016,0.4016,0.3774,0.4082,0.4082,0.4255,0.4255,0.4255,0.3704,0.3704,0.4167,0.346,0.3876,0.3968,0.3937,0.4444,0.4444,0.4082,0.4255,0.4167,,,,0.346,0.3731,0.3759
2141339,3/2/2026 18:39,bloc,ws,4100,260,c,ts,3/2/2026,13:39:57,0,,,0.2778,l,0.3509,0.2941,0.2941,0.3425,0.2532,0.2532,0.3509,0.303,0.303,0.2778,0.2778,0.2941,0.3704,0.3704,0.3704,0.346,0.3155,0.3155,0.3077,0.2703,0.2703,0.2778,0.2817,0.2778,0.2825,0.2825,0.289,0.303,0.2551,0.2551
2145298,3/3/2026 22:42,galf,ws,4700,240,e,ts,3/3/2026,17:42:50,0,,,0.2941,l,0.3509,0.3226,0.3509,0.3891,0.3344,0.3344,0.3922,0.3636,0.3636,0.3448,0.3448,0.3448,0.2941,0.2941,0.2941,0.346,0.3049,0.3049,0.3636,0.3333,0.3333,0.3448,0.3448,0.3448,,,,0.3226,0.2941,0.3003
2069229,2/20/2026 23:36,berr,ws,3700,240,c,ts,2/20/2026,18:36:45,0,,,0.2941,l,0.3226,0.3226,0.3226,0.3802,0.3497,0.3333,0.3636,0.339,0.3279,0.2941,0.2941,0.2941,0.4545,0.4545,0.4545,0.3559,0.3559,0.3559,,,,0.3448,0.339,0.339,,,,0.3165,0.3086,0.3049
2089074,2/22/2026 19:01,osuw,ws,5200,230,c,ts,2/22/2026,14:01:58,0,,,0.303,w,0.4255,0.3704,,0.3484,0.289,,0.3571,0.3125,,0.303,0.303,,0.3509,0.3077,,0.3559,0.3559,,,,,,,,,,,0.3344,0.2882,
2094361,2/24/2026 4:05,xiny,ws,3900,234,d,ts,2/23/2026,23:05:01,0,,,0.2994,l,0.3333,0.3704,0.3704,0.2994,0.3289,0.3759,0.3636,0.3636,0.4,0.4,0.4,,0.3226,0.3226,0.3846,0.3559,0.3774,0.3774,,,,0.3846,0.4,0.4,,,,0.3226,0.3401,0.3546
2107874,2/26/2026 5:00,kovc,ws,5400,235,l,ts,2/25/2026,0:00:26,0,,,0.2985,l,0.3636,,,0.361,,,0.3846,,,0.3448,,,0.3704,,,0.3559,,,0.3571,,,0.2985,,,,,,0.3311,,
2134228,3/1/2026 2:04,zhas,ws,3600,260,l,ts,2/28/2026,21:04:47,0,,,0.2778,l,,,,0.3257,0.2611,0.2611,,,,0.2778,0.2778,0.2778,0.303,0.2667,0.2667,0.3559,0.3049,0.3049,0.339,0.303,0.303,0.2857,0.2703,0.2703,,,,0.2817,0.2625,0.2625
2019728,2/12/2026 20:16,jonj,ws,4100,210,c,ts,2/12/2026,15:16:34,0,,,0.3226,w,0.4,0.4,,0.3984,0.3984,,0.3774,0.3774,,0.3226,0.3226,,0.4,0.4,,0.3663,0.3663,,,,,0.3846,0.3448,,0.4082,0.4167,,0.346,0.3378,
2020008,2/12/2026 21:49,stru,ws,6600,240,c,ts,2/12/2026,16:49:51,0,,,0.2941,l,,,,0.4274,0.3367,0.3367,0.3922,0.3175,0.3175,0.2941,0.2941,,,,,0.3663,0.2841,0.2841,,,,0.3448,0.3448,0.339,0.3268,0.3268,0.3155,0.3333,0.2786,0.2833
2042836,2/15/2026 17:36,svrc,ws,3900,198,d,ts,2/15/2026,12:36:46,0,,,0.3356,l,0.3922,0.4545,0.4545,0.3356,0.4098,0.4098,0.3922,0.4348,0.4348,0.4444,0.4444,0.4444,0.3704,0.4167,0.4167,0.3663,0.4274,0.4587,,,,0.4348,0.4444,0.4545,0.4464,0.4464,0.4464,0.3584,0.4016,0.4049
2055087,2/18/2026 23:46,mich,ws,5800,240,l,ts,2/18/2026,18:46:44,0,,,0.2941,l,0.3922,0.3125,0.3125,0.3802,0.2882,0.2985,0.339,0.2778,0.2778,0.2941,0.2941,0.2941,0.3571,0.2857,0.2857,0.3663,0.3356,0.2941,,,,0.2941,0.2941,0.2941,,,,0.3289,0.2551,0.2597
2057484,2/19/2026 1:34,pass,ws,6100,225,l,ts,2/18/2026,20:34:28,0,,,0.3077,l,,,,0.3774,,0.3155,0.4,,0.3175,0.3226,,0.3226,0.3846,,0.303,0.3663,,0.2941,,,,0.3077,,0.3077,,,,0.3436,,0.2801
2090841,2/22/2026 21:40,karl,ws,3300,230,c,ts,2/22/2026,16:40:36,0,,,0.303,l,0.3636,0.3636,0.3636,0.3922,0.3922,0.3922,0.3509,0.3509,0.3509,0.303,0.303,0.303,0.4,0.4,0.4,0.3663,0.3663,0.3559,,,,0.3571,0.339,0.303,,,,0.3226,0.3195,0.3247
2107377,2/26/2026 4:10,kovc,ws,7600,230,c,ts,2/25/2026,23:10:22,0,,,0.303,l,0.4348,0.303,0.303,0.4149,0.4,0.3058,0.3774,0.3774,0.2941,0.303,0.303,0.303,0.4167,0.4348,0.303,0.3663,0.3663,0.2841,,,,0.339,0.3175,0.3125,,,,0.3448,0.3125,0.2653
2113968,2/27/2026 2:50,bell,ws,3500,229,d,ts,2/26/2026,21:50:56,0,,,0.304,l,0.3509,0.4167,0.4167,0.304,0.3876,0.3876,0.339,0.3846,0.3846,0.4167,0.4167,0.4167,0.3448,0.4167,0.4167,0.3663,0.4274,0.4274,0.339,0.4082,0.4082,0.4,0.4167,0.4167,,,,0.3247,0.3759,0.3774
2113975,2/27/2026 2:51,bell,ws,3000,243,d,ts,2/26/2026,21:51:03,0,,,0.2915,l,0.3509,0.3509,0.4167,0.2915,0.304,0.304,0.339,0.339,0.339,0.3448,0.4167,0.4167,0.3333,0.3333,0.3448,0.3663,0.3663,0.4082,0.339,0.339,0.339,0.3571,0.3636,0.4167,,,,0.3096,0.3185,0.3425
2108819,2/26/2026 20:44,dole,ws,3700,203,d,ts,2/26/2026,15:44:11,0,,,0.33,l,0.3636,0.3846,0.3846,0.33,0.3846,0.3846,0.4032,0.4292,0.4292,0.4348,0.4348,0.4348,0.3846,0.4,0.4,0.3663,0.3968,0.3968,0.3704,0.3937,0.4,0.4255,0.4255,0.4255,,,,0.3521,0.3731,0.3745
2108455,2/26/2026 15:26,rind,ws,3400,230,c,ts,2/26/2026,10:26:08,0,,,0.303,l,0.3704,0.3571,0.3571,0.339,0.3135,0.3135,0.3509,0.3333,0.3333,0.303,0.303,0.303,0.3333,0.3125,0.3125,0.3663,0.3356,0.3356,0.4082,0.3774,0.3774,0.3448,0.3333,0.3333,,,,0.3236,0.304,0.304
2116415,2/27/2026 15:58,grie,ws,9600,281,d,ts,2/27/2026,10:58:29,0,,,0.2625,w,0.3704,,,0.2625,,,0.3472,,0.274,0.3636,,,0.3846,,0.3846,0.3663,,0.274,,,,0.3509,,0.3509,,,,0.3226,,0.2732
2116443,2/27/2026 16:21,grie,ws,4600,215,b,ts,2/27/2026,11:21:11,0,,,0.3175,w,0.3571,,0.3571,0.4237,0.4219,0.4219,0.3175,0.3226,0.3226,,,,0.3704,,,0.3663,0.3774,0.3876,0.4167,0.4167,0.4167,0.4,0.4,0.3922,,,,0.3436,0.3509,0.3448
2140413,3/2/2026 1:20,frec,ws,3300,210,c,ts,3/1/2026,20:20:22,0,,,0.3226,l,0.3846,0.2941,0.2941,0.3953,0.295,0.295,0.3846,0.3846,0.2985,0.3226,0.3448,0.3448,0.3846,0.3846,0.3125,0.3663,0.3356,0.2841,0.3636,0.3636,0.2857,0.3279,0.3077,0.3077,0.3226,0.3268,0.3268,0.3322,0.3145,0.2646
2019826,2/12/2026 20:45,jonj,ws,7000,230,c,ts,2/12/2026,15:45:28,0,,,0.303,w,0.3846,0.2632,0.2632,0.3704,0.2681,0.2681,0.3774,0.2817,0.2817,0.303,0.303,0.303,0.3846,0.3846,0.2857,0.3774,0.2841,0.2841,,,,0.3175,0.2941,0.2985,0.999,0.999,0.5349,0.3279,0.2525,0.2488
2061685,2/19/2026 20:07,fari,ws,5100,213,d,ts,2/19/2026,15:07:42,0,,,0.3195,w,0.3922,,,0.3195,,,0.3774,,,0.3846,,,0.3448,,,0.3774,,,,,,0.4,,,,,,0.3472,,
2070301,2/21/2026 1:56,agst,ws,5400,190,c,ts,2/20/2026,20:56:59,0,,,0.3448,l,0.4587,0.4587,0.4587,0.3876,0.3155,0.3155,,,,0.3448,0.3448,0.3448,,,,0.3774,0.3774,0.3774,,,,0.3333,0.3333,0.339,,,,0.3745,0.3378,0.3413
2093121,2/24/2026 0:57,town,ws,11400,210,e,ts,2/23/2026,19:57:07,0,,,0.3226,w,0.4545,0.4545,0.4545,0.3546,0.4292,0.4219,0.3571,0.4444,0.4651,0.4878,0.4878,0.4878,0.3226,0.4348,0.4348,0.3774,0.4695,0.4695,,,,0.4762,0.4762,0.4762,,,,0.3861,0.4292,0.4329
2100781,2/25/2026 5:20,ruud,ws,4900,230,c,ts,2/24/2026,0:20:08,0,,,0.303,l,0.3571,0.2857,0.2857,0.3774,0.3145,0.3145,0.3704,0.2817,0.2817,0.303,0.303,0.303,0.3704,0.303,0.303,0.3774,0.3155,0.3155,,,,0.3175,0.2899,0.3077,,,,0.3185,0.2584,0.2625
2101584,2/25/2026 19:56,rind,ws,3700,200,l,ts,2/25/2026,14:56:39,0,,,0.3333,w,0.3922,,,0.3559,,,0.4,,,0.3333,,,0.3846,,,0.3774,,,,,,0.3333,,,,,,0.3546,,
2114048,2/27/2026 2:56,bell,ws,5800,240,c,ts,2/26/2026,21:56:00,0,,,0.2941,l,0.3846,,0.3333,0.3846,,0.3145,0.3472,,0.3077,0.2941,,0.2941,0.3846,,0.3125,0.3774,,0.3155,0.3774,,0.3226,0.3448,,0.3279,,,,0.33,,0.2825
2117261,2/27/2026 21:58,bouz,ws,3100,195,l,ts,2/27/2026,16:58:00,0,,,0.339,l,0.3846,0.3333,0.3333,0.3876,0.2994,0.2994,0.3922,0.3922,0.3472,0.3774,0.3333,0.3333,0.3846,0.3846,0.3333,0.3774,0.3663,0.3257,0.4,0.4,0.3509,0.3509,0.339,0.339,,,,0.3559,0.3195,0.3049
2125092,2/28/2026 20:41,stea,ws,4200,209,d,ts,2/28/2026,15:41:33,0,,,0.3236,w,0.3846,,0.4545,0.3236,,0.4098,0.3802,,0.4348,0.4651,,0.4651,0.3704,,0.4348,0.3774,,0.4274,0.3774,,0.4255,,,,,,,0.3484,,0.4065
2137252,3/1/2026 18:57,stea,ws,4100,200,c,ts,3/1/2026,13:57:51,0,,,0.3333,w,0.4,0.3448,0.3448,0.4032,0.4065,,0.4032,0.4032,0.3704,0.3333,0.3333,0.3333,0.4,0.4,0.3448,0.3774,0.3663,0.3559,0.4,0.4,0.3509,0.3704,0.3571,0.3571,,,,0.3571,0.3413,0.3165
2143368,3/3/2026 2:19,svat,ws,7600,280,c,ts,3/2/2026,21:19:39,0,,,0.2632,l,0.3846,0.3333,0.3333,0.3906,0.3012,0.3012,0.3226,0.274,0.274,0.2632,0.2632,0.2632,0.3509,,,0.3774,0.346,0.3155,0.3448,0.2941,0.2941,0.3226,0.2985,0.2941,,,,0.3115,0.2538,0.2604
2068667,2/20/2026 15:12,anis,ws,5900,160,e,ts,2/20/2026,10:12:57,0,,,0.3846,l,0.4878,,0.4878,0.4082,,0.4762,0.4082,,0.4902,0.4878,,0.5238,0.3846,,0.5,0.3876,,0.4587,,,,0.5,,0.5,,,,0.4082,,0.4566
2078031,2/21/2026 21:59,sakh,ws,3400,210,c,ts,2/21/2026,16:59:18,0,,,0.3226,l,0.3774,,0.3333,0.3953,,0.3425,0.3704,,0.339,0.3226,,0.3226,0.4,,0.3509,0.3876,,0.3559,,,,,,,,,,0.3425,,0.2967
2079814,2/21/2026 22:48,sakh,ws,3500,175,c,ts,2/21/2026,17:48:28,0,,,0.3636,l,0.4444,0.3636,0.3636,0.4115,0.4405,0.3497,0.4202,0.3448,0.3448,0.3636,0.3636,0.3636,0.4167,0.4167,0.3333,0.3876,0.3876,0.346,,,,,,,,,,0.3831,0.3436,0.3165
2093442,2/24/2026 1:42,maia,ws,6100,230,c,ts,2/23/2026,20:42:33,0,,,0.303,l,0.4,0.3509,0.3509,0.3636,0.3279,0.3279,0.3846,0.3279,0.3279,0.303,0.303,0.303,0.3846,0.3333,0.3333,0.3876,0.3559,0.346,,,,0.3509,0.339,0.339,,,,0.3425,0.2967,0.3021
2092766,2/23/2026 18:28,para,ws,3500,210,l,ts,2/23/2026,13:28:01,0,,,0.3226,l,0.3704,0.3226,0.3226,0.4098,0.339,0.3817,0.3636,0.3175,0.303,0.3226,0.3226,0.3226,0.4,0.4,0.3509,0.3876,0.3774,0.3257,,,,0.3226,0.3226,0.3226,,,,0.3436,0.3077,0.2907
2101928,2/25/2026 23:15,line,ws,7500,240,c,ts,2/25/2026,18:15:37,0,,,0.2941,l,0.3846,0.2703,0.2703,0.3906,0.2747,0.2747,0.431,0.2899,0.2899,0.2941,0.2941,0.2941,0.3846,0.2857,0.2857,0.3876,0.2841,0.2941,,,,0.303,0.2857,0.2857,,,,0.339,0.2481,0.2488
2026901,2/13/2026 22:40,bubl,ws,11500,235,l,ts,2/13/2026,17:40:02,0,,,0.2985,w,0.4167,0.303,0.303,0.3676,0.2584,0.2584,0.4,0.2985,0.2985,0.3636,0.3636,0.3774,0.3704,0.2667,0.2667,0.3968,0.3356,0.3257,,,,0.3226,0.303,0.3125,,,,0.369,0.2732,0.274
2028187,2/14/2026 5:12,foki,ws,5200,200,e,ts,2/13/2026,0:12:30,0,,,0.3333,l,0.4,,0.4545,0.3367,,0.4132,0.4,,0.4386,0.4444,,0.4444,0.3333,,0.3571,0.3968,,0.3968,,,,0.3922,,0.4348,0.999,,0.4386,0.361,,0.3953
2043889,2/15/2026 19:35,vera,ws,3900,190,d,ts,2/15/2026,14:35:42,0,,,0.3448,l,0.4255,0.4255,0.3922,0.3448,0.3448,0.3472,0.4115,0.4115,0.4115,0.4255,0.4,0.4,0.3704,0.3704,0.3704,0.3968,0.3968,0.3968,,,,0.3922,0.3774,0.3704,0.3891,,0.361,0.3663,0.361,0.346
2054453,2/18/2026 18:02,eala,ws,8300,210,c,ts,2/18/2026,13:02:00,0,,,0.3226,w,0.4167,0.4,0.4,,,,0.4115,0.4115,0.4,0.3226,,,0.3846,0.3846,0.3846,0.3968,0.3968,0.3876,,,,0.4167,0.4167,0.4167,,,,0.3704,0.3704,0.365
2103972,2/26/2026 1:25,atma,ws,3600,170,f,ts,2/25/2026,20:25:45,0,,,0.3704,w,0.3704,,0.4167,0.4587,,0.4739,0.4386,,0.4651,0.4348,,0.4545,0.4545,,0.4545,0.3968,,0.4386,,,,0.4545,,0.4545,,,,0.3906,,0.4167
2102253,2/26/2026 0:12,svrc,ws,3600,190,c,ts,2/25/2026,19:12:27,0,,,0.3448,l,0.3922,0.3704,0.3704,0.4367,0.4367,0.4367,0.4,0.4,0.4,0.4,0.3448,0.3448,0.4545,0.4545,0.4545,0.3968,0.3968,0.3968,,,,0.3922,0.3704,0.3704,,,,0.3731,0.3559,0.3559
2119833,2/28/2026 4:20,paol,ws,4800,185,m,ts,2/27/2026,23:20:54,0,,,0.3509,w,0.4,,,0.4202,,,0.3846,,,0.3846,,,0.4,,,0.3968,,,0.3509,,,0.4348,,,,,,0.369,,
2139877,3/1/2026 23:26,day,ws,6900,260,c,ts,3/1/2026,18:26:53,0,,,0.2778,w,0.3846,0.3846,0.3846,0.3257,0.3257,0.3257,0.3571,0.3571,0.3571,0.2778,0.3448,0.3448,0.3333,0.3333,0.3333,0.3968,0.3663,0.3663,0.3774,0.3774,0.3774,0.3571,0.3571,0.3636,0.3788,0.3788,0.3922,0.3205,0.3279,0.3289
2019496,2/12/2026 18:40,quin,ws,4100,210,c,ts,2/12/2026,13:40:58,0,,,0.3226,l,0.4167,0.3571,,0.4032,0.3247,,0.4,0.3333,,0.3226,0.3226,,0.4,0.3333,,0.4082,0.4082,,,,,0.3448,0.3509,,,,,0.346,0.304,
2019456,2/12/2026 18:28,quin,ws,3200,190,c,ts,2/12/2026,13:28:24,0,,,0.3448,l,0.3922,0.3922,0.3846,0.3906,0.3831,0.3636,0.4032,0.4032,0.3846,0.3448,0.3448,0.3448,0.3846,0.3704,0.3571,0.4082,0.4184,0.3774,,,,0.4,0.3922,0.3846,,,,0.3636,0.361,0.3448
2043290,2/15/2026 18:50,wala,ws,8500,186,d,ts,2/15/2026,13:50:28,0,,,0.3497,l,0.4444,0.4878,0.4878,0.3497,0.4785,0.4785,0.4292,0.4292,0.4673,0.4878,0.4878,0.4878,0.4167,0.4167,0.4651,0.4082,0.4386,0.4587,,,,0.4444,0.4762,0.4762,0.4167,0.4762,0.4762,0.3968,0.4237,0.4425
2043291,2/15/2026 18:50,wala,ws,3400,174,d,ts,2/15/2026,13:50:50,0,,,0.365,l,0.4348,0.4444,0.4444,0.365,0.3817,0.3774,0.4202,0.4202,0.4292,0.4444,0.4444,0.4444,0.3846,0.4,0.4,0.4082,0.4082,0.4082,,,,0.4255,0.4255,0.4167,0.4202,0.4202,0.4202,0.3846,0.3876,0.3891
2054461,2/18/2026 18:12,atma,ws,3800,156,d,ts,2/18/2026,13:12:19,0,,,0.3906,l,0.4902,,0.4902,0.3906,,0.4255,0.4255,,0.4587,0.4545,,0.4545,0.4167,,0.4348,0.4082,,0.4587,,,,0.4444,,0.4651,,,,0.4065,,0.4329
2071658,2/21/2026 17:04,appl,ws,5100,183,d,ts,2/21/2026,12:04:47,0,,,0.3534,l,0.4255,0.3922,0.3922,0.3534,0.3534,0.3546,0.4348,0.4348,0.4,0.3846,0.3846,0.3846,0.4,0.4,0.3704,0.4082,0.4082,0.3968,,,,,,,,,,0.3817,0.369,0.3497
2107881,2/26/2026 5:01,kovc,ws,5100,190,c,ts,2/25/2026,0:01:05,0,,,0.3448,l,0.4167,,0.3636,0.4115,,0.3534,0.4386,,0.3636,0.3448,,0.3448,0.4167,,0.3704,0.4082,,0.3257,0.4,,0.3571,0.4,,0.3774,,,,0.3759,,0.3247
2101594,2/25/2026 19:58,rind,ws,3400,200,c,ts,2/25/2026,14:58:00,0,,,0.3333,w,0.4,0.4,0.4,0.3831,0.3831,0.3831,0.4,0.4,0.4,0.3774,0.3333,0.3333,0.4167,0.3846,0.3846,0.4082,0.3968,0.3968,,,,0.3509,0.3509,0.3509,,,,0.3704,0.3509,0.3509
2113462,2/27/2026 2:34,zhas,ws,3700,165,m,ts,2/26/2026,21:34:25,0,,,0.3774,w,0.4167,0.4878,0.4878,0.3968,0.4854,0.4854,0.4167,0.4717,0.4717,0.4878,0.4878,0.4878,0.4167,0.4651,0.4651,0.4082,0.4785,0.4695,0.3774,0.4444,0.4444,0.4762,0.4762,0.4762,,,,0.3953,0.4425,0.4425
2120058,2/28/2026 5:44,tiaf,ws,7100,210,c,ts,2/27/2026,0:44:24,0,,,0.3226,w,0.4348,,0.3333,0.3953,,0.3049,0.4115,,0.339,0.3226,,0.3333,0.3846,,0.303,0.4082,,0.3049,0.4082,,0.3226,0.3636,,0.3333,,,,0.365,,0.2924
2140203,3/2/2026 0:37,frec,ws,6100,200,c,ts,3/1/2026,19:37:38,0,,,0.3333,l,0.4167,0.3636,0.3636,0.4049,0.4149,0.3676,0.3922,0.3922,0.339,0.3333,0.3333,0.3333,0.4167,0.4167,0.3571,0.4082,0.4082,0.3663,0.4255,0.4255,0.3774,0.3846,0.3636,0.3636,0.365,0.365,0.365,0.3676,0.3559,0.3268
2139118,3/1/2026 21:32,kali,ws,3300,180,d,ts,3/1/2026,16:32:31,0,,,0.3571,w,0.4082,,0.4255,0.3571,,0.3636,0.4202,,0.4202,0.4348,,0.4348,0.3846,,0.3846,0.4082,,0.4082,0.4167,,0.4255,0.4167,,0.4167,,,,0.3759,,0.3817
2144939,3/3/2026 19:53,land,ws,3000,162,d,ts,3/3/2026,14:53:45,0,,,0.3817,l,0.4255,0.4762,0.4762,0.3817,0.4545,0.4545,0.4444,0.4808,0.4808,0.5,0.5,0.5,0.4167,0.4167,0.4762,0.4082,0.4184,0.4386,0.4255,0.4255,0.4762,0.4651,0.4878,0.4878,,,,0.3984,0.4237,0.4386
2019848,2/12/2026 20:48,jonj,ws,4100,175,c,ts,2/12/2026,15:48:19,0,,,0.3636,w,0.4545,,,0.4464,,,0.4386,,,0.3636,,,0.4545,,,0.4184,,,,,,0.4082,,,0.999,,,0.3953,,
2019553,2/12/2026 19:02,quin,ws,3300,175,c,ts,2/12/2026,14:02:26,0,,,0.3636,l,,,,0.3906,0.3906,0.3906,0.4386,0.4386,0.4386,0.3636,0.3636,0.3636,0.3846,0.3846,0.3846,0.4184,0.4274,0.4274,,,,0.4255,0.4255,0.4082,,,,0.3817,0.3774,0.3802
2043302,2/15/2026 18:51,wala,ws,3200,153,d,ts,2/15/2026,13:51:59,0,,,0.3953,l,0.4348,,0.5,0.3953,,0.4673,0.4545,,0.4762,0.5122,,0.5122,0.4167,,0.4651,0.4184,,0.4695,,,,0.4651,,0.4878,0.4808,,0.4878,0.4098,,0.4484
2090783,2/22/2026 21:29,lepc,ws,3300,165,c,ts,2/22/2026,16:29:57,0,,,0.3774,w,0.4255,0.3509,0.3509,0.4425,0.3636,0.3636,0.4255,0.3636,0.3636,0.3774,0.3774,0.3774,0.4545,0.4545,0.3846,0.4184,0.3559,0.3774,,,,0.3846,0.3774,0.3774,,,,0.3953,0.3311,0.3268
2094018,2/24/2026 2:55,frul,ws,14500,210,l,ts,2/23/2026,21:55:15,0,,,0.3226,l,0.4651,0.3125,0.2778,0.4167,0.3077,0.3077,0.4545,0.339,0.3226,0.3226,0.3226,0.3448,0.4167,0.3333,0.3333,0.4184,0.3356,0.3356,,,,0.3226,0.3226,0.3226,,,,0.4065,0.2915,0.2833
2094053,2/24/2026 3:02,frul,ws,6200,165,c,ts,2/23/2026,22:02:16,0,,,0.3774,l,0.4348,,,0.4425,,,0.4762,,,0.3774,,,0.4348,,,0.4184,,,,,,0.3846,,,,,,0.4115,,
2092762,2/23/2026 18:26,para,ws,3100,160,c,ts,2/23/2026,13:26:10,0,,,0.3846,l,0.4545,0.4545,0.4082,0.4608,0.4608,0.4608,0.4255,0.4255,0.4255,0.4255,0.3846,0.3846,0.4348,0.4348,0.4348,0.4184,0.4184,0.4184,,,,0.4348,0.4167,0.4082,,,,0.4032,0.3968,0.3846
2093628,2/24/2026 1:55,town,ws,4100,165,c,ts,2/23/2026,20:55:38,0,,,0.3774,w,0.4651,0.3774,,0.4587,0.4587,,0.4444,0.4444,,0.3774,0.3774,,0.4348,0.4348,,0.4184,0.4184,,,,,0.4167,0.3922,,,,,0.4,0.3717,
2098483,2/25/2026 2:30,zarr,ws,3400,190,c,ts,2/24/2026,21:30:42,0,,,0.3448,l,0.3922,,0.3571,0.4405,,0.3861,0.3922,,0.3571,0.3448,,0.3448,0.4167,,0.3846,0.4184,,0.4082,,,,0.3846,,0.3636,,,,0.365,,0.3247
2101542,2/25/2026 19:39,rind,ws,3500,160,c,ts,2/25/2026,14:39:36,0,,,0.3846,w,0.4545,0.4545,0.4,0.4274,0.4274,0.4274,0.4484,0.4484,0.4484,0.3846,0.3846,0.3846,0.4545,0.4545,0.4545,0.4184,0.4184,0.4184,,,,0.4348,0.4167,0.4,,,,0.4032,0.4,0.3861
2143406,3/3/2026 2:21,svat,ws,5900,190,c,ts,3/2/2026,21:21:38,0,,,0.3448,l,0.4255,0.4082,0.4348,0.4348,0.3968,0.3984,0.4202,0.4,0.4115,0.3448,0.3448,0.3448,0.4167,0.4,0.4,0.4184,0.4082,0.3876,0.4082,0.3846,0.3846,0.4082,0.4167,0.4167,,,,0.3788,0.3571,0.3676
2149406,3/4/2026 2:25,tsen,ws,4600,190,c,ts,3/3/2026,21:25:50,0,,,0.3448,l,0.4082,0.4082,0.3125,0.4,0.4202,,0.4292,0.4115,0.3226,0.3448,0.3448,0.3448,,,,0.4184,0.4184,0.3155,,,,0.3846,0.3509,0.339,,,,0.3704,0.3745,0.2874
2020148,2/12/2026 23:45,navo,ws,6000,160,f,ts,2/12/2026,18:45:36,0,,,0.3846,l,0.3846,,,0.4545,,,0.4587,,,0.5122,,,0.4651,,,0.4274,,,,,,0.4878,,,0.4237,,,0.4167,,
2028034,2/14/2026 4:10,shap,ws,3800,172,d,ts,2/13/2026,23:10:42,0,,,0.3676,w,0.4,0.4878,0.4878,0.3676,0.4329,0.4329,0.4167,0.4673,0.4673,0.4651,0.4651,0.4651,0.4,0.4545,0.4545,0.4274,0.4785,0.5074,,,,0.4444,0.4651,0.4762,0.6865,0.6865,0.6865,0.3891,0.4425,0.4444
2088452,2/22/2026 15:49,pela,ws,5400,181,d,ts,2/22/2026,10:49:05,0,,,0.3559,w,0.4255,0.4348,0.4348,0.3559,0.3831,0.3968,0.4167,0.4167,0.4292,,,,0.4,0.4,0.4167,0.4274,0.4386,0.4386,,,,0.4348,0.4444,0.4444,,,,0.3831,0.3861,0.3953
2103028,2/26/2026 0:52,dard,ws,4100,175,c,ts,2/25/2026,19:52:49,0,,,0.3636,w,0.4167,0.3636,0.3636,0.4132,0.4292,0.3745,0.4255,0.4255,0.3704,0.3636,0.3636,0.3636,0.4348,0.4348,0.3846,0.4274,0.4274,0.3876,,,,0.4255,0.3846,0.3846,,,,0.3861,0.365,0.3356
2112883,2/27/2026 2:17,agst,ws,5100,160,c,ts,2/26/2026,21:17:19,0,,,0.3846,l,0.4545,0.4348,0.4348,0.463,0.4202,0.4202,0.4587,0.4386,0.4386,0.3846,0.3846,0.3846,0.4167,0.4167,0.4167,0.4274,0.4082,0.4082,0.4444,0.4255,0.4255,0.4444,0.4444,0.4444,,,,0.4115,0.3937,0.3953
2112712,2/27/2026 2:12,agst,ws,3200,175,c,ts,2/26/2026,21:12:00,0,,,0.3636,l,,,,0.4115,0.3891,0.3891,0.4386,0.4,0.4,0.3636,0.3636,0.3636,0.3846,0.3846,0.3333,0.4274,0.4184,0.4184,0.4167,0.3846,0.3846,0.4082,0.4082,0.4082,,,,0.3817,0.3546,0.3521
2136941,3/1/2026 18:23,lepc,ws,5700,165,c,ts,3/1/2026,13:23:26,0,,,0.3774,l,0.4651,,,0.4545,,,0.4386,,,0.3774,,,0.4762,,,0.4274,,,0.4651,,,0.4255,,,,,,0.4082,,
2141290,3/2/2026 18:20,bloc,ws,3300,156,d,ts,3/2/2026,13:20:49,0,,,0.3906,l,0.4545,,0.5,0.3906,,0.3984,0.4545,,0.4545,0.4878,,0.4878,0.4348,,0.4348,0.4274,,0.4184,0.4255,,0.4255,0.4444,,0.5,0.4202,,0.4695,0.4065,,0.4202
2145240,3/3/2026 22:08,galf,ws,3300,161,d,ts,3/3/2026,17:08:17,0,,,0.3831,l,0.4082,0.4082,0.4082,0.3623,0.4202,0.4202,0.4348,0.4348,0.4348,0.4,0.4545,0.4545,0.5833,0.5833,0.5833,0.4274,0.4274,0.4274,0.4082,0.4348,0.4348,0.4545,0.4651,0.4651,,,,0.3922,0.4065,0.4065
2054343,2/18/2026 16:34,gauf,ws,4500,155,f,ts,2/18/2026,11:34:18,0,,,0.3922,w,0.3922,0.5,0.5,0.4739,0.4739,0.5556,0.4762,0.4762,0.5556,0.4348,0.4762,0.4762,,,,0.4386,0.4386,0.4878,,,,0.5,0.5349,0.5349,,,,0.4167,0.4484,0.4878
2054624,2/18/2026 19:42,kopr,ws,3300,160,f,ts,2/18/2026,14:42:08,0,,,0.3846,w,0.3846,0.4082,0.4167,0.4115,0.4115,0.4405,0.4444,0.4444,0.4545,0.4348,0.4348,0.4348,,,,0.4386,0.4386,0.4484,,,,0.4651,0.4651,0.4651,,,,0.4032,0.4065,0.4115
2054888,2/18/2026 21:35,nakb,ws,4300,180,b,ts,2/18/2026,16:35:35,0,,,0.3571,l,0.4348,0.4348,,0.3953,0.4065,,0.3571,0.3846,,0.4167,0.4167,,0.4,0.3846,,0.4386,0.4386,,,,,0.4167,0.4167,,,,,0.3817,0.3817,
2069031,2/20/2026 20:23,mens,ws,5300,165,c,ts,2/20/2026,15:23:35,0,,,0.3774,l,0.4348,,0.3922,0.4587,,0.4202,0.4545,,0.4202,0.3774,,0.3774,0.4651,,0.4082,0.4386,,0.4184,,,,0.4255,,0.4255,,,,0.4082,,0.3788
2082186,2/22/2026 0:05,ymee,ws,3400,200,l,ts,2/21/2026,19:05:57,0,,,0.3333,w,0.3922,0.2857,0.2857,0.4274,0.3891,0.2882,0.4167,0.3125,0.3125,0.3226,0.3226,0.3226,0.4167,0.4167,0.3077,0.4386,0.4184,0.3663,,,,0.3333,0.3125,0.3279,,,,0.3534,0.295,0.2639
2094305,2/24/2026 3:53,masa,ws,3300,160,c,ts,2/23/2026,22:53:36,0,,,0.3846,w,0.4348,0.4167,0.4167,0.4425,0.3953,0.3953,0.4444,0.4167,0.4167,0.3846,0.3846,0.4255,0.4545,0.4348,0.4348,0.4386,0.4184,0.4184,,,,0.4348,0.4167,0.4255,,,,0.4049,0.3802,0.3846
2094336,2/24/2026 3:59,xiny,ws,3200,154,d,ts,2/23/2026,22:59:05,0,,,0.3937,l,0.4167,,,0.3937,,,0.4608,,,0.4651,,,0.4167,,,0.4386,,,,,,0.4651,,,,,,0.4115,,
2105385,2/26/2026 2:13,kecm,ws,3200,165,c,ts,2/25/2026,21:13:29,0,,,0.3774,w,0.4348,,0.4348,0.4255,,0.4149,0.4292,,0.4292,0.3774,,0.3636,0.4348,,0.4167,0.4386,,0.4274,,,,0.4348,,0.4,,,,0.3968,,0.3861
2115970,2/27/2026 4:35,nakb,ws,4100,157,d,ts,2/26/2026,23:35:45,0,,,0.3891,w,0.4255,0.4545,0.4545,0.3891,0.4184,0.4115,0.4717,0.4717,0.4902,0.4545,0.4545,0.4545,0.4348,0.4545,0.4545,0.4386,0.4695,0.4386,0.4444,0.4651,0.4651,0.4651,0.4651,0.4651,,,,0.4115,0.4255,0.4255
2135573,3/1/2026 3:30,paol,ws,5400,145,m,ts,2/28/2026,22:30:57,0,,,0.4082,l,0.4651,,,0.4525,,,,,,0.5349,,,0.4545,,,0.4386,,,0.4082,,,0.5,,,,,,0.4367,,
2139208,3/1/2026 21:55,stak,ws,3400,150,c,ts,3/1/2026,16:55:47,0,,,0.4,w,0.4545,0.4167,0.4167,0.5,0.5,0.4255,0.4717,0.4717,0.4386,0.4,0.4,0.4,0.4878,0.4878,0.4348,0.4386,0.4274,0.3876,0.4545,0.4545,0.4082,0.4444,0.4348,0.4348,,,,0.4184,0.4082,0.3817
2141293,3/2/2026 18:21,bloc,ws,4500,171,d,ts,3/2/2026,13:21:09,0,,,0.369,l,0.4444,0.4545,0.4545,0.369,0.3817,0.3937,0.4444,0.4444,0.4444,0.4444,0.4444,0.4444,0.4167,0.4167,0.4348,0.4386,0.4386,0.4484,0.4167,0.4167,0.4255,0.4348,0.4444,0.4444,0.4202,0.4202,0.4202,0.3937,0.3968,0.4
2143730,3/3/2026 3:01,svat,ws,3400,164,d,ts,3/2/2026,22:01:36,0,,,0.3788,l,0.4255,0.4255,0.4545,0.3788,0.3817,0.3817,0.4587,0.4444,0.4444,0.4348,0.4348,0.4348,0.4,0.4,0.4,0.4386,0.4184,0.4184,0.4444,0.4444,0.4444,0.4444,0.4348,0.4348,,,,0.3984,0.3953,0.4
2141783,3/2/2026 23:15,tsen,ws,3300,160,c,ts,3/2/2026,18:15:06,0,,,0.3846,w,0.4255,0.3636,,0.4808,0.4785,,0.4444,0.4444,,0.3846,0.3846,,,,,0.4386,0.4386,,,,,0.4444,0.4255,,,,,0.4032,0.3876,
2042736,2/15/2026 17:01,svrc,ws,4200,178,d,ts,2/15/2026,12:01:04,0,,,0.3597,l,0.4348,0.4348,0.4348,0.3597,0.3891,0.3891,0.4167,0.4167,0.4167,0.4348,0.4348,0.4348,0.4,0.4167,0.4167,0.4484,0.4184,0.4184,,,,0.4255,0.4255,0.4255,0.4132,0.4132,0.4132,0.3831,0.3861,0.3861
2074480,2/21/2026 20:05,dole,ws,4500,160,c,ts,2/21/2026,15:05:22,0,,,0.3846,w,0.4444,0.3922,0.3922,0.4566,0.3968,0.3968,0.4386,0.3704,0.3704,0.3846,0.3846,0.3846,0.4348,0.3846,0.3846,0.4484,0.3968,0.3968,,,,,,,,,,0.4082,0.3521,0.3521
2092178,2/23/2026 2:00,kyps,ws,5900,194,d,ts,2/22/2026,21:00:12,0,,,0.3401,w,0.4255,0.4651,0.4651,0.3401,0.3922,0.3922,0.4032,0.4348,0.4348,0.4348,0.4348,0.4348,0.3846,0.4167,0.4167,0.4484,0.4695,0.4695,,,,0.4255,0.4444,0.4444,,,,0.3731,0.4016,0.4016
2094292,2/24/2026 3:47,xiny,ws,6300,150,f,ts,2/23/2026,22:47:47,0,,,0.4,l,0.4,0.4545,0.4545,0.4505,0.4505,0.4831,0.4831,0.4831,0.5,0.5,0.5,0.5,0.4545,0.4545,0.4878,0.4484,0.4484,0.4785,,,,0.5,0.5122,0.5122,,,,0.4329,0.4405,0.4545
2097329,2/25/2026 1:36,zarr,ws,7400,140,d,ts,2/24/2026,20:36:45,0,,,0.4167,l,0.4878,0.5,0.5,0.4167,0.4587,0.4608,0.4673,0.4673,0.4902,,,,0.6154,0.6154,0.6154,0.4484,0.4695,0.4695,,,,0.4878,0.5122,0.5122,,,,0.4464,0.463,0.4651
2119500,2/28/2026 3:19,bouk,ws,7800,150,f,ts,2/27/2026,22:19:12,0,,,0.4,l,0.4,0.4,0.4,0.5434,0.4975,0.495,0.4717,0.4484,0.4386,,,,0.5238,,,0.4484,0.4082,0.4082,0.505,0.4651,0.4651,0.4878,0.4878,0.4878,,,,0.4405,0.4132,0.4132
2140208,3/2/2026 0:38,frec,ws,4000,165,c,ts,3/1/2026,19:38:19,0,,,0.3774,l,0.4348,0.4348,0.3636,0.4348,0.4348,0.3953,0.4255,0.4255,0.3846,0.3774,0.3774,0.3774,0.4348,0.4348,0.4167,0.4484,0.4274,0.4184,0.4651,0.4651,0.4167,0.4348,0.4,0.4,0.4202,0.3861,0.3861,0.4,0.3906,0.361
2019482,2/12/2026 18:34,quin,ws,3900,150,c,ts,2/12/2026,13:34:34,0,,,0.4,l,0.4545,0.4348,0.4348,0.431,0.4032,0.4032,0.4608,0.4348,0.4348,0.4,0.4,0.4,0.4545,0.4167,0.4167,0.4587,0.4587,0.4274,,,,0.4545,0.4444,0.4444,,,,0.4202,0.3984,0.4
2027617,2/14/2026 2:04,kecm,ws,5800,125,c,ts,2/13/2026,21:04:25,0,,,0.4444,l,0.5,0.5,,,,,0.5122,0.5122,,0.4444,0.4878,,0.5238,0.5238,,0.4587,0.4484,,,,,0.5349,0.5349,,0.5074,0.5098,,0.4717,0.4717,
2054879,2/18/2026 21:33,hanf,ws,9100,150,c,ts,2/18/2026,16:33:15,0,,,0.4,l,0.5,,,0.5238,,,0.495,,,0.4,,,0.5,,,0.4587,,,,,,0.4545,,,,,,0.4464,,
2068802,2/20/2026 18:14,gauf,ws,15600,190,c,ts,2/20/2026,13:14:23,0,,,0.3448,l,0.5,0.3704,0.3704,0.5074,0.3425,0.3425,0.5146,0.3704,0.3704,0.3448,0.3448,0.3448,,,,0.4587,0.3356,0.3356,,,,0.3846,0.3846,0.3846,,,,0.431,0.3344,0.3344
2074750,2/21/2026 20:14,dole,ws,3000,150,e,ts,2/21/2026,15:14:03,0,,,0.4,w,0.4545,0.4545,0.4545,0.4274,0.431,0.431,0.4587,0.4484,0.4484,0.4651,0.5122,0.5122,0.4,0.4,0.4,0.4587,0.4386,0.4386,,,,,,,,,,0.4167,0.4149,0.4149
2088575,2/22/2026 17:55,brac,ws,6500,151,d,ts,2/22/2026,12:55:42,0,,,0.3984,w,0.4878,0.3731,0.3731,0.3984,0.3984,0.3984,0.4608,0.4608,0.4608,0.4444,0.4444,0.4444,0.4545,0.4545,0.4545,0.4587,0.4587,0.4587,,,,0.4878,0.4878,0.4878,,,,0.4329,0.4065,0.4065
2088588,2/22/2026 18:05,brac,ws,5100,150,b,ts,2/22/2026,13:05:38,0,,,0.4,w,0.4651,0.4878,0.4878,0.4444,0.4878,0.4902,0.4,0.4292,0.4545,0.5,0.5,0.5,0.4762,0.4878,0.4878,0.4587,0.5074,0.4878,,,,0.4878,0.5,0.5,,,,0.4237,0.4425,0.4505
2088497,2/22/2026 16:56,pela,ws,5000,150,l,ts,2/22/2026,11:56:26,0,,,0.4,w,0.4762,0.4167,0.4167,0.4425,0.3876,0.3876,0.4608,0.4167,0.4167,,,,0.4167,0.3846,0.3846,0.4587,0.4386,0.4184,,,,0.4,0.4,0.4,,,,0.4255,0.3676,0.3676
2092803,2/23/2026 19:34,bond,ws,5300,135,d,ts,2/23/2026,14:34:04,0,,,0.4255,l,0.5,0.5122,0.5122,0.4255,0.4651,0.4878,0.4831,0.5074,0.5074,0.5122,0.5122,0.5122,0.4545,0.4545,0.4878,0.4587,0.4785,0.4878,,,,0.5122,0.5122,0.5122,,,,0.4525,0.4673,0.4739
2094342,2/24/2026 4:00,vach,ws,3700,150,c,ts,2/23/2026,23:00:27,0,,,0.4,w,0.4651,,0.4348,0.4545,,0.4219,0.4444,,0.4115,0.4,,0.4,0.4348,,0.4167,0.4587,,0.4386,,,,0.4545,,0.4348,,,,0.4202,,0.3876
2107477,2/26/2026 4:21,bell,ws,3100,150,c,ts,2/25/2026,23:21:03,0,,,0.4,w,0.4651,0.4651,0.4651,0.4274,0.4274,0.4274,0.4348,0.4348,0.4348,0.4,0.4255,0.4255,0.4348,0.4348,0.4348,0.4587,0.4587,0.4587,0.4651,0.4651,0.4651,0.4545,0.4651,0.4762,,,,0.4167,0.4202,0.4219
2107482,2/26/2026 4:21,bell,ws,3800,150,c,ts,2/25/2026,23:21:20,0,,,0.4,w,0.4651,0.4651,0.4651,0.4484,0.4484,0.4274,0.4348,0.4348,0.4348,0.4,0.4,0.4,0.4348,0.4348,0.4348,0.4587,0.4484,0.4484,0.4762,0.4762,0.4651,0.4545,0.4545,0.4545,,,,0.4202,0.4149,0.4149
2101431,2/25/2026 18:29,rakh,ws,5700,145,d,ts,2/25/2026,13:29:10,0,,,0.4082,l,0.4545,,0.4651,0.4082,,0.4184,0.5,,0.5122,0.4444,,0.4444,,,,0.4587,,0.4587,,,,0.4878,,0.4878,,,,0.4367,,0.4405
2116208,2/27/2026 5:26,nakb,ws,5000,130,f,ts,2/26/2026,0:26:50,0,,,0.4348,w,0.4348,0.4348,0.4348,0.5,0.4831,0.4831,0.5238,0.5238,0.5238,0.5455,0.5455,0.5238,0.5,0.5,0.4762,0.4587,0.4587,0.4587,,,,0.5122,0.5,0.5,,,,0.4587,0.4566,0.4505
2116603,2/27/2026 17:36,gaub,ws,3600,160,d,ts,2/27/2026,12:36:05,0,,,0.3846,l,,,,0.3846,0.4016,0.4016,0.4831,0.4717,0.4717,,,,0.4167,0.4167,0.4167,0.4587,0.4484,0.4386,0.4082,0.4,0.4,0.4255,0.4255,0.4255,,,,0.4016,0.4032,0.4016
2012658,2/12/2026 0:41,tabi,ws,9500,165,c,ts,2/11/2026,19:41:54,0,,,0.3774,w,0.4651,0.3704,0.3704,0.4545,0.3704,0.3704,0.4545,0.3448,0.3704,0.3774,0.3774,0.3774,0.4651,0.3846,0.3846,0.4695,0.3876,0.3876,,,,0.3846,0.3922,0.4,,,,0.4274,0.3378,0.3472
2071662,2/21/2026 17:05,appl,ws,5900,193,d,ts,2/21/2026,12:05:15,0,,,0.3413,l,0.4082,0.4082,0.4255,0.3413,0.3413,0.3413,0.4255,0.4255,0.4255,0.4255,0.4255,0.4255,0.4,0.4,0.4,0.4695,0.3876,0.4184,,,,,,,,,,0.3745,0.3717,0.3788
2089120,2/22/2026 19:06,garl,ws,5100,133,d,ts,2/22/2026,14:06:30,0,,,0.4292,l,0.4878,0.5238,0.5238,0.4292,0.495,0.495,0.5283,0.5633,0.5633,0.5,0.5,0.5,0.4762,0.4762,0.5238,0.4695,0.5074,0.537,,,,,,,,,,0.4545,0.4926,0.4975
2092907,2/23/2026 23:47,kasi,ws,8400,175,c,ts,2/23/2026,18:47:11,0,,,0.3636,w,0.4878,,,0.4695,,,0.431,,,0.3636,,,0.4762,,,0.4695,,,,,,0.3922,,,,,,0.4098,,
2102521,2/26/2026 0:27,atma,ws,4800,127,d,ts,2/25/2026,19:27:00,0,,,0.4405,w,0.5,,,0.4405,,,0.4854,,,0.5455,,,0.4651,,,0.4695,,,,,,0.5238,,,,,,0.4608,,
2140202,3/2/2026 0:36,osuw,ws,7300,148,d,ts,3/1/2026,19:36:51,0,,,0.4032,l,0.5,0.5,0.5,0.4032,,0.4082,0.5,0.5,0.5,0.4878,0.4878,0.4878,0.4762,0.4762,0.4762,0.4695,0.4587,0.4587,0.4545,0.4545,0.4545,0.4762,0.4762,0.4762,0.4673,0.4673,0.4673,0.4405,0.4484,0.4405
2069223,2/20/2026 23:10,berr,ws,5500,146,d,ts,2/20/2026,18:10:17,0,,,0.4065,l,0.4651,0.4651,0.5,0.4065,0.4202,0.4202,0.4444,0.4444,0.4444,0.4444,0.4878,0.4878,0.5652,0.5652,0.5652,0.4785,0.4785,0.5074,,,,0.4762,0.4878,0.5,,,,0.4348,0.4386,0.4464
2068982,2/20/2026 19:56,mens,ws,6600,150,c,ts,2/20/2026,14:56:13,0,,,0.4,l,0.5,0.4255,0.4255,0.4831,0.4149,0.4149,0.463,0.4255,0.4255,0.4,0.4,0.4,0.4762,0.4167,0.4167,0.4785,0.4484,0.4386,,,,0.4444,0.4444,0.4444,,,,0.4348,0.3968,0.3906
2068842,2/20/2026 18:29,wong,ws,3000,151,d,ts,2/20/2026,13:29:06,0,,,0.3984,l,0.4167,,0.4878,0.3984,,0.4785,0.4386,,0.4808,0.4545,,0.4545,0.4348,,0.4348,0.4785,,0.5169,,,,0.4545,,0.5,,,,0.4082,,0.4566
2071812,2/21/2026 17:37,mont,ws,5000,135,d,ts,2/21/2026,12:37:11,0,,,0.4255,l,0.4762,0.5238,0.5238,0.4255,0.4717,0.4717,0.4854,0.5238,0.5238,0.5238,0.5238,0.5238,0.4545,0.4878,0.4878,0.4785,0.5283,0.5575,,,,0.5122,0.5122,0.5122,,,,0.4505,0.4785,0.4785
2117260,2/27/2026 21:49,bouz,ws,5900,140,c,ts,2/27/2026,16:49:26,0,,,0.4167,l,0.5,0.4348,0.4348,0.4717,0.4386,0.4386,0.4831,0.4255,0.4255,0.4167,0.4167,0.4167,0.4762,0.4348,0.4348,0.4785,0.4587,0.4587,0.5,0.4444,0.4444,0.4545,0.4444,0.4444,,,,0.4464,0.4049,0.4049
2118958,2/28/2026 2:27,sele,ws,21700,195,l,ts,2/27/2026,21:27:24,0,,,0.339,l,0.5,0.3226,0.3226,0.4854,,,0.4902,0.3571,0.3571,,,,0.4762,0.3125,0.3125,0.4785,0.346,0.3356,0.5,0.3571,0.3571,0.339,0.339,0.339,,,,0.4608,0.3058,0.3021
2134272,3/1/2026 2:08,zhas,ws,4900,120,m,ts,2/28/2026,21:08:36,0,,,0.4545,l,0.5455,0.5455,0.5455,0.4902,0.5261,0.5261,,,,0.5238,0.5238,0.5238,0.4762,0.5349,0.5349,0.4785,0.5475,0.5283,0.4545,0.5122,0.5122,0.5349,0.5349,0.5455,,,,0.4785,0.5025,0.5025
2010963,2/11/2026 18:05,ryba,ws,4800,120,c,ts,2/11/2026,13:05:46,0,,,0.4545,w,0.5122,,,0.5475,,,0.5098,,,0.4545,,,0.5238,,,0.4878,,,,,,0.5349,,,0.6416,,,0.4831,,
2020017,2/12/2026 21:54,stru,ws,5000,125,c,ts,2/12/2026,16:54:42,0,,,0.4444,l,,,,,,,0.5146,0.5146,0.5,0.4444,0.4444,0.4444,,,,0.4878,0.4785,0.4695,,,,0.5455,0.5455,0.5556,0.505,0.5,0.5098,0.4695,0.4651,0.4608
2026902,2/13/2026 22:40,bubl,ws,16900,175,l,ts,2/13/2026,17:40:34,0,,,0.3636,w,0.5,0.3636,0.3636,0.4785,0.3175,0.3175,0.4854,0.3571,0.3571,0.4167,0.4167,0.4348,0.4762,0.3125,0.3125,0.4878,0.3876,0.3876,,,,0.3774,0.3636,0.3636,,,,0.4608,0.33,0.3311
2027593,2/14/2026 1:54,kecm,ws,9600,230,f,ts,2/13/2026,20:54:27,0,,,0.303,l,0.4651,,,0.495,,,0.5074,,,0.3636,,,,,,0.4878,,,,,,0.3704,,,0.3356,,,0.4505,,
2027595,2/14/2026 1:54,kecm,ws,5400,150,l,ts,2/13/2026,20:54:29,0,,,0.4,l,0.4651,0.303,0.303,0.495,0.3367,0.3367,0.5074,0.3846,0.3846,0.3636,0.3636,0.3636,,,,0.4878,0.4082,0.3356,,,,0.4,0.3704,0.3704,0.3356,0.3356,0.3356,0.4274,0.3322,0.3165
2044454,2/15/2026 20:12,gaub,ws,5300,125,d,ts,2/15/2026,15:12:19,0,,,0.4444,w,0.5238,,0.5455,0.4444,,0.4673,0.5,,0.5,0.5122,,0.5122,,,0.4762,0.4878,,0.4878,,,,0.5238,,0.5349,0.4975,,0.5238,0.4695,,0.4785
2061774,2/19/2026 21:35,sinn,ws,14400,150,l,ts,2/19/2026,16:35:04,0,,,0.4,l,0.5122,0.4082,0.4082,0.4808,0.3704,0.3788,0.5305,0.4545,0.4348,0.4,0.4,0.4,0.4651,0.3704,0.3704,0.4878,0.4184,0.4184,,,,0.4,0.4,0.3922,,,,0.4739,0.3788,0.3745
2101417,2/25/2026 18:13,rakh,ws,7900,139,d,ts,2/25/2026,13:13:43,0,,,0.4184,l,0.5122,,0.5,0.5349,,0.4132,0.4854,,0.4854,0.4878,,,0.5122,,0.4348,0.4878,,0.4274,,,,0.5,,0.5,,,,0.4695,,0.4405
2108521,2/26/2026 17:17,krua,ws,4900,127,d,ts,2/26/2026,12:17:18,0,,,0.4405,w,0.4878,0.4878,0.4878,0.4405,0.4405,0.4444,0.5122,0.5122,0.5122,0.5122,0.5122,0.5556,0.4762,0.4762,0.4762,0.4878,0.4785,0.4785,0.5122,0.5122,0.5122,0.5122,0.5122,0.5238,,,,0.4651,0.463,0.4695
2117292,2/27/2026 22:48,bouz,ws,7700,135,c,ts,2/27/2026,17:48:56,0,,,0.4255,l,0.5122,0.4167,,0.4695,0.4167,,0.5305,0.4202,,0.4255,0.4255,,0.5,0.5,,0.4878,0.4695,,0.5238,0.5238,,0.4651,0.4444,,,,,0.4673,0.4016,
2139972,3/1/2026 23:40,day,ws,4700,150,c,ts,3/1/2026,18:40:02,0,,,0.4,w,,,,0.4566,0.4115,0.4098,0.463,0.4386,0.4386,0.4,0.4,0.4,0.4545,0.4167,0.4167,0.4878,0.4587,0.4386,0.4762,0.4444,0.4444,0.4444,0.4348,0.4348,0.4545,0.4545,0.4545,0.4237,0.3922,0.3984
2143737,3/3/2026 3:02,svat,ws,5600,136,d,ts,3/2/2026,22:02:43,0,,,0.4237,l,0.5,0.5,0.4255,0.4237,0.4237,0.3704,0.5098,0.5098,0.463,0.4878,0.4348,0.4348,0.4545,0.4545,0.4,0.4878,0.4785,0.4184,0.505,0.505,0.4545,0.4651,0.4444,0.4545,,,,0.4525,0.4464,0.4016
2141767,3/2/2026 23:08,ymee,ws,5700,129,d,ts,3/2/2026,18:08:13,0,,,0.4367,w,0.5,0.5,0.5,0.4367,0.4367,0.4367,0.495,0.495,0.495,0.5122,0.5122,0.5122,0.4762,0.4762,0.4762,0.4878,0.4785,0.4785,0.5349,0.5349,0.5349,0.5238,0.5238,0.5238,,,,0.4651,0.463,0.463
2026903,2/13/2026 22:40,bubl,ws,8700,140,c,ts,2/13/2026,17:40:35,0,,,0.4167,w,0.5,,0.3636,0.4785,,0.3175,0.4854,,0.3571,0.4167,,0.4348,0.4762,,0.3125,0.4975,,0.3876,,,,0.3774,,0.3636,,,,0.4608,,0.33
2051963,2/18/2026 1:41,baez,ws,4900,135,c,ts,2/17/2026,20:41:17,0,,,0.4255,l,0.4878,0.4878,0.4878,0.5,0.5,0.505,0.4651,0.4651,0.4651,0.4255,0.4255,0.4255,0.4762,0.4762,0.4762,0.4975,0.4878,0.4695,,,,0.5,0.4878,0.4878,,,,0.4505,0.4484,0.4464
2068934,2/20/2026 19:29,mens,ws,5200,130,c,ts,2/20/2026,14:29:14,0,,,0.4348,l,0.5,0.4167,,0.505,0.505,,0.5,0.5,,0.4348,0.4348,,0.5,0.5,,0.4975,0.4785,,,,,0.4878,0.4762,,,,,0.463,0.4405,
2068630,2/20/2026 14:14,pegu,ws,6800,115,f,ts,2/20/2026,9:14:18,0,,,0.4651,w,0.4651,,,0.5349,,,0.5536,,,0.5556,,,0.5122,,,0.4975,,,,,,0.5455,,,,,,0.4926,,
2078509,2/21/2026 22:16,sakh,ws,9900,150,c,ts,2/21/2026,17:16:40,0,,,0.4,l,0.4878,0.4255,0.4255,0.5146,0.4329,0.4329,0.4717,0.4292,0.4292,0.4,0.4,0.4,0.4878,0.4348,0.4348,0.4975,0.4484,0.4484,,,,,,,,,,0.4505,0.3906,0.3906
2091245,2/22/2026 22:34,karl,ws,20000,190,c,ts,2/22/2026,17:34:23,0,,,0.3448,l,0.5,0.3125,0.3125,0.4878,,,0.495,0.3509,0.3509,0.3448,0.3448,0.3448,0.4878,0.3226,0.3226,0.4975,0.5575,0.5575,,,,0.3279,0.3333,0.3333,,,,0.4545,0.2915,0.2915
2091840,2/23/2026 0:45,meji,ws,5800,135,c,ts,2/22/2026,19:45:54,0,,,0.4255,l,0.5,0.5,0.5,0.463,0.4425,0.4425,0.495,0.495,0.495,0.4255,0.4255,0.4255,0.4878,0.4762,0.4762,0.4975,0.4878,0.4878,,,,0.4878,0.4545,0.4444,,,,0.4545,0.4444,0.4425
2110572,2/27/2026 1:09,cobo,ws,5400,120,c,ts,2/26/2026,20:09:27,0,,,0.4545,w,0.5,0.4348,0.4348,0.5652,0.4673,0.4587,0.5146,0.4348,0.4545,0.5238,0.4545,0.4545,0.5238,0.5238,0.4545,0.4975,0.4975,0.4386,0.5238,0.4651,0.4651,0.4651,0.4651,0.4651,,,,0.4831,0.4202,0.4202
2141299,3/2/2026 18:24,smic,ws,5300,125,c,ts,3/2/2026,13:24:25,0,,,0.4444,l,0.5122,0.4444,0.4444,0.5434,0.5434,0.4525,0.5074,0.5074,0.4545,0.4444,0.4444,0.4444,0.5455,0.5455,0.4762,0.4975,0.4785,0.4386,0.5122,0.5122,0.4545,0.4878,0.4651,0.4651,0.5098,0.4367,0.4367,0.4695,0.4525,0.4167
2145221,3/3/2026 21:57,land,ws,5900,125,c,ts,3/3/2026,16:57:41,0,,,0.4444,l,0.5238,,,0.5215,,,0.5283,,,0.4444,,,0.5349,,,0.4975,,,0.5122,,,0.5238,,,,,,0.4785,,
2069218,2/20/2026 22:54,buse,ws,5600,120,c,ts,2/20/2026,17:54:50,0,,,0.4545,w,0.5122,0.4167,0.4167,0.5536,0.4425,0.4425,0.5074,0.4484,0.4484,0.4545,0.4545,0.4545,0.5455,0.5455,0.4348,0.5074,0.4878,0.4695,,,,0.4878,0.4444,0.4444,,,,0.4762,0.4115,0.4049
2081564,2/21/2026 23:39,pard,ws,5200,115,c,ts,2/21/2026,18:39:58,0,,,0.4651,l,0.5349,0.5349,0.6552,0.5025,0.5025,0.5392,0.5327,0.5327,0.5327,0.4651,0.5918,0.5918,0.5,0.5,0.5,0.5074,0.5074,0.5475,,,,0.5918,0.6364,0.6429,,,,0.4902,0.4975,0.5475
2088508,2/22/2026 17:07,pela,ws,8800,135,l,ts,2/22/2026,12:07:11,0,,,0.4255,w,0.5,0.3922,0.3922,0.4831,0.3876,0.3876,0.5122,0.4386,0.4386,,,,0.4762,0.3846,0.3846,0.5074,0.4695,0.4785,,,,0.4255,0.4167,0.4167,,,,0.4695,0.369,0.369
2092773,2/23/2026 18:32,haly,ws,20700,190,c,ts,2/23/2026,13:32:18,0,,,0.3448,l,0.5122,0.3448,0.3448,0.495,0.3021,0.3021,0.4902,0.3636,0.3636,0.3448,0.3448,0.3448,0.5,0.3226,0.3226,0.5074,0.3559,0.4386,,,,0.3636,0.339,0.3448,,,,0.431,0.3067,0.3077
2094277,2/24/2026 3:45,xiny,ws,5300,118,d,ts,2/23/2026,22:45:00,0,,,0.4587,l,,,,0.4587,,0.4587,0.5192,,0.5495,0.5349,,0.5833,0.4878,,0.4878,0.5074,,0.5074,,,,0.5349,,0.5652,,,,0.4831,,0.5
2095853,2/25/2026 0:19,yuay,ws,4800,110,c,ts,2/24/2026,19:19:42,0,,,0.4762,w,0.5349,0.4545,0.4545,0.5305,0.5614,0.4717,0.5283,0.5283,0.4348,0.4762,0.4762,0.4762,0.5455,0.5455,0.4762,0.5074,0.5475,0.4274,,,,0.5,0.4651,0.4545,,,,0.4854,0.4695,0.4202
2110440,2/27/2026 1:04,cobo,ws,10700,120,c,ts,2/26/2026,20:04:50,0,,,0.4545,w,0.5556,0.4545,0.4545,0.5122,0.431,0.431,0.5327,0.4673,0.4673,0.4545,0.4545,0.4545,0.5349,0.4348,0.4348,0.5074,0.4386,0.4386,0.5556,0.4651,0.4651,0.4651,0.4651,0.4651,,,,0.5025,0.4255,0.4255
2125644,2/28/2026 20:55,stea,ws,12800,140,c,ts,2/28/2026,15:55:38,0,,,0.4167,w,0.5122,0.4545,,0.5025,,,0.5122,0.4348,,0.4167,0.4167,,0.5238,0.4167,,0.5074,0.4975,,0.5238,0.4444,,,,,,,,0.4808,0.4049,
2010967,2/11/2026 18:07,ryba,ws,5600,115,c,ts,2/11/2026,13:07:06,0,,,0.4651,w,0.5122,0.5122,0.5,0.5516,0.5516,0.5,0.5283,0.5283,0.5283,0.4651,0.4651,0.4651,0.5349,0.5349,0.5,0.5169,0.5169,0.4878,,,,0.5349,0.5122,0.5,0.6416,0.6416,0.6416,0.4926,0.4854,0.4673
2019546,2/12/2026 19:00,jonj,ws,5000,105,c,ts,2/12/2026,14:00:50,0,,,0.4878,w,0.5455,0.4545,0.4545,0.5781,0.5745,0.4926,0.5726,0.5726,0.5,0.4878,0.4878,0.4878,0.5833,0.5833,0.4762,0.5169,0.5074,0.4484,,,,0.5122,0.5,0.5,0.4902,0.4902,0.4902,0.5074,0.4878,0.4505
2068709,2/20/2026 16:51,gauf,ws,9800,120,c,ts,2/20/2026,11:51:48,0,,,0.4545,l,0.5556,,0.4878,0.5169,,,0.5595,,0.4717,0.4545,,0.4545,,,,0.5169,,0.4975,,,,0.5349,,0.5,,,,0.505,,0.4525
2071792,2/21/2026 17:31,brad,ws,12600,120,c,ts,2/21/2026,12:31:41,0,,,0.4545,l,0.5556,0.4545,0.4545,0.5614,0.4274,0.4274,0.5726,0.4348,0.4348,0.4545,0.4545,0.4545,0.5652,0.4545,0.4545,0.5169,0.5074,0.4184,,,,,,,,,,0.5098,0.4219,0.4098
2071652,2/21/2026 17:03,mand,ws,4800,110,d,ts,2/21/2026,12:03:36,0,,,0.4762,w,0.5238,0.5833,,0.4762,0.5575,,0.5763,0.6183,,0.5122,0.5745,,0.5122,0.5833,,0.5169,0.5475,,,,,,,,,,,0.4975,0.5556,
2090914,2/22/2026 21:51,karl,ws,9100,125,c,ts,2/22/2026,16:51:45,0,,,0.4444,l,0.5455,0.5,0.5,0.5516,0.4695,0.4695,0.5305,0.4762,0.4762,0.4444,0.4444,0.4444,0.5455,0.5,0.5,0.5169,0.4695,0.4695,,,,0.5,0.5,0.5,,,,0.4878,0.4505,0.4505
2091771,2/23/2026 0:10,meji,ws,5800,112,f,ts,2/22/2026,19:10:26,0,,,0.4717,l,0.4717,0.4717,0.4717,,,,0.5495,0.5455,0.5455,0.5652,0.5652,0.5652,0.5238,0.5238,0.5238,0.5169,0.5169,0.5169,,,,0.5556,0.5455,0.5455,,,,0.4975,0.4926,0.4926
2106346,2/26/2026 2:47,kecm,ws,18800,150,c,ts,2/25/2026,21:47:48,0,,,0.4,w,0.5652,0.4545,0.4545,0.5833,0.4808,0.4808,0.5816,0.4,0.4,0.4,0.4,0.4,0.5833,0.4545,0.4545,0.5169,0.4082,0.4274,,,,0.4444,0.4444,0.4444,,,,0.4975,0.3968,0.4
2111449,2/27/2026 1:35,agst,ws,15800,130,c,ts,2/26/2026,20:35:46,0,,,0.4348,l,0.5349,,0.4348,0.5708,,0.4587,0.5816,,0.5122,0.4348,,0.4348,0.5833,,0.4651,0.5169,,0.4975,0.5745,,0.4762,0.4878,,0.4878,,,,0.505,,0.4348
2111711,2/27/2026 1:41,agst,ws,7100,120,c,ts,2/26/2026,20:41:39,0,,,0.4545,l,0.5122,,,0.5475,,,0.5652,,,0.4545,,,0.5349,,,0.5169,,,0.5455,,,0.4762,,,,,,0.4902,,
2111080,2/27/2026 1:27,tabi,ws,5500,125,c,ts,2/26/2026,20:27:00,0,,,0.4444,w,0.5,0.5,0.5,,0.5,0.5098,0.4878,0.4878,0.4878,0.4444,0.4444,0.4545,0.5,0.5,0.5,0.5169,0.5575,0.5169,0.5122,0.5122,0.5122,0.5238,0.5238,0.5238,,,,0.4717,0.4651,0.4717
2120062,2/28/2026 5:50,nakb,ws,5300,117,b,ts,2/27/2026,0:50:10,0,,,0.4608,l,0.5556,0.5556,0.5556,,0.495,0.495,0.4608,0.4673,0.4673,0.5122,0.5122,0.5122,0.5349,0.5349,0.5349,0.5169,0.5169,0.5283,0.505,0.505,0.505,0.5349,0.5238,0.5349,,,,0.4854,0.4831,0.4878
2069124,2/20/2026 20:58,ruud,ws,5800,115,c,ts,2/20/2026,15:58:56,0,,,0.4651,l,0.5349,0.5,0.5,0.5595,,,0.5192,0.4878,0.4878,0.4651,0.4651,0.4651,0.5238,0.4762,0.4762,0.5283,0.4878,0.4878,,,,0.5122,0.5122,0.5122,,,,0.4926,0.463,0.463
2081266,2/21/2026 23:30,pard,ws,4900,108,d,ts,2/21/2026,18:30:10,0,,,0.4808,l,0.5455,0.5745,0.5745,0.4808,0.5122,0.5122,0.5392,0.569,0.569,0.5349,0.5745,0.5745,0.5122,0.5122,0.5455,0.5283,0.5475,0.5475,,,,0.5745,0.5833,0.5833,,,,0.5,0.5305,0.5305
2090095,2/22/2026 20:18,avan,ws,6200,115,c,ts,2/22/2026,15:18:21,0,,,0.4651,l,0.5238,,0.4651,0.5475,,0.4808,0.5392,,0.4854,0.4651,,0.5,0.5349,,0.4878,0.5283,,0.537,,,,0.5349,,0.5,,,,0.495,,0.4464
2093117,2/24/2026 0:55,frul,ws,10200,125,b,ts,2/23/2026,19:55:54,0,,,0.4444,l,0.5122,,,0.5614,,,0.4444,,,0.5349,,,0.5556,,,0.5283,,,,,,0.5745,,,,,,0.4926,,
2135683,3/1/2026 3:43,cobo,ws,5100,102,d,ts,2/28/2026,22:43:00,0,,,0.495,w,0.5455,0.5556,0.5556,0.495,0.5122,0.5122,,,,0.5652,0.5652,0.5652,0.5238,0.5238,,0.5283,0.5575,0.5575,0.5745,0.5833,0.5833,0.5745,0.5745,0.5833,,,,0.5146,0.5238,0.5283
2139242,3/1/2026 22:03,kali,ws,7100,115,c,ts,3/1/2026,17:03:38,0,,,0.4651,w,0.5556,,,0.5455,,,0.5556,,,0.4651,,,0.5238,,,0.5283,,,0.5413,,,0.5,,,,,,0.5,,
2026268,2/13/2026 5:38,paut,ws,8800,125,c,ts,2/12/2026,0:38:25,0,,,0.4444,l,0.5238,,,0.5122,,,0.5349,,,0.4444,,,0.5238,,,0.537,,,,,,0.5,,,0.4975,,,0.4854,,
2027901,2/14/2026 3:34,foki,ws,5500,118,f,ts,2/13/2026,22:34:17,0,,,0.4587,l,0.4587,,0.4587,0.5516,,0.5413,0.5074,,0.5074,0.5122,,0.5122,0.5349,,0.5238,0.537,,0.5283,,,,0.5349,,0.5349,,,0.5238,0.4854,,0.4808
2054309,2/18/2026 16:17,gauf,ws,5600,115,c,ts,2/18/2026,11:17:22,0,,,0.4651,w,,,,0.5516,0.495,,0.5392,0.4831,,0.4651,0.4651,,,,,0.537,0.537,,,,,0.5,0.5,,,,,0.4926,0.4505,
2054350,2/18/2026 16:36,gauf,ws,10100,120,c,ts,2/18/2026,11:36:53,0,,,0.4545,w,0.5455,0.4545,,0.5633,0.5455,,0.5763,0.4484,,0.4545,0.4545,,,,,0.537,0.5283,,,,,0.5122,0.4762,,,,,0.505,0.4484,
2071644,2/21/2026 17:00,appl,ws,8000,110,c,ts,2/21/2026,12:00:38,0,,,0.4762,l,0.5556,0.4762,0.4762,0.5238,0.5146,0.5146,0.5556,0.5,0.5,0.4762,0.4762,0.4762,0.5455,0.5455,0.4762,0.537,0.5169,0.4878,,,,,,,,,,0.5098,0.463,0.4545
2071741,2/21/2026 17:18,mont,ws,7400,120,l,ts,2/21/2026,12:18:38,0,,,0.4545,l,0.5455,,0.5,0.4926,,0.4255,0.5074,,0.4386,0.4762,,0.4762,0.5,,0.4348,0.537,,0.537,,,,0.4545,,0.4545,,,,0.4902,,0.4184
2094384,2/24/2026 4:11,vach,ws,11500,130,c,ts,2/23/2026,23:11:30,0,,,0.4348,w,0.5349,0.4651,0.4651,0.5575,0.4673,0.4673,0.5305,0.4762,0.4762,0.4348,0.4348,0.4348,0.5238,0.4545,0.4545,0.537,0.4785,0.4785,,,,0.4878,0.4878,0.4878,,,,0.4902,0.4405,0.4405
2139193,3/1/2026 21:51,kali,ws,7200,110,c,ts,3/1/2026,16:51:08,0,,,0.4762,w,0.5652,0.5238,0.5238,0.5434,0.4878,0.4878,0.5455,0.5122,0.5122,0.4762,0.4762,0.4762,0.5349,0.5349,0.4878,0.537,0.537,0.5283,0.5556,0.5238,0.5238,0.5238,0.5122,0.5122,,,,0.5074,0.4785,0.4785
2139372,3/1/2026 22:21,stak,ws,9500,120,c,ts,3/1/2026,17:21:22,0,,,0.4545,w,0.5556,,,0.5652,,,0.5495,,,0.4545,,,0.5556,,,0.537,,,0.5556,,,0.4762,,,,,,0.5,,
2141277,3/2/2026 18:13,shis,ws,4900,102,f,ts,3/2/2026,13:13:55,0,,,0.495,w,0.495,0.495,0.495,0.5816,0.5816,0.5816,0.5633,0.5633,0.5633,0.5745,0.5745,0.5745,0.5556,0.5556,0.5556,0.537,0.537,0.537,0.5556,0.5556,0.5556,0.5745,0.5745,0.5745,0.5614,0.5614,0.5614,0.5146,0.5146,0.5146
2141275,3/2/2026 18:13,smic,ws,4800,107,d,ts,3/2/2026,13:13:17,0,,,0.4831,l,0.5614,,0.5614,0.4831,,0.537,0.5215,,0.5413,0.5122,,0.5455,0.5238,,0.5455,0.537,,0.5475,0.5455,,0.5745,0.5556,,0.5652,0.5516,,0.5475,0.5025,,0.5192
2027946,2/14/2026 3:46,shap,ws,5400,-105,f,ts,2/13/2026,22:46:21,0,,,0.5122,w,0.5122,0.5122,0.5238,0.5726,0.5726,0.5392,0.5851,0.5851,0.5968,0.5918,0.5918,0.5918,0.5652,0.5652,0.5652,0.5475,0.5475,0.5575,,,,0.5918,0.5833,0.5833,,,,0.5327,0.5327,0.5327
2055013,2/18/2026 23:12,mich,ws,7400,110,e,ts,2/18/2026,18:12:41,0,,,0.4762,l,0.5556,0.4464,0.4464,,,,0.5305,0.5305,0.5305,0.5349,0.5349,0.5349,0.4762,0.4762,0.4762,0.5475,0.5475,0.5475,,,,0.5556,0.5556,0.5556,,,,0.5074,0.4878,0.4878
2056282,2/19/2026 0:58,tabi,ws,12000,120,c,ts,2/18/2026,19:58:10,0,,,0.4545,w,0.5455,0.5122,0.5122,0.5169,0.5169,0.5169,0.5556,0.5556,0.5556,0.4545,0.5122,0.5122,0.5455,0.5238,0.5238,0.5475,0.5781,0.5781,,,,0.5556,,,,,,0.5074,0.5098,0.5098
2073572,2/21/2026 19:31,day,ws,5300,103,d,ts,2/21/2026,14:31:43,0,,,0.4926,l,0.5455,0.5556,0.5556,0.4926,0.5146,0.5074,0.5595,0.5595,0.569,,,,0.5455,0.5455,0.5455,0.5475,0.5781,0.5575,,,,,,,,,,0.5146,0.5238,0.5261
2073219,2/21/2026 19:19,lepc,ws,6600,-110,d,ts,2/21/2026,14:19:30,0,,,0.5238,w,0.5833,0.5833,0.661,0.5238,0.5238,0.6094,0.5968,0.5968,0.6454,0.5918,0.5918,0.5918,0.5556,0.5556,0.6296,0.5475,0.5169,0.5968,,,,,,,,,,0.5495,0.5392,0.5968
2090926,2/22/2026 21:54,lepc,ws,5000,100,c,ts,2/22/2026,16:54:22,0,,,0.5,w,0.5918,0.5918,0.5238,0.5708,0.5708,0.4975,0.5455,0.5455,0.5455,0.5,0.5,0.5,0.5833,0.5833,0.5833,0.5475,0.5475,0.5475,,,,0.5556,0.5238,0.5,,,,0.5192,0.5146,0.5025
2094388,2/24/2026 4:11,vach,ws,5900,105,c,ts,2/23/2026,23:11:54,0,,,0.4878,w,0.5349,0.5349,0.5349,0.5455,0.5614,0.5614,0.5495,0.5305,0.5305,0.4878,0.4878,0.4878,0.5455,0.5349,0.5349,0.5475,0.5475,0.5475,,,,0.5652,0.5652,0.5652,,,,0.5122,0.5098,0.5098
2104565,2/26/2026 1:41,zver,ws,21600,140,l,ts,2/25/2026,20:41:23,0,,,0.4167,l,0.5652,0.4,0.4,0.5595,0.4049,0.4049,0.5633,0.4386,0.4386,0.4545,0.4545,0.4545,0.5455,0.4,0.4,0.5475,0.4082,0.4082,,,,0.4545,0.4167,0.4167,,,,0.5192,0.3876,0.3876
2145243,3/3/2026 22:09,land,ws,6600,100,c,ts,3/3/2026,17:09:58,0,,,0.5,l,0.5833,0.5122,0.5122,0.5556,0.5,0.5,0.6,0.5475,0.5475,0.5,0.5,0.5,0.5652,0.5652,0.5652,0.5475,0.4695,0.4695,0.5745,0.5122,0.5122,0.5556,0.5349,0.5349,,,,0.5305,0.4878,0.4878
2044413,2/15/2026 20:10,gaub,ws,6900,105,d,ts,2/15/2026,15:10:16,0,,,0.4878,w,0.5833,0.5833,0.5833,0.4878,,0.4878,0.5475,0.5475,0.5475,0.5556,0.5556,0.5556,0.5238,0.5238,0.5238,0.5575,0.5575,0.5575,,,,0.5455,0.5556,0.5556,0.5556,0.5652,0.5652,0.5169,0.5215,0.5192
2061688,2/19/2026 20:10,fari,ws,8600,115,c,ts,2/19/2026,15:10:54,0,,,0.4651,w,0.5833,0.5,0.5,0.5633,0.4762,0.4762,0.5392,0.4808,0.4808,0.4651,0.4651,0.4651,0.5652,0.4651,0.4651,0.5575,0.4975,0.4975,,,,0.5,0.4878,0.4878,,,,0.5074,0.4545,0.4545
2069104,2/20/2026 20:53,ruud,ws,5800,110,c,ts,2/20/2026,15:53:40,0,,,0.4762,l,0.5349,,0.5349,0.5305,,0.5392,0.5169,,0.5283,0.4762,,0.5122,0.5238,,0.5455,0.5575,,0.5671,,,,0.5455,,0.5556,,,,0.5,,0.5074
2074208,2/21/2026 19:50,bren,ws,5900,100,d,ts,2/21/2026,14:50:41,0,,,0.5,w,0.5556,0.6,0.6,0.5,0.5633,0.5633,0.5781,0.5781,0.5781,,,,0.5349,0.5833,0.5833,0.5575,0.6169,0.6169,,,,,,,,,,0.5238,0.5495,0.5495
2071925,2/21/2026 17:52,mand,ws,15500,135,c,ts,2/21/2026,12:52:14,0,,,0.4255,w,0.5238,,,0.5305,,,0.5413,,,0.4255,,,0.5556,,,0.5575,,,,,,,,,,,,0.5,,
2094132,2/24/2026 3:19,kyps,ws,5100,103,d,ts,2/23/2026,22:19:01,0,,,0.4926,w,0.5455,0.5455,0.5833,0.4926,0.537,0.537,0.5327,0.5327,0.5327,0.5349,0.5349,0.5349,0.5349,0.5455,0.5455,0.5575,0.5575,0.5575,,,,0.5745,0.5833,0.6078,,,,0.5146,0.5169,0.5327
2106347,2/26/2026 2:47,kecm,ws,11400,120,l,ts,2/25/2026,21:47:50,0,,,0.4545,w,0.5652,0.4545,0.4545,0.5833,0.4808,0.4808,0.5816,0.4,0.4,0.4,0.4,0.4,0.5833,0.4545,0.4545,0.5575,0.4082,0.4184,,,,0.4762,0.4444,0.4444,,,,0.5098,0.3968,0.3984
2117276,2/27/2026 22:27,bouz,ws,4800,100,c,ts,2/27/2026,17:27:04,0,,,0.5,l,0.5455,,,0.5238,,,0.5851,,,0.5,,,0.5455,,,0.5575,,,0.5833,,,0.5349,,,,,,0.5215,,
2119862,2/28/2026 4:28,paol,ws,5000,105,m,ts,2/27/2026,23:28:12,0,,,0.4878,w,0.5455,0.5455,0.5455,0.537,0.537,0.5349,0.5349,0.5349,0.5475,0.5122,0.5122,0.5122,0.5833,0.5455,0.5455,0.5575,0.5475,0.5475,0.5238,0.4878,,0.5556,0.5556,0.5556,,,,0.5098,0.5074,0.5122
2117189,2/27/2026 20:50,town,ws,13200,100,d,ts,2/27/2026,15:50:58,0,,,0.5,w,0.6503,0.6503,0.6503,0.5,0.5781,0.5745,0.5763,0.6139,0.6139,,,,,,,0.5575,0.6078,0.5968,,,,0.6,0.6078,0.6078,,,,0.5536,0.5833,0.5816
2124609,2/28/2026 20:30,birr,ws,7000,100,f,ts,2/28/2026,15:30:46,0,,,0.5,l,0.5,0.5833,0.5833,0.5708,0.5708,0.6403,0.5633,0.5633,0.6552,0.6296,0.6296,0.6296,0.5833,0.5833,0.6491,0.5575,0.5671,0.6364,0.5745,0.5745,0.6491,,,,,,,0.5283,0.5475,0.6
2137265,3/1/2026 18:59,stea,ws,9200,105,c,ts,3/1/2026,13:59:46,0,,,0.4878,w,0.5833,0.5349,0.5349,0.5652,0.5495,0.5516,0.5633,0.5305,0.5192,0.4878,0.4878,0.4878,0.5652,0.5238,0.5238,0.5575,0.5475,0.537,0.5833,0.5238,0.5238,0.5455,0.5349,0.5349,,,,0.5283,0.4975,0.4975
2141768,3/2/2026 23:08,ymee,ws,7000,100,l,ts,3/2/2026,18:08:24,0,,,0.5,w,0.5745,0.5,0.5,0.5413,0.4367,0.4367,0.5556,0.5556,0.495,0.5556,0.5122,0.5122,0.5556,0.5556,0.4762,0.5575,0.5283,0.4878,0.6078,0.6078,0.5349,0.5122,0.5,0.5122,,,,0.5283,0.4854,0.463
2012234,2/12/2026 0:17,tabi,ws,5000,-114,d,ts,2/11/2026,19:17:57,0,,,0.5327,w,0.6,0.6,0.6,0.5327,0.5327,0.5283,0.5652,0.5652,0.5816,0.5833,0.5833,0.5833,0.6825,0.6825,0.6825,0.5671,0.5475,0.5671,,,,0.5918,0.5918,0.5918,,,,0.5516,0.5455,0.5556
2044953,2/15/2026 20:36,mont,ws,5400,100,e,ts,2/15/2026,15:36:47,0,,,0.5,w,0.5918,,0.5833,0.5238,,0.537,0.5475,,0.5392,0.5455,,0.5455,0.5,,0.5,0.5671,,0.5475,,,,0.5556,,0.5556,0.5614,,0.5614,0.5215,,0.5098
2069242,2/20/2026 23:43,berr,ws,7000,120,e,ts,2/20/2026,18:43:20,0,,,0.4545,l,0.5556,0.4348,0.4348,0.5708,0.4808,0.4808,0.5146,0.4292,0.4292,0.4,0.4,0.4,0.4545,0.4545,0.4545,0.5671,0.5074,0.4785,,,,0.5,0.4651,0.4651,,,,0.4902,0.4082,0.4132
2071752,2/21/2026 17:22,mont,ws,5200,-103,d,ts,2/21/2026,12:22:03,0,,,0.5074,l,0.5918,0.5918,0.6078,0.5074,0.5192,0.5392,0.5495,0.5495,0.5633,0.5556,0.5556,0.5556,0.5349,0.5349,0.5455,0.5671,0.5671,0.5781,,,,0.5745,0.5745,0.5745,,,,0.5283,0.5283,0.537
2089076,2/22/2026 19:02,garl,ws,9100,100,c,ts,2/22/2026,14:02:42,0,,,0.5,l,0.5745,0.5238,0.5238,0.5633,0.5192,0.5192,0.5968,0.5968,0.5536,0.5,0.5,0.5,0.5652,0.5652,0.5,0.5671,0.5671,0.5169,,,,,,,,,,0.537,0.5098,0.495
2090997,2/22/2026 22:10,wats,ws,4800,100,c,ts,2/22/2026,17:10:34,0,,,0.5,w,0.5455,,0.5455,0.5614,,0.5614,0.5633,,0.5633,0.5,,0.5,0.5556,,0.5556,0.5671,,0.5671,,,,0.5652,,0.5122,,,,0.5192,,0.5192
2093128,2/24/2026 0:57,mand,ws,5700,-115,f,ts,2/23/2026,19:57:55,0,,,0.5349,l,0.5349,0.5652,,0.5833,0.5833,,0.6255,0.6255,,0.5833,0.5833,,0.6154,0.6154,,0.5671,0.5868,,,,,0.6078,0.6226,,,,,0.5556,0.569,
2100817,2/25/2026 5:26,wuy,ws,7800,-110,c,ts,2/24/2026,0:26:25,0,,,0.5238,w,0.6154,0.5455,0.5455,0.5935,0.5122,0.5122,0.6032,0.5283,0.5283,0.5238,0.5238,0.5238,0.6154,0.5455,0.5455,0.5671,0.5169,0.4975,,,,0.5745,0.5556,0.5556,,,,0.5536,0.5025,0.505
2108481,2/26/2026 16:29,nava,ws,5100,-115,c,ts,2/26/2026,11:29:20,0,,,0.5349,w,0.6,0.5556,,0.6269,0.6269,,0.5652,0.5652,,0.5349,0.5349,,0.6,0.6,,0.5671,0.5671,,0.6078,0.6078,,0.5833,0.5652,,,,,0.5536,0.5413,
2116509,2/27/2026 16:56,gaub,ws,8400,110,c,ts,2/27/2026,11:56:36,0,,,0.4762,l,0.5652,,,0.5614,,,0.5595,,,0.4762,,,0.5652,,,0.5671,,,,,,0.5,,,,,,0.5122,,
2135785,3/1/2026 3:54,bucs,ws,18800,115,c,ts,2/28/2026,22:54:24,0,,,0.4651,w,0.5918,,0.5918,0.5851,,0.5833,,,,0.4651,,0.5349,0.6,,0.6,0.5671,,0.5781,,,,0.6078,,0.5556,,,,0.5475,,0.5392
2136901,3/1/2026 18:15,town,ws,5400,-110,c,ts,3/1/2026,13:15:49,0,,,0.5238,l,0.5833,0.5652,,0.5918,0.5918,,0.569,0.569,,0.5238,0.5238,,0.5833,0.5833,,0.5671,0.5781,,0.6,0.5652,,0.5745,0.5652,,,,,0.5434,0.5305,
2141426,3/2/2026 19:47,moch,ws,8600,100,c,ts,3/2/2026,14:47:55,0,,,0.5,w,0.5918,0.5238,0.5238,0.5726,0.5122,0.5122,0.5781,0.5781,0.5327,0.5,0.5,0.5,,,,0.5671,0.5169,0.5169,,,,0.5652,0.5349,0.5349,0.5283,0.5283,0.5192,0.5349,0.5,0.4926
2020025,2/12/2026 22:04,bubl,ws,5100,-104,d,ts,2/12/2026,17:04:16,0,,,0.5098,w,,,,0.5098,0.5413,0.5261,0.5652,0.5816,0.5816,0.5833,0.6154,0.6154,,,,0.5781,0.5781,0.5968,,,,0.5556,0.5556,0.5745,0.5833,0.5868,0.5968,0.5283,0.5516,0.5475
2047269,2/16/2026 21:10,altm,ws,9100,105,c,ts,2/16/2026,16:10:48,0,,,0.4878,l,0.5652,0.5,0.5,0.5781,0.4739,0.4739,0.5816,0.5327,0.5327,0.4878,0.4878,0.4878,0.5833,0.5,0.5,0.5781,0.537,0.537,,,,0.5238,0.5238,0.5238,,,,0.5261,0.4854,0.4854
2050396,2/17/2026 23:11,dial,ws,8900,105,c,ts,2/17/2026,18:11:17,0,,,0.4878,l,0.5918,,,0.5763,,,0.5595,,,0.4878,,,0.5652,,,0.5781,,,,,,0.5349,,,,,,0.5283,,
2093363,2/24/2026 1:34,mand,ws,18500,115,c,ts,2/23/2026,20:34:23,0,,,0.4651,l,0.5833,0.6154,0.6154,0.5935,0.6032,0.6032,0.5763,0.6183,0.6183,0.4651,,,0.6,0.6296,0.6296,0.5781,0.6364,0.6364,,,,0.6296,0.6296,0.6296,,,,0.5475,0.5902,0.5902
2127248,2/28/2026 21:57,hanf,ws,5500,-115,f,ts,2/28/2026,16:57:59,0,,,0.5349,w,0.5349,0.5652,0.5652,0.6296,0.6296,0.6,0.5816,0.5816,0.5885,0.5918,0.5918,0.5918,0.6296,0.6296,0.6296,0.5781,0.5781,0.5968,0.6,0.6,0.6078,0.6154,0.6226,0.6226,,,,0.5556,0.5595,0.5652
2126671,2/28/2026 21:36,krua,ws,7400,-108,f,ts,2/28/2026,16:36:35,0,,,0.5192,l,0.5192,,0.5192,,,,0.5885,,0.5763,0.5918,,0.5556,0.6154,,0.5652,0.5781,,0.5475,0.6154,,0.5745,,,,,,,0.5475,,0.5238
2138040,3/1/2026 19:57,pard,ws,9300,104,d,ts,3/1/2026,14:57:57,0,,,0.4902,w,0.5833,0.5918,0.5918,0.4902,0.5261,0.5261,0.5495,0.5495,0.5495,,,,0.5349,0.5349,0.5349,0.5781,0.5868,0.5868,0.5745,0.5833,0.5833,0.5745,0.5745,0.5833,,,,0.5283,0.5305,0.5327
2139072,3/1/2026 21:25,stak,ws,5400,-122,f,ts,3/1/2026,16:25:56,0,,,0.5495,w,0.5495,,,0.6466,,,0.6183,,,0.6,,,0.6154,,,0.5781,,,0.6226,,,0.6154,,,,,,0.5708,,
2028156,2/14/2026 4:58,shap,ws,14000,-105,l,ts,2/13/2026,23:58:47,0,,,0.5122,w,0.6296,0.5,0.5,0.5816,0.5025,0.5025,0.5851,0.4762,0.4762,0.5745,0.4651,0.4651,0.5833,0.6154,0.4762,0.5868,0.5671,0.4975,,,,0.5122,0.4878,0.4878,0.5968,0.5968,0.5968,0.569,0.4785,0.4525
2054679,2/18/2026 20:16,hanf,ws,6700,-110,c,ts,2/18/2026,15:16:04,0,,,0.5238,l,0.6154,0.6154,0.5556,0.6047,0.6047,0.5413,0.5556,0.5556,0.5146,0.5238,0.5238,0.5238,0.6,0.6,0.5455,0.5868,0.5671,0.5575,,,,0.5918,0.5556,0.5556,,,,0.5495,0.5349,0.5025
2118014,2/28/2026 1:15,kecm,ws,7300,-115,c,ts,2/27/2026,20:15:19,0,,,0.5349,l,0.5918,0.5652,0.5652,0.5833,0.5455,0.5455,0.5968,0.5781,0.5781,0.5349,0.5349,0.5349,0.6,0.5833,0.5833,0.5868,0.5868,0.5868,0.6078,0.5833,0.5833,0.6,0.6,0.6,,,,0.5633,0.5434,0.5434
2120061,2/28/2026 5:49,nakb,ws,5100,-114,b,ts,2/27/2026,0:49:08,0,,,0.5327,l,0.6,,,0.569,,,0.5327,,,0.6296,,,0.6,,,0.5868,,,0.5556,,,0.6078,,,,,,0.5475,,
2010941,2/11/2026 17:45,ryba,ws,5000,-117,b,ts,2/11/2026,12:45:35,0,,,0.5392,w,0.6154,0.6154,0.5918,0.6078,0.6078,0.6078,0.5392,0.5536,0.6183,0.5745,0.5745,0.5745,0.6154,0.6154,0.6154,0.5968,0.5968,0.6078,,,,0.6,0.6078,0.6,0.6078,0.6078,0.5868,0.5575,0.569,0.5726
2020023,2/12/2026 22:04,bubl,ws,6000,-111,d,ts,2/12/2026,17:04:05,0,,,0.5261,w,,,,0.5261,,,0.5816,,,0.6154,,,,,,0.5968,,,,,,0.5745,,,0.5968,,,0.5475,,
2020027,2/12/2026 22:08,bubl,ws,6800,-125,c,ts,2/12/2026,17:08:59,0,,,0.5556,w,,,,0.6139,0.5098,0.5098,0.6364,0.5633,0.5633,0.5556,0.5556,0.5556,,,,0.5968,0.5575,0.5575,,,,0.5455,0.5455,0.5556,0.5575,0.5516,0.5763,0.5798,0.5146,0.5192
2020128,2/12/2026 23:37,ugo,ws,6000,-116,d,ts,2/12/2026,18:37:58,0,,,0.537,w,0.6154,0.6154,0.6154,0.537,0.537,0.537,0.5851,0.569,0.569,0.5745,0.5745,0.5745,0.5652,0.5652,0.5652,0.5968,0.5968,0.5968,,,,0.5918,0.5918,0.5918,0.6016,0.6016,0.6016,0.5595,0.5536,0.5536
2027951,2/14/2026 3:48,shap,ws,6500,-124,d,ts,2/13/2026,22:48:57,0,,,0.5536,w,0.6,0.5652,0.5652,0.5536,0.5536,0.5745,0.6255,0.6255,0.6183,0.6429,0.6429,0.6429,0.5833,0.5833,0.5833,0.5968,0.5968,0.5968,,,,0.6154,0.6078,0.6078,0.5816,0.5816,0.5816,0.5763,0.5652,0.5652
2070146,2/21/2026 1:45,tiaf,ws,9600,-150,c,ts,2/20/2026,20:45:44,0,,,0.6,l,0.8824,0.8824,0.8824,,0.5652,0.5652,0.5726,0.5968,0.5968,0.6,0.6,0.6429,0.6154,0.6154,0.6154,0.5968,0.5968,0.5968,,,,0.6078,0.6154,0.6154,,,,0.6283,0.6094,0.6109
2076186,2/21/2026 21:01,kopr,ws,5400,-130,c,ts,2/21/2026,16:01:52,0,,,0.5652,l,0.6296,0.6296,0.6154,0.6491,0.6491,0.6491,0.6032,0.6032,0.6032,0.5652,0.5652,0.5652,0.6296,0.6296,0.6296,0.5968,0.5968,0.6169,,,,0.6296,0.6296,0.6226,,,,0.5833,0.5833,0.5798
2079045,2/21/2026 22:30,sakh,ws,4900,-123,d,ts,2/21/2026,17:30:27,0,,,0.5516,l,0.6154,0.6774,,0.5516,0.6169,,0.5968,0.6454,,0.6429,0.6429,,0.5833,0.5833,,0.5968,0.5968,,,,,,,,,,,0.569,0.5951,
2085099,2/22/2026 2:17,tien,ws,8800,-125,c,ts,2/21/2026,21:17:34,0,,,0.5556,l,0.6154,0.5652,0.5652,0.6324,0.6094,0.5595,0.6503,0.6,0.6,0.5556,0.5556,0.5556,0.6491,0.6491,0.5833,0.5968,0.5968,0.5575,,,,0.6296,0.6078,0.6078,,,,0.5885,0.5595,0.5475
2088491,2/22/2026 16:46,pela,ws,7900,-120,l,ts,2/22/2026,11:46:13,0,,,0.5455,w,0.6154,0.5455,0.5455,0.6212,0.5327,0.5305,0.5968,0.5146,0.5146,,,,0.6154,0.5238,0.5238,0.5968,0.5575,0.5671,,,,0.5455,0.5238,0.5238,,,,0.5745,0.4902,0.4902
2092872,2/23/2026 22:46,puti,ws,6800,-120,c,ts,2/23/2026,17:46:45,0,,,0.5455,l,0.6,0.5349,0.5652,0.5868,0.5868,0.5614,0.6364,0.6364,0.6,0.5455,0.5455,0.5455,0.6,0.6,0.5652,0.5968,0.5575,0.5671,,,,0.6,0.5833,0.5833,,,,0.569,0.5413,0.5413
2100571,2/25/2026 4:36,ruud,ws,8500,-110,c,ts,2/24/2026,23:36:06,0,,,0.5238,l,0.5833,0.5349,0.5349,0.5868,0.5516,0.5516,0.6226,0.5595,0.5595,0.5238,0.5238,0.5238,0.6,0.5455,0.5455,0.5968,0.5575,0.5475,,,,0.5745,0.5652,0.5652,,,,0.5575,0.5146,0.5146
2104137,2/26/2026 1:30,atma,ws,6500,-125,c,ts,2/25/2026,20:30:43,0,,,0.5556,w,0.5918,,,0.6587,,,0.6255,,,0.5556,,,0.6296,,,0.5968,,,,,,0.6154,,,,,,0.5763,,
2110461,2/27/2026 1:05,wuy,ws,5500,-115,l,ts,2/26/2026,20:05:26,0,,,0.5349,l,0.5833,0.5,0.5,0.6094,0.5327,0.537,0.6139,0.5495,0.5327,0.5,0.5,0.5,0.6296,0.5349,0.5349,0.5968,0.5671,0.5283,0.6078,0.5122,0.5122,0.5349,0.5349,0.5349,,,,0.5556,0.495,0.4902
2141798,3/2/2026 23:19,ymee,ws,6300,-117,d,ts,3/2/2026,18:19:04,0,,,0.5392,w,0.6154,0.5918,0.5918,0.5392,0.5261,0.5261,0.5885,0.569,0.569,0.5918,0.5918,0.5918,0.5652,0.5652,0.5556,0.5968,0.5671,0.5671,0.6491,0.6491,0.6226,0.6,0.5918,0.5918,,,,0.5633,0.5434,0.5413
2145191,3/3/2026 21:42,land,ws,7200,-125,c,ts,3/3/2026,16:42:53,0,,,0.5556,l,0.6364,0.5556,,0.631,0.5475,,0.6429,0.5851,,0.5556,0.5556,,0.6296,0.5652,,0.5968,0.537,,0.6364,0.5745,,0.5833,0.5652,,,,,0.5816,0.5261,
2146920,3/4/2026 1:03,svrc,ws,6100,-125,c,ts,3/3/2026,20:03:33,0,,,0.5556,w,0.6491,0.6491,0.6491,0.6109,0.6109,0.6109,0.639,0.639,0.639,0.5556,0.5556,0.5556,0.6154,0.6154,0.6154,0.5968,0.5968,0.5868,0.5918,0.5918,0.5918,0.6226,0.5833,0.5556,,,,0.5781,0.5708,0.5833
2019561,2/12/2026 19:03,cili,ws,4800,-130,f,ts,2/12/2026,14:03:58,0,,,0.5652,w,0.5652,0.6154,0.6154,0.6429,0.6429,0.6825,0.5885,0.5885,0.6552,0.7059,0.7059,0.7059,0.6491,0.6491,0.6825,0.6078,0.6078,0.6466,,,,0.6552,0.6825,0.6825,,,,0.5816,0.5951,0.6212
2019426,2/12/2026 17:59,mbok,ws,11300,-125,c,ts,2/12/2026,12:59:18,0,,,0.5556,w,0.6364,0.5349,,0.6169,0.6169,,0.6255,0.6255,,0.5556,0.5556,,0.6491,0.6491,,0.6078,0.5968,,,,,0.5745,0.5455,,0.9,0.5633,,0.5816,0.5633,
2042623,2/15/2026 15:19,svaz,ws,7600,-125,c,ts,2/15/2026,10:19:22,0,,,0.5556,w,0.6552,0.6154,0.6154,0.6269,0.5902,0.5902,0.6364,0.6,0.6,0.5556,0.5556,0.5556,0.6296,0.6,0.6,0.6078,0.5868,0.5868,,,,0.6,0.6,0.6,0.5968,0.5968,0.5868,0.5833,0.5633,0.5595
2042628,2/15/2026 15:22,svaz,ws,8100,-124,d,ts,2/15/2026,10:22:11,0,,,0.5536,w,0.6364,0.6875,,0.5536,0.6429,,0.6183,0.6552,,0.6,0.6429,,0.6,0.6,,0.6078,0.6753,,,,,0.6552,0.6667,,0.67,0.6575,,0.5833,0.6226,
2042721,2/15/2026 16:45,svrc,ws,5200,105,d,ts,2/15/2026,11:45:40,0,,,0.4878,l,0.5455,0.5455,0.5455,0.4878,0.5434,0.5434,,,,0.5745,0.5745,0.5745,,,,0.6078,0.6078,0.6078,,,,0.5556,0.5556,0.5556,,,,0.5098,0.5192,0.5192
2054460,2/18/2026 18:12,cobo,ws,7800,-128,f,ts,2/18/2026,13:12:19,0,,,0.5614,w,0.5614,,0.5614,0.6678,,0.6324,0.6429,,0.6078,0.6,,0.6,0.6491,,0.6296,0.6078,,0.5671,,,,0.6491,,0.6296,,,,0.5935,,0.5671
2054346,2/18/2026 16:34,mert,ws,5900,-130,c,ts,2/18/2026,11:34:58,0,,,0.5652,l,0.6364,0.5455,0.5455,0.6154,0.4854,0.4854,0.6078,0.5455,0.5455,0.5652,0.5652,0.5652,,,,0.6078,0.5968,0.5575,,,,0.5745,0.5652,0.5745,,,,0.5851,0.5238,0.5169
2068665,2/20/2026 15:11,pegu,ws,7300,-120,c,ts,2/20/2026,10:11:26,0,,,0.5455,w,0.6364,0.5455,,0.6324,0.5495,,0.5885,0.5305,,0.5455,0.5455,,0.6226,0.5652,,0.6078,0.6078,,,,,0.5833,0.5652,,,,,0.569,0.5261,
2071913,2/21/2026 17:50,brad,ws,12200,-125,c,ts,2/21/2026,12:50:13,0,,,0.5556,l,0.661,0.5238,0.5238,0.6183,0.5455,0.5455,0.6454,0.5192,0.5475,0.5556,0.5556,0.5556,0.6296,0.5238,0.5238,0.6078,0.5868,0.5074,,,,,,,,,,0.6,0.4926,0.5025
2088949,2/22/2026 18:46,garl,ws,6000,-133,d,ts,2/22/2026,13:46:05,0,,,0.5708,l,0.635,0.635,,0.5708,0.5708,,0.6255,0.6255,,0.6154,0.6154,,0.6,0.6,,0.6078,0.5671,,,,,,,,,,,0.5918,0.5781,
2090932,2/22/2026 21:55,lepc,ws,5500,-135,l,ts,2/22/2026,16:55:01,0,,,0.5745,w,0.6774,0.5918,0.5918,0.6656,0.5745,0.5745,0.6139,0.5283,0.5283,0.5745,0.5745,0.5745,0.6667,0.5833,0.5833,0.6078,0.5968,0.5968,,,,0.5745,0.5745,0.5745,,,,0.5935,0.5305,0.5305
2089075,2/22/2026 19:02,masa,ws,5500,-130,c,ts,2/22/2026,14:02:38,0,,,0.5652,w,0.6226,0.5745,0.5745,0.6255,0.6255,0.5671,0.6255,0.5885,0.5885,0.5652,0.5652,0.5652,0.6154,0.6154,0.5833,0.6078,0.6169,0.5868,,,,,,,,,,0.5851,0.5516,0.5455
2094115,2/24/2026 3:16,pota,ws,7600,-130,c,ts,2/23/2026,22:16:44,0,,,0.5652,l,0.6364,0.6,0.6,0.6364,0.6364,0.5868,0.639,0.639,0.6078,0.5652,0.5652,0.5652,0.6296,0.6296,0.6,0.6078,0.5968,0.5781,,,,0.6226,0.6078,0.6078,,,,0.5918,0.5781,0.5614
2100377,2/25/2026 4:00,hon,ws,16100,105,c,ts,2/24/2026,23:00:05,0,,,0.4878,w,,,,0.5833,,,0.6503,,,0.4878,0.4878,0.4878,0.6154,0.5238,0.5238,0.6078,0.5868,0.5169,,,,0.5652,0.5455,0.5455,,,,0.5595,,0.4902
2101203,2/25/2026 15:18,grie,ws,6300,-140,d,ts,2/25/2026,10:18:22,0,,,0.5833,w,0.661,0.6774,0.6774,0.5833,0.635,0.635,0.6364,0.6364,0.6503,0.6667,0.6667,0.6667,,,,0.6078,0.6364,0.6466,,,,0.6667,0.6774,0.6774,,,,0.6032,0.6241,0.6241
2101936,2/25/2026 23:16,line,ws,5600,-125,c,ts,2/25/2026,18:16:36,0,,,0.5556,l,0.6296,0.6296,0.6296,0.5798,0.5868,0.5868,0.6364,0.6364,0.6364,0.5556,0.5556,0.4651,0.5652,0.5652,0.6,0.6078,0.6078,0.6078,,,,0.5918,0.5455,0.5349,,,,0.5781,0.5868,0.5595
2112386,2/27/2026 2:02,tabi,ws,5000,-130,l,ts,2/26/2026,21:02:08,0,,,0.5652,w,,,,0.6337,0.6337,0.5349,0.6,0.6,0.4717,0.5556,0.5556,0.5556,0.6296,0.6296,0.5349,0.6078,0.6078,0.537,0.6364,0.6364,0.5455,0.6226,0.5556,0.5652,,,,0.5798,0.5833,0.4975
2124537,2/28/2026 20:29,birr,ws,11400,-125,c,ts,2/28/2026,15:29:23,0,,,0.5556,l,0.6154,,,0.6528,,,0.6364,,,0.5556,,,0.6491,,,0.6078,,,0.6491,,,,,,,,,0.5968,,
2134503,3/1/2026 2:23,frec,ws,5900,-130,c,ts,2/28/2026,21:23:17,0,,,0.5652,w,0.6296,0.5652,0.5652,0.6154,0.5984,0.5413,,,,0.5652,0.5652,0.5652,0.6154,0.6154,0.5455,0.6078,0.6078,0.5575,0.6491,0.6491,0.6,0.6078,0.6,0.5918,,,,0.5833,0.5595,0.537
2149767,3/4/2026 2:38,hiji,ws,10900,-125,l,ts,3/3/2026,21:38:33,0,,,0.5556,w,0.6552,,,0.6466,,,0.6255,,,0.5455,,,0.6491,,,0.6078,,,0.6364,,,0.5556,,,,,,0.5951,,
2046813,2/16/2026 15:33,ruzi,ws,5400,-135,d,ts,2/16/2026,10:33:31,0,,,0.5745,w,0.6154,0.6364,0.6364,0.5745,0.6,0.5935,0.6454,0.6454,0.6667,0.6296,0.6296,0.6296,0.6154,0.6154,0.6154,0.6169,0.6364,0.6269,,,,0.6429,0.6429,0.6491,,,,0.5935,0.5968,0.6032
2047060,2/16/2026 19:47,wong,ws,16300,-110,l,ts,2/16/2026,14:47:03,0,,,0.5238,w,0.6491,,,0.6109,,,0.6032,,,0.5349,,,0.6154,,,0.6169,,,,,,0.5238,,,,,,0.5885,,
2069221,2/20/2026 23:06,berr,ws,6100,-130,e,ts,2/20/2026,18:06:33,0,,,0.5652,l,0.6,0.6,,0.6914,0.6914,,0.6139,0.6139,,0.5833,0.5833,,0.5652,0.5652,,0.6169,0.6078,,,,,0.6552,0.6154,,,,,0.5885,0.5781,
2074772,2/21/2026 20:14,etch,ws,6500,-125,c,ts,2/21/2026,15:14:44,0,,,0.5556,w,0.6154,0.5918,0.5918,0.6,0.569,0.569,0.6183,0.5885,0.5885,0.5556,0.5556,0.5556,,,,0.6169,0.6078,0.6078,,,,0.6078,0.6078,0.6078,,,,0.5798,0.5575,0.5575
2089491,2/22/2026 19:34,brac,ws,7000,-135,c,ts,2/22/2026,14:34:24,0,,,0.5745,w,0.6364,0.5745,0.5745,0.6743,0.5984,0.5984,0.6774,0.6255,0.6255,0.5745,0.5745,0.5918,0.6667,0.6,0.6,0.6169,0.5671,0.5671,,,,0.6,0.6,0.5918,,,,0.5984,0.5595,0.5595
2089904,2/22/2026 20:05,masa,ws,10600,-102,d,ts,2/22/2026,15:05:31,0,,,0.505,w,0.5833,0.5833,0.5833,0.505,,0.5098,0.5968,0.5968,0.5816,0.5918,0.5918,0.5918,0.5556,0.5556,0.5556,0.6169,0.6169,0.6169,,,,,,,,,,0.5475,0.5536,0.5413
2107770,2/26/2026 4:48,bell,ws,5200,-137,d,ts,2/25/2026,23:48:01,0,,,0.5781,w,0.6364,,,0.5781,,,0.6364,,,0.6429,,,0.6154,,,0.6169,,,0.6364,,,0.6552,,,,,,0.5951,,
2105811,2/26/2026 2:29,zver,ws,10500,-120,l,ts,2/25/2026,21:29:37,0,,,0.5455,l,0.6154,,0.5,0.6109,,0.495,0.6226,,0.5305,0.5455,,0.5455,0.6,,0.5,0.6169,,0.5283,,,,0.5455,,0.5238,,,,0.5868,,0.4878
2110589,2/27/2026 1:10,wuy,ws,9900,-110,c,ts,2/26/2026,20:10:09,0,,,0.5238,l,0.6154,,0.5556,0.5868,,0.5556,0.6109,,0.5305,0.5238,,0.5238,0.6154,,0.5652,0.6169,,0.6169,0.6078,,0.5413,0.5833,,0.5745,,,,0.569,,0.5146
2118752,2/28/2026 2:11,sele,ws,10700,-125,c,ts,2/27/2026,21:11:24,0,,,0.5556,l,0.6364,0.5556,0.5556,0.631,0.5575,0.5575,0.6667,0.5763,0.5763,0.5556,0.5556,0.5556,0.6491,0.5652,0.5652,0.6169,0.5781,0.5475,,,,0.5918,0.5833,0.5833,,,,0.5951,0.5327,0.5327
2137481,3/1/2026 19:20,town,ws,13600,-115,c,ts,3/1/2026,14:20:55,0,,,0.5349,l,0.6154,0.4651,0.4651,0.6169,0.5025,0.5025,0.6226,0.4878,0.4878,0.5349,0.5349,0.5349,0.6296,0.5349,0.5349,0.6169,0.4695,0.4695,0.6364,0.5238,0.5238,0.5455,0.5238,0.5238,,,,0.5868,0.4651,0.4673
2137482,3/1/2026 19:20,town,ws,11100,-120,l,ts,3/1/2026,14:20:55,0,,,0.5455,l,0.6154,0.4651,0.4651,0.6169,0.5025,0.5025,0.6226,0.4878,0.4878,0.5349,0.5349,0.5349,0.6296,0.5349,0.5349,0.6169,0.4695,0.4695,0.6364,0.5238,0.5238,0.5455,0.5238,0.5238,,,,0.5868,0.4651,0.4673
2071845,2/21/2026 17:42,brad,ws,20300,-110,c,ts,2/21/2026,12:42:57,0,,,0.5238,l,0.6552,,,0.67,,,0.6503,,,0.5238,,,0.6667,,,0.6269,,,,,,,,,,,,0.6032,,
2073520,2/21/2026 19:30,trev,ws,5700,-135,c,ts,2/21/2026,14:30:14,0,,,0.5745,w,0.6491,0.6491,0.5918,0.6226,0.6226,0.5902,0.6552,0.6552,0.6078,0.5745,0.5745,0.5918,0.6296,0.6296,0.6154,0.6269,0.6269,0.6466,,,,0.6296,0.6,0.6,,,,0.5935,0.5902,0.5652
2073455,2/21/2026 19:27,trev,ws,5500,-140,c,ts,2/21/2026,14:27:55,0,,,0.5833,w,0.6491,0.6491,,0.6479,0.6479,,0.661,0.661,,0.5833,0.5833,,0.6667,0.6667,,0.6269,0.6269,,,,,0.6429,0.6,,,,,0.6016,0.5935,
2095133,2/24/2026 20:20,tjen,ws,7800,-124,b,ts,2/24/2026,15:20:57,0,,,0.5536,l,0.6,0.6,0.6,0.6377,0.6377,0.6377,0.5536,0.5816,0.5968,0.6429,0.6429,0.6429,0.6296,0.6296,0.6296,0.6269,0.6364,0.6364,,,,0.6429,0.6429,0.6491,,,,0.5816,0.5868,0.5902
2106339,2/26/2026 2:47,zver,ws,5000,-137,d,ts,2/25/2026,21:47:34,0,,,0.5781,l,0.6,0.6,0.6,0.5781,0.5935,0.5935,0.6667,0.6183,0.6183,0.6667,0.6667,0.6667,0.6154,0.6154,0.6154,0.6269,0.6169,0.6169,,,,0.6491,0.6364,0.6364,,,,0.5951,0.5885,0.5885
2108871,2/26/2026 20:57,dole,ws,6800,-135,c,ts,2/26/2026,15:57:50,0,,,0.5745,l,0.6364,,,0.635,,,0.6454,,,0.5745,,,0.6296,,,0.6269,,,0.7015,,,0.6364,,,,,,0.6,,
2109125,2/26/2026 23:27,sonm,ws,7100,-135,c,ts,2/26/2026,18:27:38,0,,,0.5745,w,0.6491,,0.6,0.6454,,0.5935,0.6364,,0.5781,0.5745,,0.6154,0.6491,,0.6,0.6269,,0.5781,0.6491,,0.6,0.6226,,0.6154,,,,0.5951,,0.5614
2111424,2/27/2026 1:35,tabi,ws,5300,-134,b,ts,2/26/2026,20:35:03,0,,,0.5726,w,0.6154,0.6667,0.6667,0.6047,0.6845,0.6845,0.5726,0.6139,0.6139,0.6875,0.6875,0.6875,0.6154,0.6667,0.6667,0.6269,0.6753,0.6753,0.6,0.6552,0.6552,0.6721,0.6721,0.6721,,,,0.5902,0.6198,0.6241
2140074,3/1/2026 23:59,jean,ws,8300,-125,c,ts,3/1/2026,18:59:48,0,,,0.5556,w,0.6491,0.5918,0.5918,0.6416,0.5726,0.5708,0.6364,0.5763,0.5885,0.5556,,,0.6154,0.5833,0.5833,0.6269,0.5868,0.5868,0.6078,0.5556,0.5556,0.5918,0.5918,0.6078,0.6016,0.6016,0.6016,0.5851,0.5495,0.5556
2139279,3/1/2026 22:10,stak,ws,5400,-145,c,ts,3/1/2026,17:10:22,0,,,0.5918,w,0.6491,,0.6,0.661,,,0.6667,,0.6032,0.5918,,0.5918,0.6667,,0.6154,0.6269,,0.6078,0.6875,,0.6364,0.6491,,0.6226,,,,0.6094,,0.5708
2137505,3/1/2026 19:22,stea,ws,6400,-135,l,ts,3/1/2026,14:22:34,0,,,0.5745,w,0.6296,0.6296,0.5349,0.6063,0.6063,0.5283,0.6364,0.6364,0.4902,0.6429,0.5349,0.5349,0.6296,0.6296,0.5349,0.6269,0.6269,0.5283,0.6667,0.6667,0.5455,0.5745,0.5745,0.5455,,,,0.5968,0.5816,0.5
2137092,3/1/2026 18:38,walt,ws,6500,-130,d,ts,3/1/2026,13:38:54,0,,,0.5652,l,0.6429,0.6875,0.6875,0.5652,0.6255,0.6255,0.6226,0.661,0.661,0.6296,0.6552,0.6552,0.6,0.6,0.6491,0.6269,0.6269,0.6466,0.6,0.6,0.6364,0.6364,0.6667,0.6667,,,,0.5868,0.6032,0.6154
2072612,2/21/2026 18:50,lepc,ws,6700,-140,c,ts,2/21/2026,13:50:02,0,,,0.5833,w,0.6667,0.6429,0.6429,0.6377,0.5984,0.5951,0.6429,0.6183,0.6183,0.5833,0.5833,0.5833,0.6154,0.6,0.6,0.6364,0.6269,0.6269,,,,,,,,,,0.6063,0.5851,0.5885
2085107,2/22/2026 2:17,tien,ws,9200,-150,c,ts,2/21/2026,21:17:54,0,,,0.6,l,0.661,0.6154,0.6154,0.6845,0.6815,0.6324,0.6825,0.6825,0.6503,0.6,0.6,0.6,0.6923,0.6923,0.6491,0.6364,0.6269,0.5968,,,,0.6825,0.6552,0.6552,,,,0.6296,0.6124,0.5935
2088427,2/22/2026 15:19,priz,ws,9800,-131,d,ts,2/22/2026,10:19:53,0,,,0.5671,w,0.6667,,0.6667,0.5671,,0.5798,0.6503,,0.6503,0.6552,,0.6552,0.6154,,0.6154,0.6364,,0.6269,,,,0.6429,,0.6552,,,,0.6016,,0.6032
2092804,2/23/2026 19:44,pela,ws,11000,-125,l,ts,2/23/2026,14:44:23,0,,,0.5556,w,0.6154,,0.5349,0.635,,0.5169,0.6364,,0.5652,,,,0.6296,,0.5455,0.6364,,0.5575,,,,0.5556,,0.5556,,,,0.5951,,0.5169
2093822,2/24/2026 2:24,town,ws,9500,-140,c,ts,2/23/2026,21:24:04,0,,,0.5833,w,0.661,0.6154,0.6154,0.6942,0.6564,0.6564,0.661,0.6183,0.6183,0.5833,0.5833,0.5833,0.6875,0.6491,0.6491,0.6364,0.6364,0.6269,,,,0.6491,0.6429,0.6429,,,,0.6154,0.5968,0.5968
2100369,2/25/2026 3:58,hon,ws,10300,-140,l,ts,2/24/2026,22:58:53,0,,,0.5833,w,,,,0.631,0.6124,0.537,0.6875,0.6875,0.5885,0.6296,0.5556,0.5556,0.6491,0.6491,0.5652,0.6364,0.6667,0.5781,,,,0.5833,0.5833,0.5833,,,,0.6183,0.5816,0.537
2100073,2/25/2026 3:41,zarr,ws,5300,-150,l,ts,2/24/2026,22:41:42,0,,,0.6,l,,,,0.661,0.5763,,0.661,0.5781,,0.6,0.6,,0.6667,0.6,,0.6364,0.5868,,,,,0.6154,0.6,,,,,0.6169,0.5556,
2103627,2/26/2026 1:16,dard,ws,7400,-135,l,ts,2/25/2026,20:16:09,0,,,0.5745,w,0.6491,,0.5652,0.6364,,0.5413,0.6255,,0.5495,0.5833,,0.5833,0.6491,,0.5556,0.6364,,0.5575,,,,0.5918,,0.5833,,,,0.6,,0.5283
2119772,2/28/2026 4:03,bouk,ws,6100,-159,d,ts,2/27/2026,23:03:36,0,,,0.6139,l,0.6667,,,0.6139,,,0.6875,,,,,,0.6491,,,0.6364,,,0.6875,,,0.726,,,,,,0.6337,,
2139887,3/1/2026 23:28,dard,ws,5600,-135,c,ts,3/1/2026,18:28:04,0,,,0.5745,w,0.6491,,,0.6124,,,0.6454,,,0.5745,,,0.6296,,,0.6364,,,0.6226,,,0.6226,,,0.5968,,,0.5935,,
2141300,3/2/2026 18:26,maes,ws,4800,-140,c,ts,3/2/2026,13:26:10,0,,,0.5833,w,0.6429,0.6296,0.6296,0.6241,0.6169,0.6183,0.6255,0.6255,0.6255,0.5833,0.5833,0.5833,0.6491,0.6296,0.6296,0.6364,0.6269,0.6269,0.6774,0.6774,0.6774,0.6552,0.6552,0.6552,0.6667,0.654,0.654,0.6,0.5968,0.5984
2141370,3/2/2026 19:01,smic,ws,6100,-140,l,ts,3/2/2026,14:01:21,0,,,0.5833,l,0.6364,0.5455,0.5455,0.6364,0.5575,0.5575,0.6429,0.5851,0.5851,0.6296,0.5556,0.5556,0.6491,0.5652,0.5652,0.6364,0.5671,0.5575,0.6667,0.5833,0.5833,0.5833,0.5652,0.5745,0.5516,0.5516,,0.6047,0.5305,0.5305
2044108,2/15/2026 19:46,gaub,ws,9000,-133,d,ts,2/15/2026,14:46:24,0,,,0.5708,w,0.6491,0.6667,0.6667,0.5708,0.6032,0.6183,0.6364,0.6429,0.6429,0.6774,0.6774,0.6774,0.6154,0.6296,0.6296,0.6466,0.6667,0.6667,,,,0.6491,0.6491,0.6552,0.6644,0.6644,0.6644,0.6032,0.6139,0.6154
2045483,2/15/2026 21:19,mont,ws,17600,-220,c,ts,2/15/2026,16:19:48,0,,,0.6875,w,0.7872,0.7059,0.7059,0.7743,0.6894,0.6894,0.7701,0.661,0.661,0.6875,0.6875,0.6875,0.7778,0.6825,0.6825,0.6466,0.5968,0.5968,,,,0.7297,0.697,0.697,0.6825,0.6785,0.6785,0.7015,0.6466,0.6466
2061499,2/19/2026 18:02,alcz,ws,4800,-134,b,ts,2/19/2026,13:02:13,0,,,0.5726,w,0.6296,0.6296,0.6296,,0.5951,0.5918,0.5968,0.5968,0.5968,0.6429,0.6429,0.6429,0.6154,0.6154,0.6154,0.6466,,,,,,0.6296,0.6296,0.6364,,0.6269,0.6269,0.5935,0.5868,0.5918
2061664,2/19/2026 19:56,tien,ws,7700,-125,c,ts,2/19/2026,14:56:04,0,,,0.5556,w,0.6364,0.5652,0.5652,0.6139,0.5614,0.5595,0.6183,0.5392,0.5633,0.5556,0.5556,0.6296,0.6154,0.6154,0.5652,0.6466,0.5868,0.5781,,,,0.5833,0.5833,0.6226,,,,0.5833,0.537,0.5516
2088990,2/22/2026 18:48,masa,ws,6800,-145,c,ts,2/22/2026,13:48:54,0,,,0.5918,w,0.6774,0.6226,0.6226,0.6416,0.6416,0.6154,0.6503,0.6503,0.6109,0.5918,0.5918,0.5918,0.6491,0.6491,0.6154,0.6466,0.6466,0.6269,,,,,,,,,,0.6139,0.5968,0.5816
2088417,2/22/2026 15:17,priz,ws,6600,-137,d,ts,2/22/2026,10:17:24,0,,,0.5781,w,0.661,0.661,0.661,0.5781,,0.5556,0.661,0.639,0.639,0.6552,0.6552,0.6552,0.6154,0.6,0.6,0.6466,0.6269,0.6269,,,,0.6296,0.6429,0.6429,,,,0.6,0.5984,0.5951
2100691,2/25/2026 4:56,wuy,ws,5700,-140,c,ts,2/24/2026,23:56:12,0,,,0.5833,w,0.6552,0.6154,0.6154,0.6324,0.6109,0.6109,0.6503,0.6,0.6,0.5833,0.5833,0.5918,0.6296,0.6,0.6,0.6466,0.5781,0.5781,,,,0.6296,0.6154,0.6154,,,,0.6032,0.569,0.569
2116536,2/27/2026 17:10,gaub,ws,15500,-130,d,ts,2/27/2026,12:10:15,0,,,0.5652,l,0.6552,0.7143,0.7143,0.5652,,0.6875,0.6429,0.6429,0.7143,0.7059,0.7059,0.7059,,,0.5652,0.6466,0.6564,0.7151,0.6552,0.6552,0.7143,0.6774,0.726,0.7183,,,,0.6169,0.6441,0.6721
2140164,3/2/2026 0:24,jean,ws,6900,-145,c,ts,3/1/2026,19:24:15,0,,,0.5918,w,0.6667,,0.6078,0.6552,,0.6047,0.6721,,0.6139,0.5918,,0.6154,0.6667,,0.6154,0.6466,,0.6169,0.6667,,0.6,0.6429,,0.6296,0.6416,,0.6078,0.6154,,0.5781
2137103,3/1/2026 18:39,walt,ws,5200,-140,c,ts,3/1/2026,13:39:50,0,,,0.5833,l,0.6667,0.6667,0.6667,0.6283,0.6283,0.6226,0.639,0.639,0.6454,0.5833,0.5833,0.5833,0.6296,0.6296,0.6296,0.6466,0.6667,0.6364,0.6364,0.6364,0.6364,0.6552,0.6491,0.6429,,,,0.6,0.5984,0.6016
2143770,3/3/2026 3:06,bura,ws,29900,130,c,ts,3/2/2026,22:06:26,0,,,0.4348,w,0.697,0.5238,0.5238,0.6466,0.5,0.5,,,,0.4348,0.4348,0.4348,,,,0.6466,0.5475,0.5074,0.6491,0.4878,0.4878,0.5122,0.5,0.4762,,,,0.5763,0.4566,0.4587
2148902,3/4/2026 2:07,hiji,ws,5900,-145,c,ts,3/3/2026,21:07:57,0,,,0.5918,w,0.6875,0.6875,0.6667,0.6575,0.639,0.6212,0.639,0.639,0.6139,0.5918,0.5918,0.5918,0.6667,0.6491,0.6296,0.6466,0.6466,0.6364,0.6491,0.6491,0.6226,0.6667,0.6429,0.6429,,,,0.6109,0.6047,0.5935
2146948,3/4/2026 1:04,svrc,ws,13400,-130,l,ts,3/3/2026,20:04:54,0,,,0.5652,w,0.6875,0.5833,0.5833,0.6552,0.5536,0.5536,0.6667,0.5781,0.5781,0.6667,0.5556,0.5556,0.6667,0.5652,0.5652,0.6466,0.5868,0.5475,0.6154,0.5238,,0.5652,0.5652,0.5652,,,,0.6124,0.5349,0.5392
2026900,2/13/2026 22:38,muna,ws,6600,-170,c,ts,2/13/2026,17:38:56,0,,,0.6296,l,0.6774,0.6491,0.6491,0.7033,0.6732,0.6743,0.7015,0.7015,0.6825,0.6296,0.6296,0.6296,0.7143,0.7143,0.6923,0.6564,0.6753,0.6269,,,,0.7059,0.697,0.697,,,,0.6491,0.6429,0.6283
2049799,2/17/2026 17:58,eala,ws,6500,-135,c,ts,2/17/2026,12:58:04,0,,,0.5745,w,0.6491,0.5652,0.5652,0.6575,0.5885,0.5885,0.6552,0.569,0.569,0.5745,0.5745,0.5745,0.6667,0.6,0.6,0.6564,0.5868,0.6169,,,,0.6226,0.5918,0.5918,0.5816,0.5816,0.5816,0.5968,0.5475,0.5455
2069156,2/20/2026 21:14,ruud,ws,4800,-145,c,ts,2/20/2026,16:14:16,0,,,0.5918,l,0.6364,0.5745,,0.7024,0.6337,,0.6454,0.6109,,0.5918,0.5918,,0.6825,0.6154,,0.6564,0.6269,,,,,0.6364,0.6296,,,,,0.6109,0.5798,
2092798,2/23/2026 19:19,pela,ws,5500,-150,f,ts,2/23/2026,14:19:21,0,,,0.6,w,0.6,0.6,0.6,0.6466,0.6466,0.6564,0.6774,0.6774,0.6774,,,,0.6667,0.6667,0.6667,0.6564,0.6466,0.6466,,,,0.6774,0.6721,0.6774,,,,0.6183,0.6154,0.6154
2108515,2/26/2026 17:11,nava,ws,6500,-155,d,ts,2/26/2026,12:11:08,0,,,0.6078,w,0.6875,0.6875,0.6875,0.6078,,0.6139,0.6429,0.6429,0.6503,0.6552,0.6552,0.6552,0.6667,0.6667,0.6491,0.6564,0.6564,0.6564,0.6923,0.6923,0.6923,0.6774,0.6774,0.6774,,,,0.6283,0.6324,0.631
2113715,2/27/2026 2:41,zhas,ws,8600,-160,c,ts,2/26/2026,21:41:20,0,,,0.6154,w,0.697,0.6364,0.6364,0.6667,0.6667,0.6212,0.7059,0.7059,0.6429,0.6154,0.6154,0.6154,0.6825,0.6825,0.6296,0.6564,0.6564,0.6169,0.6875,0.6875,0.6364,0.6721,0.6491,0.6491,,,,0.6429,0.6269,0.5984
2118293,2/28/2026 1:37,kecm,ws,6800,-150,d,ts,2/27/2026,20:37:00,0,,,0.6,l,0.661,,0.661,0.6,,0.6183,0.661,,0.6552,0.6552,,0.6552,0.6296,,0.6296,0.6564,,0.6466,0.6774,,0.6667,0.6721,,0.6721,,,,0.6226,,0.6183
2119704,2/28/2026 3:47,krua,ws,7800,-145,c,ts,2/27/2026,22:47:26,0,,,0.5918,w,0.661,,0.6154,0.6479,,0.5816,0.6825,,0.6364,0.6552,,0.5918,,,,0.6564,,0.6169,0.6667,,0.6154,0.6364,,0.6296,,,,0.6283,,0.5868
2135728,3/1/2026 3:47,paol,ws,12100,-130,f,ts,2/28/2026,22:47:25,0,,,0.5652,l,0.5652,0.6154,0.6154,0.5726,0.6491,0.6491,,,,0.6875,0.6875,0.6875,0.6154,0.6667,0.6667,0.6564,0.6667,0.6753,,,,0.6721,0.6721,0.6721,,,,0.5968,0.6198,0.6109
2139252,3/1/2026 22:05,kali,ws,12300,-140,c,ts,3/1/2026,17:05:10,0,,,0.5833,w,0.697,,0.6296,0.6667,,0.5968,0.6774,,0.6255,0.5833,,0.5833,0.6667,,0.5833,0.6564,,0.6078,0.6774,,0.6226,0.6364,,0.6154,,,,0.6255,,0.5816
2139869,3/1/2026 23:24,osuw,ws,11800,-122,f,ts,3/1/2026,18:24:58,0,,,0.5495,l,0.5495,0.5495,0.5495,0.6416,0.5868,0.5868,0.6255,0.6,0.6,0.6154,0.6154,0.6154,0.6296,0.6,0.6,0.6564,0.6466,0.6169,0.6774,0.6491,0.6491,0.6364,0.6296,0.6296,0.6795,0.6416,0.639,0.5935,0.5633,0.5708
2143810,3/3/2026 3:10,svrc,ws,6200,-135,c,ts,3/2/2026,22:10:44,0,,,0.5745,w,0.6774,0.6154,0.6154,0.6528,0.5726,0.5726,0.6503,0.5851,0.5851,0.5745,0.5745,0.5745,0.6491,0.5833,0.5833,0.6564,0.5868,0.5868,0.6154,0.5413,0.5413,0.6078,0.6,0.6,,,,0.5984,0.5536,0.5536
2026905,2/13/2026 22:41,muna,ws,10000,-170,c,ts,2/13/2026,17:41:28,0,,,0.6296,l,0.697,0.6491,0.6491,,,,0.7143,0.7143,0.6774,0.6296,0.6296,0.6296,0.7333,0.6923,0.6923,0.6667,0.6466,0.6466,,,,0.7101,0.697,0.7015,,,,0.6599,0.6337,0.6337
2047536,2/16/2026 23:11,giro,ws,9200,-150,c,ts,2/16/2026,18:11:30,0,,,0.6,w,0.7015,0.7015,0.7015,0.6764,0.6078,0.5745,0.6825,0.6139,0.6139,0.6,0.6,0.6,0.6923,0.6296,0.6296,0.6667,0.6269,0.6269,,,,0.6364,0.6429,0.6429,,,,0.6296,0.6,0.5984
2054417,2/18/2026 17:06,gauf,ws,6900,-160,c,ts,2/18/2026,12:06:57,0,,,0.6154,w,0.6774,,,0.6933,,,0.6923,,,0.6154,,,,,,0.6667,,,,,,0.6875,,,,,,0.6429,,
2055650,2/19/2026 0:31,kord,ws,5000,-138,d,ts,2/18/2026,19:31:10,0,,,0.5798,w,0.6491,0.6491,0.6491,0.5798,,0.5816,0.6255,0.6183,0.6183,0.6,0.6,0.6,0.6,0.6,0.6,0.6667,0.6667,0.6667,,,,0.6296,0.6296,0.6364,,,,0.5968,0.5968,0.5968
2094139,2/24/2026 3:21,kyps,ws,15000,-125,c,ts,2/23/2026,22:21:25,0,,,0.5556,w,0.6875,0.5833,0.5833,0.67,0.5475,0.5475,0.6667,0.5726,0.5726,0.5556,0.5556,0.5556,0.6667,0.5833,0.5833,0.6667,0.5671,0.5671,,,,0.5918,0.5918,0.5918,,,,0.6109,0.5413,0.5413
2092695,2/23/2026 17:13,para,ws,6000,-160,c,ts,2/23/2026,12:13:02,0,,,0.6154,l,0.6774,0.6774,0.6774,0.7222,0.7222,0.7222,0.6503,0.6503,0.6503,0.6154,0.6154,0.6154,0.6875,0.6875,0.6875,0.6667,0.6564,0.6564,,,,0.6825,0.6825,0.6552,,,,0.635,0.6337,0.6269
2100695,2/25/2026 4:57,wuy,ws,6000,-162,d,ts,2/24/2026,23:57:20,0,,,0.6183,w,0.6774,0.6774,0.6774,0.6183,0.6183,0.6183,0.6774,0.6774,0.6774,0.6552,0.6552,0.6552,0.6491,0.6491,0.6491,0.6667,0.6667,0.6667,,,,0.6923,0.6923,0.6923,,,,0.6364,0.635,0.635
2102905,2/26/2026 0:45,dard,ws,5000,-150,c,ts,2/25/2026,19:45:11,0,,,0.6,w,0.6552,,,0.6904,,,0.6552,,,0.6,,,0.6667,,,0.6667,,,,,,0.6429,,,,,,0.6183,,
2137649,3/1/2026 19:31,sakh,ws,8000,-160,c,ts,3/1/2026,14:31:25,0,,,0.6154,w,0.7059,,0.661,0.6711,,0.6241,0.6875,,0.639,0.6154,,0.6154,0.6875,,,0.6667,,0.6466,0.6875,,0.6491,0.6825,,0.6721,,,,0.6416,,0.6094
2141302,3/2/2026 18:26,maes,ws,7500,-150,c,ts,3/2/2026,13:26:22,0,,,0.6,w,0.6774,0.6429,0.6429,0.6667,0.6491,0.6241,0.6552,0.6255,0.6255,0.6,0.5833,0.5833,0.6667,0.6491,0.6491,0.6667,0.6466,0.6364,0.7143,0.6774,0.6774,0.661,0.6552,0.6552,0.6667,0.6667,0.6667,0.6241,0.6016,0.6
2026925,2/13/2026 23:25,bubl,ws,14100,-140,c,ts,2/13/2026,18:25:32,0,,,0.5833,w,0.661,0.5833,0.5833,0.654,0.5902,0.5902,0.6774,0.5633,0.5968,0.5833,0.5833,0.5833,0.6825,0.6,0.6,0.6753,0.6364,0.6169,,,,0.5918,0.6,0.6,0.6667,0.6667,0.6667,0.6337,0.5516,0.5614
2056721,2/19/2026 1:14,tabi,ws,8600,-140,c,ts,2/18/2026,20:14:16,0,,,0.5833,w,0.661,0.661,0.6154,0.6552,0.6032,0.5516,0.6454,0.639,0.6226,0.5833,0.5833,0.5122,0.6491,0.6491,0.5455,0.6753,0.6667,0.6466,,,,0.6491,0.6154,0.6364,,,,0.6078,0.5984,0.5745
2101954,2/25/2026 23:27,kasi,ws,10800,-135,c,ts,2/25/2026,18:27:02,0,,,0.5745,w,0.6774,0.5556,0.5556,0.6454,,,0.6667,0.569,0.569,0.5745,0.5745,0.5745,0.6825,0.5652,0.5652,0.6753,0.5868,0.5868,,,,0.5918,0.5833,0.5833,,,,0.6124,0.5392,0.5392
2104639,2/26/2026 1:43,zver,ws,19900,-120,e,ts,2/25/2026,20:43:40,0,,,0.5455,l,0.661,0.5652,0.5652,0.6689,0.5745,0.5745,0.7015,0.6139,0.6139,0.6429,0.6429,0.6429,0.5455,0.5455,0.5455,0.6753,0.6364,0.6269,,,,0.6154,0.6078,0.6078,,,,0.6198,0.569,0.569
2110329,2/27/2026 0:57,wuy,ws,6500,-160,c,ts,2/26/2026,19:57:41,0,,,0.6154,l,0.6774,,,0.6599,,,0.6875,,,0.6667,,,0.6667,,,0.6753,,,0.6774,,,0.6667,,,,,,0.6429,,
2136914,3/1/2026 18:18,town,ws,7300,-160,c,ts,3/1/2026,13:18:16,0,,,0.6154,l,0.697,,0.6296,0.6951,,0.6403,0.6721,,0.639,0.6154,,0.6154,0.6825,,0.6296,0.6753,,0.6269,0.7143,,0.6667,0.6491,,0.6429,,,,0.6377,,0.5984
2143915,3/3/2026 3:23,bura,ws,6700,-160,c,ts,3/2/2026,22:23:49,0,,,0.6154,w,0.7059,0.6226,0.6226,0.6942,0.6226,0.6139,,,,0.6154,0.6154,0.6154,,,,0.6753,0.6269,0.5968,0.7333,0.6491,0.6491,0.661,0.6296,0.6226,,,,0.6416,0.5918,0.5833
2012582,2/12/2026 0:37,tabi,ws,17900,-130,c,ts,2/11/2026,19:37:50,0,,,0.5652,w,0.6875,0.5833,0.5833,0.711,0.6,0.6,0.697,0.6078,0.6078,0.5652,0.5652,0.5652,0.5455,0.5455,0.5455,0.6855,0.6169,0.6169,,,,0.6226,0.6226,0.6226,,,,0.6296,0.5633,0.5671
2050894,2/18/2026 0:35,baez,ws,6800,-185,f,ts,2/17/2026,19:35:36,0,,,0.6491,l,0.6491,,,0.6835,,,0.726,,,0.75,,,0.6825,,,0.6855,,,,,,0.7403,,,,,,0.6689,,
2054502,2/18/2026 18:55,cobo,ws,9100,-170,c,ts,2/18/2026,13:55:07,0,,,0.6296,w,0.7143,0.661,,0.7238,0.6587,,0.697,0.6503,,0.6296,0.6296,,0.7059,0.7059,,0.6855,0.6564,,,,,0.6774,0.6667,,,,,0.6575,0.6212,
2084315,2/22/2026 1:36,paut,ws,8800,-160,c,ts,2/21/2026,20:36:10,0,,,0.6154,w,0.7143,0.6667,0.6667,0.6933,0.6656,0.6169,0.6825,0.6364,0.6364,0.6667,0.6154,0.6154,0.6825,0.6154,0.6154,0.6855,0.6951,0.6466,,,,0.6667,0.6552,0.6491,,,,0.6564,0.6078,0.6063
2141383,3/2/2026 19:17,shis,ws,6600,-196,d,ts,3/2/2026,14:17:30,0,,,0.6622,w,0.7619,0.7619,0.7222,0.6622,0.6622,0.6622,0.7143,0.7143,0.7143,0.7222,0.6875,0.6875,,0.7143,0.7143,0.6855,0.6951,0.6855,0.7333,0.7333,0.7333,0.7297,0.7101,0.697,0.7475,0.7041,0.7041,0.6805,0.6774,0.6667
2042649,2/15/2026 15:44,svaz,ws,8000,-151,d,ts,2/15/2026,10:44:34,0,,,0.6016,w,0.7143,0.7143,0.7143,0.6016,,0.5918,0.6552,0.6667,0.6667,0.6667,0.6667,0.6667,0.6667,0.6667,0.6667,0.6951,0.6951,0.6753,,,,0.6774,0.6875,0.6875,0.6774,0.6774,0.6774,0.6283,0.639,0.6364
2050379,2/17/2026 23:02,dial,ws,10700,-180,d,ts,2/17/2026,18:02:08,0,,,0.6429,l,0.7222,0.7778,0.7778,0.6429,0.7468,0.7468,0.7015,0.7531,0.7531,0.7222,0.7222,0.7222,0.6923,0.7647,0.7647,0.6951,0.7151,0.763,,,,0.7561,0.7727,0.7727,,,,0.6732,0.7167,0.726
2049486,2/17/2026 14:14,khac,ws,6000,-185,l,ts,2/17/2026,9:14:34,0,,,0.6491,w,0.697,0.6296,0.6296,0.7076,0.6454,0.6454,0.7059,0.6139,0.6139,0.6667,0.6667,0.6667,0.7059,0.7059,0.6491,0.6951,0.6855,0.6667,,,,0.6667,0.6491,0.6552,0.631,0.631,0.6337,0.6667,0.6139,0.6047
2059382,2/19/2026 2:37,giro,ws,6300,-200,e,ts,2/18/2026,21:37:26,0,,,0.6667,l,0.7143,0.7143,0.7143,0.6894,0.6894,0.6894,0.7531,0.7531,0.7531,0.7368,0.7368,0.7368,0.6667,0.6667,0.6667,0.6951,0.6951,0.6951,,,,0.7403,0.7368,0.726,,,,0.6835,0.6825,0.6805
2055739,2/19/2026 0:33,kord,ws,8100,-150,c,ts,2/18/2026,19:33:58,0,,,0.6,w,0.6875,,,0.6296,,,0.6667,,,0.6,,,0.6491,,,0.6951,,,,,,0.6429,,,,,,0.6269,,
2054375,2/18/2026 16:43,mert,ws,17900,-140,c,ts,2/18/2026,11:43:21,0,,,0.5833,l,0.7143,0.5833,0.5833,0.7085,,,0.7059,0.5851,0.5851,0.5833,0.5833,0.5833,,,,0.6951,0.6753,0.5781,,,,0.6296,0.5918,0.5745,,,,0.6454,0.5763,0.5556
2088398,2/22/2026 15:02,priz,ws,6000,-189,d,ts,2/22/2026,10:02:28,0,,,0.654,w,0.7222,,0.7222,0.654,,0.6743,0.726,,0.726,0.7059,,0.7059,0.6875,,0.7143,0.6951,,0.6951,,,,0.7183,,0.726,,,,0.6711,,0.6774
2103240,2/26/2026 1:05,kecm,ws,13800,-170,c,ts,2/25/2026,20:05:07,0,,,0.6296,w,0.7436,0.6491,0.6491,0.7475,0.6283,0.6283,0.7143,0.6454,0.6454,0.6296,0.6296,0.6296,0.75,0.6491,0.6491,0.6951,0.6269,0.6269,,,,0.6923,0.661,0.661,,,,0.6764,0.6078,0.6078
2116449,2/27/2026 16:23,rubl,ws,7500,-168,d,ts,2/27/2026,11:23:17,0,,,0.6269,l,,0.6491,0.6774,0.6269,0.6154,0.6154,0.7354,0.7143,0.7143,,,,0.7143,0.7143,0.7143,0.6951,0.6951,0.6951,0.6667,0.6552,0.6774,0.6875,0.6825,0.6825,,,,0.6503,0.6364,0.6491
2137074,3/1/2026 18:37,walt,ws,8900,-170,c,ts,3/1/2026,13:37:24,0,,,0.6296,l,0.7297,,,0.7126,,,0.7015,,,0.6296,,,0.7059,,,0.6951,,,0.6875,,,0.6875,,,,,,0.6575,,
2136959,3/1/2026 18:26,walt,ws,12000,-170,c,ts,3/1/2026,13:26:32,0,,,0.6296,l,0.7368,0.6774,0.6774,0.6997,0.6564,0.6528,0.6923,0.6429,0.6552,0.6296,0.6296,0.6296,0.7143,0.6875,0.6875,0.6951,0.6667,0.6564,0.7333,0.6875,0.6875,0.6875,0.6721,0.6721,,,,0.6656,0.6241,0.6255
2150054,3/4/2026 2:49,hiji,ws,14900,-160,c,ts,3/3/2026,21:49:50,0,,,0.6154,w,0.7368,0.6552,0.6552,0.7024,,,0.697,0.6139,0.6139,0.6154,0.6154,0.6154,0.7143,0.6491,0.6491,0.6951,0.6667,0.6466,0.7333,0.6491,0.6491,0.6825,0.6491,0.6491,,,,0.6633,0.5968,0.5968
2047010,2/16/2026 18:58,wong,ws,21500,-135,l,ts,2/16/2026,13:58:53,0,,,0.5745,w,0.7436,0.5556,,0.7183,0.5726,,0.7143,0.7143,,0.5455,0.5455,,0.7647,0.7647,,0.705,0.6169,,,,,0.5745,0.5833,,,,,0.6503,0.5935,
2059534,2/19/2026 2:45,giro,ws,7100,-200,e,ts,2/18/2026,21:45:58,0,,,0.6667,l,0.7297,0.7297,0.7297,0.6942,0.6855,0.6855,0.7333,0.7333,0.7333,0.7222,0.7222,0.6875,0.6667,0.6667,0.6667,0.705,0.705,0.6951,,,,0.7368,0.726,0.7101,,,,0.6855,0.6825,0.6764
2054356,2/18/2026 16:38,mert,ws,13500,-170,c,ts,2/18/2026,11:38:16,0,,,0.6296,l,0.7143,0.6,,0.7067,0.5902,,0.7059,0.5595,,0.6296,0.6296,,,,,0.705,0.7151,,,,,0.6429,0.6154,,,,,0.6711,0.5633,
2056238,2/19/2026 0:55,tabi,ws,8900,-135,c,ts,2/18/2026,19:55:12,0,,,0.5745,w,,,,,0.5984,0.5968,0.6255,0.6255,0.6032,0.5745,0.5745,0.5745,0.5833,0.5833,0.5833,0.705,0.6855,0.6855,,,,,,,,,,0.6047,0.5968,0.5902
2068651,2/20/2026 14:59,anis,ws,7100,-192,d,ts,2/20/2026,9:59:03,0,,,0.6575,l,0.7059,0.7059,0.7059,0.6575,0.6575,0.6622,0.7015,0.6875,0.6875,0.7059,0.7059,0.7727,0.8621,0.8621,0.8621,0.705,0.705,0.6951,,,,0.7297,0.7183,0.7368,,,,0.6785,0.6721,0.6785
2069207,2/20/2026 22:37,kord,ws,9600,-200,c,ts,2/20/2026,17:37:00,0,,,0.6667,w,0.7368,0.6774,,0.729,0.6764,,0.7409,0.7409,,0.6667,0.6667,,0.75,0.75,,0.705,0.6855,,,,,0.7297,0.7059,,,,,0.6933,0.6678,
2071686,2/21/2026 17:09,brad,ws,12700,-180,c,ts,2/21/2026,12:09:47,0,,,0.6429,l,0.7368,0.6774,0.6774,0.7085,0.6564,,0.726,0.6721,0.6721,0.6429,0.6429,0.6429,0.7143,0.6667,0.6667,0.705,0.6667,0.6667,,,,,,,,,,0.6805,0.631,0.631
2088939,2/22/2026 18:43,masa,ws,6000,-190,c,ts,2/22/2026,13:43:52,0,,,0.6552,w,0.7297,,,0.7041,,,0.7101,,,0.6552,,,0.7059,,,0.705,,,,,,,,,,,,0.6721,,
2088612,2/22/2026 18:13,zhas,ws,6700,-210,c,ts,2/22/2026,13:13:06,0,,,0.6774,w,0.7727,,0.7436,0.696,,0.6528,0.7468,,0.7143,0.6774,,0.6774,0.7143,,0.6875,0.705,,0.6951,,,,0.7468,,0.7222,,,,0.697,,0.6732
2108540,2/26/2026 18:00,krua,ws,9700,-170,c,ts,2/26/2026,13:00:30,0,,,0.6296,w,0.7143,0.661,0.661,0.7085,0.6441,0.6441,0.6923,0.639,0.639,0.6296,0.6296,0.6296,0.7059,,0.6296,0.705,0.6667,0.6667,0.7468,0.6875,0.6875,0.6774,0.6667,0.6667,,,,0.661,0.6154,0.6154
2118575,2/28/2026 1:55,kecm,ws,7500,-200,c,ts,2/27/2026,20:55:52,0,,,0.6667,l,0.7561,0.7561,0.6875,0.7126,0.7126,0.6528,0.726,0.726,0.6667,0.6667,0.6667,0.6667,0.7143,0.7143,0.6667,0.705,0.6855,0.6564,0.7333,0.7333,0.6667,0.7101,0.6825,0.6774,,,,0.6875,0.6785,0.635
2119923,2/28/2026 4:52,paol,ws,8200,-180,c,ts,2/27/2026,23:52:03,0,,,0.6429,w,0.7059,0.6364,,0.7167,0.631,,0.7143,0.7143,,0.6429,0.6429,,0.7059,0.7059,,0.705,0.6753,,0.7143,0.7143,,0.697,0.6667,,,,,0.6678,0.639,
2125954,2/28/2026 21:09,stea,ws,18500,-170,d,ts,2/28/2026,16:09:44,0,,,0.6296,w,0.7297,0.7917,0.7917,0.6296,0.7253,0.7253,0.726,0.8,0.8,0.8462,0.8462,0.8462,,,,0.705,0.763,0.7727,0.7015,0.7778,0.7778,,,,,,,0.6865,0.7525,0.7596
2141547,3/2/2026 20:47,maes,ws,11400,103,d,ts,3/2/2026,15:47:34,0,,,0.4926,w,0.5745,0.5745,0.5745,0.4926,0.5283,0.5283,0.639,0.5763,0.5763,0.5455,0.5455,0.5455,0.5556,0.5556,0.5556,0.705,0.5475,0.5475,0.5833,0.5833,0.5833,0.5833,0.5745,0.5745,,,,0.5413,0.5283,0.5283
2051320,2/18/2026 1:04,baez,ws,7200,-210,c,ts,2/17/2026,20:04:43,0,,,0.6774,l,0.7143,0.661,0.661,0.7423,0.7423,0.6644,0.7753,0.7753,0.7059,0.6774,0.6774,0.6774,0.75,0.75,0.6825,0.7151,0.705,0.6667,,,,0.7333,0.7059,0.7059,,,,0.696,0.6785,0.6491
2055816,2/19/2026 0:36,pass,ws,8000,-211,d,ts,2/18/2026,19:36:32,0,,,0.6785,l,0.7561,,,0.6785,,,0.726,,,0.7619,,,0.7059,,,0.7151,,,,,,0.7647,,,,,,0.6997,,
2068657,2/20/2026 15:03,anis,ws,6900,-205,d,ts,2/20/2026,10:03:21,0,,,0.6721,l,0.697,0.7436,0.7436,0.6721,0.7602,0.7602,0.7015,0.7409,0.7409,0.7619,0.7619,0.7619,0.8621,0.8621,0.8621,0.7151,0.734,0.7436,,,,0.7647,0.7802,0.7753,,,,0.6894,0.7222,0.7245
2069250,2/20/2026 23:48,tien,ws,9000,-185,d,ts,2/20/2026,18:48:36,0,,,0.6491,w,0.7059,0.7059,0.7143,0.6491,,0.6656,0.7101,0.7101,0.7101,0.7368,0.7368,0.7368,0.6825,0.6825,0.6923,0.7151,0.7151,0.7151,,,,0.7222,0.7297,0.7436,,,,0.6753,0.6795,0.6835
2071624,2/21/2026 16:44,mand,ws,7100,-220,c,ts,2/21/2026,11:44:57,0,,,0.6875,w,0.7561,0.7222,0.7222,0.7403,0.7159,0.7159,0.759,0.7333,0.7333,0.6875,0.6875,0.6875,0.75,0.7143,0.7143,0.7151,0.7151,0.7151,,,,,,,,,,0.7059,0.6815,0.6815
2090800,2/22/2026 21:33,avan,ws,7600,-210,c,ts,2/22/2026,16:33:45,0,,,0.6774,l,0.75,,0.6875,0.7481,,0.67,0.7531,,0.7059,0.6774,,0.6774,0.7333,,0.6667,0.7151,,0.6855,,,,0.7403,,0.7059,,,,0.6988,,0.6528
2088480,2/22/2026 16:25,vall,ws,8400,-180,c,ts,2/22/2026,11:25:48,0,,,0.6429,w,0.7561,0.7561,0.7561,0.7118,0.6785,0.6743,0.7015,0.6667,0.6774,0.6429,0.6429,0.6429,0.7143,0.6875,0.6875,0.7151,0.7245,0.6855,,,,0.6923,0.697,0.697,,,,0.6678,0.6552,0.6564
2091326,2/22/2026 22:39,wats,ws,24400,-150,c,ts,2/22/2026,17:39:58,0,,,0.6,w,0.75,,,0.734,,,0.7101,,,0.6,,,0.7143,,,0.7151,,,,,,0.6226,,,,,,0.6815,,
2109141,2/26/2026 23:30,sonm,ws,15000,-200,c,ts,2/26/2026,18:30:13,0,,,0.6667,w,0.7727,0.7143,0.7143,0.7778,0.711,0.711,0.759,0.7015,0.7015,0.6667,0.6667,0.6667,0.75,0.6825,0.6825,0.7151,0.6855,0.6753,0.7468,0.7015,0.7015,0.726,0.7143,0.7143,,,,0.7085,0.6644,0.661
2108469,2/26/2026 16:10,vall,ws,10600,-166,f,ts,2/26/2026,11:10:18,0,,,0.6241,l,0.6241,0.6241,0.6241,0.7389,0.7389,0.7024,0.6923,0.6923,0.6503,0.7059,0.7059,0.7059,0.7143,0.7143,0.6875,0.7151,0.705,0.6951,0.7015,0.7015,0.6667,0.7143,0.697,0.697,,,,0.6587,0.6491,0.6283
2116419,2/27/2026 16:08,rubl,ws,9500,-165,m,ts,2/27/2026,11:08:17,0,,,0.6226,l,0.697,0.6491,0.6491,0.6951,0.6466,0.6466,0.6774,0.6226,0.6226,0.6552,0.6552,0.6552,0.6825,0.6825,0.6825,0.7151,0.6951,0.6951,0.6226,0.5833,,0.697,0.6825,0.6825,,,,0.6516,0.6109,0.6255
2116502,2/27/2026 16:51,rubl,ws,6100,-211,d,ts,2/27/2026,11:51:46,0,,,0.6785,l,0.7059,0.7059,0.7059,0.6785,0.6785,0.6785,0.7701,0.7701,0.7701,0.7222,0.7222,0.6875,,,,0.7151,0.7151,0.705,0.7647,0.7647,0.7647,0.726,0.7222,0.7101,,,,0.6942,0.6933,0.6885
2028099,2/14/2026 4:32,foki,ws,6300,-224,d,ts,2/13/2026,23:32:19,0,,,0.6914,l,0.75,,0.75,0.6914,,0.7403,0.7409,,0.7354,0.7619,,0.75,0.7143,,0.7778,0.7245,,0.7151,,,,0.7647,,0.7701,0.999,,0.999,0.7076,,0.7126
2042602,2/15/2026 15:10,wong,ws,6200,-188,f,ts,2/15/2026,10:10:42,0,,,0.6528,w,0.6528,,0.6528,0.7024,,0.7389,0.7015,,0.7015,0.75,,0.75,0.6825,,0.7143,0.7245,,0.7245,,,,0.7222,,0.6923,0.723,,0.723,0.67,,0.6678
2094434,2/24/2026 4:24,arae,ws,6000,-213,d,ts,2/23/2026,23:24:07,0,,,0.6805,w,0.7368,0.7059,0.75,0.6805,0.6785,0.6528,0.7409,0.7531,0.7143,,,,0.7059,0.7059,0.6667,0.7245,0.7151,0.6951,,,,0.7403,0.7333,0.75,,,,0.696,0.6865,0.6835
2100531,2/25/2026 4:26,ruud,ws,7400,-200,c,ts,2/24/2026,23:26:28,0,,,0.6667,l,0.7143,0.7059,0.7059,0.7305,0.7207,0.7191,0.7333,0.7143,0.7143,0.6667,0.6667,0.6667,,,,0.7245,0.705,0.7151,,,,0.726,0.7222,0.7222,,,,0.6875,0.6753,0.6764
2108128,2/26/2026 5:26,tiaf,ws,19100,-155,l,ts,2/25/2026,0:26:05,0,,,0.6078,w,0.7222,,0.5833,0.7167,,0.6032,0.7753,,0.5327,0.5455,,0.5455,0.7333,,0.5833,0.7245,,0.5868,0.75,,0.6154,0.6226,,0.6078,,,,0.6743,,0.5475
2108827,2/26/2026 20:47,frec,ws,7500,-263,d,ts,2/26/2026,15:47:52,0,,,0.7245,w,0.7619,0.7619,0.7619,0.7245,0.7743,0.7743,0.7826,0.7826,0.7826,0.7727,0.7727,0.7727,0.7647,0.7647,0.8,0.7245,0.7245,0.734,0.7895,0.7895,0.7895,0.8,0.8077,0.8077,,,,0.7409,0.7442,0.7494
2139946,3/1/2026 23:36,dard,ws,13000,-170,c,ts,3/1/2026,18:36:54,0,,,0.6296,w,0.7143,,,0.7118,,,0.7333,,,0.6296,,,0.7333,,,0.7245,,,0.7143,,,0.6552,,,0.6491,,,0.6689,,
2143846,3/3/2026 3:14,svrc,ws,13900,-170,c,ts,3/2/2026,22:14:09,0,,,0.6296,w,0.7619,0.6364,0.6364,0.7015,0.5745,0.5745,0.7059,0.5851,0.5851,0.6296,0.6296,0.6296,0.7333,0.6154,0.6154,0.7245,0.6364,0.6269,0.6774,0.5455,0.5455,0.6296,0.6,0.6078,,,,0.6721,0.5633,0.5726
2055002,2/18/2026 23:07,agst,ws,7400,-220,c,ts,2/18/2026,18:07:12,0,,,0.6875,w,0.7297,0.7297,0.7143,0.7537,0.7537,0.7041,0.7531,0.7531,0.7531,0.6875,0.6875,0.6875,0.75,0.75,0.7143,0.734,0.705,0.6667,,,,0.7531,0.7368,0.7368,,,,0.7067,0.7024,0.6825
2054985,2/18/2026 22:22,cerj,ws,7400,-200,l,ts,2/18/2026,17:22:10,0,,,0.6667,w,0.7297,0.6491,0.6491,0.7319,0.6403,0.6403,0.7059,0.6139,0.6139,0.6552,0.6552,0.6552,0.7143,0.6296,0.6296,0.734,0.6667,0.6667,,,,0.6667,0.6491,0.6364,,,,0.6865,0.6063,0.6032
2059670,2/19/2026 2:55,giro,ws,11000,-200,e,ts,2/18/2026,21:55:39,0,,,0.6667,l,0.7619,0.7619,0.6154,0.7222,0.7222,,0.7701,0.7701,0.6183,0.5833,0.5833,0.5833,0.6667,0.6667,0.6667,0.734,0.6951,0.5968,,,,0.7059,0.6154,0.6154,,,,0.696,0.6656,0.5851
2071627,2/21/2026 16:47,mand,ws,9600,-210,c,ts,2/21/2026,11:47:02,0,,,0.6774,w,0.7436,0.7059,0.7059,0.7333,0.697,0.697,0.7531,0.7333,0.7333,0.6774,0.6774,0.6774,0.75,0.7059,0.7059,0.734,0.7436,0.7151,,,,,,,,,,0.7033,0.6721,0.6774
2094386,2/24/2026 4:11,arae,ws,10900,-231,d,ts,2/23/2026,23:11:37,0,,,0.6979,w,0.7619,0.7619,0.7619,0.6979,,0.696,0.7753,0.7826,0.7826,0.7619,0.7619,0.7619,,,,0.734,0.7436,0.7436,,,,0.7826,0.7802,0.7674,,,,0.7253,0.7326,0.7253
2093618,2/24/2026 1:54,frul,ws,15700,-200,c,ts,2/23/2026,20:54:22,0,,,0.6667,l,0.7619,0.6875,0.6875,0.7579,0.6845,0.6845,0.7701,0.7059,0.7059,0.6667,0.6667,0.6667,0.7778,0.7059,0.7059,0.734,0.7151,0.7245,,,,0.7143,0.7101,0.7059,,,,0.7101,0.6587,0.6587
2101096,2/25/2026 5:57,wuy,ws,7100,-230,l,ts,2/24/2026,0:57:14,0,,,0.697,w,0.7778,0.6296,0.6296,0.7963,0.6633,0.6633,0.7753,0.6774,0.6774,0.6296,0.6296,0.6296,0.8,0.6923,0.6923,0.734,0.6466,0.6364,,,,0.697,0.6825,0.6825,,,,0.7143,0.6255,0.6212
2108968,2/26/2026 22:00,lia,ws,6900,-190,c,ts,2/26/2026,17:00:48,0,,,0.6552,l,0.7059,,,0.726,,,0.7101,,,0.6552,,,0.75,,,0.734,,,0.6923,,,0.7222,,,,,,0.6743,,
2110387,2/27/2026 1:01,wuy,ws,9800,-200,c,ts,2/26/2026,20:01:18,0,,,0.6667,l,0.7368,0.6667,0.6667,0.7347,0.7347,0.67,0.7354,0.7354,0.6825,0.6667,0.6667,0.6667,0.7333,0.7333,0.6923,0.734,0.734,0.6667,0.7333,0.7333,0.6774,0.7101,0.6923,0.6923,,,,0.6933,0.6764,0.6403
2117303,2/27/2026 22:58,dard,ws,12200,-204,d,ts,2/27/2026,17:58:56,0,,,0.6711,w,0.7436,,0.7436,0.6711,,0.6785,0.7409,,0.7409,,,,0.7143,,0.7143,0.734,,0.734,0.7468,,0.7468,0.75,,0.7531,,,,0.7041,,0.7059
2120063,2/28/2026 5:52,nakb,ws,11800,-235,l,ts,2/27/2026,0:52:13,0,,,0.7015,l,0.7727,0.7727,0.7727,0.734,0.734,0.734,0.7826,0.7826,0.7826,0.75,0.75,0.75,0.7778,0.7778,0.7778,0.734,0.734,0.7436,0.7647,0.7647,0.7647,0.7015,0.7183,0.6296,,,,0.7305,0.7305,0.7319
2026911,2/13/2026 22:47,muna,ws,21700,-210,c,ts,2/13/2026,17:47:09,0,,,0.6774,l,0.7917,0.697,0.697,0.8227,0.7283,,0.7895,0.6454,0.6875,0.6774,0.6774,0.6774,0.8462,0.75,0.75,0.7436,0.6466,0.6466,,,,0.7368,0.7368,0.7403,,,,0.7354,0.6528,0.661
2050374,2/17/2026 23:01,dial,ws,16100,-180,c,ts,2/17/2026,18:01:22,0,,,0.6429,l,0.7619,0.6667,,0.7268,0.6429,,0.7409,0.6825,,0.6429,0.6429,,0.75,0.6491,,0.7436,0.6951,,,,,0.6774,0.6774,,,,,0.6904,0.6377,
2065411,2/20/2026 2:12,frit,ws,8100,-250,f,ts,2/19/2026,21:12:49,0,,,0.7143,w,0.7143,,0.7222,0.8081,,0.7988,0.7826,,0.7826,0.7917,,0.7917,0.8,,0.8,0.7436,,0.7436,,,,0.8,,0.7849,,,,0.7354,,0.7319
2061582,2/19/2026 18:55,tien,ws,7500,-219,d,ts,2/19/2026,13:55:50,0,,,0.6865,w,,0.7297,,0.6865,0.6865,,0.726,0.726,,0.7222,0.7917,,0.7333,0.7143,,0.7436,0.734,,,,,0.759,0.8058,,,,,0.6979,0.6997,
2085209,2/22/2026 2:21,tien,ws,7500,-260,c,ts,2/21/2026,21:21:56,0,,,0.7222,l,0.7826,0.697,0.697,0.8102,0.8102,0.7191,0.7938,0.7938,0.7354,0.7222,0.7222,0.7222,0.8182,0.8182,0.7333,0.7436,0.734,0.6753,,,,0.759,0.7436,0.7403,,,,0.7396,0.7175,0.6795
2107850,2/26/2026 4:57,tiaf,ws,13200,-180,c,ts,2/25/2026,23:57:48,0,,,0.6429,w,0.7368,0.6875,0.6875,0.7403,0.6894,0.6894,0.7354,0.6774,0.6774,0.6429,0.6429,0.6429,0.75,0.6923,0.6923,0.7436,0.6855,0.6855,0.7647,0.7015,0.7015,0.7015,0.7015,0.697,,,,0.6942,0.6491,0.6516
2116413,2/27/2026 15:57,rubl,ws,9600,-215,e,ts,2/27/2026,10:57:44,0,,,0.6825,l,,0.6774,0.6774,,0.6942,0.6942,,0.726,0.726,0.7059,0.7059,0.7059,0.6825,0.6825,0.6825,0.7436,0.6951,0.6855,,0.7143,0.7143,0.7333,0.7297,0.7222,,,,0.6855,0.6689,0.6667
2120076,2/28/2026 6:09,tiaf,ws,22400,-205,l,ts,2/27/2026,1:09:55,0,,,0.6721,w,0.7619,0.6491,0.6491,0.7863,0.6063,0.6516,0.7895,0.661,0.661,0.7222,0.7222,0.7222,0.7778,0.6667,,0.7436,0.6269,0.6564,0.7647,0.6667,0.6667,0.6721,0.6721,0.6721,,,,0.7333,0.6255,0.6269
2136450,3/1/2026 5:11,cobo,ws,6300,-250,m,ts,2/28/2026,0:11:56,0,,,0.7143,w,0.7297,0.875,0.875,0.7449,0.7449,0.8718,0.7333,0.7333,0.8485,0.8571,0.8571,0.8571,0.7674,0.7674,0.8824,0.7436,0.7436,0.84,0.7143,0.7143,0.8621,0.8473,0.8995,0.899,,,,0.729,0.7674,0.8358
2140421,3/2/2026 1:21,bucs,ws,12700,-200,c,ts,3/1/2026,20:21:03,0,,,0.6667,w,0.75,0.6667,,0.734,0.711,,0.7531,0.7531,,0.6667,0.6667,,0.75,0.75,,0.7436,0.7436,,0.75,0.7647,,0.7183,0.7015,,0.7006,0.6491,,0.7041,0.6805,
2137254,3/1/2026 18:58,sakh,ws,13400,-180,c,ts,3/1/2026,13:58:03,0,,,0.6429,w,0.7826,,0.697,0.7024,,0.6785,0.7409,,0.6667,0.6429,,0.6429,0.75,,0.6491,0.7436,,0.6855,0.7468,,0.6875,0.7059,,0.6825,,,,0.6988,,0.639
2051251,2/18/2026 0:58,baez,ws,16700,-210,c,ts,2/17/2026,19:58:55,0,,,0.6774,l,0.7619,0.7059,0.7059,0.7821,0.7382,0.7382,0.7701,0.726,0.726,0.6774,0.6774,0.6774,0.8,0.75,0.75,0.7537,0.705,0.705,,,,0.7531,0.7531,0.7531,,,,0.723,0.6885,0.6855
2055768,2/19/2026 0:34,kord,ws,6800,-240,c,ts,2/18/2026,19:34:53,0,,,0.7059,w,0.7561,0.7561,0.7561,0.7368,0.7468,0.7468,0.759,0.7354,0.7354,0.7059,0.7059,0.7059,0.7647,0.7647,0.7647,0.7537,0.763,0.763,,,,0.7701,0.7701,0.7701,,,,0.7222,0.7183,0.7183
2090888,2/22/2026 21:45,avan,ws,12300,-210,c,ts,2/22/2026,16:45:56,0,,,0.6774,l,0.7727,0.697,0.697,0.7403,0.705,0.67,0.7531,0.7531,0.6875,0.75,0.6774,0.6774,0.75,0.75,0.6667,0.7537,0.7727,0.8016,,,,0.7368,0.7101,0.7101,,,,0.7222,0.6721,0.6479
2123281,2/28/2026 19:56,stea,ws,6500,-250,f,ts,2/28/2026,14:56:45,0,,,0.7143,w,0.7143,0.75,0.75,0.768,0.7854,0.7854,0.7468,0.7468,0.7826,0.8,0.8,0.8,0.7778,0.7778,0.8,0.7537,0.763,0.7921,0.8,0.8,0.8261,,,,,,,0.7297,0.7375,0.7512
2137833,3/1/2026 19:44,sakh,ws,11600,-220,c,ts,3/1/2026,14:44:27,0,,,0.6875,w,0.7826,,,0.7487,,,0.7701,,,0.6875,,,0.75,,,0.7537,,,0.7647,,,0.7368,,,,,,0.7199,,
2141309,3/2/2026 18:28,maes,ws,6000,-240,c,ts,3/2/2026,13:28:38,0,,,0.7059,w,0.7727,0.7727,0.75,0.7917,0.7691,0.7691,0.7468,0.7354,0.7354,0.7059,0.7059,0.7059,0.6875,0.6875,0.6875,0.7537,0.734,0.734,0.7778,0.7778,0.7778,0.7778,0.7727,0.7727,0.7908,0.7849,0.7849,0.7207,0.7151,0.711
2141400,3/2/2026 19:39,moch,ws,6400,-240,c,ts,3/2/2026,14:39:45,0,,,0.7059,w,0.7778,0.7778,0.7778,,0.7449,0.7416,0.759,0.7468,0.759,0.7059,0.7059,0.7059,,,,0.7537,0.7436,0.7537,0.75,0.75,0.75,0.7727,0.7727,0.7778,0.7917,0.7917,0.7917,0.7214,0.7159,0.7207
2143732,3/3/2026 3:02,svrc,ws,7600,-250,m,ts,3/2/2026,22:02:15,0,,,0.7143,w,0.7727,,,0.7347,,,0.7468,,,0.7727,,,0.75,,,0.7537,,,0.7143,,,0.802,,,,,,0.7207,,
2012839,2/12/2026 0:47,tabi,ws,16600,-185,l,ts,2/11/2026,19:47:52,0,,,0.6491,w,0.7872,,,0.7717,,,0.7531,,,0.6154,,,0.7778,,,0.763,,,,,,0.6491,,,,,,0.6997,,
2019629,2/12/2026 19:21,mbok,ws,20200,-170,c,ts,2/12/2026,14:21:47,0,,,0.6296,w,0.7436,0.6154,0.6154,0.7436,0.6016,0.6016,0.759,0.6255,0.6255,0.6296,0.6296,0.6296,0.7647,0.5833,0.5833,0.763,0.6564,0.6078,,,,0.6491,0.6429,0.6429,,,,0.6914,0.5918,0.5902
2023591,2/13/2026 2:31,shel,ws,6400,-277,d,ts,2/12/2026,21:31:27,0,,,0.7347,w,0.8667,0.8667,0.8667,0.7347,0.7347,0.7305,0.7701,0.7701,0.759,0.7727,0.7727,0.7727,0.7647,0.7647,0.7647,0.763,0.763,0.763,,,,0.7753,0.7701,0.7674,0.75,0.75,0.75,0.7487,0.7475,0.7436
2068652,2/20/2026 14:59,anis,ws,8600,-240,c,ts,2/20/2026,9:59:09,0,,,0.7059,l,0.7778,0.7059,0.7059,0.7647,0.6575,0.6575,0.759,0.7015,0.7015,0.7059,0.7059,0.7059,0.8621,0.8621,0.8621,0.763,0.705,0.705,,,,0.7297,0.7297,0.7183,,,,0.7268,0.6785,0.6753
2069995,2/21/2026 1:37,tiaf,ws,12800,-260,c,ts,2/20/2026,20:37:00,0,,,0.7222,l,0.8824,0.8824,0.8824,0.7821,0.7167,0.7093,0.7895,0.697,0.7143,0.7222,0.7222,0.7222,0.8182,0.75,0.75,0.763,0.6667,0.705,,,,0.7561,0.75,0.7619,,,,0.7543,0.7268,0.7214
2091159,2/22/2026 22:27,wats,ws,12600,-240,c,ts,2/22/2026,17:27:11,0,,,0.7059,w,0.8039,0.7368,0.7368,0.7859,0.7015,0.7015,0.7938,0.7059,0.7059,0.7059,0.7059,0.7059,0.8,0.8,0.75,0.763,0.8016,0.6855,,,,0.7674,0.7297,0.7333,,,,0.7403,0.6835,0.6785
2094379,2/24/2026 4:10,arae,ws,7100,-254,d,ts,2/23/2026,23:10:14,0,,,0.7175,w,0.7368,0.7778,0.7778,0.7175,0.7481,0.7951,0.7938,0.7938,0.8198,0.8,0.8,0.8,0.7647,0.7647,0.8,0.763,0.763,0.8016,,,,0.8261,0.8305,0.8347,,,,0.734,0.7494,0.7763
2094038,2/24/2026 2:58,pota,ws,14700,-249,d,ts,2/23/2026,21:58:05,0,,,0.7135,l,0.7872,0.8113,0.8113,0.7135,0.789,0.789,0.7895,0.8131,0.8131,,,,0.7647,0.7647,0.8182,0.763,0.7727,0.8113,,,,0.8113,0.8148,0.8198,,,,0.7481,0.7664,0.7778
2100541,2/25/2026 4:30,ruud,ws,8000,-240,c,ts,2/24/2026,23:30:23,0,,,0.7059,l,0.7619,0.7619,0.7222,0.75,0.75,0.7222,0.7701,0.7701,0.7468,0.7059,0.7059,0.7059,,,,0.763,0.7436,0.734,,,,0.759,0.7561,0.7468,,,,0.7253,0.7191,0.697
2139829,3/1/2026 23:13,dard,ws,10500,-283,d,ts,3/1/2026,18:13:21,0,,,0.7389,w,0.8,0.8462,0.8462,0.7389,0.811,0.811,0.7895,0.8198,0.8198,0.8333,0.8333,0.8333,0.7778,0.8182,0.8182,0.763,0.8208,0.8208,0.7895,0.8333,0.8333,0.8438,0.8485,0.8485,0.8459,0.8459,0.8459,0.7619,0.7972,0.7972
2137852,3/1/2026 19:45,sakh,ws,14100,-210,c,ts,3/1/2026,14:45:31,0,,,0.6774,w,0.7826,0.7222,0.7222,0.7512,0.6678,0.6622,0.7701,0.6923,0.7101,0.6774,0.6774,0.6774,0.75,0.6875,0.6875,0.763,0.7151,0.705,0.7647,0.7015,0.7015,0.7222,0.7101,0.7143,,,,0.7167,0.661,0.6656
2145460,3/3/2026 23:40,kasi,ws,16100,-220,c,ts,3/3/2026,18:40:46,0,,,0.6875,w,0.7826,0.7059,0.7059,0.7567,0.6951,0.6951,0.7826,0.7143,0.7143,0.6875,0.6875,0.6875,0.7778,0.6875,0.6875,0.763,0.7436,0.705,0.7778,0.6875,0.6875,0.7403,0.7183,0.7183,,,,0.729,0.6656,0.6656
2149669,3/4/2026 2:34,tsen,ws,10900,-240,c,ts,3/3/2026,21:34:40,0,,,0.7059,l,0.8113,0.7222,0.7222,0.7797,0.7214,,0.7895,0.7059,0.6875,0.7059,0.7059,0.7059,,,,0.763,0.705,0.6951,,,,0.7297,0.7183,0.7015,,,,0.7326,0.6743,0.661
2049813,2/17/2026 18:03,eala,ws,15000,-240,c,ts,2/17/2026,13:03:47,0,,,0.7059,w,0.8,0.7368,0.7143,0.7963,,,0.7938,0.726,0.726,0.7059,0.7059,0.7059,0.8,0.7143,0.7143,0.7727,0.7151,0.7151,,,,0.7531,0.7297,0.7222,0.7297,0.7207,0.7207,0.7423,0.6885,0.6825
2089590,2/22/2026 19:39,brac,ws,7900,-240,c,ts,2/22/2026,14:39:32,0,,,0.7059,w,0.7619,0.7619,0.697,0.7429,0.7429,0.6743,0.8,0.8,0.7468,0.7059,0.7059,0.7059,0.7647,0.7647,0.7143,0.7727,0.7727,0.7727,,,,0.7531,0.7368,0.7222,,,,0.7253,0.7159,0.6721
2099701,2/25/2026 3:22,zarr,ws,8700,-276,d,ts,2/24/2026,22:22:57,0,,,0.734,l,0.7872,0.8571,0.8571,0.734,0.8069,0.8069,0.8131,0.8621,0.8621,,,,0.7647,0.7647,0.8333,0.7727,0.7826,0.8113,,,,0.8507,0.871,0.8726,,,,0.7555,0.8192,0.8138
2141337,3/2/2026 18:39,moch,ws,6500,-266,d,ts,3/2/2026,13:39:33,0,,,0.7268,w,0.7917,0.8113,0.8113,0.7268,0.7531,0.7531,0.7701,0.7826,0.7826,0.7619,0.7619,0.7619,,,,0.7727,0.7826,0.7826,0.7778,0.8,0.8,0.7938,0.7917,0.7917,0.8069,0.8069,0.8069,0.7416,0.7525,0.7519
2061605,2/19/2026 19:16,tien,ws,12100,-280,c,ts,2/19/2026,14:16:24,0,,,0.7368,w,0.8039,,0.7368,0.7773,,0.7207,0.8131,,0.7354,0.7368,,0.7368,0.8,,0.7143,0.7826,,0.7245,,,,0.7727,,0.759,,,,0.7549,,0.7015
2092962,2/24/2026 0:19,kasi,ws,8700,-265,l,ts,2/23/2026,19:19:46,0,,,0.726,w,0.8182,,0.7143,0.7984,,0.7093,0.7938,,0.6721,0.6875,,0.6875,0.8182,,,0.7826,,0.705,,,,0.7436,,0.7059,,,,0.7487,,0.6599
2110901,2/27/2026 1:21,cobo,ws,10100,-320,c,ts,2/26/2026,20:21:37,0,,,0.7619,w,0.8182,0.7619,0.7619,0.8333,0.8333,0.7863,0.8198,0.8198,0.7826,0.7619,0.7619,0.7619,0.8333,0.8333,0.8,0.7826,0.763,0.734,0.8333,0.8333,0.7778,0.8182,0.8,0.7895,,,,0.7817,0.763,0.7389
2112989,2/27/2026 2:20,tabi,ws,8700,-300,c,ts,2/26/2026,21:20:11,0,,,0.75,w,0.8039,0.8039,0.8039,0.7988,0.7988,0.7988,0.8,0.8,0.8,0.8333,0.75,0.75,0.8,0.8,0.8,0.7826,0.7826,0.7826,0.8182,0.8182,0.8182,0.8261,0.798,0.7647,,,,0.7743,0.7619,0.7555
2119885,2/28/2026 4:34,krua,ws,26700,-253,d,ts,2/27/2026,23:34:53,0,,,0.7167,w,0.8182,0.8824,,0.7167,0.8239,,0.8198,0.901,,,,,,0.8333,,0.7826,0.8684,,0.8333,0.8889,,0.9103,0.9052,,,,,0.7797,0.8538,
2130478,2/28/2026 23:11,dard,ws,6500,-280,c,ts,2/28/2026,18:11:02,0,,,0.7368,w,0.8,0.8,0.7561,0.7797,0.7797,0.7283,,,,0.8,0.7368,0.7368,0.7778,0.7778,0.7333,0.7826,0.7826,0.734,0.7468,0.7468,0.7143,0.7917,0.759,0.7561,,,,0.7619,0.7416,0.7076
2065459,2/20/2026 2:13,frit,ws,6500,-320,f,ts,2/19/2026,21:13:52,0,,,0.7619,w,0.7619,0.7619,0.7619,0.8208,0.8221,0.8221,0.8198,0.8131,0.8131,0.8182,0.8182,0.8182,0.8333,0.8333,0.8333,0.7921,0.7921,0.7921,,,,0.8347,0.8333,0.8291,,,,0.7738,0.7727,0.7717
2125552,2/28/2026 20:51,birr,ws,16400,-260,c,ts,2/28/2026,15:51:52,0,,,0.7222,l,0.7917,,,0.8088,,,0.7895,,,0.7222,,,0.8182,,,0.7921,,,0.7895,,,,,,,,,0.7602,,
2127671,2/28/2026 22:10,hanf,ws,15200,-275,d,ts,2/28/2026,17:10:34,0,,,0.7333,w,0.8039,,0.8571,0.7333,,0.8413,0.7938,,0.8413,0.8333,,0.8333,0.8182,,0.8571,0.7921,,0.859,0.8,,0.84,0.8462,,0.8675,,,,0.7669,,0.8165
2026078,2/13/2026 4:43,paut,ws,6600,-340,c,ts,2/12/2026,23:43:53,0,,,0.7727,l,0.8305,,,0.8141,,,0.8131,,,0.7727,,,0.8333,,,0.8016,,,,,,0.845,,,0.8288,,,0.7849,,
2045425,2/15/2026 21:11,mont,ws,9500,-280,l,ts,2/15/2026,16:11:19,0,,,0.7368,w,0.8462,,0.7222,0.8299,,0.7118,0.8,,0.697,0.6667,,0.6667,0.8333,,0.7059,0.8016,,0.6753,,,,0.7368,,0.7183,0.7297,,0.7297,0.7573,,0.6667
2055083,2/18/2026 23:45,kord,ws,10100,-340,c,ts,2/18/2026,18:45:33,0,,,0.7727,w,0.8305,0.7727,0.7727,0.8319,0.7712,0.7712,0.8413,0.7895,0.7895,0.7727,0.7727,0.7727,0.8571,0.8,0.8,0.8016,0.7921,0.7921,,,,0.8214,0.8077,0.8077,,,,0.7917,0.7549,0.7525
2092961,2/24/2026 0:19,kasi,ws,17300,-220,c,ts,2/23/2026,19:19:44,0,,,0.6875,w,0.8182,0.7143,0.7143,0.7984,0.7093,0.7093,0.7938,0.6721,0.6721,0.6875,0.6875,0.6875,0.8182,,,0.8016,0.705,0.705,,,,0.726,0.7101,0.7059,,,,0.7455,0.6599,0.6633
2108988,2/26/2026 22:14,lia,ws,6200,-300,e,ts,2/26/2026,17:14:57,0,,,0.75,l,0.8182,0.8182,0.8182,0.8279,0.8279,0.8279,0.7753,0.7753,0.7753,0.7619,0.7619,0.7619,0.75,0.75,0.75,0.8016,0.7921,0.7921,0.7895,0.7895,0.7895,0.8095,0.8039,0.8095,,,,0.763,0.7613,0.7619
2130847,2/28/2026 23:21,dard,ws,6300,-295,d,ts,2/28/2026,18:21:39,0,,,0.7468,w,0.8,0.8,0.8,0.7468,0.7468,0.7468,,,,0.7727,0.7727,0.7727,,,,0.8016,0.8016,0.8016,0.75,0.75,0.75,0.7938,0.7849,0.7959,,,,0.7602,0.7573,0.7602
2139685,3/1/2026 22:53,dard,ws,9900,-300,c,ts,3/1/2026,17:53:34,0,,,0.75,w,0.8462,0.7778,0.7778,0.8305,0.7585,0.7585,0.7938,0.7468,0.7468,0.75,0.75,0.75,0.8182,0.8182,0.7647,0.8016,0.7826,0.7436,0.8095,0.8095,0.7468,0.7917,0.7753,0.7727,,,,0.7706,0.7403,0.7245
2140154,3/2/2026 0:16,osuw,ws,9400,-320,c,ts,3/1/2026,19:16:03,0,,,0.7619,l,0.8462,0.7872,0.7872,0.8066,0.7712,0.7712,0.8333,0.7895,0.7895,0.7619,0.7619,0.7619,0.8333,0.8333,0.7895,0.8016,0.7921,0.7727,0.8182,0.7647,0.7647,0.802,0.7826,0.7872,0.8328,0.7868,0.7868,0.7802,0.7436,0.7429
2137987,3/1/2026 19:53,stea,ws,14600,-325,d,ts,3/1/2026,14:53:39,0,,,0.7647,w,0.8039,0.875,0.875,0.7647,0.7835,0.8592,0.8198,0.8198,0.8621,0.875,0.875,0.875,,0.8182,0.8824,0.8016,0.8113,0.84,0.8261,0.8261,0.875,0.883,0.8942,0.8974,,,,0.793,0.8092,0.8403
2145485,3/3/2026 23:44,kasi,ws,6000,-360,l,ts,3/3/2026,18:44:48,0,,,0.7826,w,0.8571,0.8571,0.75,0.8489,0.8489,0.7222,0.8621,0.8621,0.7701,0.7619,0.7619,0.7727,0.8462,0.8462,0.7647,0.8016,0.8016,0.705,0.8462,0.8462,0.7468,0.7826,0.7674,0.7727,,,,0.7934,0.8069,0.7175
2019962,2/12/2026 21:11,bubl,ws,11700,-365,l,ts,2/12/2026,16:11:11,0,,,0.7849,w,,,,0.8538,0.7409,0.7409,0.8485,0.7895,0.7895,0.8,0.8,0.8,,,,0.8113,0.763,0.763,,,,0.8148,0.7872,0.7895,0.7868,0.7868,0.7868,0.8058,0.7436,0.7449
2044901,2/15/2026 20:34,gaub,ws,11300,-300,c,ts,2/15/2026,15:34:23,0,,,0.75,w,0.8462,,,0.8423,,,0.8077,,,0.75,,,0.8182,,,0.8113,,,,,,0.7802,,,0.7835,,,0.7732,,
2050238,2/17/2026 21:49,berr,ws,7800,-382,d,ts,2/17/2026,16:49:32,0,,,0.7925,w,0.8462,0.8571,0.8571,0.7925,0.8371,0.8311,0.8551,0.8551,0.8701,0.8462,0.8462,0.8462,0.8333,0.8333,0.8667,0.8113,0.8208,0.8302,,,,0.8582,0.8667,0.8773,,,,0.8058,0.8201,0.827
2054856,2/18/2026 21:23,cerj,ws,7300,-325,l,ts,2/18/2026,16:23:09,0,,,0.7647,w,0.8039,0.7297,0.7297,0.7938,0.7938,0.7382,0.8198,0.8198,0.7531,0.8333,0.7917,0.7917,,,0.75,0.8113,0.7436,0.7151,,,,0.7778,0.7531,0.759,,,,0.7821,0.7283,0.711
2074989,2/21/2026 20:21,bren,ws,15600,-340,c,ts,2/21/2026,15:21:12,0,,,0.7727,w,0.8667,0.8182,0.8182,0.848,0.8008,0.8008,0.8333,0.8,0.8,0.7727,0.7727,0.7727,0.8824,0.8824,0.8824,0.8113,0.7826,0.7826,,,,,,,,,,0.802,0.7743,0.7743
2084508,2/22/2026 1:44,ymee,ws,6600,-300,c,ts,2/21/2026,20:44:46,0,,,0.75,w,0.8,,,0.7963,,,0.7826,,,0.75,,,0.8182,,,0.8113,,,,,,0.8438,,,,,,0.7636,,
2088715,2/22/2026 18:28,zhas,ws,15500,-320,c,ts,2/22/2026,13:28:26,0,,,0.7619,w,0.8571,0.7872,0.7872,0.8239,0.7727,0.7727,0.8485,0.7826,0.7826,0.7619,0.7619,0.7619,0.8333,0.7778,0.7778,0.8113,0.7921,0.7826,,,,0.8165,0.8,0.802,,,,0.7925,0.7481,0.7481
2107029,2/26/2026 3:38,wuy,ws,12600,-325,l,ts,2/25/2026,22:38:32,0,,,0.7647,w,0.8182,0.7368,0.7368,0.8233,0.7333,0.7333,0.8276,0.7701,0.7701,0.7917,0.7917,0.7917,0.8182,0.8182,0.7647,0.8113,0.7245,0.7245,,,,0.7647,0.7647,0.7647,,,,0.7895,0.7222,0.7191
2119878,2/28/2026 4:32,krua,ws,9100,-376,d,ts,2/27/2026,23:32:23,0,,,0.7899,w,0.8462,0.8462,0.8113,0.7899,0.7972,0.7972,0.8485,0.8485,0.8485,0.8462,0.8462,0.8182,0.8,0.8182,0.8182,0.8113,0.8113,0.8016,0.8462,0.8462,0.8462,0.8582,0.8485,0.8276,,,,0.8054,0.8047,0.7912
2140201,3/2/2026 0:36,jean,ws,7000,-340,c,ts,3/1/2026,19:36:34,0,,,0.7727,w,0.8113,0.8113,0.7436,0.8496,0.8496,0.7817,0.8413,0.8413,0.7938,0.7727,0.7727,0.7727,0.8333,0.8333,0.7778,0.8113,0.8113,0.8016,0.8333,0.8333,0.7647,0.8077,0.7872,0.7826,0.8459,0.7727,0.7727,0.7859,0.7817,0.7326
2150175,3/4/2026 2:55,hiji,ws,30900,-260,c,ts,3/3/2026,21:55:57,0,,,0.7222,w,0.8571,,,0.8534,,,0.8551,,,0.7222,,,0.875,,,0.8113,,,0.8621,,,0.7701,,,,,,0.7938,,
2026259,2/13/2026 5:23,paut,ws,9800,-366,d,ts,2/12/2026,0:23:53,0,,,0.7854,l,0.8462,,0.8571,0.7854,,0.8012,0.8485,,0.8621,0.8333,,0.8333,0.8182,,0.8333,0.8208,,0.8208,,,,0.8496,,0.8529,0.998,,0.8689,0.8028,,0.8113
2026080,2/13/2026 4:44,paut,ws,13000,-340,c,ts,2/12/2026,23:44:00,0,,,0.7727,l,0.8462,,,0.8447,,,0.8333,,,0.7727,,,0.8571,,,0.8208,,,,,,0.8438,,,0.8288,,,0.8028,,
2022834,2/13/2026 1:58,shel,ws,10400,-340,c,ts,2/12/2026,20:58:42,0,,,0.7727,w,0.8667,0.8,0.8,0.8252,0.7525,0.7525,0.8333,0.7826,0.7826,0.7727,0.7727,0.7727,0.8333,0.7647,0.7647,0.8208,0.7727,0.7826,,,,0.7938,0.7938,0.7938,0.7938,0.7938,0.7967,0.7925,0.7487,0.7494
2042677,2/15/2026 16:03,wong,ws,6400,-362,d,ts,2/15/2026,11:03:56,0,,,0.7835,w,0.8462,0.8462,0.8462,0.7835,0.8016,0.8016,0.8276,0.8276,0.8276,0.8462,0.8571,0.8571,0.8182,0.8182,0.8333,0.8208,0.8302,0.8302,,,,0.8291,0.8333,0.8438,0.8397,0.8397,0.8529,0.7951,0.7976,0.7996
2071688,2/21/2026 17:10,brac,ws,7600,-305,d,ts,2/21/2026,12:10:56,0,,,0.7531,w,0.8182,0.8182,0.8182,0.7531,0.7531,0.7531,0.7826,0.7826,0.7826,,0.7222,0.7222,,,,0.8208,0.8208,0.8302,,,,,,,,,,0.7685,0.7653,0.7658
2076392,2/21/2026 21:07,carl,ws,6600,-340,c,ts,2/21/2026,16:07:37,0,,,0.7727,w,0.8462,0.8,0.8,0.8102,0.7899,0.7899,0.8131,0.7895,0.7895,0.7727,0.7727,0.7727,0.8333,0.7895,0.7895,0.8208,0.8302,0.8302,,,,,,,,,,0.7849,0.7561,0.7561
2084342,2/22/2026 1:37,ymee,ws,20400,-280,c,ts,2/21/2026,20:37:29,0,,,0.7368,w,0.8571,0.7826,,0.8369,0.7696,,0.8276,0.7354,,0.7368,0.7368,,0.8333,0.7778,,0.8208,0.7921,,,,,0.7826,0.7826,,,,,0.7817,0.7354,
2088515,2/22/2026 17:10,vall,ws,6100,-380,c,ts,2/22/2026,12:10:25,0,,,0.7917,w,0.8571,,0.8571,0.8374,,0.8397,0.8413,,0.8276,0.7917,,0.7917,0.8333,,0.8333,0.8208,,0.8302,,,,0.845,,0.8649,,,,0.8024,,0.8047
2101967,2/25/2026 23:28,kasi,ws,15800,-270,l,ts,2/25/2026,18:28:34,0,,,0.7297,w,0.8462,,,0.8148,,,0.8198,,,0.6875,,,0.8333,,,0.8208,,,,,,0.7297,,,,,,0.7653,,
2113403,2/27/2026 2:32,kecm,ws,18200,-300,c,ts,2/26/2026,21:32:36,0,,,0.75,w,0.8667,0.7619,,0.8492,0.7579,,0.8077,0.7409,,0.75,0.75,,0.8571,0.75,,0.8208,0.7826,,0.8621,0.7647,,0.7802,0.7802,,,,,0.7908,0.7253,
2134625,3/1/2026 2:30,frec,ws,9000,-380,c,ts,2/28/2026,21:30:12,0,,,0.7917,w,0.8305,0.8305,0.7619,0.8358,0.8358,0.7934,,,,0.7917,0.7917,0.8,0.8571,0.8571,0.8571,0.8208,0.8113,0.7921,0.8667,0.8667,0.8667,0.8795,0.8387,0.8165,,,,0.8095,0.7959,0.768
2138520,3/1/2026 20:31,pard,ws,17000,-320,c,ts,3/1/2026,15:31:27,0,,,0.7619,w,0.8571,0.8276,0.8276,0.8031,0.7886,0.7886,0.8276,0.8,0.8,0.7619,0.8,0.8,0.8182,0.7895,0.7895,0.8208,0.8113,0.8113,0.8571,0.8261,0.8261,0.8361,0.8261,0.8276,,,,0.798,0.7788,0.7792
2028098,2/14/2026 4:30,foki,ws,8900,-400,c,ts,2/13/2026,23:30:41,0,,,0.8,l,0.875,0.8182,0.8182,0.8734,0.8239,0.8224,0.8485,0.8077,0.8077,0.8,0.8,0.8,0.8667,,,0.8302,0.8113,0.7826,,,,0.8485,0.8291,0.8305,0.8668,0.8668,0.8668,0.8162,0.7849,0.7792
2061961,2/19/2026 23:47,paut,ws,16700,-340,c,ts,2/19/2026,18:47:48,0,,,0.7727,w,0.8462,0.8462,0.8462,0.8062,0.8073,0.8073,0.8333,0.8333,0.8333,0.7727,0.8182,0.8182,0.8333,0.8462,0.8462,0.8302,0.8302,0.8302,,,,0.8561,0.8758,0.8817,,,,0.8043,0.8084,0.8084
2068700,2/20/2026 15:48,pegu,ws,9300,-426,d,ts,2/20/2026,10:48:37,0,,,0.8099,w,0.8571,,0.8889,0.8099,,0.8701,0.8701,,0.901,0.875,,0.9,0.84,,0.8947,0.8302,,0.8969,,,,0.9038,,0.9286,,,,0.8246,,0.8677
2092787,2/23/2026 18:52,pela,ws,7500,-390,d,ts,2/23/2026,13:52:46,0,,,0.7959,w,0.875,0.875,0.875,0.7959,0.8058,,0.8198,0.8198,0.8413,,,,0.8333,0.8333,0.8621,0.8302,0.84,0.859,,,,0.8675,0.875,0.8701,,,,0.8084,0.8134,0.827
2101922,2/25/2026 23:14,kasi,ws,7800,-360,l,ts,2/25/2026,18:14:11,0,,,0.7826,w,0.875,0.875,0.7619,0.8765,0.8571,0.7207,0.8413,0.8413,0.7468,0.8571,0.7619,0.7619,0.8571,0.8571,0.75,0.8302,0.8302,0.705,,,,0.8374,0.7778,0.7778,,,,0.8261,0.7963,0.7214
2108573,2/26/2026 18:30,krua,ws,8200,-400,c,ts,2/26/2026,13:30:45,0,,,0.8,w,0.875,,,0.8571,,,0.8413,,,0.8,,,0.8621,,,0.8302,,,0.8571,,,0.8496,,,,,,0.8138,,
2109095,2/26/2026 23:13,lia,ws,13600,-340,c,ts,2/26/2026,18:13:24,0,,,0.7727,l,0.8305,,,0.8331,,,0.8551,,,0.7727,,,0.8462,,,0.8302,,,0.8261,,,0.8291,,,,,,0.7984,,
2134028,3/1/2026 1:49,frec,ws,21200,-380,c,ts,2/28/2026,20:49:14,0,,,0.7917,w,0.8571,,0.7727,0.881,,0.7947,,,,0.7917,,0.7917,0.9,,0.8333,0.8302,,0.763,0.875,,0.8,,,,,,,0.8296,,0.7537
2138502,3/1/2026 20:30,pard,ws,6900,-390,d,ts,3/1/2026,15:30:29,0,,,0.7959,w,0.8571,0.8571,0.8667,0.7959,0.7959,0.8047,0.8276,0.8276,0.8276,0.8182,0.8182,0.8182,0.8333,0.8333,0.8333,0.8302,0.8302,0.84,0.8571,0.8571,0.8621,0.8582,0.854,0.8551,,,,0.8073,0.8054,0.8092
2042657,2/15/2026 15:49,svaz,ws,9000,-400,c,ts,2/15/2026,10:49:00,0,,,0.8,w,0.8824,0.8824,0.8571,0.8538,0.8538,0.8028,0.8333,0.8333,0.8077,0.8,0.8,0.8,0.8571,0.8462,0.8182,0.84,0.84,0.8113,,,,0.8561,0.84,0.8198,0.8628,0.8258,0.8258,0.8148,0.8069,0.7835
2061599,2/19/2026 19:08,tien,ws,6100,-380,c,ts,2/19/2026,14:08:29,0,,,0.7917,w,0.8462,0.7917,0.7917,0.8325,0.7685,0.7685,0.8413,0.7701,0.7701,0.7917,0.7917,0.7917,0.8462,0.8462,0.8,0.84,0.7921,0.7826,,,,0.8276,0.8039,0.8,,,,0.8039,0.7567,0.7512
2094062,2/24/2026 3:04,town,ws,35300,-260,l,ts,2/23/2026,22:04:48,0,,,0.7222,w,0.8462,,0.697,0.8423,,0.7041,0.8198,,0.6825,,,0.7059,0.8462,,0.7143,0.84,,0.6855,,,,0.7222,,0.7183,,,,0.8039,,0.6622
2119984,2/28/2026 5:04,paol,ws,19100,-320,c,ts,2/27/2026,0:04:23,0,,,0.7619,w,0.8462,0.7561,0.7561,0.8336,0.7797,,0.8485,0.7701,0.7701,0.7619,0.7619,0.7619,0.8571,0.75,0.75,0.84,0.7826,0.7537,0.84,0.7647,0.7647,0.7917,0.7895,0.7778,,,,0.7996,0.7326,0.729
2010920,2/11/2026 17:35,ryba,ws,10300,-449,d,ts,2/11/2026,12:35:05,0,,,0.8179,w,0.8667,0.8667,0.8667,0.8179,0.8188,0.8188,0.8773,0.8701,0.8701,0.875,0.875,0.875,0.8571,0.8571,0.8571,0.8494,0.8302,0.8302,,,,0.8844,0.8844,0.8844,0.8639,0.859,0.859,0.8333,0.8308,0.8308
2021731,2/13/2026 1:16,ugo,ws,9700,-430,l,ts,2/12/2026,20:16:49,0,,,0.8113,w,0.875,,,0.8571,,,0.8485,,,0.8182,,,0.8667,,,0.8494,,,,,,0.8214,,,0.802,,,0.8279,,
2050056,2/17/2026 20:34,berr,ws,13400,-325,e,ts,2/17/2026,15:34:47,0,,,0.7647,w,0.8667,0.8113,0.8113,0.8322,0.7797,0.7797,0.8276,0.7895,0.7895,0.7917,0.7917,0.7917,0.7647,0.7647,0.7647,0.8494,0.8208,0.8302,,,,0.8131,0.8058,0.8058,,,,0.7988,0.7596,0.7596
2054027,2/18/2026 7:50,anis,ws,15200,-420,d,ts,2/18/2026,2:50:03,0,,,0.8077,w,0.8462,0.8462,0.8462,0.8077,0.8233,0.8185,0.8773,0.8773,0.8851,0.9,0.9,0.9,0.8462,0.8462,0.8462,0.8494,0.8494,0.8494,,,,0.8901,0.8942,0.9005,,,,0.8319,0.8333,0.8371
2069533,2/21/2026 0:48,tien,ws,12100,-432,d,ts,2/20/2026,19:48:44,0,,,0.812,w,0.8667,,0.9,0.812,,0.8525,0.8701,,0.893,0.875,,0.9091,0.8462,,0.8824,0.8494,,0.8969,,,,0.8919,,0.9065,,,,0.8322,,0.8665
2088513,2/22/2026 17:09,vall,ws,9400,-450,c,ts,2/22/2026,12:09:52,0,,,0.8182,w,0.8824,0.8824,0.8824,0.8701,0.8718,0.8718,0.8701,0.8551,0.8551,0.8182,0.8182,0.8182,0.8621,0.8621,0.8621,0.8494,0.8494,0.859,,,,0.875,0.875,0.871,,,,0.8322,0.827,0.8273
2091205,2/22/2026 22:30,wats,ws,49900,-270,l,ts,2/22/2026,17:30:33,0,,,0.7297,w,0.8889,0.7222,,0.8553,,,0.8773,0.726,,0.8462,,,0.875,0.75,,0.8494,0.8302,,,,,0.7297,0.7297,,,,,0.84,0.6855,
2092916,2/24/2026 0:04,priz,ws,16500,-380,c,ts,2/23/2026,19:04:26,0,,,0.7917,w,0.8667,,0.8182,0.863,,0.8145,0.8413,,0.8077,0.7917,,0.7917,0.8621,,0.8182,0.8494,,0.8208,,,,0.8592,,0.8276,,,,0.8201,,0.7807
2096486,2/25/2026 1:00,frec,ws,10400,-450,c,ts,2/24/2026,20:00:52,0,,,0.8182,w,0.8571,0.8571,0.8246,0.8667,0.8667,0.8336,0.8773,0.8773,0.8413,0.8182,0.8182,0.8182,,,0.8462,0.8494,0.8494,0.8302,,,,0.8817,0.8667,0.8571,,,,0.8339,0.8302,0.8024
2136095,3/1/2026 4:31,bucs,ws,7700,-383,d,ts,2/28/2026,23:31:58,0,,,0.793,w,0.8182,0.8462,0.8462,0.793,0.8236,0.8236,,,,0.8571,0.8571,0.8571,0.8571,0.8571,0.8571,0.8494,0.84,0.84,,,,0.8718,0.8726,0.878,,,,0.8102,0.8201,0.8205
2055029,2/18/2026 23:19,agst,ws,19100,-435,d,ts,2/18/2026,18:19:14,0,,,0.8131,w,,,,0.8131,0.8433,0.8433,0.893,,,0.8889,0.8889,0.8889,,,,0.859,0.8779,0.8779,,,,0.8889,0.8864,0.8844,,,,0.8428,0.843,0.842
2061680,2/19/2026 20:02,sinn,ws,11500,-505,l,ts,2/19/2026,15:02:12,0,,,0.8347,l,0.8824,0.8246,0.8246,0.8701,0.8392,0.7608,0.8851,0.8198,0.8198,0.8571,0.8571,0.8571,0.9,0.9,0.8,0.859,0.8113,0.8113,,,,0.8347,0.8214,0.8214,,,,0.8505,0.8,0.784
2116265,2/27/2026 5:48,nakb,ws,27600,-380,c,ts,2/26/2026,0:48:32,0,,,0.7917,w,0.8667,0.7143,,0.9029,0.7118,,0.8621,0.759,,0.7917,0.7917,,0.9091,0.9091,,0.859,0.7436,,0.875,0.875,,0.7619,0.7619,,,,,0.8395,0.7442,
2047499,2/16/2026 23:04,lajo,ws,18400,-500,l,ts,2/16/2026,18:04:16,0,,,0.8333,w,0.8824,0.8,0.8,0.8864,0.8141,0.8141,0.901,0.7826,0.7826,,0.8,0.8,0.9,0.9,0.8182,0.8684,0.8208,0.7921,,,,0.8333,0.8333,0.8333,,,,0.8588,0.7778,0.7701
2088582,2/22/2026 18:00,zhas,ws,12400,-500,c,ts,2/22/2026,13:00:47,0,,,0.8333,w,0.9048,0.9048,0.9048,0.8765,0.8765,0.8765,0.893,0.893,0.893,0.8333,0.875,0.875,0.8889,0.8889,0.8889,0.8684,0.8684,0.8684,,,,0.8857,0.8883,0.8726,,,,0.8505,0.8527,0.8565
2093284,2/24/2026 1:26,priz,ws,40700,-385,l,ts,2/23/2026,20:26:12,0,,,0.7938,w,0.9,0.7826,0.7826,0.898,0.7596,0.7596,0.901,0.7938,0.7938,0.9,0.7727,0.7727,0.8621,0.9,0.7778,0.8684,0.8684,0.7537,,,,0.7938,0.7917,0.7917,,,,0.8632,0.759,0.7506
2100408,2/25/2026 4:02,hon,ws,40800,-345,l,ts,2/24/2026,23:02:00,0,,,0.7753,w,,,,0.8649,,,0.9177,,,0.7619,,,0.9,,,0.8684,,,,,,0.7753,,,,,,0.8494,,
2143566,3/3/2026 2:36,kopr,ws,37600,-355,l,ts,3/2/2026,21:36:12,0,,,0.7802,w,0.8889,0.7826,,0.8901,0.7773,,0.8851,0.7826,,0.7727,0.7727,,0.9,0.7895,,0.8684,0.7537,,0.8889,0.7647,,0.7895,0.7802,,,,,0.8302,0.7354,
2145504,3/3/2026 23:47,town,ws,11100,-514,d,ts,3/3/2026,18:47:53,0,,,0.8371,w,0.8667,0.9048,0.9048,0.8371,0.8765,0.8765,0.9177,0.9177,0.9346,0.9,0.9,0.9,0.8621,0.8621,0.8889,0.8684,0.8684,0.9063,0.8824,0.8824,0.9091,0.9123,0.9267,0.9267,,,,0.8523,0.8617,0.8782
2086010,2/22/2026 2:56,paut,ws,14900,-590,l,ts,2/21/2026,21:56:11,0,,,0.8551,w,0.9,0.8246,0.8246,0.9038,0.8311,0.8311,0.9177,0.8198,0.8198,0.8571,0.8571,0.8571,0.9231,0.8462,0.8462,0.8779,0.84,0.84,,,,0.8551,0.8551,0.8658,,,,0.8729,0.8012,0.8051
2088450,2/22/2026 15:45,priz,ws,30100,-430,l,ts,2/22/2026,10:45:32,0,,,0.8113,w,0.9048,0.8113,0.8113,0.9065,0.8035,0.8035,0.8851,0.8,0.8,0.9,0.8182,0.8182,0.9,0.7895,0.7895,0.8779,0.8302,0.7826,,,,0.8182,0.8039,0.8131,,,,0.8599,0.7763,0.7685
2095374,2/24/2026 22:40,bucs,ws,14400,-500,c,ts,2/24/2026,17:40:21,0,,,0.8333,w,0.9231,,,0.8667,0.9065,0.8734,0.8773,0.8413,0.8413,0.8333,0.8333,0.8333,0.8571,0.9091,0.8824,0.8779,0.8779,0.8684,,,,0.8907,0.8675,0.8561,,,,0.8534,0.8294,0.8201
2119887,2/28/2026 4:35,krua,ws,13000,-510,d,ts,2/27/2026,23:35:57,0,,,0.8361,w,0.8667,0.8667,0.8667,0.8361,0.8423,0.8423,0.9091,0.8851,0.8851,,,,0.8571,0.8571,0.8571,0.8779,0.8779,0.859,0.8889,0.8889,0.8889,0.9074,0.9048,0.9057,,,,0.8538,0.8494,0.8466
2141463,3/2/2026 20:15,moch,ws,23200,-400,c,ts,3/2/2026,15:15:02,0,,,0.8,w,0.8947,0.8113,0.8113,0.8851,0.8095,0.8095,0.8773,0.7753,0.7753,0.8,0.8,0.8,,,,0.8779,0.8208,0.8302,0.8889,0.8182,0.8182,0.8438,0.8291,0.8319,0.8408,0.8408,0.8408,0.8384,0.7722,0.7743
2050179,2/17/2026 21:23,berr,ws,15300,-593,d,ts,2/17/2026,16:23:08,0,,,0.8557,w,0.931,0.9259,0.9259,0.8557,0.875,0.8718,0.901,0.901,0.9177,0.9,0.9,0.9,0.8824,0.8824,0.9,0.8874,0.8779,0.8969,,,,0.9213,0.9237,0.9257,,,,0.8741,0.8729,0.8819
2061701,2/19/2026 20:17,sinn,ws,12400,-620,d,ts,2/19/2026,15:17:54,0,,,0.8611,l,0.931,0.9231,0.9231,0.8611,0.8795,0.8795,0.901,0.893,0.893,0.9,0.9,0.9,0.9,0.9,0.9,0.8874,0.8874,0.8874,,,,0.9203,0.9187,0.917,,,,0.8755,0.8734,0.8731
2069528,2/21/2026 0:48,tien,ws,11500,-578,d,ts,2/20/2026,19:48:21,0,,,0.8525,w,0.9,,,0.8525,,,0.893,,,0.9091,,,0.8824,,,0.8874,,,,,,0.9083,,,,,,0.8667,,
2073286,2/21/2026 19:21,gald,ws,10000,-600,c,ts,2/21/2026,14:21:41,0,,,0.8571,w,0.92,0.92,0.875,0.9254,0.9254,0.9153,0.901,0.901,0.901,0.8571,0.8571,0.8571,0.9,0.9,0.9,0.8874,0.8874,0.8779,,,,0.9034,0.893,0.878,,,,0.8689,0.867,0.8536
2086453,2/22/2026 3:13,paut,ws,31400,-400,c,ts,2/21/2026,22:13:05,0,,,0.8,w,0.8889,0.8039,0.8039,0.9107,0.8353,0.8353,0.9091,0.7938,0.7938,0.8,0.8,0.8,0.9231,0.8333,0.8333,0.8874,0.8113,0.8113,,,,0.8485,0.8462,0.8496,,,,0.8534,0.7831,0.7849
2094491,2/24/2026 4:42,kyps,ws,37700,-340,c,ts,2/23/2026,23:42:42,0,,,0.7727,w,0.9167,0.7872,,0.9138,0.7967,,0.9259,0.7531,,0.7727,0.7727,,0.9231,0.7778,,0.8874,0.7826,,,,,0.802,0.7959,,,,,0.8496,0.7481,
2127903,2/28/2026 22:16,hanf,ws,11700,-600,c,ts,2/28/2026,17:16:53,0,,,0.8571,w,0.9167,0.9167,0.9167,0.881,0.881,0.881,0.901,0.901,0.901,0.8571,0.875,0.875,0.8824,0.8824,0.8824,0.8874,0.8874,0.8874,0.9,0.9,0.9,0.9209,0.9219,0.9245,,,,0.871,0.8716,0.8721
2139992,3/1/2026 23:45,bucs,ws,13100,-542,d,ts,3/1/2026,18:45:54,0,,,0.8442,w,0.9,0.8889,,0.8442,0.8765,,0.8851,0.8851,,0.875,0.875,,0.9,0.9,,0.8874,0.8874,,0.9167,0.9091,,0.917,0.9163,,0.907,0.91,,0.8613,0.8603,
2145490,3/3/2026 23:45,kasi,ws,13700,-600,c,ts,3/3/2026,18:45:11,0,,,0.8571,w,0.931,0.8571,0.8571,0.9194,0.8534,0.8534,0.9259,0.8485,0.8485,0.8571,0.8571,0.8571,,0.8462,0.8462,0.8874,0.8779,0.8113,0.9167,0.8462,0.8462,0.878,0.8639,0.8639,,,,0.8734,0.8208,0.8134
2049770,2/17/2026 17:16,eala,ws,10800,-720,d,ts,2/17/2026,12:16:59,0,,,0.878,w,0.9231,,0.9048,0.878,,0.8876,0.9259,,0.9177,0.9091,,0.9091,,,,0.8969,,0.8969,,,,0.9357,,0.932,0.919,,0.9089,0.889,,0.8818
2054804,2/18/2026 20:52,cerj,ws,10300,-600,c,ts,2/18/2026,15:52:02,0,,,0.8571,w,0.9048,0.8667,0.8667,0.8947,0.8947,0.8734,0.9091,0.9091,0.8701,0.8571,0.8571,0.8571,0.9091,0.9091,0.8667,0.8969,0.8779,0.8494,,,,0.9043,0.8876,0.8876,,,,0.8693,0.8559,0.8382
2054810,2/18/2026 20:55,cerj,ws,10200,-600,c,ts,2/18/2026,15:55:32,0,,,0.8571,w,0.9048,0.875,0.875,0.9048,0.8718,0.8718,0.893,0.8621,0.8621,0.8571,0.8571,0.8571,0.9091,0.9091,0.8824,0.8969,0.8684,0.8684,,,,0.9034,0.8925,0.8907,,,,0.8689,0.8435,0.8418
2094467,2/24/2026 4:31,vach,ws,14100,-525,l,ts,2/23/2026,23:31:59,0,,,0.84,w,0.9231,0.8113,0.8113,0.9194,0.841,0.841,0.901,0.901,0.8,0.7619,0.7619,0.7619,0.9333,0.9333,0.8462,0.8969,0.8208,0.7921,,,,0.8462,0.84,0.84,,,,0.8601,0.8113,0.7788
2101896,2/25/2026 23:08,kasi,ws,24000,-380,c,ts,2/25/2026,18:08:23,0,,,0.7917,w,0.8824,0.8182,0.8182,0.8611,0.7972,0.7859,0.8701,0.7701,0.7701,0.7917,0.7917,0.7917,0.8824,0.8182,0.8,0.8969,0.8302,0.8208,,,,0.8333,0.823,0.823,,,,0.8333,0.7773,0.7743
2136078,3/1/2026 4:30,bucs,ws,12100,-600,c,ts,2/28/2026,23:30:07,0,,,0.8571,w,0.9167,,0.8462,0.8969,,0.843,,,,0.8571,,0.8571,0.9231,,0.8667,0.8969,,0.8494,,,,0.8969,,0.883,,,,0.87,,0.8294
2023781,2/13/2026 2:39,shel,ws,11700,-650,f,ts,2/12/2026,21:39:12,0,,,0.8667,w,0.8667,,0.8667,0.9206,,0.8958,0.9259,,0.8773,0.9333,,0.9231,0.9474,,0.9,0.9063,,0.8779,,,,0.917,,0.9156,,,,0.8797,,0.8573
2054034,2/18/2026 7:57,anis,ws,13400,-690,d,ts,2/18/2026,2:57:00,0,,,0.8734,w,0.9231,0.9,0.9,0.8734,0.8734,0.8718,0.9177,0.9177,0.901,0.9091,0.9091,0.9091,0.9,0.9,0.8824,0.9063,0.8969,0.8969,,,,0.9381,0.9254,0.9259,,,,0.8875,0.8782,0.8737
2069214,2/20/2026 22:41,kord,ws,21300,-700,c,ts,2/20/2026,17:41:24,0,,,0.875,w,0.9375,0.9048,0.9048,0.9275,0.8876,0.8837,0.9434,0.893,0.901,0.875,0.875,0.875,0.9474,0.9,0.9,0.9063,0.8874,0.8874,,,,0.9142,0.916,0.9167,,,,0.8972,0.8658,0.8689
2074333,2/21/2026 19:59,gald,ws,21300,-600,c,ts,2/21/2026,14:59:23,0,,,0.8571,w,0.9412,0.875,0.875,0.9167,0.8544,0.8544,0.9434,0.893,0.893,0.8571,0.8571,0.8571,0.9231,0.875,0.875,0.9063,0.859,0.859,,,,0.8837,0.8817,0.8758,,,,0.883,0.843,0.8413
2095390,2/24/2026 22:49,bucs,ws,13700,-670,b,ts,2/24/2026,17:49:40,0,,,0.8701,w,0.92,0.9375,0.9375,0.9038,0.9296,0.9296,0.8701,0.9091,0.9091,0.9091,0.9091,0.9091,0.9231,0.9474,0.9474,0.9063,0.9158,0.9158,,,,0.9432,0.9488,0.9481,,,,0.8815,0.9014,0.9014
2096217,2/25/2026 0:40,sonm,ws,9000,-650,e,ts,2/24/2026,19:40:45,0,,,0.8667,w,0.92,0.92,0.92,,0.881,0.881,0.9091,0.9091,0.9091,,,,0.8667,0.8667,0.8667,0.9063,0.9063,0.9063,,,,0.9065,0.9065,0.907,,,,0.8765,0.8748,0.8761
2108155,2/26/2026 5:28,tiaf,ws,18100,-560,b,ts,2/25/2026,0:28:16,0,,,0.8485,w,0.9048,0.9048,0.9048,,0.8889,0.8889,0.8485,0.9091,0.9177,,,,0.9,0.9,0.9,0.9063,0.8779,0.8874,0.9231,0.9231,0.9231,0.9281,0.9293,0.9293,,,,0.8713,0.878,0.881
2117300,2/27/2026 22:54,town,ws,12400,-700,c,ts,2/27/2026,17:54:05,0,,,0.875,w,0.92,0.8667,0.8667,0.9265,0.8925,0.8925,0.9434,0.893,0.893,0.875,0.875,0.875,0.9333,0.9333,0.8824,0.9063,0.9063,0.84,0.9167,0.8621,0.8621,0.9167,0.9034,0.9061,,,,0.8879,0.8607,0.8464
2136446,3/1/2026 5:10,cobo,ws,13300,-710,l,ts,2/28/2026,0:10:54,0,,,0.8765,w,0.9375,,0.8571,0.949,,0.84,0.9434,,0.8485,0.8182,,0.8182,0.9355,,0.8621,0.9063,,0.8494,0.9333,,0.84,0.8765,,0.883,,,,0.8893,,0.8165
2145303,3/3/2026 22:44,town,ws,15800,-710,f,ts,3/3/2026,17:44:06,0,,,0.8765,w,0.8765,0.8765,0.8765,0.9383,0.9231,0.918,0.9177,0.9177,0.901,0.9524,0.9333,0.9333,,,,0.9063,0.9063,0.8874,0.9412,0.9412,0.9231,0.9373,0.9306,0.9283,,,,0.8928,0.8857,0.8762
2061659,2/19/2026 19:48,sinn,ws,11100,-870,d,ts,2/19/2026,14:48:03,0,,,0.8969,l,0.9333,,0.9412,0.8969,,0.9123,0.9346,,0.9434,0.9524,,0.9524,0.9333,,0.9333,0.9158,,0.9158,,,,0.9598,,0.9614,,,,0.9065,,0.9127
2068730,2/20/2026 17:36,alcz,ws,26200,-600,c,ts,2/20/2026,12:36:43,0,,,0.8571,w,0.9259,0.8889,0.8889,0.9167,0.8592,0.8592,0.9346,0.8851,0.8851,0.8571,0.8571,0.8571,0.9167,0.875,0.875,0.9158,0.8874,0.8874,,,,0.9213,0.9052,0.9074,,,,0.8925,0.8582,0.8567
2068699,2/20/2026 15:46,pegu,ws,15100,-830,d,ts,2/20/2026,10:46:32,0,,,0.8925,w,0.9333,,0.9333,0.8925,,0.8936,0.9346,,0.9259,0.9615,,0.9615,0.9091,,0.9091,0.9158,,0.9063,,,,0.961,,0.9624,,,,0.906,,0.9039
2095385,2/24/2026 22:47,bucs,ws,10100,-750,e,ts,2/24/2026,17:47:49,0,,,0.8824,w,0.9412,0.9412,0.9412,0.8824,0.9265,0.9265,0.8851,0.8851,0.8851,0.9412,0.9412,0.9412,0.9,0.9231,0.9231,0.9158,0.9251,0.9251,,,,0.9492,0.9522,0.9615,,,,0.8945,0.8983,0.8959
2104721,2/26/2026 1:46,atma,ws,20900,-700,c,ts,2/25/2026,20:46:00,0,,,0.875,w,0.9259,,,0.9565,,,0.9434,,,0.875,,,0.9474,,,0.9158,,,,,,0.9237,,,,,,0.8978,,
2118773,2/28/2026 2:12,zhas,ws,9500,-860,d,ts,2/27/2026,21:12:45,0,,,0.8958,w,0.931,,0.931,0.8958,,0.8958,0.9524,,0.9524,0.9333,,,0.9231,,0.9231,0.9158,,0.9158,0.9231,,0.9231,0.9524,,0.9443,,,,0.9036,,0.9021
2118753,2/28/2026 2:11,zhas,ws,13700,-800,d,ts,2/27/2026,21:11:25,0,,,0.8889,w,0.92,,,0.8889,,,0.9524,,,,,,0.9231,,,0.9158,,,0.9333,,,0.9506,,,,,,0.9022,,
2140303,3/2/2026 1:02,bucs,ws,13400,-900,c,ts,3/1/2026,20:02:54,0,,,0.9,w,0.9474,0.9,0.9,0.9444,0.9254,0.8876,0.9434,0.9434,0.901,0.9,0.9,0.9,0.9474,0.9474,0.9091,0.9158,0.9063,0.8874,0.9524,0.9524,0.9,0.9487,0.9234,0.9231,0.915,0.89,0.89,0.9112,0.895,0.8706
2054022,2/18/2026 7:44,anis,ws,17200,-750,d,ts,2/18/2026,2:44:54,0,,,0.8824,w,0.9,0.9,0.9,0.8824,,0.8824,0.9434,0.9434,0.9434,0.9524,0.9524,0.9524,0.9,0.9,0.9,0.9251,0.9251,0.9251,,,,0.9566,0.9566,0.9599,,,,0.8992,0.9008,0.8999
2068753,2/20/2026 17:53,alcz,ws,9400,-900,c,ts,2/20/2026,12:53:11,0,,,0.9,w,0.92,0.92,0.8889,0.9583,0.9583,0.902,0.9615,0.9615,0.9259,0.9,0.9,0.9,0.9444,0.9444,0.9091,0.9251,0.9063,0.9063,,,,0.9422,0.932,0.932,,,,0.9078,0.9026,0.8824
2068729,2/20/2026 17:35,alcz,ws,14600,-900,c,ts,2/20/2026,12:35:07,0,,,0.9,w,0.9474,,0.9333,0.9219,,0.9029,0.9524,,0.9434,0.9,,0.9,0.9259,,0.9091,0.9251,,0.9158,,,,0.9512,,0.9523,,,,0.9122,,0.9027
2068744,2/20/2026 17:43,alcz,ws,19100,-800,c,ts,2/20/2026,12:43:43,0,,,0.8889,w,0.9412,0.9048,0.9048,0.9419,0.9138,0.9138,0.9524,0.9259,0.9259,0.8889,0.8889,0.8889,0.9355,0.9,0.9,0.9251,0.9251,0.9251,,,,0.9333,0.9333,0.9254,,,,0.9065,0.8885,0.8867
2069215,2/20/2026 22:47,kord,ws,17000,-900,c,ts,2/20/2026,17:47:45,0,,,0.9,w,0.9375,,,0.9495,,,0.9615,,,0.9,,,0.9333,,,0.9251,,,,,,0.9585,,,,,,0.9142,,
2075003,2/21/2026 20:21,dole,ws,12500,-600,c,ts,2/21/2026,15:21:46,0,,,0.8571,w,0.9412,0.8889,0.8889,0.9254,0.8701,0.8701,0.9346,0.8621,0.8621,0.8571,0.8571,0.8571,0.4,0.4,0.4,0.9251,0.8779,0.8494,,,,,,,,,,0.872,0.8012,0.8012
2086685,2/22/2026 3:21,paut,ws,40500,-625,l,ts,2/21/2026,22:21:49,0,,,0.8621,w,0.9375,0.8462,0.8462,0.9351,,,0.9434,0.8077,0.8413,0.875,0.875,0.875,0.9474,0.8571,0.8571,0.9251,0.8494,0.8302,,,,0.8621,0.8611,0.8649,,,,0.9086,0.8088,0.8145
2097507,2/25/2026 1:43,frec,ws,15700,-700,c,ts,2/24/2026,20:43:50,0,,,0.875,w,0.9412,0.875,0.875,0.9485,0.8837,0.8837,0.9615,0.8773,0.8773,0.9412,0.875,0.875,0.8182,0.8182,0.8182,0.9251,0.8874,0.8684,,,,0.8901,0.8876,0.8837,,,,0.896,0.8438,0.8403
2136415,3/1/2026 5:07,cobo,ws,13400,-1000,c,ts,2/28/2026,0:07:17,0,,,0.9091,w,0.9474,0.9259,0.9259,0.9545,0.9107,0.9107,0.9524,0.9177,0.9177,0.9091,0.9091,0.9231,0.9444,0.9444,0.9259,0.9251,0.9251,0.9158,0.9524,0.9524,0.9167,0.9675,0.9588,0.961,,,,0.9206,0.9048,0.8954
2134060,3/1/2026 1:51,frec,ws,21100,-900,c,ts,2/28/2026,20:51:47,0,,,0.9,w,0.9412,0.8824,0.8824,0.9565,0.9091,0.9091,,,,0.9,0.9,0.9,0.9615,0.9231,0.9231,0.9251,0.8874,0.8494,0.9615,0.8889,0.8889,,,,,,,0.9176,0.8636,0.8592
2140232,3/2/2026 0:47,jean,ws,15300,-900,c,ts,3/1/2026,19:47:33,0,,,0.9,w,0.9474,0.8947,0.8947,0.9545,0.9138,0.9138,0.9524,0.9524,0.893,0.9,0.9,0.9091,0.9524,0.9524,0.9231,0.9251,0.9251,0.9063,0.9524,0.9524,0.9,0.9478,0.9278,0.9278,0.925,0.925,0.925,0.9127,0.9014,0.8736
2131811,3/1/2026 0:03,dard,ws,13600,-900,c,ts,2/28/2026,19:03:34,0,,,0.9,w,0.9259,0.9048,0.9048,0.9425,0.9231,0.9231,,,,0.9,0.9,0.9,0.9615,0.9615,0.9474,0.9346,0.9251,0.9251,0.9524,0.9333,0.9333,0.9593,0.9516,0.9516,,,,0.9113,0.8988,0.898
2140427,3/2/2026 1:22,bucs,ws,45300,-500,c,ts,3/1/2026,20:22:57,0,,,0.8333,w,0.9375,,,0.9438,,,0.9615,,,0.8333,,,0.9474,,,0.9346,,,0.9615,,,0.8693,,,0.8227,,,0.8991,,
2024282,2/13/2026 3:03,shel,ws,23300,-1200,c,ts,2/12/2026,22:03:29,0,,,0.9231,w,0.9677,0.9677,,0.9643,0.9643,,0.9709,0.9709,,0.9231,0.9231,,0.9615,0.9615,,0.9439,0.9439,,,,,0.9852,0.9464,,,,,0.9391,0.9306,
2054600,2/18/2026 19:28,alcz,ws,10600,-1250,f,ts,2/18/2026,14:28:32,0,,,0.9259,w,0.9259,0.9375,0.9375,0.9615,0.963,0.963,0.9804,0.9804,0.9804,0.9615,0.9615,0.9615,0.9756,0.9756,0.9756,0.9439,0.9533,0.9533,,,,,0.9806,0.9804,,,,0.9336,0.9395,0.9395
2075802,2/21/2026 20:46,bren,ws,16000,-1200,c,ts,2/21/2026,15:46:50,0,,,0.9231,w,0.9524,0.9167,0.9167,0.9643,0.9351,0.9351,0.9804,0.9259,0.9259,0.9231,0.9231,0.9,0.9722,0.9722,0.9231,0.9439,0.9251,0.9251,,,,,,,,,,0.9345,0.8973,0.8899
2074405,2/21/2026 20:02,gald,ws,41000,-600,c,ts,2/21/2026,15:02:34,0,,,0.8571,w,0.9524,0.8667,0.8667,0.9419,0.8485,0.8532,0.9709,0.9091,0.8851,0.8571,0.8571,0.8571,0.9524,0.875,0.875,0.9439,0.8969,0.859,,,,0.8864,0.8864,0.8824,,,,0.906,0.8452,0.839
2101794,2/25/2026 21:11,priz,ws,10600,-1440,d,ts,2/25/2026,16:11:54,0,,,0.9351,l,0.9677,,0.96,0.9351,,0.9275,0.9709,,0.9709,0.9722,,0.9722,0.9722,,0.9722,0.9439,,0.9439,,,,,,,,,,0.9418,,0.938
2131692,2/28/2026 23:55,dard,ws,11100,-1200,c,ts,2/28/2026,18:55:53,0,,,0.9231,w,0.9524,,,0.9643,,,,,,0.9231,,,0.9615,,,0.9439,,,0.9677,,,0.9838,,,,,,0.9322,,
2139333,3/1/2026 22:16,vidm,ws,16700,-1040,d,ts,3/1/2026,17:16:38,0,,,0.9123,w,0.9677,0.9677,0.9677,0.9123,0.9306,0.9306,0.9524,0.9615,0.9615,0.9524,0.9524,0.9524,0.9333,0.9333,0.9333,0.9439,0.9533,0.9533,0.9524,0.9524,0.9524,0.9715,0.9753,0.9753,,,,0.9258,0.9317,0.9317
2145755,3/4/2026 0:09,town,ws,30300,-1000,c,ts,3/3/2026,19:09:45,0,,,0.9091,w,0.9677,0.931,0.931,0.9545,0.9038,0.9038,0.9901,0.9346,0.9346,0.9091,0.9091,0.9091,0.9524,0.9091,0.9091,0.9439,0.8779,0.8969,0.9677,0.9091,0.9091,0.954,0.9259,0.9278,,,,0.9335,0.8837,0.8897
2084557,2/22/2026 1:47,ymee,ws,31500,-710,l,ts,2/21/2026,20:47:21,0,,,0.8765,w,0.96,0.8667,0.8667,0.9583,0.8667,0.8667,0.9615,0.8198,0.8198,0.8333,0.8333,0.8333,0.9524,0.875,0.875,0.9533,0.9439,0.9346,,,,0.878,0.8742,0.8726,,,,0.9094,0.8198,0.8192
2090983,2/22/2026 22:06,lepc,ws,42100,-965,l,ts,2/22/2026,17:06:27,0,,,0.9061,w,0.96,0.8947,0.8947,0.9485,0.8701,0.8701,0.9804,0.8851,0.8851,0.9231,0.9231,0.9231,0.9722,0.9091,0.9091,0.9533,0.859,0.859,,,,0.9087,0.9061,0.9127,,,,0.9374,0.8586,0.8601
2107976,2/26/2026 5:10,bell,ws,47600,-765,l,ts,2/25/2026,0:10:06,0,,,0.8844,w,0.9756,0.8571,0.8571,0.9787,,0.8483,0.9901,0.9901,0.8851,0.875,0.875,0.875,0.9756,0.9756,0.8571,0.9533,0.9251,0.859,0.9901,0.9901,0.8571,0.8844,0.8817,0.883,,,,0.9302,0.9138,0.8325
2101806,2/25/2026 21:18,priz,ws,17200,-1700,d,ts,2/25/2026,16:18:49,0,,,0.9444,l,0.9756,0.9804,0.9804,0.9444,0.9524,0.9524,0.9901,,,0.9804,0.9868,0.9868,0.9804,0.9868,0.9868,0.9533,0.9627,0.9627,,,,,,,,,,0.9532,0.9562,0.9562
2101808,2/25/2026 21:19,priz,ws,16200,-1400,d,ts,2/25/2026,16:19:22,0,,,0.9333,l,0.9677,,,0.9333,,,0.9804,,,0.9722,,,0.9722,,,0.9533,,,,,,,,,,,,0.9463,,
2114609,2/27/2026 3:21,zhas,ws,31100,-1000,c,ts,2/26/2026,22:21:20,0,,,0.9091,w,0.9677,0.931,0.931,0.9655,0.8876,0.8876,0.9804,0.8851,0.8851,0.9091,0.9091,0.9091,0.9756,0.9091,0.9091,0.9533,0.8969,0.8969,0.9677,0.9,0.9,0.932,0.932,0.9293,,,,0.934,0.8782,0.8776
2135913,3/1/2026 4:09,bucs,ws,16500,-1400,c,ts,2/28/2026,23:09:23,0,,,0.9333,w,0.9756,0.96,0.96,0.9706,0.96,0.96,,,,0.9333,0.9333,0.9333,0.9756,0.9756,0.9615,0.9533,0.9439,0.9346,,,,0.9899,0.9847,0.9845,,,,0.9435,0.9363,0.9327
2138925,3/1/2026 21:05,pard,ws,28800,-1200,c,ts,3/1/2026,16:05:41,0,,,0.9231,w,0.9677,,0.9677,0.9565,,0.9565,0.9804,,0.9804,0.9231,,0.9804,0.9722,,0.9722,0.9533,,0.9533,0.9677,,0.9677,,,,,,,0.9427,,0.9467
2139301,3/1/2026 22:13,vidm,ws,10200,-1400,e,ts,3/1/2026,17:13:04,0,,,0.9333,w,0.9722,0.9722,0.9677,0.9524,0.9524,0.9524,0.9709,0.9709,0.9709,0.9615,0.9615,0.9615,0.9333,0.9333,0.9333,0.9533,0.9533,0.9533,0.9615,0.9615,0.9615,0.9863,0.983,0.9808,,,,0.94,0.9394,0.9382
2054470,2/18/2026 18:28,alcz,ws,10600,-1600,c,ts,2/18/2026,13:28:50,0,,,0.9412,w,0.9783,0.9783,0.9783,0.9545,0.9545,0.9545,0.9615,0.9615,0.9524,0.9412,0.9412,0.9412,,,,0.9627,0.9627,0.9627,,,,0.9901,0.9901,0.9901,,,,0.9473,0.9466,0.9429
2075077,2/21/2026 20:24,trev,ws,32400,-1200,e,ts,2/21/2026,15:24:52,0,,,0.9231,w,0.9722,0.9836,0.9836,0.9792,,,,,,,,,0.9231,0.9231,0.9231,0.9627,0.9907,0.9907,,,,,,,,,,0.945,,
2104283,2/26/2026 1:34,dard,ws,27200,-1200,c,ts,2/25/2026,20:34:46,0,,,0.9231,w,0.9677,0.9231,,0.9787,0.9275,,0.9901,0.9177,,0.9231,0.9231,,0.9804,0.9231,,0.9627,0.9439,,,,,0.9585,0.9444,,,,,0.9417,0.8998,
2128726,2/28/2026 22:31,hanf,ws,36400,-1000,c,ts,2/28/2026,17:31:43,0,,,0.9091,w,0.9804,0.9375,0.9375,0.9722,0.9206,0.899,0.9524,0.9524,0.9524,0.9091,0.9091,0.9091,0.9836,0.9333,0.9231,0.9627,0.8969,0.9158,0.9901,0.9333,0.9333,0.9539,0.9516,0.9361,,,,0.938,0.9055,0.9026
2019948,2/12/2026 21:04,much,ws,13100,-2000,c,ts,2/12/2026,16:04:36,0,,,0.9524,w,0.9804,,,0.975,,,,,,0.9524,,,0.9836,,,0.972,,,,,,,,,,,,0.9583,,
2042698,2/15/2026 16:22,wong,ws,30000,-1200,c,ts,2/15/2026,11:22:12,0,,,0.9231,w,0.9836,,,0.9841,,,,,,0.9231,,,0.9934,,,0.972,,,,,,0.9534,,,0.948,,,0.9434,,
2047824,2/17/2026 0:33,giro,ws,15200,-1600,c,ts,2/16/2026,19:33:57,0,,,0.9412,w,,,,0.9796,0.9796,,,,0.9524,0.9412,0.9412,0.9524,0.9836,0.9836,0.9836,0.972,0.9627,0.9533,,,,,0.9704,0.9751,,,,0.9495,0.9386,0.9328
2047119,2/16/2026 20:15,wong,ws,27200,-1600,c,ts,2/16/2026,15:15:49,0,,,0.9412,w,0.9756,0.9524,,0.9828,0.963,,,0.9524,,0.9412,0.9412,,0.9836,0.9615,,0.972,0.9439,,,,,,,,,,,0.9554,0.9298,
2054598,2/18/2026 19:26,alcz,ws,11600,-1860,d,ts,2/18/2026,14:26:54,0,,,0.949,w,0.9756,0.9677,0.9677,0.949,0.949,0.9351,,,0.9901,0.9722,0.9722,0.9722,0.9756,0.9756,0.9615,0.972,0.972,0.9627,,,,0.9901,0.9901,0.9901,,,,0.9547,0.9504,0.9522
2054593,2/18/2026 19:25,alcz,ws,15100,-1820,d,ts,2/18/2026,14:25:41,0,,,0.9479,w,0.9756,0.9756,0.9756,0.9479,0.9615,0.9615,,,,0.9804,0.9868,0.9868,0.9756,0.9756,0.9756,0.972,0.972,0.972,,,,0.9901,0.9901,0.9901,,,,0.9553,0.9569,0.9569
2089820,2/22/2026 19:56,osuw,ws,13800,-2000,c,ts,2/22/2026,14:56:23,0,,,0.9524,w,0.9804,0.96,0.96,0.995,0.995,0.9767,,,0.9615,0.9524,0.9524,0.9524,0.995,0.995,0.9722,0.972,0.9627,0.9533,,,,,,,,,,0.9586,0.9473,0.938
2145378,3/3/2026 23:24,town,ws,15600,-2100,d,ts,3/3/2026,18:24:28,0,,,0.9545,w,0.9783,0.9836,0.9836,0.9545,0.963,0.975,0.9901,0.9901,,0.9868,0.9868,0.9868,0.9722,0.9722,0.9804,0.972,0.972,0.9814,0.9901,0.9901,0.9901,,,,,,,0.9611,0.9638,0.9652
2075086,2/21/2026 20:25,trev,ws,41100,-1200,e,ts,2/21/2026,15:25:20,0,,,0.9231,w,0.9722,0.9722,0.9722,0.9841,,0.9792,,,,0.9868,0.9868,0.9868,0.9231,0.9231,0.9231,0.9814,0.9627,0.9627,,,,,,,,,,0.9481,0.9409,0.9466
2093509,2/24/2026 1:46,priz,ws,13000,-2000,c,ts,2/23/2026,20:46:55,0,,,0.9524,w,0.9877,0.9474,0.9474,0.995,0.9855,0.9438,,,0.9615,0.9524,0.9524,0.9524,,,0.9474,0.9814,0.9814,0.9439,,,,0.9752,0.976,0.9737,,,,0.9575,0.9422,0.9269
2045623,2/15/2026 21:47,mont,ws,19700,-2500,c,ts,2/15/2026,16:47:57,0,,,0.9615,w,0.9877,0.96,0.96,0.9833,0.898,0.898,,0.9709,0.9709,0.9615,0.9615,0.9615,,,,0.9907,0.9346,0.9346,,,,0.9705,0.976,0.9745,,0.987,0.987,0.9684,0.9307,0.9303
2120083,2/28/2026 6:34,tiaf,ws,62300,-1600,c,ts,2/27/2026,1:34:18,0,,,0.9412,w,0.9877,0.931,0.931,0.9901,0.9219,0.9219,,0.9177,0.9177,0.9412,0.9412,0.9412,0.9934,0.9333,0.9333,0.9907,0.9251,0.8969,0.9901,0.9412,0.9412,0.9478,0.9465,0.9446,,,,0.9726,0.9021,0.899
