id,time,team,source,size,odds,book,sport,date,timestamp,market,over/under,Line #,implied_prob,r,fd_odds,fd_odds_5s,fd_odds_10s,dk_odds,dk_odds_5s,dk_odds_10s,br_odds,br_odds_5s,br_odds_10s,czr_odds,czr_odds_5s,czr_odds_10s,es_odds,es_odds_5s,es_odds_10s,ka_odds,ka_odds_5s,ka_odds_10s,mgm_odds,mgm_odds_5s,mgm_odds_10s,li_odds,li_odds_5s,li_odds_10s,nv_odds,nv_odds_5s,nv_odds_10s,fv_odds,fv_odds_5s,fv_odds_10s
1966646,2/5/2026 0:33,sact,ws,500,6400,d,ts,2/4/2026,19:33:14,0,,,0.0154,l,0.0833,0.0833,0.0833,0.0154,0.0154,0.0154,0.1053,0.1053,0.1053,0.0667,,,,,,,,,,,,,,,,,,0.0345,,
1966164,2/5/2026 0:13,sact,ws,2500,2200,d,ts,2/4/2026,19:13:51,0,,,0.0435,l,0.1351,,0.1351,0.0435,,0.0562,0.1429,,0.1429,0.0833,,0.0833,,,,,,,,,,,,,,,,0.0786,,0.0795
1982746,2/7/2026 16:55,drog,ws,300,2100,d,ts,2/7/2026,11:55:08,0,,,0.0455,l,0.1,0.1,0.1,0.0455,0.0526,0.0526,0.1176,0.1176,0.1176,0.125,0.125,0.125,,,,0.0852,0.0852,0.0746,,,,0.1042,,,0.0921,0.0921,0.089,0.0625,0.0654,0.064
2007505,2/10/2026 23:42,corf,ws,500,1900,d,ts,2/10/2026,18:42:10,0,,,0.05,l,,,,0.05,0.0417,0.0417,0.1481,0.1111,0.1111,0.0769,0.0769,0.0769,0.0714,0.0556,0.0556,,,,,,,,,,,,,0.0686,0.0445,0.0445
2088553,2/22/2026 17:36,chir,ws,100,1880,d,ts,2/22/2026,12:36:21,0,,,0.0505,l,0.1053,0.1053,0.1053,0.0505,0.0633,0.0633,0.125,0.1333,0.1333,0.1,0.0909,0.0909,0.0909,0.0909,0.0909,0.0958,0.0958,0.0958,,,,,,,,,,0.0662,0.0693,0.0693
1966134,2/5/2026 0:12,sact,ws,1500,1740,d,ts,2/4/2026,19:12:32,0,,,0.0543,l,0.1351,0.1351,0.1351,0.0543,0.0543,0.0543,0.1481,0.1481,0.1481,0.0833,,,,,,,,,,,,,,,,,,0.0812,,
2007171,2/10/2026 19:33,tien,ws,100,1720,d,ts,2/10/2026,14:33:59,0,,,0.0549,l,0.0833,0.0833,0.0833,0.0549,0.0549,0.0568,0.0909,0.0909,0.08,0.0909,0.0909,0.0909,0.4545,0.4545,0.4545,,,,,,,,,,,,,0.0703,0.0674,0.0683
2007179,2/10/2026 19:36,tien,ws,700,1680,d,ts,2/10/2026,14:36:14,0,,,0.0562,l,0.0909,0.0909,0.0909,0.0562,,,0.0952,0.087,0.087,0.1,0.1,0.1,0.4545,0.4545,0.4545,,,,,,,,,,,,,0.0761,0.0752,0.0752
1966160,2/5/2026 0:13,sact,ws,1100,1680,d,ts,2/4/2026,19:13:34,0,,,0.0562,l,0.1351,,0.1351,0.0562,,0.0735,0.1429,,0.1538,0.0833,,0.0909,,,,,,,,,,,,,,,,0.0795,,0.0857
2092782,2/23/2026 18:48,haly,ws,1600,1660,d,ts,2/23/2026,13:48:37,0,,,0.0568,l,0.125,0.1333,0.1333,0.0568,0.0971,0.101,0.1429,0.1667,0.1667,0.1111,0.1333,0.1333,0.1053,0.1053,0.129,0.1276,0.1276,0.1379,,,,0.1198,0.1307,0.1282,,,,0.0825,0.097,0.1005
2116843,2/27/2026 19:06,nava,ws,100,4000,f,ts,2/27/2026,14:06:16,0,,,0.0244,l,0.0244,0.0286,0.0714,0.0581,0.0581,0.0625,0.0952,0.0952,0.1,0.1,0.1,0.1,0.0714,0.0714,0.0714,0.064,0.064,0.0746,0.0909,0.0909,0.0952,,,,,,,0.04,0.0401,0.0471
2085210,2/22/2026 2:22,hern,ws,300,1400,d,ts,2/21/2026,21:22:01,0,,,0.0667,l,0.122,0.122,0.122,0.0667,0.0794,0.0794,0.1429,0.1538,0.1538,0.1429,0.1429,0.1429,0.0909,0.1053,0.1053,0.0958,0.117,0.117,,,,,,,,,,0.0831,0.0901,0.0901
1936976,1/31/2026 4:19,arak,ws,600,1400,d,ts,1/30/2026,23:19:31,0,,,0.0667,l,0.125,,0.1333,0.0667,,0.0714,0.1724,,0.1923,0.1111,,0.125,,,,,,,,,,,,,,,,0.0861,,0.0989
2007157,2/10/2026 19:28,tien,ws,400,1380,d,ts,2/10/2026,14:28:34,0,,,0.0676,l,0.1176,0.1176,0.1176,0.0676,0.082,0.082,0.125,0.1176,0.1176,0.1333,0.1333,0.1667,0.4545,0.4545,0.4545,,,,,,,0.1005,0.1005,0.1149,,,,0.0852,0.0958,0.0895
2144817,3/3/2026 15:30,boyt,ws,300,1300,d,ts,3/3/2026,10:30:35,0,,,0.0714,l,0.1429,0.1429,0.1429,0.0714,,0.0714,0.1429,0.1429,0.1429,0.1111,0.1111,0.1111,,,,,,,0.1379,0.1379,0.1379,,,,,,,0.0883,0.0913,0.0883
2088537,2/22/2026 17:21,chir,ws,1200,1160,d,ts,2/22/2026,12:21:24,0,,,0.0794,l,0.1429,,0.1667,0.0794,,0.0926,0.1639,,0.1786,0.1429,,0.1538,0.1176,,0.1379,0.1276,,0.1486,,,,,,,,,,0.1029,,0.1212
2046948,2/16/2026 18:21,sach,ws,2600,1140,d,ts,2/16/2026,13:21:41,0,,,0.0806,l,0.1667,,0.1667,0.0806,,0.0806,0.1818,,0.1818,0.125,,0.125,,,,,,,,,,,,,,,,0.1147,,0.1147
2120087,2/28/2026 6:40,nakb,ws,600,1060,d,ts,2/27/2026,1:40:41,0,,,0.0862,l,0.1333,,0.1333,0.0862,,0.0862,0.2381,,0.2174,0.125,,0.125,0.1111,,0.1111,0.159,,0.1276,0.1333,,0.1333,0.119,,0.122,,,,0.106,,0.0999
2046945,2/16/2026 18:21,sach,ws,2100,990,d,ts,2/16/2026,13:21:05,0,,,0.0917,l,0.1667,,0.1667,0.0917,,0.1042,0.1905,,0.1905,0.1538,,0.2,,,,,,,,,,,,,,,,0.1217,,0.1294
2046947,2/16/2026 18:21,sach,ws,1100,960,d,ts,2/16/2026,13:21:21,0,,,0.0943,l,0.1667,0.1667,0.1667,0.0943,0.0917,0.0917,0.1818,0.1905,0.1905,0.1333,0.1333,0.1333,,,,,,,,,,,,,,,,0.117,0.1196,0.1196
2069435,2/21/2026 0:35,tiaf,ws,100,1420,d,ts,2/20/2026,19:35:31,0,,,0.0658,l,0.1053,,0.1333,0.1,,0.137,0.125,,0.1538,0.1538,,0.1538,0.1111,,0.1429,0.1064,,0.159,,,,0.1439,,0.1538,,,,0.0842,,0.1103
2049742,2/17/2026 16:50,fish,ws,1900,900,d,ts,2/17/2026,11:50:11,0,,,0.1,l,0.1667,0.1667,0.1667,0.1,0.1299,0.1299,0.1724,0.1724,0.1724,0.1333,0.1667,0.1667,,,,,,,,,,,,,,,,0.1143,0.1199,0.1199
2095446,2/24/2026 23:16,yuay,ws,2500,880,d,ts,2/24/2026,18:16:26,0,,,0.102,w,0.1429,0.1667,0.1667,0.102,0.1316,0.1316,0.1739,0.1961,0.2041,0.1818,0.1818,0.2,0.1379,0.1538,0.1538,0.1486,0.1905,0.1802,,,,0.1724,0.1802,0.1818,,,,0.1211,0.1408,0.1433
1919774,1/28/2026 23:34,poli,ws,1800,850,d,ts,1/28/2026,18:34:05,0,,,0.1053,l,0.1667,0.1667,0.1667,0.1053,0.1205,0.1205,0.1818,0.1818,0.1818,0.1538,0.1538,0.1538,,,,,,,,,,,,,,,,0.1192,0.1203,0.1203
2006757,2/10/2026 16:00,prih,ws,1900,840,d,ts,2/10/2026,11:00:27,0,,,0.1064,l,0.1695,0.1667,0.1667,0.1064,0.1064,,0.1786,0.1786,0.1724,0.1429,0.1429,0.1429,,,,,,,,,,,,,,,,0.1209,0.1178,
2068932,2/20/2026 19:22,drog,ws,2700,840,d,ts,2/20/2026,14:22:15,0,,,0.1064,l,0.1667,0.1667,0.1667,0.1064,0.1389,0.1389,0.1852,0.1852,0.1852,0.2,0.2,0.2,,,,,,,,,,,,,,,,0.1271,0.1294,0.1294
2002324,2/9/2026 15:49,mane,ws,2400,820,d,ts,2/9/2026,10:49:53,0,,,0.1087,l,,,,0.1087,0.125,,0.1724,0.1724,0.1887,0.2,0.2,0.2,0.1538,0.1538,0.1667,,,,,,,0.1802,0.1852,0.1869,0.1221,0.1332,0.1332,0.1272,0.1304,0.1425
1960471,2/3/2026 21:14,vava,ws,1800,810,d,ts,2/3/2026,16:14:44,0,,,0.1099,l,0.1333,,,0.1099,,,0.1818,,,0.2273,,,0.1429,,,0.1379,,,,,,0.1887,,,,,,0.1239,,
2088518,2/22/2026 17:11,roch,ws,2800,790,d,ts,2/22/2026,12:11:01,0,,,0.1124,l,0.1667,0.1667,0.1667,0.1124,,0.1534,0.1852,0.1923,0.1923,0.2273,0.2273,0.2778,0.1379,0.1379,0.1852,0.159,0.159,0.159,,,,0.1869,0.1905,0.2,,,,0.1328,0.1385,0.1462
2068940,2/20/2026 19:35,wint,ws,2000,740,d,ts,2/20/2026,14:35:45,0,,,0.119,l,0.1754,,0.1754,0.119,,0.1493,0.2041,,0.2041,0.1667,,0.1667,,,,,,,,,,,,,,,,0.1346,,0.1376
1919784,1/28/2026 23:40,poli,ws,2200,720,d,ts,1/28/2026,18:40:52,0,,,0.122,l,0.1887,0.1667,0.1667,0.122,0.122,0.159,0.2,0.2,0.1852,0.1429,0.1429,0.1429,,,,,,,,,,,,,,,,0.1385,0.1271,0.1253
2108617,2/26/2026 19:23,juva,ws,2200,720,d,ts,2/26/2026,14:23:49,0,,,0.122,l,0.1538,,0.1667,0.122,,0.1658,0.2,,0.2128,0.1818,,0.2273,0.1754,,0.1923,0.159,,0.1695,0.1818,,0.2105,0.1923,,0.1961,,,,0.1376,,0.1567
2068947,2/20/2026 19:44,sebo,ws,2600,720,d,ts,2/20/2026,14:44:42,0,,,0.122,l,0.1887,0.1887,0.1887,0.122,0.149,0.1767,,,,0.2083,0.2083,0.2083,,,,,,,,,,,,,,,,0.1416,0.1451,0.1486
1973892,2/5/2026 20:26,blan,ws,3800,700,d,ts,2/5/2026,15:26:46,0,,,0.125,l,0.1667,0.2041,0.2041,0.125,0.1972,0.1972,0.2,0.2299,0.2299,0.2381,0.2381,0.2381,0.1818,0.2353,0.2353,,,,,,,0.2247,0.2299,0.2299,0.4274,0.4274,0.4274,0.1529,0.1808,0.1808
2006747,2/10/2026 15:54,prih,ws,4000,690,d,ts,2/10/2026,10:54:49,0,,,0.1266,l,0.2222,0.2222,0.2222,0.1266,0.1408,0.1408,0.2,0.2083,0.2083,0.2,0.2,0.2,,,,,,,,,,,,,,,,0.156,0.1613,0.1613
2139027,3/1/2026 21:16,lame,ws,1900,670,d,ts,3/1/2026,16:16:20,0,,,0.1299,l,,,,0.1299,0.1595,,0.1786,0.1786,,0.2083,0.2083,,0.1538,0.1538,,0.1905,0.2008,,0.1739,0.1739,,0.202,0.2062,,,,,0.1441,0.1471,
2068928,2/20/2026 19:20,drog,ws,5200,670,d,ts,2/20/2026,14:20:22,0,,,0.1299,l,0.2128,0.2128,0.2128,0.1299,0.1672,0.1634,0.2353,0.2353,0.2353,0.2,0.2,0.2,,,,,,,,,,,,,,,,0.1681,0.1712,0.1706
2088533,2/22/2026 17:20,chir,ws,1800,660,d,ts,2/22/2026,12:20:25,0,,,0.1316,l,0.1818,0.2041,0.2041,0.1316,0.159,0.1825,0.1905,0.2041,0.2105,0.2083,0.2083,0.1818,0.1538,0.1538,0.1852,0.1905,0.2008,0.2114,,,,,,,,,,0.1449,0.1555,0.1656
2061414,2/19/2026 15:34,eala,ws,2200,640,d,ts,2/19/2026,10:34:48,0,,,0.1351,l,0.1667,,0.1961,0.1351,,0.1842,0.2128,,0.2326,0.2273,,0.2273,,,,,,,,,,0.2041,,0.2222,0.1953,,0.198,0.1515,,0.1733
2069041,2/20/2026 20:33,bonz,ws,2000,640,d,ts,2/20/2026,15:33:25,0,,,0.1351,l,0.1852,0.1754,0.1754,0.1351,0.1351,0.1333,0.2222,0.2128,0.2128,0.2,0.2,0.2,,,,,,,,,,,,,,,,0.1497,0.142,0.1418
1920673,1/29/2026 0:44,poli,ws,2300,630,d,ts,1/28/2026,19:44:27,0,,,0.137,l,0.1887,0.1887,0.1887,0.137,0.1433,0.1433,0.2381,0.2174,0.2174,0.1538,0.1538,0.1538,,,,,,,,,,,,,,,,0.1536,0.1475,0.1475
2130746,2/28/2026 23:19,krua,ws,4300,900,c,ts,2/28/2026,18:19:12,0,,,0.1,l,0.1333,0.1,0.1,0.137,0.0781,0.0781,0.3333,0.3333,0.3333,0.1,0.1,0.1,0.1538,0.0909,0.0909,0.1486,0.117,0.1064,0.1429,0.1053,0.1053,,,,,,,0.1339,0.1033,0.1021
2071581,2/21/2026 15:38,svit,ws,1900,620,d,ts,2/21/2026,10:38:23,0,,,0.1389,l,0.2,0.2,0.2,0.1389,0.1517,0.1517,0.1887,0.2,0.2,0.2273,0.2273,0.2273,0.1739,0.1739,0.2,0.1802,0.1802,0.2008,,,,0.1923,0.1923,0.1961,,,,0.1531,0.1582,0.1631
2068931,2/20/2026 19:21,drog,ws,2400,600,d,ts,2/20/2026,14:21:55,0,,,0.1429,l,0.2083,0.2083,0.2083,0.1429,0.152,0.1751,0.2222,0.2222,0.2299,0.1818,0.1818,0.1818,,,,,,,,,,,,,,,,0.1603,0.1618,0.1669
2068935,2/20/2026 19:31,wint,ws,2900,600,d,ts,2/20/2026,14:31:10,0,,,0.1429,l,0.2,0.1923,0.1923,0.1429,0.1645,0.1724,0.25,0.2381,0.2381,0.1667,0.1667,0.1667,,,,,,,,,,,,,,,,0.1645,0.1582,0.159
1937137,1/31/2026 5:07,arak,ws,2300,600,d,ts,1/30/2026,0:07:17,0,,,0.1429,l,0.1887,,0.1887,0.1429,,0.1538,0.2632,,0.2632,0.1667,,0.1905,,,,,,,,,,,,,,,,0.1595,,0.1631
2054436,2/18/2026 17:46,crok,ws,2000,600,d,ts,2/18/2026,12:46:53,0,,,0.1429,l,0.2083,0.2222,0.2222,0.1429,0.156,0.1565,,,,0.2083,0.2083,0.2083,,,,,,,,,,0.202,0.2083,0.2083,,,,0.1577,0.165,0.165
2049717,2/17/2026 16:30,fish,ws,2400,581,d,ts,2/17/2026,11:30:53,0,,,0.1468,l,0.2083,0.2083,0.2083,0.1468,0.1453,0.155,0.2326,0.2381,0.2381,0.1818,0.1818,0.25,,,,,,,,,,,,,,,,0.1647,0.1669,0.177
2071574,2/21/2026 15:25,svit,ws,2300,580,d,ts,2/21/2026,10:25:39,0,,,0.1471,l,0.1754,,,0.1471,,,0.2273,,,0.2083,,,0.2,,,0.1905,,,,,,0.2128,,,,,,0.1637,,
2071572,2/21/2026 15:23,svit,ws,2500,575,d,ts,2/21/2026,10:23:42,0,,,0.1481,l,0.1754,,,0.1481,,,0.2128,,,0.2381,,,0.2,,,0.1905,,,,,,0.2273,,,,,,0.1653,,
2071573,2/21/2026 15:24,svit,ws,2200,575,d,ts,2/21/2026,10:24:05,0,,,0.1481,l,0.1754,,0.1754,0.1481,,0.1481,0.2273,,0.2128,0.2083,,0.2083,0.2,,0.2,0.1905,,0.1905,,,,0.2198,,0.2247,,,,0.1642,,0.1595
1894417,1/24/2026 3:19,mach,ws,2100,740,l,ts,1/23/2026,22:19:08,0,,,0.119,l,0.2,0.1429,0.1429,0.149,,,0.1562,0.0952,0.1111,0.1333,0.1333,0.1333,0.1667,0.125,0.125,0.1695,0.1486,0.1064,,,,0.119,0.119,0.1227,,,,0.1364,0.0889,0.0879
2049677,2/17/2026 16:09,fish,ws,2200,561,d,ts,2/17/2026,11:09:35,0,,,0.1513,l,0.2564,0.2564,0.2564,0.1513,0.1802,0.1802,0.1961,0.2222,0.2222,0.2,0.2,0.2083,,,,,,,,,,,,,,,,0.1675,0.1832,0.1842
2046972,2/16/2026 18:36,wong,ws,1900,559,d,ts,2/16/2026,13:36:04,0,,,0.1517,w,0.1961,0.1961,0.1961,0.1517,0.1912,0.1912,0.2105,0.2105,0.2,0.2381,0.2381,0.2381,0.1818,0.1818,0.2,0.1905,0.1905,0.1802,,,,0.2083,0.2041,0.202,,,,0.1656,0.1661,0.1626
2011119,2/11/2026 19:12,bura,ws,2100,558,d,ts,2/11/2026,14:12:22,0,,,0.152,l,0.2041,0.2778,0.2778,0.152,0.2506,0.2506,0.2,0.25,0.25,0.2273,0.2632,0.2632,,,,0.2008,0.2941,0.2841,,,,0.2564,0.2632,0.2632,0.2012,0.25,0.25,0.1675,0.2232,0.2309
2068942,2/20/2026 19:36,wint,ws,2100,556,d,ts,2/20/2026,14:36:59,0,,,0.1524,l,0.2083,,,0.1524,,,0.2381,,,0.1818,,,,,,,,,,,,,,,,,,0.1675,,
2095432,2/24/2026 23:13,yuay,ws,2100,555,d,ts,2/24/2026,18:13:18,0,,,0.1527,w,0.1887,0.1887,,0.1527,0.1603,,0.2222,0.2353,,0.2273,0.2273,,0.1754,0.1754,,0.2008,0.2114,,,,,0.2105,0.2151,,,,,0.1678,0.1712,
2101149,2/25/2026 6:04,dzum,ws,3300,545,d,ts,2/24/2026,1:04:20,0,,,0.155,l,0.2083,0.2857,0.2857,0.155,0.3125,0.3125,0.2273,0.3125,0.3125,0.2632,0.2632,0.2632,0.2222,0.2222,0.2857,,,,,,,0.2817,0.3077,0.3077,,,,0.1786,0.2584,0.2618
2095337,2/24/2026 22:22,marc,ws,4100,900,c,ts,2/24/2026,17:22:42,0,,,0.1,l,0.1724,0.0952,0.0952,0.1575,,,0.1786,0.087,0.087,0.1,0.1,0.1111,0.1923,0.129,0.129,,,,,,,0.102,0.0995,0.098,,,,0.1312,0.051,0.0513
2011250,2/11/2026 19:46,bura,ws,5300,840,l,ts,2/11/2026,14:46:45,0,,,0.1064,l,0.1786,0.1176,,0.158,0.0926,,0.1786,0.1,,0.2,0.125,,,,,0.1802,0.1695,,,,,0.1064,0.098,,0.098,0.098,,0.146,0.0805,
1882509,1/22/2026 4:25,pres,ws,2000,900,c,ts,1/21/2026,23:25:15,0,,,0.1,l,0.1724,0.1538,0.1538,0.1597,0.1299,0.1299,0.1538,0.1538,0.1538,0.1,0.1,0.1,0.1667,0.1429,0.1429,,,,,,,0.1587,0.1538,0.1538,0.1241,0.1241,0.1241,0.1151,0.1062,0.1062
1960466,2/3/2026 21:14,vava,ws,2000,526,d,ts,2/3/2026,16:14:11,0,,,0.1597,l,0.1818,0.2273,0.2273,0.1597,0.2105,0.2105,0.2353,0.274,0.274,0.25,0.25,0.25,0.1818,0.1818,0.2222,0.1905,0.2114,0.232,,,,0.2326,0.2381,0.2439,,,,0.1742,0.198,0.2037
1895016,1/24/2026 4:39,spiz,ws,2500,523,d,ts,1/23/2026,23:39:30,0,,,0.1605,l,0.2857,0.25,0.25,0.1605,0.1605,0.1605,,,,0.2,0.2,0.2,0.1818,0.1818,0.1818,0.1905,0.1695,0.159,,,,0.1923,0.1923,0.1887,,,,0.1783,0.1639,0.1597
2011590,2/11/2026 21:37,berr,ws,2300,517,d,ts,2/11/2026,16:37:10,0,,,0.1621,l,0.2,0.2,0.2,0.1621,0.1621,0.1621,0.2222,0.2222,0.2222,0.2273,0.2273,0.2273,0.303,0.303,0.303,0.2114,0.2114,0.2114,,,,0.2062,0.1818,0.1818,0.2132,0.2132,0.2132,0.1783,0.173,0.173
2133818,3/1/2026 1:36,zhas,ws,1300,1000,c,ts,2/28/2026,20:36:27,0,,,0.0909,l,0.1429,0.0909,,0.1623,,,,,,0.0909,0.0909,,0.1667,0.0909,,0.159,0.1276,,0.16,0.0909,,,,,,,,0.1155,0.0426,
2068945,2/20/2026 19:39,wint,ws,2100,515,d,ts,2/20/2026,14:39:10,0,,,0.1626,l,0.2222,0.2083,0.2083,0.1626,0.1626,0.1408,0.2439,0.2439,0.2299,0.1818,0.1818,0.1818,,,,,,,,,,,,,,,,0.1773,0.1695,0.1626
2009714,2/11/2026 3:12,uchy,ws,3700,800,c,ts,2/10/2026,22:12:06,0,,,0.1111,l,0.2174,0.1333,0.1333,0.1629,0.0704,0.0704,0.1786,0.1176,0.1176,0.1111,0.1111,0.1111,,,,,,,,,,,,,,,,0.1389,0.0708,0.0708
2144890,3/3/2026 18:32,seme,ws,3400,506,d,ts,3/3/2026,13:32:49,0,,,0.165,l,0.2381,0.2381,0.2273,0.165,0.2227,0.2227,0.25,0.25,0.25,0.2273,0.2273,0.2273,0.2083,0.2083,0.2273,0.2114,0.2114,0.2008,0.2273,0.2273,0.2273,0.2299,0.2273,0.2222,,,,0.1898,0.1912,0.1901
2028313,2/14/2026 6:18,kasn,ws,2000,502,d,ts,2/13/2026,1:18:42,0,,,0.1661,l,0.2381,0.2381,0.2381,0.1661,,0.1647,0.2299,0.2299,0.2299,0.2,0.2,0.2,,,,,,,,,,,,,,,,0.1808,,0.1808
1937158,1/31/2026 5:16,arak,ws,2400,500,d,ts,1/30/2026,0:16:31,0,,,0.1667,l,0.2,,0.2,0.1667,,0.1905,0.2985,,0.2985,0.2083,,0.25,,,,,,,,,,,,,,,,0.1835,,0.1894
2139871,3/1/2026 23:25,frec,ws,2100,497,d,ts,3/1/2026,18:25:59,0,,,0.1675,l,0.2,0.2174,0.2174,0.1675,0.2049,0.2049,0.2439,0.2564,0.2564,0.2632,0.2632,0.2632,0.2105,0.2105,0.2222,0.2008,0.2114,0.2114,0.2105,0.2105,0.2273,0.2353,0.2353,0.2353,0.2092,0.2132,0.2132,0.1825,0.1961,0.1953
2060131,2/19/2026 3:34,giro,ws,3800,1300,e,ts,2/18/2026,22:34:15,0,,,0.0714,l,0.1667,,,0.1689,,,0.1887,,,0.1111,,,0.0714,,,0.159,,,,,,0.1212,,,,,,0.1168,,
2061420,2/19/2026 15:41,mlad,ws,2200,486,d,ts,2/19/2026,10:41:12,0,,,0.1706,l,0.2439,0.2439,0.2439,0.1706,0.1828,0.1828,,,,0.2083,0.2083,0.2083,,,,,,,,,,,,,0.1862,0.1862,0.1862,0.1866,0.1887,0.1887
2089152,2/22/2026 19:09,osuw,ws,2000,486,d,ts,2/22/2026,14:09:06,0,,,0.1706,w,0.2326,,0.2,0.1706,,0.1618,0.2299,,0.1961,0.2,,0.2,0.2273,,0.1852,0.2217,,0.1905,,,,,,,,,,0.1852,,0.155
2146700,3/4/2026 0:49,tsen,ws,3400,485,d,ts,3/3/2026,19:49:05,0,,,0.1709,l,0.2174,0.2174,0.2174,0.1709,0.1894,0.1894,0.2564,0.2564,0.2564,0.2632,0.2632,0.2778,,,,0.2217,0.232,0.232,,,,0.2353,0.25,0.2532,,,,0.1946,0.2,0.2012
2119565,2/28/2026 3:27,kecm,ws,2000,695,l,ts,2/27/2026,22:27:27,0,,,0.1258,l,0.1724,0.125,0.125,0.1733,0.1087,0.1087,0.1852,0.1333,0.1333,0.125,0.125,0.125,0.1667,0.125,0.125,0.159,0.0958,0.0958,0.2105,0.1481,0.1481,0.1316,0.1258,0.1258,,,,0.1292,0.0864,0.0864
2146731,3/4/2026 0:50,tsen,ws,2900,475,d,ts,3/3/2026,19:50:00,0,,,0.1739,l,0.2128,0.2326,0.2326,0.1739,0.1912,,0.2532,0.2667,0.2667,0.2632,0.2632,0.2632,,,,0.2217,0.2427,0.2427,,,,0.2381,0.241,0.2439,,,,0.1938,0.2028,0.2105
2144895,3/3/2026 18:46,frul,ws,2200,471,d,ts,3/3/2026,13:46:04,0,,,0.1751,l,0.2273,0.2381,0.2381,0.1751,0.1876,0.1876,0.2439,0.2439,0.2564,0.25,0.25,0.25,0.2353,0.2353,0.2353,,,,0.2309,0.2309,0.2439,0.2381,0.2532,0.2564,,,,0.1905,0.1972,0.2028
2070977,2/21/2026 4:22,agst,ws,2500,595,l,ts,2/20/2026,23:22:57,0,,,0.1439,l,0.2,0.1667,0.1667,0.1754,0.1266,0.1266,0.1923,0.1429,0.1429,0.2083,0.1818,0.1818,0.1818,0.1429,0.1429,0.2008,0.2008,0.1695,,,,0.1575,0.1439,0.1439,,,,0.1631,0.1235,0.1189
2049719,2/17/2026 16:31,fish,ws,2000,470,d,ts,2/17/2026,11:31:34,0,,,0.1754,l,0.2381,,0.2381,0.1754,,0.1876,0.2532,,0.2667,0.2083,,0.2083,,,,,,,,,,,,,,,,0.1898,,0.1972
2095745,2/25/2026 0:12,jonf,ws,2200,469,d,ts,2/24/2026,19:12:34,0,,,0.1757,l,0.2381,0.2632,0.2632,0.1757,0.1597,0.2242,0.2353,0.2353,0.2564,,,,0.1923,0.1852,0.25,,,,,,,0.241,0.25,0.25,,,,0.1916,0.1988,0.2146
2130852,2/28/2026 23:22,baez,ws,7300,467,d,ts,2/28/2026,18:22:07,0,,,0.1764,l,0.25,0.25,0.25,0.1764,0.2941,0.2941,,,,0.2941,0.2941,0.2941,0.2857,,,0.2427,0.2427,0.2427,0.3226,0.3226,0.3226,0.2941,0.2941,0.2941,,,,0.2268,0.2342,0.2342
2028308,2/14/2026 6:17,kasn,ws,4700,463,d,ts,2/13/2026,1:17:50,0,,,0.1776,l,0.2632,,0.2857,0.1776,,0.2278,0.2632,,0.2941,0.25,,0.25,,,,,,,,,,,,,,,,0.2105,,0.2375
2095367,2/24/2026 22:34,veki,ws,1800,460,d,ts,2/24/2026,17:34:25,0,,,0.1786,l,,,,0.1786,,0.1786,0.25,,0.25,0.25,,0.25,0.2105,,0.2105,0.2008,,0.2008,,,,0.2532,,0.2564,,,,0.1912,,0.188
2139842,3/1/2026 23:16,day,ws,3300,460,d,ts,3/1/2026,18:16:05,0,,,0.1786,w,,,,0.1786,0.2237,0.2237,0.2439,0.2564,0.2564,,,,0.2083,0.2273,0.2273,0.2217,0.2841,0.274,0.2439,0.2703,0.2703,0.2564,0.2564,0.2532,0.2571,0.2632,0.2604,0.2016,0.2208,0.2203
2002313,2/9/2026 15:32,mane,ws,2700,457,d,ts,2/9/2026,10:32:38,0,,,0.1795,l,,,,0.1795,0.2358,0.2331,0.2381,0.2667,0.2667,0.2632,0.2632,0.2941,0.2105,0.2353,0.2353,,,,,,,0.2564,0.2597,0.2667,0.2273,0.2273,0.2273,0.1984,0.2169,0.2232
2003440,2/10/2026 1:13,atma,ws,1900,454,d,ts,2/9/2026,20:13:08,0,,,0.1805,l,0.25,0.25,0.25,0.1805,0.2123,0.202,0.2299,0.2299,0.2353,0.2273,0.2273,0.2273,0.2083,0.2083,0.2273,0.232,0.232,0.232,,,,0.2247,0.2247,0.2273,0.2165,0.2165,0.2165,0.1938,0.1953,0.1976
1894583,1/24/2026 3:37,mach,ws,2100,452,d,ts,1/23/2026,22:37:42,0,,,0.1812,l,0.25,0.2941,0.2941,0.1812,0.2604,0.2646,0.2128,0.2667,0.2564,0.2632,0.2632,0.2632,0.2105,0.2105,0.2667,0.2114,0.232,0.2532,,,,0.2703,0.274,0.274,,,,0.1961,0.2242,0.2326
2054440,2/18/2026 17:52,crok,ws,3600,504,d,ts,2/18/2026,12:52:24,0,,,0.1656,l,0.2381,0.2564,0.2564,0.1828,0.2079,0.2062,,,,0.25,0.25,0.25,,,,,,,,,,0.2381,0.25,0.25,,,,0.1923,0.2053,0.2053
2116459,2/27/2026 16:26,gaub,ws,2000,446,d,ts,2/27/2026,11:26:34,0,,,0.1832,l,,,,0.1832,0.1901,0.1901,0.2326,0.2326,0.2326,0.2381,0.2381,0.2381,0.2222,0.2222,0.2353,0.2632,0.2632,0.2632,0.2439,0.2439,0.2439,0.2247,0.2247,0.2247,,,,0.1965,0.1969,0.1976
2094700,2/24/2026 14:47,virt,ws,2100,443,d,ts,2/24/2026,9:47:25,0,,,0.1842,l,0.2273,,0.2439,0.1842,,,0.25,,0.2632,0.25,,0.25,0.2222,,0.2353,,,,,,,0.25,,0.2532,,,,0.1992,,0.2123
1917607,1/28/2026 3:05,anis,ws,2000,438,d,ts,1/27/2026,22:05:01,0,,,0.1859,l,0.25,0.25,0.25,0.1859,0.2222,0.2222,0.2326,0.2326,0.2326,0.2381,0.2381,0.2381,0.2353,0.2353,,,,,,,,0.2469,0.2469,0.2469,0.9,0.9,0.9,0.1996,0.2024,0.2033
2054315,2/18/2026 16:19,zhaz,ws,2500,436,d,ts,2/18/2026,11:19:27,0,,,0.1866,l,0.2381,0.2778,0.2778,0.1866,0.2506,0.2506,0.2381,0.2632,0.2632,0.303,0.303,0.303,0.2353,0.2667,0.2667,0.2217,0.2427,0.2632,,,,0.2469,0.2703,0.274,,,,0.2024,0.232,0.2347
2068978,2/20/2026 19:55,wong,ws,2800,690,l,ts,2/20/2026,14:55:55,0,,,0.1266,l,0.1818,,0.1176,0.1869,,0.0917,0.1961,,0.1176,0.1333,,0.1333,0.1818,,0.1111,0.1695,,0.0746,,,,0.1266,,0.117,,,,0.1475,,0.0678
2068979,2/20/2026 19:55,wong,ws,1900,650,c,ts,2/20/2026,14:55:55,0,,,0.1333,l,0.1818,,0.1176,0.1869,,0.0917,0.1961,,0.1176,0.1333,,0.1333,0.1818,,0.1111,0.1695,,0.0746,,,,0.1266,,0.117,,,,0.1475,,0.0678
2061483,2/19/2026 17:58,osuw,ws,1900,435,d,ts,2/19/2026,12:58:20,0,,,0.1869,l,0.2439,0.2703,0.2703,0.1869,0.2331,0.2331,,,,0.2632,0.2632,0.25,,,,,,,,,,,,,,0.2404,0.2404,0.2004,0.2242,0.2212
2061447,2/19/2026 17:53,osuw,ws,2200,434,d,ts,2/19/2026,12:53:15,0,,,0.1873,l,0.25,0.25,0.25,0.1873,0.1873,0.2179,,,,0.25,0.2381,0.2381,,,,,,,,,,,,,,0.2193,,0.2,0.1972,0.2028
2049841,2/17/2026 18:24,wern,ws,2000,432,d,ts,2/17/2026,13:24:03,0,,,0.188,l,0.25,0.25,0.25,0.188,0.2342,0.2375,,,,0.25,0.25,0.25,,,,,,,,,,,,,0.2463,0.2463,0.2463,0.202,0.2079,0.2083
2144877,3/3/2026 18:28,seme,ws,1800,430,d,ts,3/3/2026,13:28:31,0,,,0.1887,l,0.25,0.25,0.2632,0.1887,0.1887,0.2232,0.2532,0.2532,0.2632,0.25,0.25,0.25,0.2353,0.2353,0.25,0.2217,0.2114,0.232,0.2273,0.2273,0.2439,0.25,0.2532,0.2532,,,,0.2012,0.2008,0.2114
2112650,2/27/2026 2:10,zhas,ws,2500,419,d,ts,2/26/2026,21:10:44,0,,,0.1927,w,,,,0.1927,0.2577,0.2577,0.2632,0.2632,0.2985,,,,0.2353,0.2667,0.2667,0.2217,0.2427,0.2841,0.2381,0.2778,0.2778,0.2667,0.2857,0.2857,,,,0.2075,0.2278,0.2415
2141895,3/2/2026 23:49,zarr,ws,2500,417,d,ts,3/2/2026,18:49:38,0,,,0.1934,l,0.2857,0.2857,0.2857,0.1934,0.2033,0.2008,0.25,0.25,0.2564,0.2778,0.2778,0.2778,0.2273,0.2273,0.2273,,,,0.25,0.2632,0.2632,0.2469,0.25,0.2597,,,,0.211,0.2151,0.2188
2061467,2/19/2026 17:56,osuw,ws,2200,417,d,ts,2/19/2026,12:56:20,0,,,0.1934,l,0.2632,0.2703,0.2703,0.1934,0.2227,0.2227,,,,0.25,0.25,0.25,,,,,,,,,,,,,,,,0.2101,0.2193,0.2193
2145287,3/3/2026 22:39,galf,ws,2600,416,d,ts,3/3/2026,17:39:18,0,,,0.1938,l,0.2273,0.2703,0.2703,0.1938,0.2398,0.2398,0.2597,0.2941,0.2941,0.2632,0.2778,0.2778,0.2941,0.2941,0.2941,0.2532,0.274,0.274,0.2439,0.2778,0.2778,0.2703,0.2778,0.2817,,,,0.2119,0.2404,0.241
2062954,2/20/2026 0:45,wala,ws,2300,700,c,ts,2/19/2026,19:45:44,0,,,0.125,l,0.1887,0.125,,0.1946,0.1235,,0.2,0.1333,,0.125,0.125,,0.2105,0.1429,,0.1905,0.2114,,,,,0.1418,0.137,,,,,0.1427,0.103,
1883008,1/22/2026 5:18,wuy,ws,2000,650,c,ts,1/21/2026,0:18:57,0,,,0.1333,l,0.1786,0.1786,0.1333,0.1949,0.1949,0.1453,0.1961,0.1961,0.1667,0.1333,0.1333,0.1333,0.1818,0.1818,0.1818,0.1695,0.1905,0.1379,,,,0.1923,0.1709,0.1653,0.1852,0.1481,,0.1481,0.1364,0.1148
2062852,2/20/2026 0:42,wala,ws,2000,755,l,ts,2/19/2026,19:42:12,0,,,0.117,l,0.1724,0.1,0.1,0.1949,0.1949,0.0345,0.2105,0.2105,0.1333,0.1111,0.1111,0.1111,0.2105,0.2105,,0.1802,0.159,0.0852,,,,0.1538,0.1156,0.1156,,,,0.1412,0.1119,0.0698
2021737,2/13/2026 1:17,navo,ws,2800,650,c,ts,2/12/2026,20:17:01,0,,,0.1333,l,0.1724,,,0.1949,,,0.2128,,,0.1333,,,0.1818,,,0.1802,,,,,,0.2083,,,0.1961,,,0.1543,,
2129962,2/28/2026 22:56,krua,ws,2000,412,d,ts,2/28/2026,17:56:02,0,,,0.1953,l,0.2174,0.2439,0.2439,0.1953,0.2294,0.2294,0.3333,0.3333,0.3333,0.2632,0.2632,0.2632,0.2222,0.2222,0.25,0.2217,0.2427,0.2427,0.2309,0.25,0.25,,,,,,,0.2092,0.2242,0.2257
2137102,3/1/2026 18:39,lepc,ws,2000,408,d,ts,3/1/2026,13:39:43,0,,,0.1969,l,0.2439,0.2439,0.2174,0.1969,0.2463,0.2551,0.2667,0.2667,0.2667,0.2632,0.2632,0.2381,0.2353,0.2353,0.25,0.232,0.232,0.2217,0.2778,0.2778,0.2778,0.2532,0.2439,0.2381,,,,0.211,0.211,0.2045
2118942,2/28/2026 2:26,sele,ws,4300,690,l,ts,2/27/2026,21:26:15,0,,,0.1266,l,0.1887,,,0.1988,,,0.2,,,0.1429,,,0.2,,,0.1802,,,0.2273,,,0.1258,,,,,,0.1585,,
2093622,2/24/2026 1:54,mand,ws,1900,403,d,ts,2/23/2026,20:54:45,0,,,0.1988,l,0.2326,0.2326,0.2326,0.1988,0.2398,0.2398,0.2632,0.2632,0.2632,0.2632,0.2632,0.2273,0.2353,0.2353,0.2667,0.2427,0.2427,0.2427,,,,0.2597,0.2597,0.2597,,,,0.2119,0.2137,0.2146
1973693,2/5/2026 19:41,boyt,ws,4800,403,d,ts,2/5/2026,14:41:16,0,,,0.1988,l,0.2564,0.3125,0.3125,0.1988,0.3106,0.3106,0.2985,0.3509,0.3509,0.3333,0.3333,0.3333,,,,,,,,,,,,,,,,0.2315,0.2865,0.2865
2026280,2/13/2026 6:23,erja,ws,3200,401,d,ts,2/12/2026,1:23:49,0,,,0.1996,w,0.2703,0.2703,0.2703,0.1996,0.2058,0.2041,0.274,0.274,0.2817,0.25,0.25,0.25,0.25,0.25,0.25,,,,,,,0.2667,0.2667,0.2703,0.2604,0.2604,0.2604,0.2217,0.2247,0.2268
2095333,2/24/2026 22:21,marc,ws,2300,560,l,ts,2/24/2026,17:21:25,0,,,0.1515,l,0.2083,0.1429,0.1429,0.2004,0.1316,0.1316,0.2128,0.1333,0.1333,0.1538,0.1538,0.1538,0.2353,0.1667,0.1667,,,,,,,0.1639,0.1429,0.1471,,,,0.1548,0.1003,0.1015
2026279,2/13/2026 6:23,erja,ws,4700,390,d,ts,2/12/2026,1:23:21,0,,,0.2041,w,0.2703,0.3125,0.3125,0.2041,0.2481,0.2481,0.2817,0.3077,0.3077,0.303,0.303,0.303,0.25,0.2857,0.2857,,,,,,,0.2941,0.303,0.303,0.2967,0.2967,0.2967,0.2358,0.2625,0.2625
2114942,2/27/2026 3:34,bell,ws,2000,450,c,ts,2/26/2026,22:34:08,0,,,0.1818,l,0.25,0.2273,0.2273,0.2062,0.2062,0.1764,0.2273,0.2273,0.2041,0.1818,0.1818,0.1818,0.2222,0.2222,0.2,0.2427,0.2427,0.2217,0.2439,0.2439,0.2174,0.2273,0.2105,0.202,,,,0.1976,0.1887,0.1715
2129101,2/28/2026 22:38,krua,ws,1800,420,f,ts,2/28/2026,17:38:51,0,,,0.1923,l,0.1923,0.1923,0.1923,0.2062,0.2062,0.2062,0.3333,0.3333,0.3333,0.2273,0.2273,0.2273,0.2222,0.2222,0.2222,0.2217,0.2114,0.2114,0.2309,0.2309,0.2309,,,,,,,0.2053,0.2037,0.2028
2011635,2/11/2026 22:34,haly,ws,6200,615,l,ts,2/11/2026,17:34:17,0,,,0.1399,l,0.2083,0.1333,0.1333,0.2079,0.0926,0.0926,0.2439,0.1562,0.1562,0.2,0.2,0.2,0.2222,0.125,0.125,0.2114,0.159,0.1486,,,,0.146,0.1399,0.1429,0.1471,0.1471,0.1471,0.1852,0.107,0.1065
2070126,2/21/2026 1:44,tien,ws,2400,700,c,ts,2/20/2026,20:44:13,0,,,0.125,w,0.1667,0.1667,0.1667,0.2088,0.1176,0.1176,0.2083,0.1429,0.1429,0.125,0.125,0.125,0.2105,0.125,0.125,0.1802,0.1486,0.1064,,,,0.1515,0.1333,0.1316,,,,0.1433,0.1057,0.0983
2109227,2/26/2026 23:50,lia,ws,3200,600,c,ts,2/26/2026,18:50:20,0,,,0.1429,l,0.2083,0.1667,0.1667,0.2096,0.1437,0.1437,0.2273,0.1724,0.1724,0.1429,0.1429,0.1429,0.2353,0.1818,0.1818,0.2008,0.1486,0.1486,0.2174,0.1667,0.1667,0.1639,0.1653,0.1695,,,,0.1661,0.1253,0.1261
2070883,2/21/2026 3:21,agst,ws,3000,375,d,ts,2/20/2026,22:21:00,0,,,0.2105,l,,,,0.2105,0.2933,0.2933,0.25,0.303,0.303,0.3226,0.3226,0.3226,0.2353,0.303,0.303,0.2427,0.274,0.3155,,,,0.2899,0.3077,0.3077,,,,0.2262,0.2667,0.2703
2133822,3/1/2026 1:36,zhas,ws,1900,550,c,ts,2/28/2026,20:36:51,0,,,0.1538,l,0.1923,0.1429,0.1429,0.2105,0.1664,0.1623,,,,0.1538,0.1538,0.1538,0.2222,0.1667,0.1667,0.2114,0.1486,0.159,0.2105,0.16,0.16,,,,,,,0.1678,0.12,0.1203
2009762,2/11/2026 3:15,uchy,ws,7300,600,c,ts,2/10/2026,22:15:37,0,,,0.1429,l,0.2941,,0.1538,0.211,,0.1111,0.2273,,0.1333,0.1429,,0.1667,,,,,,,,,,,,,,,,0.1953,,0.0965
2092820,2/23/2026 20:37,bond,ws,4900,645,l,ts,2/23/2026,15:37:15,0,,,0.1342,l,0.1887,0.125,0.125,0.2137,0.1075,0.1075,0.2174,0.1429,0.1429,0.1538,0.1538,0.1538,0.2273,0.1667,0.1667,0.2217,0.1486,0.1064,,,,0.1575,0.1342,0.1342,,,,0.1565,0.0979,0.0917
2141866,3/2/2026 23:39,zarr,ws,3200,368,d,ts,3/2/2026,18:39:45,0,,,0.2137,l,0.3333,,0.2941,0.2137,,0.2137,0.2817,,0.2817,0.2941,,0.2941,0.2353,,0.2353,,,,0.2632,,0.2632,0.2632,,0.2597,,,,0.2353,,0.2304
1983205,2/7/2026 18:07,drog,ws,2300,550,c,ts,2/7/2026,13:07:24,0,,,0.1538,l,0.2083,0.1176,0.1176,0.2155,0.1136,0.1136,0.2041,0.1333,0.1333,0.1538,0.1538,0.1538,,,,0.2114,0.117,0.1276,,,,0.1212,0.1227,0.122,0.1171,0.1171,0.1171,0.1706,0.0883,0.0911
2141639,3/2/2026 21:43,agud,ws,3200,361,d,ts,3/2/2026,16:43:52,0,,,0.2169,w,,,,0.2169,,,0.2899,,,0.2778,,,,,,,,,,,,0.3509,,,0.3676,,,0.2387,,
2095294,2/24/2026 22:08,wats,ws,3000,360,d,ts,2/24/2026,17:08:03,0,,,0.2174,l,,,,0.2174,,0.2618,0.2899,,0.3077,0.2941,,0.2941,0.25,,,0.2427,,0.2632,,,,0.2857,,0.303,,,,0.2375,,0.2558
2061404,2/19/2026 15:25,eala,ws,4700,358,d,ts,2/19/2026,10:25:24,0,,,0.2183,l,0.3279,0.3279,0.3279,0.2183,0.2326,,0.2703,0.2703,0.2899,0.2941,0.2941,0.2941,,,,,,,,,,0.2899,0.2985,0.2985,0.2632,0.2817,0.2817,0.2494,0.2532,0.2625
2002413,2/9/2026 16:38,monn,ws,2200,650,c,ts,2/9/2026,11:38:04,0,,,0.1333,l,0.1961,0.1429,0.1429,0.2198,0.1408,0.1408,,,,0.1333,0.1333,0.1333,,,,,,,,,,,,,0.1361,0.1361,0.1361,0.1495,0.0971,0.0971
1890510,1/23/2026 6:39,paol,ws,3300,347,d,ts,1/22/2026,1:39:44,0,,,0.2237,l,0.25,,,0.2237,,,0.3077,,,0.2941,,,0.2667,,,0.274,,,,,,0.2985,,,,,,0.2457,,
2020047,2/12/2026 22:35,stru,ws,3300,420,l,ts,2/12/2026,17:35:32,0,,,0.1923,l,,,,0.2242,0.1562,0.1553,0.2632,0.1724,0.1961,0.2778,0.2083,0.2083,,,,0.2217,0.2114,0.159,,,,0.1923,0.1923,0.1905,0.3521,0.4082,0.4082,0.2151,0.1381,0.1475
2007432,2/10/2026 21:57,mich,ws,5300,345,d,ts,2/10/2026,16:57:00,0,,,0.2247,w,0.2703,,0.3448,0.2247,,0.3021,0.2899,,0.3509,0.3774,,0.3774,0.2667,,0.3333,,,,,,,0.303,,0.3448,0.3436,,0.339,0.25,,0.3077
2095059,2/24/2026 19:55,ansc,ws,3500,600,c,ts,2/24/2026,14:55:37,0,,,0.1429,l,0.2041,0.1538,0.1538,0.2257,0.1825,0.1333,0.2667,0.2667,0.2041,0.1429,0.1429,0.1429,0.2353,0.2353,0.1667,,,,,,,0.1835,0.1724,0.1754,,,,0.1704,0.1466,0.1272
2061400,2/19/2026 15:24,eala,ws,7300,342,d,ts,2/19/2026,10:24:44,0,,,0.2262,l,0.3279,0.3279,0.3279,0.2262,0.2825,0.2793,0.2985,0.3226,0.3226,0.3333,0.3333,0.3333,,,,,,,,,,0.3175,0.3279,0.3226,0.3086,0.3125,0.3125,0.2703,0.2857,0.2849
2091149,2/22/2026 22:26,karl,ws,4700,550,c,ts,2/22/2026,17:26:00,0,,,0.1538,l,0.2381,0.1754,0.1754,0.2283,0.1661,0.1661,0.25,0.1887,0.1887,0.1538,0.1538,0.1538,0.2353,0.1667,0.1667,0.2427,0.2114,0.1802,,,,0.1887,0.177,0.177,,,,0.1866,0.1326,0.1326
2108912,2/26/2026 21:20,dole,ws,3800,338,d,ts,2/26/2026,16:20:13,0,,,0.2283,l,,,,0.2283,,,0.2985,,,0.3333,,,0.2667,,,0.2532,,,0.303,,,0.3077,,,,,,0.2532,,
1889900,1/23/2026 3:57,maro,ws,2500,550,c,ts,1/22/2026,22:57:57,0,,,0.1538,l,0.1923,0.1923,0.1667,0.2288,0.2288,0.1653,0.2222,0.2222,0.1739,0.2,0.1538,0.1538,0.2,0.2,0.2,0.2114,0.2114,0.2008,,,,0.2105,0.1802,0.1786,0.1953,0.1953,0.1953,0.1736,0.1653,0.1377
2020035,2/12/2026 22:25,stru,ws,4400,425,l,ts,2/12/2026,17:25:20,0,,,0.1905,l,,,,0.2331,0.1675,,0.2703,0.1852,,0.2778,0.2273,,,,,0.2217,0.1905,,,,,0.1905,0.1942,,0.2865,0.2865,,0.2208,0.1541,
2145355,3/3/2026 23:17,galf,ws,7500,900,c,ts,3/3/2026,18:17:45,0,,,0.1,l,0.2222,0.1667,0.1667,0.2342,0.1282,0.1282,0.2128,0.1333,0.1333,0.1,0.1,0.1,0.2273,0.129,0.129,0.1905,0.117,0.117,0.2105,0.1379,0.1379,0.1429,0.1307,0.129,,,,0.157,0.093,0.0927
2101437,2/25/2026 18:41,rakh,ws,4100,326,d,ts,2/25/2026,13:41:10,0,,,0.2347,l,0.2778,0.303,0.303,0.2347,0.2786,0.2786,0.3175,0.339,0.339,0.3333,0.3333,0.3333,0.2778,0.2778,0.3077,0.274,0.2941,0.2941,,,,0.3175,0.3226,0.3279,,,,0.2611,0.277,0.2793
2011323,2/11/2026 20:08,kopr,ws,3600,323,d,ts,2/11/2026,15:08:09,0,,,0.2364,w,0.3279,0.3279,0.3279,0.2364,0.2817,0.2817,0.2941,0.3226,0.3226,0.3226,0.3226,0.3226,,,,0.2841,0.3049,0.3049,,,,0.2941,0.3077,0.303,0.3086,0.3086,0.3086,0.2604,0.2793,0.2786
1913341,1/27/2026 4:26,tien,ws,4300,550,c,ts,1/26/2026,23:26:43,0,,,0.1538,l,0.25,0.1724,,0.2398,0.1567,,0.2222,0.1639,,0.1538,0.1538,,0.25,,,0.2217,0.2114,,,,,0.1942,0.1739,,,,,0.1848,0.1401,
2099306,2/25/2026 3:03,stom,ws,9700,580,l,ts,2/24/2026,22:03:52,0,,,0.1471,l,0.25,0.1333,0.1333,0.2398,,0.1456,0.2597,0.125,0.1481,,0.1667,0.1667,0.25,0.1538,0.1538,,,,,,,0.1471,0.146,0.1504,,,,0.2165,0.0934,0.1026
2042904,2/15/2026 17:55,svrc,ws,3700,317,d,ts,2/15/2026,12:55:19,0,,,0.2398,l,0.303,,0.303,0.2398,,,0.3226,,0.3226,0.3226,,0.3226,0.2667,,0.303,0.2941,,0.3155,,,,0.2941,,0.2985,0.2959,,0.3185,0.2639,,0.277
2069390,2/21/2026 0:25,tiaf,ws,4100,400,f,ts,2/20/2026,19:25:47,0,,,0.2,l,0.2,0.2778,0.2778,0.2404,0.2404,0.3484,0.2564,0.2564,0.3448,0.3636,0.3636,0.3636,0.25,0.25,0.3448,0.2532,0.274,0.3559,,,,0.3077,0.339,0.3509,,,,0.2278,0.2538,0.2959
2140435,3/2/2026 1:25,osuw,ws,2700,415,l,ts,3/1/2026,20:25:39,0,,,0.1942,l,,,,0.2404,,0.1724,0.274,,0.2128,0.2083,,0.2083,0.25,,0.2083,0.2632,,0.1905,0.25,,0.2,0.2128,,0.1961,,,,0.1988,,0.1577
2047494,2/16/2026 23:03,altm,ws,5700,600,c,ts,2/16/2026,18:03:34,0,,,0.1429,l,0.25,0.1333,0.1333,0.2427,0.1205,0.1205,0.2105,0.1481,0.1639,0.1429,0.1429,0.1429,0.25,0.1429,0.1429,0.2427,0.1486,0.1379,,,,0.1325,0.1351,0.1351,,,,0.1838,0.0957,0.1072
1918543,1/28/2026 4:10,anis,ws,7700,550,c,ts,1/27/2026,23:10:54,0,,,0.1538,l,0.2857,0.1786,0.1786,0.2427,,,0.2326,0.16,0.16,0.1538,0.1538,0.1538,0.25,0.1667,0.1667,,,,,,,0.1626,0.1626,0.1587,0.2092,0.2092,0.2092,0.2088,0.1255,0.1255
2082669,2/22/2026 0:24,pard,ws,2300,400,c,ts,2/21/2026,19:24:06,0,,,0.2,l,0.2632,0.2381,0.2381,0.2475,,0.2273,0.2817,0.2817,0.2564,0.2,0.2,0.1818,0.2353,0.2353,0.2353,0.232,0.232,0.2217,,,,0.2532,0.2469,0.2439,,,,0.216,0.2053,0.1972
2006874,2/10/2026 17:12,vera,ws,1800,405,l,ts,2/10/2026,12:12:31,0,,,0.198,w,0.2564,0.1887,0.1887,0.2475,0.1712,0.1712,0.2353,0.1905,0.1905,0.2083,0.2083,0.2083,0.25,0.1923,0.1923,0.2532,0.3257,0.3257,,,,0.198,0.198,0.198,0.1812,0.1812,0.1812,0.2105,0.1524,0.1524
2108529,2/26/2026 17:40,krua,ws,3000,303,d,ts,2/26/2026,12:40:20,0,,,0.2481,w,0.3125,0.3125,0.3125,0.2481,0.3115,0.3115,0.3077,0.3125,0.3125,0.2778,0.3226,0.3226,0.3077,0.2941,0.3077,0.274,0.274,0.2841,0.3333,0.3226,0.3226,0.3125,0.3125,0.3226,,,,0.2674,0.2725,0.277
2006710,2/10/2026 15:28,sini,ws,2700,425,l,ts,2/10/2026,10:28:43,0,,,0.1905,l,0.25,0.1724,0.1724,0.2494,0.1704,0.1661,0.2353,0.1538,0.1538,,,,0.25,0.1818,0.1818,0.2427,0.2008,0.1695,,,,0.1905,0.1695,0.1709,0.1773,0.1773,0.1773,0.2096,0.135,0.1312
2052284,2/18/2026 2:01,marz,ws,7000,500,c,ts,2/17/2026,21:01:27,0,,,0.1667,l,0.2632,0.1538,0.1538,0.2494,0.1316,0.1316,0.2632,0.1786,0.1786,0.1667,0.1667,0.1667,0.25,0.1538,0.1538,,,,,,,,,,,,,0.2155,0.12,0.12
2094951,2/24/2026 18:37,ansc,ws,4400,300,d,ts,2/24/2026,13:37:52,0,,,0.25,l,0.303,0.303,0.303,0.25,0.266,0.266,0.3226,0.3175,0.3175,0.3636,0.3636,0.3636,0.2941,0.2941,0.3226,,,,,,,0.3279,0.3279,0.3279,,,,0.2786,0.2778,0.2793
2137984,3/1/2026 19:53,ingl,ws,4000,298,d,ts,3/1/2026,14:53:33,0,,,0.2513,l,0.3333,0.3333,0.3333,0.2513,,0.2519,0.3077,0.3077,0.3077,0.3636,0.3636,0.3636,0.2941,0.2941,0.2941,0.3257,0.3257,0.3257,0.303,0.303,0.303,0.303,0.3077,0.3175,,,,0.277,0.2801,0.2793
2095395,2/24/2026 22:56,yuay,ws,3300,298,d,ts,2/24/2026,17:56:10,0,,,0.2513,w,0.2778,,,0.2513,,,0.339,,,0.3333,,,0.2941,,,0.3049,,,,,,0.3279,,,,,,0.2725,,
2137982,3/1/2026 19:53,ingl,ws,4500,297,d,ts,3/1/2026,14:53:17,0,,,0.2519,l,0.3333,0.3333,0.3333,0.2519,0.2882,0.2882,0.3077,0.3226,0.3226,0.3636,0.3636,0.3636,0.2941,0.3077,0.3077,0.3257,0.346,0.346,0.303,0.3226,0.3226,0.3226,0.3226,0.3333,,,,0.2801,0.2849,0.2865
2043725,2/15/2026 19:27,vera,ws,3100,296,d,ts,2/15/2026,14:27:20,0,,,0.2525,l,0.3125,0.3125,0.3125,0.2525,0.2525,0.2513,0.3226,0.3226,0.3226,0.3226,0.3226,0.3226,0.2857,0.2857,0.2857,0.3155,0.3257,0.3049,,,,0.3077,0.3077,0.3077,0.2882,0.2882,0.2882,0.2725,0.2681,0.2681
2068994,2/20/2026 19:59,wong,ws,5900,450,l,ts,2/20/2026,14:59:16,0,,,0.1818,l,0.2564,0.1724,0.1724,0.2532,,0.1587,0.2632,0.1481,0.1818,0.2778,0.2,0.2,0.2667,0.1818,0.1818,0.232,0.1802,0.1486,,,,0.1818,0.1852,0.1852,,,,0.2227,0.1359,0.1383
2062761,2/20/2026 0:38,wala,ws,2100,400,c,ts,2/19/2026,19:38:47,0,,,0.2,l,0.2381,0.1724,0.1724,0.2538,0.2037,0.2004,0.2381,0.1724,0.1887,0.2,0.2,0.2,0.3704,0.3704,0.3704,0.2532,0.2632,0.1802,,,,0.2128,0.2,0.2,,,,0.2037,0.1739,0.161
2026278,2/13/2026 6:22,erja,ws,3600,294,d,ts,2/12/2026,1:22:34,0,,,0.2538,w,0.3125,,,0.2538,,,0.3175,,,0.3333,,,0.2857,,,,,,,,,0.339,,,0.3413,,,0.2762,,
2027734,2/14/2026 2:45,kecm,ws,5000,380,c,ts,2/13/2026,21:45:11,0,,,0.2083,l,0.2941,,0.2564,0.2558,,0.2146,0.2985,,0.2381,0.2083,,0.2,0.2667,,0.2353,0.274,,0.2114,,,,0.2667,,0.241,0.2445,,0.2445,0.2415,,0.1972
2141671,3/2/2026 21:55,agud,ws,5900,375,l,ts,3/2/2026,16:55:19,0,,,0.2105,w,,,,0.2564,,0.1786,0.3077,,0.2273,0.25,,0.25,,,,,,,,,,0.2174,,0.2128,0.2092,,0.2092,0.25,,0.1764
2092740,2/23/2026 17:48,para,ws,3400,288,d,ts,2/23/2026,12:48:19,0,,,0.2577,l,0.303,0.3571,0.3571,0.2577,0.346,0.346,0.3125,0.3636,0.3636,0.3636,0.3636,0.3636,0.2941,0.3509,0.3509,0.2841,0.3049,0.3155,,,,0.3509,0.3636,0.3636,,,,0.277,0.3175,0.3175
1999295,2/8/2026 17:08,line,ws,3800,450,c,ts,2/8/2026,12:08:43,0,,,0.1818,w,0.2632,,,0.2577,,,0.2532,,,0.1818,,,0.2353,,,0.2632,,,,,,0.2128,,,0.1912,,,0.2083,,
2047488,2/16/2026 23:02,altm,ws,3200,400,c,ts,2/16/2026,18:02:03,0,,,0.2,l,0.25,0.1667,0.1667,0.2591,0.1475,0.1475,0.2667,0.1818,0.1818,0.2,0.2,0.2,0.25,0.1818,0.1818,0.2632,0.1802,0.1695,,,,0.1961,0.1786,0.1786,,,,0.2217,0.1389,0.1389
2116592,2/27/2026 17:31,fier,ws,3300,285,d,ts,2/27/2026,12:31:49,0,,,0.2597,l,0.3333,0.3333,0.3509,0.2597,0.2632,0.2632,0.3448,0.3448,0.3636,,,,,,,,,,0.3125,0.3125,0.3125,,,,,,,0.2809,0.2809,0.2924
1895033,1/24/2026 4:41,spiz,ws,5500,355,l,ts,1/23/2026,23:41:22,0,,,0.2198,l,0.3333,0.2857,0.2857,0.2597,0.2114,0.2114,,,,0.2632,0.2632,0.2632,0.25,0.2105,0.2105,0.2632,0.2532,0.2217,,,,0.2198,0.2299,0.2247,0.4444,0.4444,0.4444,0.2558,0.2169,0.2062
2141344,3/2/2026 18:45,bloc,ws,4100,284,d,ts,3/2/2026,13:45:34,0,,,0.2604,l,0.3333,0.3333,0.3636,0.2604,0.2725,0.304,0.3226,0.3226,0.3571,0.3333,0.3333,0.3333,0.3704,0.3704,0.3704,0.3356,0.3356,0.3663,0.3125,0.3125,0.3448,0.3175,0.3279,0.3279,0.3096,0.3367,0.3367,0.2874,0.2899,0.3106
1881739,1/22/2026 3:23,marc,ws,3400,284,d,ts,1/21/2026,22:23:24,0,,,0.2604,l,0.2857,0.3125,,0.2604,0.289,,0.3636,0.3922,,0.3333,0.3333,,0.2857,0.2857,,,,,,,,0.339,0.3509,,,,,0.2825,0.304,
2055508,2/19/2026 0:24,tabi,ws,3600,283,d,ts,2/18/2026,19:24:13,0,,,0.2611,w,0.3125,0.3125,0.3125,0.2611,,0.2591,0.339,0.3472,0.3472,0.3333,0.3333,0.3333,0.2857,0.2857,0.2857,0.3155,0.3155,0.3155,,,,0.3175,0.3175,0.3175,,,,0.2841,0.2874,0.2841
2116415,2/27/2026 15:58,grie,ws,9600,281,d,ts,2/27/2026,10:58:29,0,,,0.2625,w,0.3704,,,0.2625,,,0.3472,,0.274,0.3636,,,0.3846,,0.3846,0.3663,,0.274,,,,0.3509,,0.3509,,,,0.3226,,0.2732
1973736,2/5/2026 19:50,blan,ws,3100,350,f,ts,2/5/2026,14:50:59,0,,,0.2222,l,0.2222,0.2222,0.2222,0.2632,0.2632,0.2703,0.3077,0.3077,0.303,0.3226,0.2941,0.2941,0.2857,0.2857,0.2857,,,,,,,0.2941,0.2941,0.2899,,,,0.2427,0.2381,0.2353
1913044,1/27/2026 3:04,tien,ws,3400,279,d,ts,1/26/2026,22:04:59,0,,,0.2639,l,0.3125,,,0.2639,,,0.3125,,,0.2941,,,0.2899,,,0.3049,,,,,,0.339,,,0.339,,,0.2778,,
1882510,1/22/2026 4:25,marc,ws,2100,400,c,ts,1/21/2026,23:25:15,0,,,0.2,l,0.2632,0.1961,0.1961,0.266,0.266,0.1946,0.2299,0.1852,0.1852,0.2,0.2,0.2,0.2667,0.2667,0.2667,,,,,,,0.2128,0.2083,0.2,0.2451,0.1942,0.1942,0.2146,0.1692,0.1639
2095586,2/24/2026 23:56,cerj,ws,9300,400,c,ts,2/24/2026,18:56:19,0,,,0.2,l,0.2941,0.1786,0.1786,0.2667,0.1441,0.1441,0.2703,0.1852,0.1852,0.2,0.2,0.2,0.6,0.6,0.6,,,,,,,0.1709,0.1724,0.1724,,,,0.2625,0.159,0.159
1981865,2/7/2026 3:24,habh,ws,3100,275,d,ts,2/6/2026,22:24:17,0,,,0.2667,l,,,,0.2667,,0.3333,0.3509,,0.3509,0.3226,,0.3226,,,,,,,,,,0.3279,,0.3509,,,,0.2865,,0.303
2108052,2/26/2026 5:19,tiaf,ws,9400,600,c,ts,2/25/2026,0:19:41,0,,,0.1429,w,0.2632,,,0.2674,,,0.2941,,,0.1429,,,0.2667,,,0.2632,,,0.303,,,0.1527,,,,,,0.2105,,
2141858,3/2/2026 23:35,ymee,ws,3800,273,d,ts,3/2/2026,18:35:53,0,,,0.2681,w,0.3448,,0.3333,0.2681,,,0.3509,,0.339,0.3448,,0.3448,0.2941,,0.2941,0.3049,,0.2941,0.3448,,0.3333,0.3226,,0.3175,,,,0.2924,,0.2849
2002460,2/9/2026 17:26,roye,ws,3500,500,c,ts,2/9/2026,12:26:13,0,,,0.1667,l,0.25,,0.1754,0.2703,,0.1608,0.2273,,0.1739,0.1667,,0.1667,0.25,,0.1754,0.232,,0.1802,,,,0.1835,,0.1754,0.2392,,0.1923,0.1898,,0.1355
2076469,2/21/2026 21:09,stom,ws,4300,320,c,ts,2/21/2026,16:09:17,0,,,0.2381,l,0.3333,,0.2564,0.2703,,0.2217,,,,0.2381,,0.2381,,,,,,,,,,,,,,,,0.266,,0.2075
2006839,2/10/2026 16:41,prih,ws,3400,400,c,ts,2/10/2026,11:41:23,0,,,0.2,l,0.303,0.2128,0.2128,0.271,0.188,0.188,0.2564,0.2,0.2,0.2,0.2,0.2,,,,,,,,,,,,,,,,0.2232,0.1595,0.1595
2120034,2/28/2026 5:27,tiaf,ws,3600,450,c,ts,2/27/2026,0:27:02,0,,,0.1818,w,0.25,0.1887,0.1887,0.271,0.2193,0.2193,0.25,0.2041,0.2041,0.1818,0.1818,0.2,0.2667,0.2222,0.2222,0.2427,0.2008,0.1905,0.2857,0.2353,0.2353,0.2174,0.2174,0.2174,,,,0.207,0.1678,0.1675
1999732,2/8/2026 18:06,kasa,ws,3700,355,l,ts,2/8/2026,13:06:52,0,,,0.2198,w,0.2778,0.2273,,0.2725,0.2725,,0.2817,0.2817,,0.2381,0.2381,,0.2941,0.2941,,0.274,0.274,,,,,0.2198,0.2198,,0.2141,0.207,,0.2445,0.2268,
2050383,2/17/2026 23:05,cerj,ws,3500,267,d,ts,2/17/2026,18:05:33,0,,,0.2725,w,0.3333,0.3704,0.3704,0.2725,0.339,0.339,0.3279,0.3636,0.3636,0.3636,0.3636,0.3636,0.3125,0.2857,0.3571,,,,,,,0.3448,0.3571,0.3571,,,,0.2941,0.3205,0.3247
2076581,2/21/2026 21:12,stom,ws,3500,340,c,ts,2/21/2026,16:12:54,0,,,0.2273,l,0.3125,0.2174,,0.274,0.2273,,,,,0.2273,0.2273,,,,,,,,,,,,,,,,,0.25,0.1795,
2075129,2/21/2026 20:26,day,ws,6700,440,e,ts,2/21/2026,15:26:35,0,,,0.1852,l,0.2564,0.2041,0.2041,0.2778,0.2551,0.2551,0.2899,0.2439,0.2439,0.2778,0.25,0.25,0.1852,0.1852,0.1852,0.2841,0.2427,0.2427,,,,,,,,,,0.2331,0.1848,0.1931
2051159,2/18/2026 0:50,dzum,ws,4500,400,c,ts,2/17/2026,19:50:46,0,,,0.2,w,0.2564,,,0.2809,,,0.2941,,,0.2,,,0.2667,,,,,,,,,,,,,,,0.2304,,
2061495,2/19/2026 18:00,ruzi,ws,5300,279,d,ts,2/19/2026,13:00:47,0,,,0.2639,l,0.3226,0.3226,0.3226,0.2817,0.3125,0.3145,0.339,0.3704,0.3636,0.3636,0.3636,0.3636,0.3226,0.3448,0.3571,0.3049,,,,,,0.3636,0.3704,0.3636,,0.3165,0.3165,0.2976,0.3135,0.3106
1882110,1/22/2026 3:46,marc,ws,3400,320,c,ts,1/21/2026,22:46:23,0,,,0.2381,l,0.3226,,,0.2825,,,0.2985,,,0.2381,,,0.2857,,,,,,,,,0.303,,,,,,0.2604,,
2054687,2/18/2026 20:19,bura,ws,5200,248,d,ts,2/18/2026,15:19:34,0,,,0.2874,l,0.3333,0.3774,,0.2874,0.4274,,0.3704,0.4202,,0.3774,0.4167,,,,,0.346,0.3876,,,,,0.4082,0.4255,,,,,0.3185,0.3731,
2019591,2/12/2026 19:12,mbok,ws,3100,275,e,ts,2/12/2026,14:12:00,0,,,0.2667,w,0.3922,0.3922,0.3922,0.2874,0.3774,0.3774,0.25,0.3279,0.3279,0.3448,0.3226,0.3226,0.2667,0.3448,0.3448,0.2941,0.3968,0.3774,,,,0.3571,0.3571,0.3571,,,,0.2865,0.3175,0.3165
1973743,2/5/2026 19:52,blan,ws,4100,350,f,ts,2/5/2026,14:52:57,0,,,0.2222,l,0.2222,0.2222,0.2222,0.289,0.2439,0.2439,0.3226,0.2985,0.2985,0.3226,0.3226,0.3226,0.303,0.2857,0.2857,,,,,,,0.2899,0.2899,0.2985,,,,0.2494,0.2381,0.241
2113975,2/27/2026 2:51,bell,ws,3000,243,d,ts,2/26/2026,21:51:03,0,,,0.2915,l,0.3509,0.3509,0.4167,0.2915,0.304,0.304,0.339,0.339,0.339,0.3448,0.4167,0.4167,0.3333,0.3333,0.3448,0.3663,0.3663,0.4082,0.339,0.339,0.339,0.3571,0.3636,0.4167,,,,0.3096,0.3185,0.3425
1973965,2/5/2026 20:39,yuay,ws,5600,400,l,ts,2/5/2026,15:39:14,0,,,0.2,l,0.2564,,0.1724,0.2933,,0.2049,0.2857,,0.2,0.2083,,0.2083,0.2857,,0.2,0.2841,,0.1905,,,,0.25,,0.1923,,,,0.2304,,0.1546
2145823,3/4/2026 0:14,svrc,ws,3000,240,d,ts,3/3/2026,19:14:06,0,,,0.2941,w,0.3448,,,0.2941,,,0.3636,,,0.3636,,,0.3333,,,0.3356,,,0.3636,,,0.3704,,,,,,0.3125,,
2122641,2/28/2026 19:31,birr,ws,3700,239,d,ts,2/28/2026,14:31:35,0,,,0.295,l,0.3846,,,0.295,,,0.3571,,,0.3846,,,0.3333,,,0.346,,,0.3226,,,,,,,,,0.3175,,
2145406,3/3/2026 23:31,sakh,ws,5400,239,d,ts,3/3/2026,18:31:28,0,,,0.295,w,0.3704,0.3846,0.3846,0.295,0.3236,0.3247,0.3636,0.3846,0.3802,0.3774,0.3774,0.3774,0.3704,0.3704,0.3704,,,,,,,0.3774,0.3774,0.3704,,,,0.3279,0.3378,0.3344
2115972,2/27/2026 4:36,nakb,ws,6400,239,d,ts,2/26/2026,23:36:02,0,,,0.295,w,0.3333,0.4255,0.4255,0.295,0.3937,0.3891,0.4,0.4,0.4717,0.4545,0.4545,0.4545,0.3333,0.3333,0.4348,0.346,0.3876,0.4484,0.3571,0.3571,0.4444,0.3922,0.4444,0.4444,,,,0.3322,0.369,0.4082
2101657,2/25/2026 20:21,barn,ws,5200,238,d,ts,2/25/2026,15:21:19,0,,,0.2959,l,0.3774,0.3448,0.3448,0.2959,0.3497,0.3268,0.3774,0.3774,0.3472,0.3636,0.3636,0.3636,0.3509,0.3509,0.3704,0.3356,0.3356,0.3155,,,,0.3704,0.3571,0.3571,,,,0.3268,0.3215,0.3106
2007044,2/10/2026 18:37,djer,ws,5000,237,d,ts,2/10/2026,13:37:54,0,,,0.2967,l,0.3333,,,0.2967,,,0.3704,,,0.4,,,,,,,,,,,,0.4,,,0.4,,,0.3268,,
2047015,2/16/2026 19:01,scot,ws,3900,237,d,ts,2/16/2026,14:01:31,0,,,0.2967,l,0.3774,0.3922,0.3922,0.2967,0.3521,0.3509,,,,0.3636,0.3636,0.3636,,,,,,,,,,0.3636,0.3846,0.3846,,,,0.3205,0.3425,0.3425
1890512,1/23/2026 6:55,paol,ws,3200,380,c,ts,1/22/2026,1:55:11,0,,,0.2083,l,0.2632,0.2632,0.2632,0.2976,0.2976,0.2976,0.2817,0.2817,0.2817,0.2083,0.2083,0.2083,0.2857,0.2857,0.2857,0.2427,0.232,0.232,,,,0.2632,0.2597,0.25,,,,0.2299,0.2283,0.2257
2101899,2/25/2026 23:09,line,ws,3300,380,c,ts,2/25/2026,18:09:07,0,,,0.2083,l,0.2564,,,0.2976,,,0.3077,,,0.2083,,,0.2667,,,0.232,,,,,,0.1887,,,,,,0.232,,
2092902,2/23/2026 23:21,kasi,ws,4400,236,d,ts,2/23/2026,18:21:44,0,,,0.2976,w,0.3509,,0.3636,0.2976,,0.3704,0.3636,,0.3846,0.4,,0.4,0.3571,,,0.346,,0.3559,,,,0.3774,,0.4,,,,0.3247,,0.346
1917404,1/28/2026 2:54,anis,ws,3000,235,d,ts,1/27/2026,21:54:36,0,,,0.2985,l,0.3333,,,0.2985,,,0.3774,,,0.3333,,,0.3333,,,,,,,,,0.3846,,,0.999,,,0.3175,,
2095170,2/24/2026 20:44,uchk,ws,3600,320,c,ts,2/24/2026,15:44:49,0,,,0.2381,l,0.2941,0.2128,0.2128,0.2994,0.2114,0.2114,0.339,0.2899,0.2899,0.2381,0.2381,0.2381,,,,,,,,,,,,,,,,0.2618,0.2024,0.2024
2094361,2/24/2026 4:05,xiny,ws,3900,234,d,ts,2/23/2026,23:05:01,0,,,0.2994,l,0.3333,0.3704,0.3704,0.2994,0.3289,0.3759,0.3636,0.3636,0.4,0.4,0.4,,0.3226,0.3226,0.3846,0.3559,0.3774,0.3774,,,,0.3846,0.4,0.4,,,,0.3226,0.3401,0.3546
2002650,2/9/2026 19:45,goff,ws,3000,233,d,ts,2/9/2026,14:45:30,0,,,0.3003,l,0.3636,0.3636,0.3636,0.3003,,0.2941,0.3704,0.3922,0.3922,0.3448,0.3448,0.4255,,,,,,,,,,,,,,,,0.3185,,0.3333
2028332,2/14/2026 6:43,kasn,ws,3500,260,c,ts,2/13/2026,1:43:16,0,,,0.2778,l,0.3846,,0.3509,0.3012,,0.2506,0.3333,,0.2899,0.2778,,0.2778,,,,,,,,,,,,,,,,0.2994,,0.2611
2141342,3/2/2026 18:40,harb,ws,3100,300,e,ts,3/2/2026,13:40:49,0,,,0.25,l,0.303,0.303,0.303,0.304,0.304,0.2967,0.3226,0.3226,0.3226,0.3333,0.3333,0.3333,0.25,0.25,0.25,0.274,0.274,0.2841,0.3226,0.3226,0.3226,0.3175,0.3125,0.3175,0.3077,0.3077,0.303,0.2695,0.2688,0.2703
2113968,2/27/2026 2:50,bell,ws,3500,229,d,ts,2/26/2026,21:50:56,0,,,0.304,l,0.3509,0.4167,0.4167,0.304,0.3876,0.3876,0.339,0.3846,0.3846,0.4167,0.4167,0.4167,0.3448,0.4167,0.4167,0.3663,0.4274,0.4274,0.339,0.4082,0.4082,0.4,0.4167,0.4167,,,,0.3247,0.3759,0.3774
2143755,3/3/2026 3:04,bura,ws,3100,320,c,ts,3/2/2026,22:04:19,0,,,0.2381,w,0.3333,0.2381,0.2381,0.3058,0.2075,0.2119,,,,0.2381,0.2381,0.2381,,,,0.3155,0.2941,0.232,0.303,0.2273,0.2273,0.2469,0.2439,0.2439,,,,0.2577,0.1894,0.1953
2139858,3/1/2026 23:22,day,ws,3500,280,c,ts,3/1/2026,18:22:02,0,,,0.2632,w,0.3636,0.3226,0.3226,0.3077,0.3077,0.2725,0.3077,0.3077,0.2857,0.2632,0.25,0.25,0.3226,0.3226,0.2941,0.3257,0.3257,0.3155,0.339,0.339,0.303,0.2985,0.2899,0.2941,0.3165,0.3165,0.3165,0.2857,0.2762,0.2551
2061438,2/19/2026 17:36,osuw,ws,7700,222,d,ts,2/19/2026,12:36:01,0,,,0.3106,l,0.3846,0.4444,0.4444,0.3106,0.3717,0.3717,,,,0.4167,0.4167,0.4167,,,,,,,,,,,,,0.3831,0.4049,0.4049,0.3484,0.3846,0.3922
2143760,3/3/2026 3:05,bura,ws,3400,280,l,ts,3/2/2026,22:05:15,0,,,0.2632,w,0.3333,0.3333,0.2273,0.3115,0.3115,0.1905,,,,0.303,0.2273,0.2273,,,,0.3257,0.3257,0.2427,0.3077,0.3077,0.2174,0.274,0.2381,0.2273,,,,0.2849,0.2591,0.1789
1973824,2/5/2026 20:08,yuay,ws,3600,270,f,ts,2/5/2026,15:08:25,0,,,0.2703,l,0.2703,0.3333,0.3333,0.3135,0.3155,0.3597,0.339,0.339,0.3922,0.3846,0.3846,0.3846,0.3333,0.3333,0.3704,0.3155,0.3155,0.3559,,,,0.3571,0.3704,0.3704,0.4274,0.4274,0.4274,0.2933,0.3049,0.3289
2006652,2/10/2026 14:38,kasi,ws,3000,240,c,ts,2/10/2026,9:38:06,0,,,0.2941,l,0.3774,0.3774,0.3774,0.3135,0.3135,0.3135,,,,0.2941,0.3448,0.3448,,,,,,,,,,,,,0.361,0.361,0.361,0.3125,0.3215,0.3215
2026928,2/13/2026 23:26,muna,ws,5400,315,l,ts,2/13/2026,18:26:39,0,,,0.241,l,,0.2273,0.2174,0.3155,0.2519,0.2451,0.3125,0.2222,0.2439,0.3226,0.25,0.25,0.2857,0.2353,0.2353,0.2941,0.2532,0.2427,,,,0.25,0.241,0.241,,,,0.2755,0.2012,0.2024
2110498,2/27/2026 1:06,cobo,ws,3200,280,f,ts,2/26/2026,20:06:55,0,,,0.2632,w,0.2632,0.3333,0.3333,0.3155,0.3155,0.3584,0.3226,0.3226,0.3846,0.3448,0.4,0.4,0.3333,0.3333,0.3846,0.3049,0.3155,0.3663,0.3226,0.3226,0.3704,0.339,0.3704,0.3704,,,,0.2801,0.303,0.3322
2021610,2/13/2026 1:13,navo,ws,3200,300,c,ts,2/12/2026,20:13:38,0,,,0.25,l,0.3125,0.2564,,0.3165,0.3165,,0.3472,0.274,,0.25,0.25,,0.3125,0.3125,,0.2941,0.2941,,,,,0.2941,0.2778,,0.2703,0.2703,,0.2747,0.2347,
1973881,2/5/2026 20:24,blan,ws,6800,400,c,ts,2/5/2026,15:24:47,0,,,0.2,l,0.2941,,0.2,0.3175,,0.2577,0.3175,,0.2439,0.2,,0.2,0.3125,,0.25,,,,,,,0.2469,,0.2381,0.3521,,0.3521,0.2469,,0.189
1999623,2/8/2026 17:49,kasa,ws,4200,305,l,ts,2/8/2026,12:49:58,0,,,0.2469,w,0.3226,0.2564,0.2564,0.3175,0.2445,0.2445,0.2899,0.2381,0.2381,,,,0.3077,0.2667,0.2667,0.3049,0.3049,0.2841,,,,0.2532,0.2469,0.2469,0.2242,0.2242,0.2242,0.274,0.211,0.2183
1890514,1/23/2026 6:56,paol,ws,3000,300,c,ts,1/22/2026,1:56:13,0,,,0.25,l,0.303,,,0.3195,0.3155,0.3155,0.3125,0.3125,0.3125,0.25,0.25,0.25,0.303,0.303,0.303,0.3155,0.3155,0.3155,,,,0.2985,0.2985,0.2941,,,,0.2695,0.2674,0.266
2109093,2/26/2026 23:12,sonm,ws,3800,340,c,ts,2/26/2026,18:12:40,0,,,0.2273,w,0.2857,0.2083,0.2083,0.3195,0.2058,0.2058,0.274,0.2273,0.2273,0.2273,0.2273,0.2273,0.2857,0.2857,0.2222,0.2632,0.2008,0.2008,0.3226,0.2381,0.2381,0.2439,0.2198,0.2174,,,,0.2433,0.1852,0.1799
2061685,2/19/2026 20:07,fari,ws,5100,213,d,ts,2/19/2026,15:07:42,0,,,0.3195,w,0.3922,,,0.3195,,,0.3774,,,0.3846,,,0.3448,,,0.3774,,,,,,0.4,,,,,,0.3472,,
2101150,2/25/2026 6:05,dzum,ws,8600,315,l,ts,2/24/2026,1:05:10,0,,,0.241,l,0.3333,0.2083,0.2083,0.3205,0.2347,0.2347,0.339,0.25,0.25,0.3226,0.2273,0.2273,0.3125,0.25,0.25,,,,,,,0.2667,0.2353,0.2174,,,,0.2959,0.1919,0.1894
2144888,3/3/2026 18:31,sunl,ws,3100,212,d,ts,3/3/2026,13:31:37,0,,,0.3205,l,0.3774,0.3774,0.3774,0.3205,0.3205,0.3205,0.3704,0.3704,0.3704,0.3774,0.3774,0.3774,0.3509,0.3509,0.3509,,,,0.4444,0.4444,0.4444,0.3922,0.3774,0.3774,,,,0.339,0.3356,0.3356
2101917,2/25/2026 23:13,line,ws,3500,250,f,ts,2/25/2026,18:13:37,0,,,0.2857,l,0.2857,0.3636,0.3636,0.3215,0.3115,0.3968,0.339,0.4202,0.4202,0.4,0.4,0.4,0.3125,0.3125,0.4348,0.346,0.3968,0.4274,,,,0.3774,0.4082,0.4082,,,,0.303,0.3546,0.3745
2066114,2/20/2026 2:40,fons,ws,4100,300,c,ts,2/19/2026,21:40:09,0,,,0.25,l,0.3226,0.303,0.303,0.3226,0.304,0.3021,0.3279,0.2985,0.303,0.25,0.25,0.25,0.303,0.2857,0.2857,,,,,,,0.3077,0.3077,0.303,,,,0.2762,0.2604,0.2604
2144880,3/3/2026 18:29,sunl,ws,5400,210,d,ts,3/3/2026,13:29:01,0,,,0.3226,l,0.3922,0.3922,0.3922,0.3226,0.3247,0.3247,0.3922,0.3922,0.3922,0.3846,0.3846,0.3846,0.3704,0.3704,0.3704,,,,0.4651,0.4651,0.4651,0.4,0.4,0.4,,,,0.3546,0.3546,0.3546
2125092,2/28/2026 20:41,stea,ws,4200,209,d,ts,2/28/2026,15:41:33,0,,,0.3236,w,0.3846,,0.4545,0.3236,,0.4098,0.3802,,0.4348,0.4651,,0.4651,0.3704,,0.4348,0.3774,,0.4274,0.3774,,0.4255,,,,,,,0.3484,,0.4065
2138311,3/1/2026 20:17,lame,ws,3400,207,d,ts,3/1/2026,15:17:45,0,,,0.3257,l,,,,0.3257,0.4016,0.4016,0.3774,0.4082,0.4082,0.4255,0.4255,0.4255,0.3704,0.3704,0.4167,0.346,0.3876,0.3968,0.3937,0.4444,0.4444,0.4082,0.4255,0.4167,,,,0.346,0.3731,0.3759
2134228,3/1/2026 2:04,zhas,ws,3600,260,l,ts,2/28/2026,21:04:47,0,,,0.2778,l,,,,0.3257,0.2611,0.2611,,,,0.2778,0.2778,0.2778,0.303,0.2667,0.2667,0.3559,0.3049,0.3049,0.339,0.303,0.303,0.2857,0.2703,0.2703,,,,0.2817,0.2625,0.2625
2139877,3/1/2026 23:26,day,ws,6900,260,c,ts,3/1/2026,18:26:53,0,,,0.2778,w,0.3846,0.3846,0.3846,0.3257,0.3257,0.3257,0.3571,0.3571,0.3571,0.2778,0.3448,0.3448,0.3333,0.3333,0.3333,0.3968,0.3663,0.3663,0.3774,0.3774,0.3774,0.3571,0.3571,0.3636,0.3788,0.3788,0.3922,0.3205,0.3279,0.3289
2054468,2/18/2026 18:24,atma,ws,3200,205,d,ts,2/18/2026,13:24:17,0,,,0.3279,l,0.3636,0.3846,0.3846,0.3279,0.3472,0.3497,0.4082,0.4082,0.4255,0.4167,0.4167,0.4167,0.3704,0.4,0.4,0.346,0.3559,0.3663,,,,0.3922,0.4,0.4,,,,0.3448,0.3571,0.3584
2108819,2/26/2026 20:44,dole,ws,3700,203,d,ts,2/26/2026,15:44:11,0,,,0.33,l,0.3636,0.3846,0.3846,0.33,0.3846,0.3846,0.4032,0.4292,0.4292,0.4348,0.4348,0.4348,0.3846,0.4,0.4,0.3663,0.3968,0.3968,0.3704,0.3937,0.4,0.4255,0.4255,0.4255,,,,0.3521,0.3731,0.3745
2051254,2/18/2026 0:59,dzum,ws,7000,320,c,ts,2/17/2026,19:59:06,0,,,0.2381,w,0.3226,0.2381,0.2381,0.3322,0.2525,0.2525,0.3279,0.2667,0.2667,0.2381,0.2381,0.2381,0.303,0.303,0.25,,,,,,,,,,,,,0.2833,0.2183,0.2128
2049865,2/17/2026 19:12,mcdo,ws,3700,325,b,ts,2/17/2026,14:12:43,0,,,0.2353,l,0.3125,0.3125,0.2439,0.3333,0.3333,,0.2353,0.2353,0.2353,0.2941,0.2941,0.2941,0.3125,0.3125,0.25,,,,,,,0.303,0.274,0.274,0.3401,0.2667,0.2667,0.2564,0.2475,0.2222
2000570,2/8/2026 19:20,kyps,ws,7100,280,c,ts,2/8/2026,14:20:50,0,,,0.2632,l,0.3636,,0.2632,0.3344,,0.2198,0.3472,,0.2632,0.2632,,0.2632,0.3333,,0.2353,0.3356,,0.2532,,,,0.2703,,0.2532,0.2545,,0.2421,0.2907,,0.2174
2046787,2/16/2026 15:19,sini,ws,3000,199,d,ts,2/16/2026,10:19:37,0,,,0.3344,l,0.3636,0.3922,0.3922,0.3344,0.3861,0.3861,0.4,0.4255,0.4255,0.4167,0.4167,0.4167,0.3846,0.3846,0.4,,,,,,,0.4082,0.4167,0.4167,0.3676,0.3968,0.3968,0.3521,0.3704,0.3704
2118955,2/28/2026 2:26,sele,ws,4300,325,l,ts,2/27/2026,21:26:45,0,,,0.2353,l,0.3226,0.1887,0.1887,0.3356,0.1916,0.1916,0.3226,0.2273,0.2273,0.2,0.2083,0.2083,0.3125,0.2,0.2,0.3049,0.2532,0.1802,0.3571,0.2273,0.2273,0.2222,0.2083,0.1923,,,,0.2604,0.1698,0.1695
2042836,2/15/2026 17:36,svrc,ws,3900,198,d,ts,2/15/2026,12:36:46,0,,,0.3356,l,0.3922,0.4545,0.4545,0.3356,0.4098,0.4098,0.3922,0.4348,0.4348,0.4444,0.4444,0.4444,0.3704,0.4167,0.4167,0.3663,0.4274,0.4587,,,,0.4348,0.4444,0.4545,0.4464,0.4464,0.4464,0.3584,0.4016,0.4049
2007442,2/10/2026 22:02,berg,ws,7000,290,l,ts,2/10/2026,17:02:43,0,,,0.2564,l,0.3333,,0.2632,0.3367,,0.2188,0.3448,,0.2703,0.2632,,0.2632,0.3125,,0.2353,0.3356,,0.2532,,,,0.2564,,0.2564,0.2571,,0.2571,0.3012,,0.2198
2028187,2/14/2026 5:12,foki,ws,5200,200,e,ts,2/13/2026,0:12:30,0,,,0.3333,l,0.4,,0.4545,0.3367,,0.4132,0.4,,0.4386,0.4444,,0.4444,0.3333,,0.3571,0.3968,,0.3968,,,,0.3922,,0.4348,0.999,,0.4386,0.361,,0.3953
1920476,1/29/2026 0:34,poli,ws,4700,300,c,ts,1/28/2026,19:34:58,0,,,0.25,l,0.3333,,,0.3378,,,0.3226,,,0.25,,,,,,,,,,,,,,,,,,0.2801,,
2068771,2/20/2026 18:03,gauf,ws,4400,300,c,ts,2/20/2026,13:03:42,0,,,0.25,l,0.3333,,0.2703,0.3378,,,0.3226,,0.2564,0.25,,0.25,,,,0.2941,,0.232,,,,0.2899,,0.2667,,,,0.2778,,0.2208
2068786,2/20/2026 18:08,gauf,ws,3200,290,l,ts,2/20/2026,13:08:53,0,,,0.2564,l,0.3333,0.3333,0.2439,0.3378,0.3378,0.3289,0.339,0.339,0.2222,0.2273,0.2273,0.2273,,,,0.3257,0.3155,0.2841,,,,0.2857,0.2667,0.2439,,,,0.2841,0.2793,0.216
2108455,2/26/2026 15:26,rind,ws,3400,230,c,ts,2/26/2026,10:26:08,0,,,0.303,l,0.3704,0.3571,0.3571,0.339,0.3135,0.3135,0.3509,0.3333,0.3333,0.303,0.303,0.303,0.3333,0.3125,0.3125,0.3663,0.3356,0.3356,0.4082,0.3774,0.3774,0.3448,0.3333,0.3333,,,,0.3236,0.304,0.304
2092178,2/23/2026 2:00,kyps,ws,5900,194,d,ts,2/22/2026,21:00:12,0,,,0.3401,w,0.4255,0.4651,0.4651,0.3401,0.3922,0.3922,0.4032,0.4348,0.4348,0.4348,0.4348,0.4348,0.3846,0.4167,0.4167,0.4484,0.4695,0.4695,,,,0.4255,0.4444,0.4444,,,,0.3731,0.4016,0.4016
2145285,3/3/2026 22:37,sakh,ws,4000,194,d,ts,3/3/2026,17:37:00,0,,,0.3401,w,0.4255,0.3922,0.3922,0.3401,0.3401,0.3367,0.4032,0.4032,0.3846,0.3636,0.3636,0.3636,0.4,0.4,0.4,,,,0.4167,0.4167,0.3937,0.3922,0.3846,0.3846,,,,0.3636,0.3521,0.3472
2071662,2/21/2026 17:05,appl,ws,5900,193,d,ts,2/21/2026,12:05:15,0,,,0.3413,l,0.4082,0.4082,0.4255,0.3413,0.3413,0.3413,0.4255,0.4255,0.4255,0.4255,0.4255,0.4255,0.4,0.4,0.4,0.4695,0.3876,0.4184,,,,,,,,,,0.3745,0.3717,0.3788
2141339,3/2/2026 18:39,bloc,ws,4100,260,c,ts,3/2/2026,13:39:57,0,,,0.2778,l,0.3509,0.2941,0.2941,0.3425,0.2532,0.2532,0.3509,0.303,0.303,0.2778,0.2778,0.2941,0.3704,0.3704,0.3704,0.346,0.3155,0.3155,0.3077,0.2703,0.2703,0.2778,0.2817,0.2778,0.2825,0.2825,0.289,0.303,0.2551,0.2551
2021566,2/13/2026 1:12,navo,ws,4400,300,c,ts,2/12/2026,20:12:15,0,,,0.25,l,0.3125,0.2564,0.2564,0.3436,0.2695,0.2695,0.3472,0.274,0.274,0.25,0.25,0.2273,0.3448,0.3448,0.2857,0.2941,0.2532,0.2427,,,,0.3125,0.2817,0.2817,0.3145,0.2747,0.2747,0.2825,0.2353,0.2299
1915719,1/28/2026 1:41,swia,ws,7100,240,c,ts,1/27/2026,20:41:36,0,,,0.2941,l,0.3846,,,0.3436,,,0.3802,,,0.2941,,,0.3571,,,,,,,,,0.303,,,,,,0.3367,,
2099273,2/25/2026 3:02,stom,ws,9300,340,c,ts,2/24/2026,22:02:10,0,,,0.2273,l,0.3636,,,0.3448,,,0.3571,,,0.2273,,,0.3509,,,,,,,,,0.274,,,,,,0.2874,,
2043889,2/15/2026 19:35,vera,ws,3900,190,d,ts,2/15/2026,14:35:42,0,,,0.3448,l,0.4255,0.4255,0.3922,0.3448,0.3448,0.3472,0.4115,0.4115,0.4115,0.4255,0.4,0.4,0.3704,0.3704,0.3704,0.3968,0.3968,0.3968,,,,0.3922,0.3774,0.3704,0.3891,,0.361,0.3663,0.361,0.346
2043813,2/15/2026 19:32,dard,ws,3300,188,d,ts,2/15/2026,14:32:50,0,,,0.3472,l,0.3846,0.4348,0.4348,0.3472,0.4098,0.4098,0.3922,0.4255,0.4255,0.4348,0.4348,0.4348,0.3846,0.4348,0.4348,,,,,,,0.4348,0.4444,0.4444,0.4464,0.4464,0.4464,0.3663,0.3968,0.3968
2089074,2/22/2026 19:01,osuw,ws,5200,230,c,ts,2/22/2026,14:01:58,0,,,0.303,w,0.4255,0.3704,,0.3484,0.289,,0.3571,0.3125,,0.303,0.303,,0.3509,0.3077,,0.3559,0.3559,,,,,,,,,,,0.3344,0.2882,
2049707,2/17/2026 16:25,dama,ws,3500,260,c,ts,2/17/2026,11:25:58,0,,,0.2778,l,0.3448,0.2564,0.2564,0.3497,0.2463,0.2463,0.3509,0.2817,0.2817,0.2778,0.2778,0.2778,,,,,,,,,,,,,,,,0.2994,0.2252,0.2252
2043290,2/15/2026 18:50,wala,ws,8500,186,d,ts,2/15/2026,13:50:28,0,,,0.3497,l,0.4444,0.4878,0.4878,0.3497,0.4785,0.4785,0.4292,0.4292,0.4673,0.4878,0.4878,0.4878,0.4167,0.4167,0.4651,0.4082,0.4386,0.4587,,,,0.4444,0.4762,0.4762,0.4167,0.4762,0.4762,0.3968,0.4237,0.4425
2109106,2/26/2026 23:19,sonm,ws,8800,340,l,ts,2/26/2026,18:19:25,0,,,0.2273,w,0.3226,0.2273,,0.3497,0.2165,,0.303,0.1887,,0.2381,0.2381,,0.3333,0.2222,,0.3155,0.2008,,0.3333,0.2309,,0.2439,0.2273,,,,,0.2695,0.1818,
2099719,2/25/2026 3:23,hon,ws,4800,300,c,ts,2/24/2026,22:23:43,0,,,0.25,w,0.3333,,0.2632,0.3497,,,0.3226,,0.2632,0.25,,0.25,0.3448,,0.25,0.346,,0.274,,,,0.3125,,0.2703,,,,0.2849,,0.2242
1913347,1/27/2026 4:27,tien,ws,9500,340,c,ts,1/26/2026,23:27:22,0,,,0.2273,l,0.3226,,,0.3509,,,0.3077,,,0.3333,,,0.3509,,,0.3356,,,,,,0.2532,,,,,,0.2967,,
1913348,1/27/2026 4:27,tien,ws,6900,295,l,ts,1/26/2026,23:27:22,0,,,0.2532,l,0.3226,,,0.3509,,,0.3077,,,0.3333,,,0.3509,,,0.3356,,,,,,0.2532,,,,,,0.2967,,
1886720,1/23/2026 1:41,maro,ws,3200,260,c,ts,1/22/2026,20:41:09,0,,,0.2778,l,0.3333,0.2857,0.2857,0.3509,0.3096,0.3096,0.3636,0.3175,0.3175,0.2778,0.2778,0.2778,0.3448,0.303,0.303,0.3049,0.2941,0.2941,,,,0.3279,0.3279,0.3279,0.2985,0.2985,0.2985,0.2976,0.2667,0.2667
1881409,1/22/2026 3:04,tjen,ws,3100,320,c,ts,1/21/2026,22:04:19,0,,,0.2381,l,0.3226,0.2564,,0.3521,0.3521,,0.3175,0.25,,0.2941,0.2381,,0.3125,0.3125,,,,,,,,0.2632,0.2532,,0.2755,0.2755,,0.2849,0.2242,
2071658,2/21/2026 17:04,appl,ws,5100,183,d,ts,2/21/2026,12:04:47,0,,,0.3534,l,0.4255,0.3922,0.3922,0.3534,0.3534,0.3546,0.4348,0.4348,0.4,0.3846,0.3846,0.3846,0.4,0.4,0.3704,0.4082,0.4082,0.3968,,,,,,,,,,0.3817,0.369,0.3497
2141495,3/2/2026 20:33,drax,ws,3400,325,e,ts,3/2/2026,15:33:33,0,,,0.2353,l,0.303,0.303,0.25,0.3546,0.3546,0.2375,0.2941,0.2941,0.2564,0.3226,0.3226,0.2778,0.2353,0.2353,0.2353,0.3049,0.2941,0.2427,0.2941,0.2941,0.25,0.274,0.2532,0.2532,0.3077,0.2494,0.2494,0.2577,0.2519,0.211
2093121,2/24/2026 0:57,town,ws,11400,210,e,ts,2/23/2026,19:57:07,0,,,0.3226,w,0.4545,0.4545,0.4545,0.3546,0.4292,0.4219,0.3571,0.4444,0.4651,0.4878,0.4878,0.4878,0.3226,0.4348,0.4348,0.3774,0.4695,0.4695,,,,0.4762,0.4762,0.4762,,,,0.3861,0.4292,0.4329
2047066,2/16/2026 19:49,brun,ws,5600,240,c,ts,2/16/2026,14:49:57,0,,,0.2941,w,0.3774,,,0.3559,,,0.3846,,,0.2941,,,,,,,,,,,,,,,,,,0.3279,,
2101584,2/25/2026 19:56,rind,ws,3700,200,l,ts,2/25/2026,14:56:39,0,,,0.3333,w,0.3922,,,0.3559,,,0.4,,,0.3333,,,0.3846,,,0.3774,,,,,,0.3333,,,,,,0.3546,,
2088452,2/22/2026 15:49,pela,ws,5400,181,d,ts,2/22/2026,10:49:05,0,,,0.3559,w,0.4255,0.4348,0.4348,0.3559,0.3831,0.3968,0.4167,0.4167,0.4292,,,,0.4,0.4,0.4167,0.4274,0.4386,0.4386,,,,0.4348,0.4444,0.4444,,,,0.3831,0.3861,0.3953
2062872,2/20/2026 0:43,wala,ws,6800,400,c,ts,2/19/2026,19:43:14,0,,,0.2,l,0.303,,,0.3571,,,0.3175,,,0.2,,,0.3571,,,0.2841,,,,,,0.2151,,,,,,0.25,,
2100930,2/25/2026 5:34,dzum,ws,3800,240,c,ts,2/24/2026,0:34:39,0,,,0.2941,l,0.3846,0.3333,0.3333,0.3571,0.3257,0.3257,0.3571,0.3175,0.3175,0.2941,0.2941,0.2941,0.3571,0.3571,0.303,,,,,,,0.339,0.3226,0.3175,,,,0.3175,0.2882,0.2809
2139118,3/1/2026 21:32,kali,ws,3300,180,d,ts,3/1/2026,16:32:31,0,,,0.3571,w,0.4082,,0.4255,0.3571,,0.3636,0.4202,,0.4202,0.4348,,0.4348,0.3846,,0.3846,0.4082,,0.4082,0.4167,,0.4255,0.4167,,0.4167,,,,0.3759,,0.3817
2069022,2/20/2026 20:19,mens,ws,6300,380,c,ts,2/20/2026,15:19:05,0,,,0.2083,l,0.2857,0.1818,0.1818,0.3584,0.2193,0.2268,0.3175,0.2439,0.2273,0.2083,0.2083,0.2083,0.3448,0.2439,0.2439,0.2941,0.2217,0.2114,,,,0.2174,0.2105,0.2041,,,,0.2506,0.1832,0.1761
1973730,2/5/2026 19:49,korp,ws,3300,230,f,ts,2/5/2026,14:49:35,0,,,0.303,w,0.303,0.303,0.3704,0.3584,0.3584,0.4184,,,,0.4167,0.4167,0.4167,0.3448,0.3448,0.4,0.3356,0.3356,0.4184,,,,0.4082,0.4348,0.4348,0.4444,0.4444,0.4444,0.3226,0.3058,0.3534
2009703,2/11/2026 3:11,giro,ws,5300,300,c,ts,2/10/2026,22:11:36,0,,,0.25,l,0.3333,0.2564,0.2564,0.3597,0.3378,0.2558,0.3802,0.274,0.274,0.25,0.25,0.25,0.3704,0.3704,0.2857,,,,,,,0.303,0.2778,0.2941,0.2646,0.2646,0.2646,0.2841,0.2387,0.2315
2042736,2/15/2026 17:01,svrc,ws,4200,178,d,ts,2/15/2026,12:01:04,0,,,0.3597,l,0.4348,0.4348,0.4348,0.3597,0.3891,0.3891,0.4167,0.4167,0.4167,0.4348,0.4348,0.4348,0.4,0.4167,0.4167,0.4484,0.4184,0.4184,,,,0.4255,0.4255,0.4255,0.4132,0.4132,0.4132,0.3831,0.3861,0.3861
1915085,1/28/2026 1:13,cass,ws,3200,178,d,ts,1/27/2026,20:13:20,0,,,0.3597,l,0.4255,,,0.3597,,,0.4255,,,0.4167,,,,,,,,,,,,,,,,,,0.3774,,
2107874,2/26/2026 5:00,kovc,ws,5400,235,l,ts,2/25/2026,0:00:26,0,,,0.2985,l,0.3636,,,0.361,,,0.3846,,,0.3448,,,0.3704,,,0.3559,,,0.3571,,,0.2985,,,,,,0.3311,,
2071945,2/21/2026 18:01,mont,ws,3000,260,c,ts,2/21/2026,13:01:52,0,,,0.2778,l,0.3333,0.3333,0.25,0.3623,0.3745,0.2809,0.3636,0.3636,0.2817,0.2778,0.2778,0.2778,0.3509,0.3509,0.2941,0.3155,0.3049,0.274,,,,0.3226,0.3226,0.2941,,,,0.2976,0.2967,0.2375
2145240,3/3/2026 22:08,galf,ws,3300,161,d,ts,3/3/2026,17:08:17,0,,,0.3831,l,0.4082,0.4082,0.4082,0.3623,0.4202,0.4202,0.4348,0.4348,0.4348,0.4,0.4545,0.4545,0.5833,0.5833,0.5833,0.4274,0.4274,0.4274,0.4082,0.4348,0.4348,0.4545,0.4651,0.4651,,,,0.3922,0.4065,0.4065
2141423,3/2/2026 19:46,smic,ws,7100,340,c,ts,3/2/2026,14:46:28,0,,,0.2273,l,0.3333,0.2,,0.3636,,,0.3333,0.2299,,0.2273,0.2273,,,0.3509,,0.3049,0.274,,0.3448,0.2309,,0.2667,0.2247,,0.1992,0.1992,,0.2793,0.1862,
2093442,2/24/2026 1:42,maia,ws,6100,230,c,ts,2/23/2026,20:42:33,0,,,0.303,l,0.4,0.3509,0.3509,0.3636,0.3279,0.3279,0.3846,0.3279,0.3279,0.303,0.303,0.303,0.3846,0.3333,0.3333,0.3876,0.3559,0.346,,,,0.3509,0.339,0.339,,,,0.3425,0.2967,0.3021
2043291,2/15/2026 18:50,wala,ws,3400,174,d,ts,2/15/2026,13:50:50,0,,,0.365,l,0.4348,0.4444,0.4444,0.365,0.3817,0.3774,0.4202,0.4202,0.4292,0.4444,0.4444,0.4444,0.3846,0.4,0.4,0.4082,0.4082,0.4082,,,,0.4255,0.4255,0.4167,0.4202,0.4202,0.4202,0.3846,0.3876,0.3891
1911258,1/26/2026 4:55,carb,ws,3500,250,f,ts,1/25/2026,23:55:35,0,,,0.2857,l,0.2857,,,0.3663,,,0.3846,,,0.3636,,,,,,,,,,,,,,,,,,0.2985,,
2026901,2/13/2026 22:40,bubl,ws,11500,235,l,ts,2/13/2026,17:40:02,0,,,0.2985,w,0.4167,0.303,0.303,0.3676,0.2584,0.2584,0.4,0.2985,0.2985,0.3636,0.3636,0.3774,0.3704,0.2667,0.2667,0.3968,0.3356,0.3257,,,,0.3226,0.303,0.3125,,,,0.369,0.2732,0.274
2028034,2/14/2026 4:10,shap,ws,3800,172,d,ts,2/13/2026,23:10:42,0,,,0.3676,w,0.4,0.4878,0.4878,0.3676,0.4329,0.4329,0.4167,0.4673,0.4673,0.4651,0.4651,0.4651,0.4,0.4545,0.4545,0.4274,0.4785,0.5074,,,,0.4444,0.4651,0.4762,0.6865,0.6865,0.6865,0.3891,0.4425,0.4444
2141293,3/2/2026 18:21,bloc,ws,4500,171,d,ts,3/2/2026,13:21:09,0,,,0.369,l,0.4444,0.4545,0.4545,0.369,0.3817,0.3937,0.4444,0.4444,0.4444,0.4444,0.4444,0.4444,0.4167,0.4167,0.4348,0.4386,0.4386,0.4484,0.4167,0.4167,0.4255,0.4348,0.4444,0.4444,0.4202,0.4202,0.4202,0.3937,0.3968,0.4
2095295,2/24/2026 22:08,mcna,ws,3500,300,c,ts,2/24/2026,17:08:13,0,,,0.25,l,0.3704,,0.2778,0.369,,0.2703,,,,0.25,,0.25,0.3704,,0.2778,,,,,,,0.2667,,0.2564,,,,0.277,,0.2262
2019826,2/12/2026 20:45,jonj,ws,7000,230,c,ts,2/12/2026,15:45:28,0,,,0.303,w,0.3846,0.2632,0.2632,0.3704,0.2681,0.2681,0.3774,0.2817,0.2817,0.303,0.303,0.303,0.3846,0.3846,0.2857,0.3774,0.2841,0.2841,,,,0.3175,0.2941,0.2985,0.999,0.999,0.5349,0.3279,0.2525,0.2488
1913414,1/27/2026 5:03,bert,ws,3300,166,d,ts,1/26/2026,0:03:35,0,,,0.3759,l,0.4255,,0.4255,0.3759,,0.3788,0.4651,,0.4651,0.4167,,0.4167,,,,,,,,,,,,,,,,0.3937,,0.3937
2100781,2/25/2026 5:20,ruud,ws,4900,230,c,ts,2/24/2026,0:20:08,0,,,0.303,l,0.3571,0.2857,0.2857,0.3774,0.3145,0.3145,0.3704,0.2817,0.2817,0.303,0.303,0.303,0.3704,0.303,0.303,0.3774,0.3155,0.3155,,,,0.3175,0.2899,0.3077,,,,0.3185,0.2584,0.2625
2057484,2/19/2026 1:34,pass,ws,6100,225,l,ts,2/18/2026,20:34:28,0,,,0.3077,l,,,,0.3774,,0.3155,0.4,,0.3175,0.3226,,0.3226,0.3846,,0.303,0.3663,,0.2941,,,,0.3077,,0.3077,,,,0.3436,,0.2801
1911256,1/26/2026 4:45,carb,ws,4600,230,c,ts,1/25/2026,23:45:43,0,,,0.303,l,0.3636,,0.303,0.3774,,0.3021,0.4032,,0.3226,0.303,,0.303,,,,,,,,,,,,,,,,0.33,,0.2674
2019416,2/12/2026 17:49,mbok,ws,5900,280,c,ts,2/12/2026,12:49:38,0,,,0.2632,w,0.3846,0.303,0.303,0.3774,0.3236,0.3236,0.3448,0.2985,0.2985,0.2632,0.2632,0.2632,0.3704,0.303,0.303,0.346,0.2841,0.274,,,,0.2985,0.2899,0.2941,0.3086,0.3086,0.3086,0.303,0.2632,0.2632
1882329,1/22/2026 4:09,marc,ws,3100,210,c,ts,1/21/2026,23:09:11,0,,,0.3226,l,0.4,0.4,0.3509,0.3788,0.3788,0.3344,0.3802,0.3802,0.3333,0.3226,0.3226,0.3226,0.3704,0.3704,0.3125,,,,,,,0.3636,0.3509,0.339,0.4016,,,0.3413,0.3333,0.2976
2101871,2/25/2026 22:40,priz,ws,6400,260,c,ts,2/25/2026,17:40:45,0,,,0.2778,l,0.3571,0.2632,0.2632,0.3788,0.2882,0.2882,0.4,0.3333,0.3333,0.2778,0.2778,0.2778,0.3846,0.3077,0.3077,0.346,0.3356,0.3049,,,,0.3175,0.2985,0.303,,,,0.3175,0.2703,0.2597
2143730,3/3/2026 3:01,svat,ws,3400,164,d,ts,3/2/2026,22:01:36,0,,,0.3788,l,0.4255,0.4255,0.4545,0.3788,0.3817,0.3817,0.4587,0.4444,0.4444,0.4348,0.4348,0.4348,0.4,0.4,0.4,0.4386,0.4184,0.4184,0.4444,0.4444,0.4444,0.4444,0.4348,0.4348,,,,0.3984,0.3953,0.4
1913413,1/27/2026 5:03,bert,ws,3200,164,d,ts,1/26/2026,0:03:23,0,,,0.3788,l,0.4255,,0.4651,0.3788,,0.4739,0.4651,,0.495,0.4348,,0.4348,,,,,,,,,,,,,,,,0.3968,,0.4329
2007408,2/10/2026 21:32,mich,ws,3500,230,l,ts,2/10/2026,16:32:07,0,,,0.303,w,0.3571,0.2703,0.2703,0.3788,0.2793,0.2793,0.3636,0.3125,0.3125,0.303,0.303,0.303,0.3704,0.2857,0.2857,,,,,,,0.3226,0.303,0.303,0.2801,0.2801,0.2801,0.3115,0.2564,0.2564
2055087,2/18/2026 23:46,mich,ws,5800,240,l,ts,2/18/2026,18:46:44,0,,,0.2941,l,0.3922,0.3125,0.3125,0.3802,0.2882,0.2985,0.339,0.2778,0.2778,0.2941,0.2941,0.2941,0.3571,0.2857,0.2857,0.3663,0.3356,0.2941,,,,0.2941,0.2941,0.2941,,,,0.3289,0.2551,0.2597
2069229,2/20/2026 23:36,berr,ws,3700,240,c,ts,2/20/2026,18:36:45,0,,,0.2941,l,0.3226,0.3226,0.3226,0.3802,0.3497,0.3333,0.3636,0.339,0.3279,0.2941,0.2941,0.2941,0.4545,0.4545,0.4545,0.3559,0.3559,0.3559,,,,0.3448,0.339,0.339,,,,0.3165,0.3086,0.3049
2006952,2/10/2026 17:50,ofne,ws,13200,300,c,ts,2/10/2026,12:50:14,0,,,0.25,l,0.3846,0.25,0.25,0.3802,0.2315,0.2315,0.3922,0.2703,0.2703,0.25,0.25,0.2381,,,,,,,,,,,,,,,,0.3333,0.2123,0.2114
1882980,1/22/2026 5:17,bert,ws,3200,210,c,ts,1/21/2026,0:17:39,0,,,0.3226,w,0.4255,0.3509,0.3509,0.3802,0.3289,0.3058,0.3636,0.3636,0.2941,0.3226,0.3226,0.3226,,,,,,,,,,,,,,,,0.3413,0.3106,0.2801
2007176,2/10/2026 19:35,shis,ws,5400,240,c,ts,2/10/2026,14:35:47,0,,,0.2941,l,0.3704,0.3333,0.3333,0.3817,0.3247,0.3247,0.3704,0.339,0.339,0.2941,0.2941,0.2941,,,,0.3559,0.3155,0.3155,,,,0.3509,0.3448,0.3448,0.346,0.3247,0.3247,0.3279,0.2959,0.2959
2144939,3/3/2026 19:53,land,ws,3000,162,d,ts,3/3/2026,14:53:45,0,,,0.3817,l,0.4255,0.4762,0.4762,0.3817,0.4545,0.4545,0.4444,0.4808,0.4808,0.5,0.5,0.5,0.4167,0.4167,0.4762,0.4082,0.4184,0.4386,0.4255,0.4255,0.4762,0.4651,0.4878,0.4878,,,,0.3984,0.4237,0.4386
2000039,2/8/2026 18:30,uchm,ws,3400,175,c,ts,2/8/2026,13:30:42,0,,,0.3636,l,0.3846,0.3846,0.3846,0.3817,0.3846,0.3846,0.5475,0.5475,0.5475,0.3636,0.3636,0.3636,0.3846,0.3846,0.3846,0.346,0.3663,0.3663,,,,0.3846,0.3846,0.3846,,,,0.3704,0.3731,0.3731
2011596,2/11/2026 21:49,wala,ws,4500,161,d,ts,2/11/2026,16:49:10,0,,,0.3831,l,0.4425,,0.4425,0.3831,,0.463,0.431,,0.463,0.4878,,0.4878,0.4348,,0.4651,,,,,,,0.4545,,0.4651,0.4292,,0.4425,0.4065,,0.4274
2028227,2/14/2026 5:45,bolt,ws,5200,161,d,ts,2/13/2026,0:45:20,0,,,0.3831,l,0.4444,,0.5455,0.3831,,0.4878,0.4608,,0.5595,0.4,,0.5,,,,,,,,,,,,,,,,0.4016,,0.5
1888572,1/23/2026 3:04,medv,ws,3700,230,c,ts,1/22/2026,22:04:38,0,,,0.303,w,0.3704,,0.3636,0.3831,,0.3289,0.3571,,0.2941,0.3448,,0.303,0.3704,,0.3125,0.3356,,0.3049,,,,0.3636,,0.339,0.369,,0.3236,0.33,,0.2907
2101594,2/25/2026 19:58,rind,ws,3400,200,c,ts,2/25/2026,14:58:00,0,,,0.3333,w,0.4,0.4,0.4,0.3831,0.3831,0.3831,0.4,0.4,0.4,0.3774,0.3333,0.3333,0.4167,0.3846,0.3846,0.4082,0.3968,0.3968,,,,0.3509,0.3509,0.3509,,,,0.3704,0.3509,0.3509
2120335,2/28/2026 17:25,acst,ws,5500,190,c,ts,2/28/2026,12:25:55,0,,,0.3448,w,0.4444,0.4082,0.4082,0.3831,,,0.4444,0.4,0.4,0.3448,0.3448,0.3448,,,,,,,0.3846,0.3509,0.3509,,,,,,,0.3759,0.339,0.339
2114048,2/27/2026 2:56,bell,ws,5800,240,c,ts,2/26/2026,21:56:00,0,,,0.2941,l,0.3846,,0.3333,0.3846,,0.3145,0.3472,,0.3077,0.2941,,0.2941,0.3846,,0.3125,0.3774,,0.3155,0.3774,,0.3226,0.3448,,0.3279,,,,0.33,,0.2825
2116603,2/27/2026 17:36,gaub,ws,3600,160,d,ts,2/27/2026,12:36:05,0,,,0.3846,l,,,,0.3846,0.4016,0.4016,0.4831,0.4717,0.4717,,,,0.4167,0.4167,0.4167,0.4587,0.4484,0.4386,0.4082,0.4,0.4,0.4255,0.4255,0.4255,,,,0.4016,0.4032,0.4016
2002292,2/9/2026 15:17,monn,ws,3200,210,c,ts,2/9/2026,10:17:35,0,,,0.3226,l,0.3922,0.3774,0.3774,0.3846,0.3448,0.3413,,,,0.3333,0.3226,0.3226,,,,,,,,,,,,,0.3571,0.3571,0.3571,0.3436,0.3236,0.3226
1875480,1/21/2026 4:11,pota,ws,4800,240,c,ts,1/20/2026,23:11:03,0,,,0.2941,w,0.3774,,,0.3846,,,0.3802,,,0.2941,,,0.4,,,0.3968,,,,,,0.3226,,,,,,0.3226,,
1882252,1/22/2026 4:01,wuy,ws,3500,159,d,ts,1/21/2026,23:01:19,0,,,0.3861,l,0.4425,0.4425,0.4425,0.3861,,,0.4386,0.4545,0.4545,0.4444,0.4444,0.4444,0.4167,0.4545,0.4545,0.4484,0.4587,0.4587,,,,0.4545,0.4545,0.4545,0.4545,0.4545,0.4545,0.4049,0.4184,0.4184
2094967,2/24/2026 18:47,berr,ws,12600,159,d,ts,2/24/2026,13:47:44,0,,,0.3861,l,0.5,0.5455,,0.3861,0.4505,,0.4608,0.4608,,0.5122,0.5122,,0.4545,0.4545,,,,,,,,0.5238,0.5455,,,,,0.4525,0.4695,
2117261,2/27/2026 21:58,bouz,ws,3100,195,l,ts,2/27/2026,16:58:00,0,,,0.339,l,0.3846,0.3333,0.3333,0.3876,0.2994,0.2994,0.3922,0.3922,0.3472,0.3774,0.3333,0.3333,0.3846,0.3846,0.3333,0.3774,0.3663,0.3257,0.4,0.4,0.3509,0.3509,0.339,0.339,,,,0.3559,0.3195,0.3049
1914829,1/28/2026 1:01,cass,ws,3400,158,d,ts,1/27/2026,20:01:48,0,,,0.3876,l,0.4255,0.4762,0.4762,0.3876,0.4444,0.4444,0.4717,0.5,0.5,0.4762,0.4762,0.4762,,,,,,,,,,,,,,,,0.4065,0.4444,0.4444
2046976,2/16/2026 18:40,scot,ws,12600,158,d,ts,2/16/2026,13:40:33,0,,,0.3876,l,0.5327,,0.5327,0.3876,,0.4405,,,,0.4762,,0.4762,,,,,,,,,,0.4878,,0.5,,,,0.4525,,0.4651
2070301,2/21/2026 1:56,agst,ws,5400,190,c,ts,2/20/2026,20:56:59,0,,,0.3448,l,0.4587,0.4587,0.4587,0.3876,0.3155,0.3155,,,,0.3448,0.3448,0.3448,,,,0.3774,0.3774,0.3774,,,,0.3333,0.3333,0.339,,,,0.3745,0.3378,0.3413
2144063,3/3/2026 3:38,kasi,ws,5200,230,c,ts,3/2/2026,22:38:39,0,,,0.303,w,0.3922,0.303,,0.3876,0.4049,,0.3922,0.2985,,0.303,0.303,,0.3846,0.3846,,,,,0.3937,0.3937,,0.339,0.3226,,,,,0.3378,0.2959,
2145298,3/3/2026 22:42,galf,ws,4700,240,e,ts,3/3/2026,17:42:50,0,,,0.2941,l,0.3509,0.3226,0.3509,0.3891,0.3344,0.3344,0.3922,0.3636,0.3636,0.3448,0.3448,0.3448,0.2941,0.2941,0.2941,0.346,0.3049,0.3049,0.3636,0.3333,0.3333,0.3448,0.3448,0.3448,,,,0.3226,0.2941,0.3003
2115970,2/27/2026 4:35,nakb,ws,4100,157,d,ts,2/26/2026,23:35:45,0,,,0.3891,w,0.4255,0.4545,0.4545,0.3891,0.4184,0.4115,0.4717,0.4717,0.4902,0.4545,0.4545,0.4545,0.4348,0.4545,0.4545,0.4386,0.4695,0.4386,0.4444,0.4651,0.4651,0.4651,0.4651,0.4651,,,,0.4115,0.4255,0.4255
2143368,3/3/2026 2:19,svat,ws,7600,280,c,ts,3/2/2026,21:19:39,0,,,0.2632,l,0.3846,0.3333,0.3333,0.3906,0.3012,0.3012,0.3226,0.274,0.274,0.2632,0.2632,0.2632,0.3509,,,0.3774,0.346,0.3155,0.3448,0.2941,0.2941,0.3226,0.2985,0.2941,,,,0.3115,0.2538,0.2604
2019456,2/12/2026 18:28,quin,ws,3200,190,c,ts,2/12/2026,13:28:24,0,,,0.3448,l,0.3922,0.3922,0.3846,0.3906,0.3831,0.3636,0.4032,0.4032,0.3846,0.3448,0.3448,0.3448,0.3846,0.3704,0.3571,0.4082,0.4184,0.3774,,,,0.4,0.3922,0.3846,,,,0.3636,0.361,0.3448
2054461,2/18/2026 18:12,atma,ws,3800,156,d,ts,2/18/2026,13:12:19,0,,,0.3906,l,0.4902,,0.4902,0.3906,,0.4255,0.4255,,0.4587,0.4545,,0.4545,0.4167,,0.4348,0.4082,,0.4587,,,,0.4444,,0.4651,,,,0.4065,,0.4329
2101928,2/25/2026 23:15,line,ws,7500,240,c,ts,2/25/2026,18:15:37,0,,,0.2941,l,0.3846,0.2703,0.2703,0.3906,0.2747,0.2747,0.431,0.2899,0.2899,0.2941,0.2941,0.2941,0.3846,0.2857,0.2857,0.3876,0.2841,0.2941,,,,0.303,0.2857,0.2857,,,,0.339,0.2481,0.2488
2019553,2/12/2026 19:02,quin,ws,3300,175,c,ts,2/12/2026,14:02:26,0,,,0.3636,l,,,,0.3906,0.3906,0.3906,0.4386,0.4386,0.4386,0.3636,0.3636,0.3636,0.3846,0.3846,0.3846,0.4184,0.4274,0.4274,,,,0.4255,0.4255,0.4082,,,,0.3817,0.3774,0.3802
2141290,3/2/2026 18:20,bloc,ws,3300,156,d,ts,3/2/2026,13:20:49,0,,,0.3906,l,0.4545,,0.5,0.3906,,0.3984,0.4545,,0.4545,0.4878,,0.4878,0.4348,,0.4348,0.4274,,0.4184,0.4255,,0.4255,0.4444,,0.5,0.4202,,0.4695,0.4065,,0.4202
2090841,2/22/2026 21:40,karl,ws,3300,230,c,ts,2/22/2026,16:40:36,0,,,0.303,l,0.3636,0.3636,0.3636,0.3922,0.3922,0.3922,0.3509,0.3509,0.3509,0.303,0.303,0.303,0.4,0.4,0.4,0.3663,0.3663,0.3559,,,,0.3571,0.339,0.303,,,,0.3226,0.3195,0.3247
1913415,1/27/2026 5:04,bert,ws,3200,155,d,ts,1/26/2026,0:04:54,0,,,0.3922,l,0.4348,0.4651,0.4651,0.3922,0.4717,0.4717,0.4717,0.495,0.495,0.4651,0.4651,0.4444,,,,,,,,,,,,,,,,0.4098,0.4425,0.4386
1926677,1/29/2026 23:31,kord,ws,3100,155,d,ts,1/29/2026,18:31:47,0,,,0.3922,w,0.4651,0.4651,0.4651,0.3922,,0.3968,0.4484,0.4348,0.4348,0.4444,0.4444,0.4444,,,,,,,,,,,,,,,,0.4082,,0.4016
1888454,1/23/2026 2:54,sonm,ws,3800,154,d,ts,1/22/2026,21:54:02,0,,,0.3937,l,0.4545,0.4545,0.4545,0.3937,0.3937,0.3937,0.4348,0.4348,0.4348,0.4545,0.4545,0.4545,0.4167,0.4167,0.4167,0.4695,0.4695,0.4695,,,,0.4545,0.4545,0.4545,,,,0.4132,0.4098,0.4098
2094336,2/24/2026 3:59,xiny,ws,3200,154,d,ts,2/23/2026,22:59:05,0,,,0.3937,l,0.4167,,,0.3937,,,0.4608,,,0.4651,,,0.4167,,,0.4386,,,,,,0.4651,,,,,,0.4115,,
2054888,2/18/2026 21:35,nakb,ws,4300,180,b,ts,2/18/2026,16:35:35,0,,,0.3571,l,0.4348,0.4348,,0.3953,0.4065,,0.3571,0.3846,,0.4167,0.4167,,0.4,0.3846,,0.4386,0.4386,,,,,0.4167,0.4167,,,,,0.3817,0.3817,
2078031,2/21/2026 21:59,sakh,ws,3400,210,c,ts,2/21/2026,16:59:18,0,,,0.3226,l,0.3774,,0.3333,0.3953,,0.3425,0.3704,,0.339,0.3226,,0.3226,0.4,,0.3509,0.3876,,0.3559,,,,,,,,,,0.3425,,0.2967
2140413,3/2/2026 1:20,frec,ws,3300,210,c,ts,3/1/2026,20:20:22,0,,,0.3226,l,0.3846,0.2941,0.2941,0.3953,0.295,0.295,0.3846,0.3846,0.2985,0.3226,0.3448,0.3448,0.3846,0.3846,0.3125,0.3663,0.3356,0.2841,0.3636,0.3636,0.2857,0.3279,0.3077,0.3077,0.3226,0.3268,0.3268,0.3322,0.3145,0.2646
2009667,2/11/2026 3:08,giro,ws,6200,230,c,ts,2/10/2026,22:08:16,0,,,0.303,l,0.3636,0.3226,,0.3953,0.3953,,0.4,0.4,,0.303,0.303,,0.4,0.4,,,,,,,,0.3704,0.3571,,0.3356,0.3356,,0.3401,0.3205,
2043302,2/15/2026 18:51,wala,ws,3200,153,d,ts,2/15/2026,13:51:59,0,,,0.3953,l,0.4348,,0.5,0.3953,,0.4673,0.4545,,0.4762,0.5122,,0.5122,0.4167,,0.4651,0.4184,,0.4695,,,,0.4651,,0.4878,0.4808,,0.4878,0.4098,,0.4484
2120058,2/28/2026 5:44,tiaf,ws,7100,210,c,ts,2/27/2026,0:44:24,0,,,0.3226,w,0.4348,,0.3333,0.3953,,0.3049,0.4115,,0.339,0.3226,,0.3333,0.3846,,0.303,0.4082,,0.3049,0.4082,,0.3226,0.3636,,0.3333,,,,0.365,,0.2924
1886901,1/23/2026 1:48,taus,ws,6100,225,l,ts,1/22/2026,20:48:26,0,,,0.3077,l,0.3846,0.2857,0.2857,0.3968,0.2817,0.2817,0.3774,0.2985,0.2985,0.2941,0.2941,0.2941,0.3846,0.2857,0.2857,0.3663,0.346,0.274,,,,0.3077,0.2985,0.303,,,,0.3436,0.2653,0.2558
1874208,1/21/2026 3:19,fery,ws,3700,200,f,ts,1/20/2026,22:19:00,0,,,0.3333,l,0.3333,,0.3846,0.3968,,0.4367,0.4,,0.4484,,,,0.4167,,0.4167,0.3559,,0.4082,,,,0.4255,,0.4444,,,,0.3546,,0.3906
2113462,2/27/2026 2:34,zhas,ws,3700,165,m,ts,2/26/2026,21:34:25,0,,,0.3774,w,0.4167,0.4878,0.4878,0.3968,0.4854,0.4854,0.4167,0.4717,0.4717,0.4878,0.4878,0.4878,0.4167,0.4651,0.4651,0.4082,0.4785,0.4695,0.3774,0.4444,0.4444,0.4762,0.4762,0.4762,,,,0.3953,0.4425,0.4425
1885594,1/23/2026 0:55,taus,ws,4800,230,c,ts,1/22/2026,19:55:03,0,,,0.303,l,0.3846,,0.303,0.3984,,,0.3846,,0.3279,0.303,,0.303,0.4,,0.3125,0.3968,,0.3049,,,,0.339,,0.3175,,,,0.3333,,0.2793
2068842,2/20/2026 18:29,wong,ws,3000,151,d,ts,2/20/2026,13:29:06,0,,,0.3984,l,0.4167,,0.4878,0.3984,,0.4785,0.4386,,0.4808,0.4545,,0.4545,0.4348,,0.4348,0.4785,,0.5169,,,,0.4545,,0.5,,,,0.4082,,0.4566
2019728,2/12/2026 20:16,jonj,ws,4100,210,c,ts,2/12/2026,15:16:34,0,,,0.3226,w,0.4,0.4,,0.3984,0.3984,,0.3774,0.3774,,0.3226,0.3226,,0.4,0.4,,0.3663,0.3663,,,,,0.3846,0.3448,,0.4082,0.4167,,0.346,0.3378,
2088575,2/22/2026 17:55,brac,ws,6500,151,d,ts,2/22/2026,12:55:42,0,,,0.3984,w,0.4878,0.3731,0.3731,0.3984,0.3984,0.3984,0.4608,0.4608,0.4608,0.4444,0.4444,0.4444,0.4545,0.4545,0.4545,0.4587,0.4587,0.4587,,,,0.4878,0.4878,0.4878,,,,0.4329,0.4065,0.4065
2149406,3/4/2026 2:25,tsen,ws,4600,190,c,ts,3/3/2026,21:25:50,0,,,0.3448,l,0.4082,0.4082,0.3125,0.4,0.4202,,0.4292,0.4115,0.3226,0.3448,0.3448,0.3448,,,,0.4184,0.4184,0.3155,,,,0.3846,0.3509,0.339,,,,0.3704,0.3745,0.2874
2094776,2/24/2026 16:35,majc,ws,3800,150,d,ts,2/24/2026,11:35:50,0,,,0.4,l,0.4545,0.4651,0.4651,0.4,0.4202,0.4425,0.4587,0.4587,0.4762,,,,0.4545,0.4545,0.4651,,,,,,,0.4651,0.4762,0.4762,,,,0.4184,0.4274,0.4367
1882596,1/22/2026 4:32,zanb,ws,5700,190,c,ts,1/21/2026,23:32:21,0,,,0.3448,w,0.4167,,0.3704,0.4016,,0.3846,0.4292,,0.3846,0.3448,,0.3448,0.4167,,0.3846,,,,,,,0.3922,,0.3846,0.4115,,0.3717,0.3774,,0.3448
2019496,2/12/2026 18:40,quin,ws,4100,210,c,ts,2/12/2026,13:40:58,0,,,0.3226,l,0.4167,0.3571,,0.4032,0.3247,,0.4,0.3333,,0.3226,0.3226,,0.4,0.3333,,0.4082,0.4082,,,,,0.3448,0.3509,,,,,0.346,0.304,
2140202,3/2/2026 0:36,osuw,ws,7300,148,d,ts,3/1/2026,19:36:51,0,,,0.4032,l,0.5,0.5,0.5,0.4032,,0.4082,0.5,0.5,0.5,0.4878,0.4878,0.4878,0.4762,0.4762,0.4762,0.4695,0.4587,0.4587,0.4545,0.4545,0.4545,0.4762,0.4762,0.4762,0.4673,0.4673,0.4673,0.4405,0.4484,0.4405
1893231,1/24/2026 2:03,dard,ws,5800,230,c,ts,1/23/2026,21:03:29,0,,,0.303,w,0.3636,0.3333,0.3333,0.4032,0.369,0.369,0.3846,0.3472,0.3472,0.303,0.303,0.303,0.4167,0.3704,0.3704,,,,,,,0.3846,0.3704,0.3704,,0.3571,0.3571,0.3401,0.3115,0.3106
2137252,3/1/2026 18:57,stea,ws,4100,200,c,ts,3/1/2026,13:57:51,0,,,0.3333,w,0.4,0.3448,0.3448,0.4032,0.4065,,0.4032,0.4032,0.3704,0.3333,0.3333,0.3333,0.4,0.4,0.3448,0.3774,0.3663,0.3559,0.4,0.4,0.3509,0.3704,0.3571,0.3571,,,,0.3571,0.3413,0.3165
1881141,1/22/2026 2:45,tjen,ws,3600,280,c,ts,1/21/2026,21:45:38,0,,,0.2632,l,0.3448,0.2778,0.2778,0.4049,0.3175,0.3175,0.3077,0.2985,0.2985,0.2632,0.2632,0.2632,0.3704,0.303,0.303,,,,,,,0.3175,0.303,0.303,0.2941,0.2941,0.2941,0.289,0.2545,0.2545
2140203,3/2/2026 0:37,frec,ws,6100,200,c,ts,3/1/2026,19:37:38,0,,,0.3333,l,0.4167,0.3636,0.3636,0.4049,0.4149,0.3676,0.3922,0.3922,0.339,0.3333,0.3333,0.3333,0.4167,0.4167,0.3571,0.4082,0.4082,0.3663,0.4255,0.4255,0.3774,0.3846,0.3636,0.3636,0.365,0.365,0.365,0.3676,0.3559,0.3268
2043796,2/15/2026 19:32,tabo,ws,3200,200,c,ts,2/15/2026,14:32:04,0,,,0.3333,l,0.4167,0.4167,0.4167,0.4049,0.4049,0.4049,,,,0.3333,0.3333,0.3226,,,,,,,,,,0.3846,0.3774,0.3774,0.4082,0.4082,0.3774,0.3521,0.3484,0.3472
2069223,2/20/2026 23:10,berr,ws,5500,146,d,ts,2/20/2026,18:10:17,0,,,0.4065,l,0.4651,0.4651,0.5,0.4065,0.4202,0.4202,0.4444,0.4444,0.4444,0.4444,0.4878,0.4878,0.5652,0.5652,0.5652,0.4785,0.4785,0.5074,,,,0.4762,0.4878,0.5,,,,0.4348,0.4386,0.4464
1883415,1/22/2026 6:47,wuy,ws,4500,185,f,ts,1/21/2026,1:47:34,0,,,0.3509,l,0.3509,0.3704,0.3704,0.4065,0.4065,0.4255,0.4484,0.4484,0.4484,0.4167,0.4167,0.4167,0.4,0.4,0.4167,0.3876,0.3876,0.3876,,,,0.4444,0.4651,0.4651,,,,0.3759,0.3788,0.3802
2068667,2/20/2026 15:12,anis,ws,5900,160,e,ts,2/20/2026,10:12:57,0,,,0.3846,l,0.4878,,0.4878,0.4082,,0.4762,0.4082,,0.4902,0.4878,,0.5238,0.3846,,0.5,0.3876,,0.4587,,,,0.5,,0.5,,,,0.4082,,0.4566
2101431,2/25/2026 18:29,rakh,ws,5700,145,d,ts,2/25/2026,13:29:10,0,,,0.4082,l,0.4545,,0.4651,0.4082,,0.4184,0.5,,0.5122,0.4444,,0.4444,,,,0.4587,,0.4587,,,,0.4878,,0.4878,,,,0.4367,,0.4405
1874290,1/21/2026 3:23,medv,ws,3500,200,c,ts,1/20/2026,22:23:28,0,,,0.3333,w,0.4167,0.4,0.4,0.4082,0.3731,0.3731,0.3774,0.3571,0.3571,0.3333,0.3333,0.3333,0.4,0.3846,0.3846,0.4184,0.4184,0.4386,,,,0.3774,0.3704,0.3704,,,,0.3571,0.3333,0.3333
2092766,2/23/2026 18:28,para,ws,3500,210,l,ts,2/23/2026,13:28:01,0,,,0.3226,l,0.3704,0.3226,0.3226,0.4098,0.339,0.3817,0.3636,0.3175,0.303,0.3226,0.3226,0.3226,0.4,0.4,0.3509,0.3876,0.3774,0.3257,,,,0.3226,0.3226,0.3226,,,,0.3436,0.3077,0.2907
2144172,3/3/2026 3:48,stef,ws,5400,210,c,ts,3/2/2026,22:48:25,0,,,0.3226,l,0.4348,0.3333,0.3333,0.4098,0.2967,0.2967,0.3922,0.3922,0.3226,0.3226,0.3226,0.3226,0.4,0.4,0.3077,,,,0.4167,0.4167,0.3226,0.3571,0.3226,0.3279,,,,0.3559,0.3125,0.2833
2009729,2/11/2026 3:13,giro,ws,3300,200,c,ts,2/10/2026,22:13:08,0,,,0.3333,l,0.3704,,0.3333,0.4115,,0.3623,0.4202,,0.3636,0.3333,,0.3333,0.3846,,0.4167,,,,,,,0.4,,0.3571,0.3831,,0.3378,0.3546,,0.3165
2079814,2/21/2026 22:48,sakh,ws,3500,175,c,ts,2/21/2026,17:48:28,0,,,0.3636,l,0.4444,0.3636,0.3636,0.4115,0.4405,0.3497,0.4202,0.3448,0.3448,0.3636,0.3636,0.3636,0.4167,0.4167,0.3333,0.3876,0.3876,0.346,,,,,,,,,,0.3831,0.3436,0.3165
2107881,2/26/2026 5:01,kovc,ws,5100,190,c,ts,2/25/2026,0:01:05,0,,,0.3448,l,0.4167,,0.3636,0.4115,,0.3534,0.4386,,0.3636,0.3448,,0.3448,0.4167,,0.3704,0.4082,,0.3257,0.4,,0.3571,0.4,,0.3774,,,,0.3759,,0.3247
2112712,2/27/2026 2:12,agst,ws,3200,175,c,ts,2/26/2026,21:12:00,0,,,0.3636,l,,,,0.4115,0.3891,0.3891,0.4386,0.4,0.4,0.3636,0.3636,0.3636,0.3846,0.3846,0.3333,0.4274,0.4184,0.4184,0.4167,0.3846,0.3846,0.4082,0.4082,0.4082,,,,0.3817,0.3546,0.3521
2054624,2/18/2026 19:42,kopr,ws,3300,160,f,ts,2/18/2026,14:42:08,0,,,0.3846,w,0.3846,0.4082,0.4167,0.4115,0.4115,0.4405,0.4444,0.4444,0.4545,0.4348,0.4348,0.4348,,,,0.4386,0.4386,0.4484,,,,0.4651,0.4651,0.4651,,,,0.4032,0.4065,0.4115
2047640,2/16/2026 23:36,sebo,ws,11200,210,c,ts,2/16/2026,18:36:07,0,,,0.3226,w,0.4545,,0.3125,0.4115,,0.3021,,,,0.3226,,0.3226,,,,,,,,,,0.3571,,0.2985,,,,0.3509,,0.274
2047635,2/16/2026 23:35,sebo,ws,10700,205,l,ts,2/16/2026,18:35:09,0,,,0.3279,w,0.4545,0.3333,0.3333,0.4115,0.2976,0.2976,,,,0.3333,0.3333,0.3636,,,,,,,,,,0.3279,0.3175,0.3175,,,,0.3891,0.2833,0.2857
2103028,2/26/2026 0:52,dard,ws,4100,175,c,ts,2/25/2026,19:52:49,0,,,0.3636,w,0.4167,0.3636,0.3636,0.4132,0.4292,0.3745,0.4255,0.4255,0.3704,0.3636,0.3636,0.3636,0.4348,0.4348,0.3846,0.4274,0.4274,0.3876,,,,0.4255,0.3846,0.3846,,,,0.3861,0.365,0.3356
2107377,2/26/2026 4:10,kovc,ws,7600,230,c,ts,2/25/2026,23:10:22,0,,,0.303,l,0.4348,0.303,0.303,0.4149,0.4,0.3058,0.3774,0.3774,0.2941,0.303,0.303,0.303,0.4167,0.4348,0.303,0.3663,0.3663,0.2841,,,,0.339,0.3175,0.3125,,,,0.3448,0.3125,0.2653
2095069,2/24/2026 20:00,uchk,ws,16700,230,c,ts,2/24/2026,15:00:25,0,,,0.303,l,0.4651,0.3636,0.3636,0.4149,0.2849,0.2849,0.4587,0.3571,0.3571,0.303,0.303,0.303,,,,,,,,,,,,,,,,0.4016,0.3058,0.3058
2094018,2/24/2026 2:55,frul,ws,14500,210,l,ts,2/23/2026,21:55:15,0,,,0.3226,l,0.4651,0.3125,0.2778,0.4167,0.3077,0.3077,0.4545,0.339,0.3226,0.3226,0.3226,0.3448,0.4167,0.3333,0.3333,0.4184,0.3356,0.3356,,,,0.3226,0.3226,0.3226,,,,0.4065,0.2915,0.2833
2101303,2/25/2026 16:46,ugo,ws,3700,160,f,ts,2/25/2026,11:46:59,0,,,0.3846,l,0.3846,0.3846,0.4167,0.4167,0.4167,0.4386,0.4545,0.4545,0.4808,0.4545,0.4878,0.4878,0.4348,0.4348,0.4545,,,,,,,0.4651,0.4762,0.4762,,,,0.4032,0.4082,0.4255
2097329,2/25/2026 1:36,zarr,ws,7400,140,d,ts,2/24/2026,20:36:45,0,,,0.4167,l,0.4878,0.5,0.5,0.4167,0.4587,0.4608,0.4673,0.4673,0.4902,,,,0.6154,0.6154,0.6154,0.4484,0.4695,0.4695,,,,0.4878,0.5122,0.5122,,,,0.4464,0.463,0.4651
2042689,2/15/2026 16:15,jara,ws,5900,140,d,ts,2/15/2026,11:15:59,0,,,0.4167,l,0.5122,0.5349,0.5349,0.4167,0.4762,0.4762,,,,0.4762,0.4762,0.4762,,,,,,,,,,,,,,,,0.4464,0.4739,0.4739
2028295,2/14/2026 6:12,kasn,ws,7900,200,c,ts,2/13/2026,1:12:52,0,,,0.3333,l,0.4444,0.3636,0.3636,0.4184,0.2994,0.2994,0.4202,0.3509,0.3509,0.3333,0.3333,0.3333,,,,,,,,,,,,,,,,0.3788,0.3067,0.3067
2061643,2/19/2026 19:39,leom,ws,12800,230,c,ts,2/19/2026,14:39:50,0,,,0.303,l,0.4444,0.2857,0.2857,0.4184,0.3077,0.3077,,,,0.303,0.303,0.3333,,,,,,,,,,,,,,,,0.3788,0.2558,0.2611
2088512,2/22/2026 17:09,kopr,ws,5100,190,l,ts,2/22/2026,12:09:49,0,,,0.3448,l,0.4167,0.3333,0.3333,0.4202,0.3268,0.3268,0.3922,0.3279,0.3279,0.3774,0.3774,0.3774,0.4348,0.3448,0.3448,,,,,,,0.3448,0.3448,0.3448,,,,0.3731,0.3021,0.3021
2119833,2/28/2026 4:20,paol,ws,4800,185,m,ts,2/27/2026,23:20:54,0,,,0.3509,w,0.4,,,0.4202,,,0.3846,,,0.3846,,,0.4,,,0.3968,,,0.3509,,,0.4348,,,,,,0.369,,
1888673,1/23/2026 3:08,sonm,ws,5600,210,c,ts,1/22/2026,22:08:51,0,,,0.3226,l,0.4167,0.3704,0.3704,0.4219,0.3185,0.3185,0.3922,0.3571,0.3571,0.3226,0.3226,0.3226,0.4,0.3448,0.3448,0.3876,0.3876,0.3876,,,,0.3571,0.3571,0.3571,,,,0.3546,0.3175,0.3175
1894509,1/24/2026 3:25,mach,ws,9900,200,c,ts,1/23/2026,22:25:25,0,,,0.3333,l,0.5,0.3509,0.3509,0.4237,0.3247,0.3247,0.3922,0.3125,0.3125,0.3333,0.3333,0.3333,0.4348,0.4348,0.3125,0.4386,0.4082,0.3559,,,,0.3509,0.3333,0.339,,,,0.3891,0.3205,0.2924
2006772,2/10/2026 16:09,sini,ws,4800,175,l,ts,2/10/2026,11:09:38,0,,,0.3636,l,0.4167,0.3226,0.3226,0.4237,0.3333,0.3333,0.4386,0.3279,0.3279,0.3636,0.3636,0.3636,0.4167,0.3333,0.3333,0.4184,0.4082,0.3356,,,,0.3636,0.3509,0.3509,0.33,0.33,0.33,0.3906,0.3106,0.2985
2006773,2/10/2026 16:09,sini,ws,4800,175,c,ts,2/10/2026,11:09:38,0,,,0.3636,l,0.4167,0.3226,0.3226,0.4237,0.3333,0.3333,0.4386,0.3279,0.3279,0.3636,0.3636,0.3636,0.4167,0.3333,0.3333,0.4184,0.4082,0.3356,,,,0.3636,0.3509,0.3509,0.33,0.33,0.33,0.3906,0.3106,0.2985
2143737,3/3/2026 3:02,svat,ws,5600,136,d,ts,3/2/2026,22:02:43,0,,,0.4237,l,0.5,0.5,0.4255,0.4237,0.4237,0.3704,0.5098,0.5098,0.463,0.4878,0.4348,0.4348,0.4545,0.4545,0.4,0.4878,0.4785,0.4184,0.505,0.505,0.4545,0.4651,0.4444,0.4545,,,,0.4525,0.4464,0.4016
2116443,2/27/2026 16:21,grie,ws,4600,215,b,ts,2/27/2026,11:21:11,0,,,0.3175,w,0.3571,,0.3571,0.4237,0.4219,0.4219,0.3175,0.3226,0.3226,,,,0.3704,,,0.3663,0.3774,0.3876,0.4167,0.4167,0.4167,0.4,0.4,0.3922,,,,0.3436,0.3509,0.3448
2001641,2/8/2026 20:52,kyps,ws,10500,190,c,ts,2/8/2026,15:52:19,0,,,0.3448,l,0.4444,0.3448,0.3448,0.4255,0.3226,,0.4651,0.3279,0.3636,0.3448,0.3448,0.3448,0.4545,0.3509,0.3509,0.4184,0.3356,0.346,,,,0.3509,0.3571,0.3774,0.3436,0.3436,0.3436,0.4032,0.3021,0.3195
2092803,2/23/2026 19:34,bond,ws,5300,135,d,ts,2/23/2026,14:34:04,0,,,0.4255,l,0.5,0.5122,0.5122,0.4255,0.4651,0.4878,0.4831,0.5074,0.5074,0.5122,0.5122,0.5122,0.4545,0.4545,0.4878,0.4587,0.4785,0.4878,,,,0.5122,0.5122,0.5122,,,,0.4525,0.4673,0.4739
2071812,2/21/2026 17:37,mont,ws,5000,135,d,ts,2/21/2026,12:37:11,0,,,0.4255,l,0.4762,0.5238,0.5238,0.4255,0.4717,0.4717,0.4854,0.5238,0.5238,0.5238,0.5238,0.5238,0.4545,0.4878,0.4878,0.4785,0.5283,0.5575,,,,0.5122,0.5122,0.5122,,,,0.4505,0.4785,0.4785
2105385,2/26/2026 2:13,kecm,ws,3200,165,c,ts,2/25/2026,21:13:29,0,,,0.3774,w,0.4348,,0.4348,0.4255,,0.4149,0.4292,,0.4292,0.3774,,0.3636,0.4348,,0.4167,0.4386,,0.4274,,,,0.4348,,0.4,,,,0.3968,,0.3861
2020008,2/12/2026 21:49,stru,ws,6600,240,c,ts,2/12/2026,16:49:51,0,,,0.2941,l,,,,0.4274,0.3367,0.3367,0.3922,0.3175,0.3175,0.2941,0.2941,,,,,0.3663,0.2841,0.2841,,,,0.3448,0.3448,0.339,0.3268,0.3268,0.3155,0.3333,0.2786,0.2833
2047022,2/16/2026 19:11,scot,ws,3400,160,c,ts,2/16/2026,14:11:56,0,,,0.3846,l,0.4762,,0.4255,0.4274,,0.3831,,,,0.3846,,0.3846,,,,,,,,,,0.4444,,0.4167,,,,0.4065,,0.3731
2082186,2/22/2026 0:05,ymee,ws,3400,200,l,ts,2/21/2026,19:05:57,0,,,0.3333,w,0.3922,0.2857,0.2857,0.4274,0.3891,0.2882,0.4167,0.3125,0.3125,0.3226,0.3226,0.3226,0.4167,0.4167,0.3077,0.4386,0.4184,0.3663,,,,0.3333,0.3125,0.3279,,,,0.3534,0.295,0.2639
2107477,2/26/2026 4:21,bell,ws,3100,150,c,ts,2/25/2026,23:21:03,0,,,0.4,w,0.4651,0.4651,0.4651,0.4274,0.4274,0.4274,0.4348,0.4348,0.4348,0.4,0.4255,0.4255,0.4348,0.4348,0.4348,0.4587,0.4587,0.4587,0.4651,0.4651,0.4651,0.4545,0.4651,0.4762,,,,0.4167,0.4202,0.4219
2101542,2/25/2026 19:39,rind,ws,3500,160,c,ts,2/25/2026,14:39:36,0,,,0.3846,w,0.4545,0.4545,0.4,0.4274,0.4274,0.4274,0.4484,0.4484,0.4484,0.3846,0.3846,0.3846,0.4545,0.4545,0.4545,0.4184,0.4184,0.4184,,,,0.4348,0.4167,0.4,,,,0.4032,0.4,0.3861
2074750,2/21/2026 20:14,dole,ws,3000,150,e,ts,2/21/2026,15:14:03,0,,,0.4,w,0.4545,0.4545,0.4545,0.4274,0.431,0.431,0.4587,0.4484,0.4484,0.4651,0.5122,0.5122,0.4,0.4,0.4,0.4587,0.4386,0.4386,,,,,,,,,,0.4167,0.4149,0.4149
2145046,3/3/2026 21:06,schj,ws,5400,134,d,ts,3/3/2026,16:06:40,0,,,0.4274,w,0.5,,0.5,0.4274,,0.4348,0.5192,,0.5192,0.4651,,0.4651,,,,,,,0.4878,,0.4878,,,,,,,0.4545,,0.4545
2007849,2/11/2026 0:44,come,ws,6000,133,d,ts,2/10/2026,19:44:41,0,,,0.4292,l,0.4878,0.5238,0.5238,0.4292,0.495,0.495,0.4808,0.5238,0.5146,0.5238,0.5238,0.5238,0.4651,0.5,0.5,,,,,,,0.5238,0.5349,0.5238,0.505,0.5169,0.5169,0.4587,0.4878,0.4831
2089120,2/22/2026 19:06,garl,ws,5100,133,d,ts,2/22/2026,14:06:30,0,,,0.4292,l,0.4878,0.5238,0.5238,0.4292,0.495,0.495,0.5283,0.5633,0.5633,0.5,0.5,0.5,0.4762,0.4762,0.5238,0.4695,0.5074,0.537,,,,,,,,,,0.4545,0.4926,0.4975
2049523,2/17/2026 14:36,copp,ws,4500,175,c,ts,2/17/2026,9:36:34,0,,,0.3636,l,0.4255,0.3509,0.3509,0.431,0.3559,0.3559,0.4545,0.3922,0.3922,0.3636,0.3636,0.3636,,,,,,,,,,,,,,,,0.3891,0.3268,0.3268
2019482,2/12/2026 18:34,quin,ws,3900,150,c,ts,2/12/2026,13:34:34,0,,,0.4,l,0.4545,0.4348,0.4348,0.431,0.4032,0.4032,0.4608,0.4348,0.4348,0.4,0.4,0.4,0.4545,0.4167,0.4167,0.4587,0.4587,0.4274,,,,0.4545,0.4444,0.4444,,,,0.4202,0.3984,0.4
2143406,3/3/2026 2:21,svat,ws,5900,190,c,ts,3/2/2026,21:21:38,0,,,0.3448,l,0.4255,0.4082,0.4348,0.4348,0.3968,0.3984,0.4202,0.4,0.4115,0.3448,0.3448,0.3448,0.4167,0.4,0.4,0.4184,0.4082,0.3876,0.4082,0.3846,0.3846,0.4082,0.4167,0.4167,,,,0.3788,0.3571,0.3676
2140208,3/2/2026 0:38,frec,ws,4000,165,c,ts,3/1/2026,19:38:19,0,,,0.3774,l,0.4348,0.4348,0.3636,0.4348,0.4348,0.3953,0.4255,0.4255,0.3846,0.3774,0.3774,0.3774,0.4348,0.4348,0.4167,0.4484,0.4274,0.4184,0.4651,0.4651,0.4167,0.4348,0.4,0.4,0.4202,0.3861,0.3861,0.4,0.3906,0.361
2007062,2/10/2026 18:52,kals,ws,9300,200,e,ts,2/10/2026,13:52:23,0,,,0.3333,w,0.4878,0.3846,0.3846,0.4348,0.346,0.346,0.4202,0.3571,0.3571,0.3774,0.3774,0.3774,0.3333,0.3333,0.3333,0.4274,0.3663,0.3774,,,,0.3922,0.3774,0.3774,,,,0.3861,0.3322,0.3367
1876414,1/21/2026 6:12,foki,ws,5800,160,c,ts,1/20/2026,1:12:15,0,,,0.3846,w,0.4167,0.4167,0.5,0.4348,0.4202,0.5098,0.4545,0.4545,0.5169,0.3846,0.4545,0.4545,0.4348,0.4348,0.4348,0.4695,0.4785,0.537,,,,0.4762,0.4878,0.5238,0.5238,0.5238,0.5238,0.4149,0.4237,0.4808
1889800,1/23/2026 3:50,sonm,ws,5800,220,e,ts,1/22/2026,22:50:13,0,,,0.3125,l,0.4,,,0.4367,,,0.3802,,,0.3448,,,0.3125,,,0.3774,,,,,,0.3774,,,,,,0.3484,,
2102253,2/26/2026 0:12,svrc,ws,3600,190,c,ts,2/25/2026,19:12:27,0,,,0.3448,l,0.3922,0.3704,0.3704,0.4367,0.4367,0.4367,0.4,0.4,0.4,0.4,0.3448,0.3448,0.4545,0.4545,0.4545,0.3968,0.3968,0.3968,,,,0.3922,0.3704,0.3704,,,,0.3731,0.3559,0.3559
2141688,3/2/2026 22:06,agud,ws,3600,155,l,ts,3/2/2026,17:06:32,0,,,0.3922,w,,,,0.4367,0.3922,0.3922,0.4484,0.3846,0.3846,0.4444,0.4444,0.4444,,,,,,,,,,0.3922,0.3922,0.3922,0.4167,0.4167,0.4167,0.4115,0.3584,0.3584
2141767,3/2/2026 23:08,ymee,ws,5700,129,d,ts,3/2/2026,18:08:13,0,,,0.4367,w,0.5,0.5,0.5,0.4367,0.4367,0.4367,0.495,0.495,0.495,0.5122,0.5122,0.5122,0.4762,0.4762,0.4762,0.4878,0.4785,0.4785,0.5349,0.5349,0.5349,0.5238,0.5238,0.5238,,,,0.4651,0.463,0.463
2088530,2/22/2026 17:18,chaa,ws,5100,129,d,ts,2/22/2026,12:18:01,0,,,0.4367,w,0.5,,0.5122,0.4367,,0.4739,,,,0.5455,,0.5455,,,,,,,,,,,,,,,,0.463,,0.4785
2098483,2/25/2026 2:30,zarr,ws,3400,190,c,ts,2/24/2026,21:30:42,0,,,0.3448,l,0.3922,,0.3571,0.4405,,0.3861,0.3922,,0.3571,0.3448,,0.3448,0.4167,,0.3846,0.4184,,0.4082,,,,0.3846,,0.3636,,,,0.365,,0.3247
1963305,2/4/2026 2:40,ilag,ws,3200,175,c,ts,2/3/2026,21:40:46,0,,,0.3636,l,0.4348,,0.3846,0.4405,,,0.4167,,0.3774,0.3636,,0.3636,,,,,,,,,,,,,,,,0.3817,,
2102521,2/26/2026 0:27,atma,ws,4800,127,d,ts,2/25/2026,19:27:00,0,,,0.4405,w,0.5,,,0.4405,,,0.4854,,,0.5455,,,0.4651,,,0.4695,,,,,,0.5238,,,,,,0.4608,,
2108521,2/26/2026 17:17,krua,ws,4900,127,d,ts,2/26/2026,12:17:18,0,,,0.4405,w,0.4878,0.4878,0.4878,0.4405,0.4405,0.4444,0.5122,0.5122,0.5122,0.5122,0.5122,0.5556,0.4762,0.4762,0.4762,0.4878,0.4785,0.4785,0.5122,0.5122,0.5122,0.5122,0.5122,0.5238,,,,0.4651,0.463,0.4695
2094053,2/24/2026 3:02,frul,ws,6200,165,c,ts,2/23/2026,22:02:16,0,,,0.3774,l,0.4348,,,0.4425,,,0.4762,,,0.3774,,,0.4348,,,0.4184,,,,,,0.3846,,,,,,0.4115,,
1875422,1/21/2026 4:08,pota,ws,5600,175,c,ts,1/20/2026,23:08:07,0,,,0.3636,w,0.4651,0.4255,0.4255,0.4425,0.4167,0.4132,0.4202,0.3846,0.3846,0.3636,0.3636,0.3636,0.4545,0.4167,0.4167,0.4274,0.3663,0.3663,,,,0.4082,0.4,0.4,,,,0.3953,0.361,0.361
2047319,2/16/2026 21:37,gast,ws,3100,175,c,ts,2/16/2026,16:37:38,0,,,0.3636,w,0.4255,0.4082,0.4082,0.4425,0.3571,0.3623,0.4255,0.4255,0.4082,0.3636,0.3636,0.3636,,,,,,,,,,,,,,,,0.3802,0.365,0.3571
2090783,2/22/2026 21:29,lepc,ws,3300,165,c,ts,2/22/2026,16:29:57,0,,,0.3774,w,0.4255,0.3509,0.3509,0.4425,0.3636,0.3636,0.4255,0.3636,0.3636,0.3774,0.3774,0.3774,0.4545,0.4545,0.3846,0.4184,0.3559,0.3774,,,,0.3846,0.3774,0.3774,,,,0.3953,0.3311,0.3268
2094305,2/24/2026 3:53,masa,ws,3300,160,c,ts,2/23/2026,22:53:36,0,,,0.3846,w,0.4348,0.4167,0.4167,0.4425,0.3953,0.3953,0.4444,0.4167,0.4167,0.3846,0.3846,0.4255,0.4545,0.4348,0.4348,0.4386,0.4184,0.4184,,,,0.4348,0.4167,0.4255,,,,0.4049,0.3802,0.3846
2088497,2/22/2026 16:56,pela,ws,5000,150,l,ts,2/22/2026,11:56:26,0,,,0.4,w,0.4762,0.4167,0.4167,0.4425,0.3876,0.3876,0.4608,0.4167,0.4167,,,,0.4167,0.3846,0.3846,0.4587,0.4386,0.4184,,,,0.4,0.4,0.4,,,,0.4255,0.3676,0.3676
2095467,2/24/2026 23:21,buse,ws,7500,160,c,ts,2/24/2026,18:21:56,0,,,0.3846,l,0.4878,0.3846,0.3846,0.4444,,,0.4545,0.3472,0.3704,0.3846,0.3846,0.3846,0.4348,0.3704,0.3704,,,,,,,0.3846,0.3774,0.3774,,,,0.4237,0.3344,0.339
2145905,3/4/2026 0:17,barn,ws,6800,190,c,ts,3/3/2026,19:17:11,0,,,0.3448,l,0.4167,0.3125,0.3125,0.4444,0.3333,0.3333,0.4717,0.4,0.4,0.3448,0.3448,0.3774,0.4167,0.3333,,,,,0.4444,0.3636,0.3636,0.3774,0.3704,0.3704,,,,0.3831,0.3195,0.3226
2088588,2/22/2026 18:05,brac,ws,5100,150,b,ts,2/22/2026,13:05:38,0,,,0.4,w,0.4651,0.4878,0.4878,0.4444,0.4878,0.4902,0.4,0.4292,0.4545,0.5,0.5,0.5,0.4762,0.4878,0.4878,0.4587,0.5074,0.4878,,,,0.4878,0.5,0.5,,,,0.4237,0.4425,0.4505
2044454,2/15/2026 20:12,gaub,ws,5300,125,d,ts,2/15/2026,15:12:19,0,,,0.4444,w,0.5238,,0.5455,0.4444,,0.4673,0.5,,0.5,0.5122,,0.5122,,,0.4762,0.4878,,0.4878,,,,0.5238,,0.5349,0.4975,,0.5238,0.4695,,0.4785
2047158,2/16/2026 20:25,stom,ws,10400,125,d,ts,2/16/2026,15:25:39,0,,,0.4444,w,0.5556,0.5556,0.5556,0.4444,0.5098,0.5098,,,,0.5455,0.5455,0.5455,,,,,,,,,,0.5349,0.5238,0.5122,,,,0.495,0.5122,0.5122
2083164,2/22/2026 0:40,chaa,ws,4900,165,c,ts,2/21/2026,19:40:22,0,,,0.3774,w,0.4545,0.3774,0.3774,0.4444,0.3663,0.3704,,,,0.3774,0.3774,0.3774,,,,,,,,,,,,,,,,0.4032,0.3378,0.3378
1881418,1/22/2026 3:04,tjen,ws,5500,240,c,ts,1/21/2026,22:04:56,0,,,0.2941,l,0.4348,,,0.4464,,,0.3175,,,0.2941,,,0.4167,,,,,,,,,0.3226,,,0.3322,,,0.3279,,
1881421,1/22/2026 3:05,tjen,ws,3100,175,c,ts,1/21/2026,22:05:13,0,,,0.3636,l,0.4348,0.4348,0.4348,0.4464,0.4464,0.4464,0.4,0.4,0.4,0.3636,0.3636,0.2941,0.4167,0.4167,0.4167,,,,,,,0.4167,0.4,0.4,0.4274,,,0.3802,0.3759,0.3731
2019848,2/12/2026 20:48,jonj,ws,4100,175,c,ts,2/12/2026,15:48:19,0,,,0.3636,w,0.4545,,,0.4464,,,0.4386,,,0.3636,,,0.4545,,,0.4184,,,,,,0.4082,,,0.999,,,0.3953,,
1882490,1/22/2026 4:23,zanb,ws,3000,155,f,ts,1/21/2026,23:23:25,0,,,0.3922,w,0.3922,0.4545,0.4545,0.4464,0.4464,0.4545,0.4651,0.4651,0.4651,0.4255,0.4255,0.4255,0.4348,0.4348,0.4545,,,,,,,0.4545,0.4545,0.4545,0.4444,0.4444,0.4444,0.4082,0.4202,0.4219
1918329,1/28/2026 3:48,anis,ws,5000,165,c,ts,1/27/2026,22:48:38,0,,,0.3774,l,0.4348,0.3333,0.3333,0.4484,0.3704,0.3704,0.4386,0.3704,0.3704,0.4545,0.3774,0.3774,0.4348,0.3509,0.3509,,,,,,,0.3774,0.3636,0.3636,0.9,0.9,0.9,0.4098,0.3236,0.3236
2107482,2/26/2026 4:21,bell,ws,3800,150,c,ts,2/25/2026,23:21:20,0,,,0.4,w,0.4651,0.4651,0.4651,0.4484,0.4484,0.4274,0.4348,0.4348,0.4348,0.4,0.4,0.4,0.4348,0.4348,0.4348,0.4587,0.4484,0.4484,0.4762,0.4762,0.4651,0.4545,0.4545,0.4545,,,,0.4202,0.4149,0.4149
2098746,2/25/2026 2:40,dole,ws,4800,123,d,ts,2/24/2026,21:40:46,0,,,0.4484,w,0.4878,,0.5,0.4484,,0.5,0.5392,,0.569,0.5122,,0.5122,0.4762,,0.5,,,,,,,0.5238,,0.5349,,,,0.4717,,0.4926
2082306,2/22/2026 0:10,chaa,ws,5000,165,c,ts,2/21/2026,19:10:03,0,,,0.3774,w,0.4545,,,0.4484,,,,,,0.3774,,,,,,,,,,,,,,,,,,0.4049,,
2011047,2/11/2026 18:37,broj,ws,3400,165,c,ts,2/11/2026,13:37:23,0,,,0.3774,l,0.4348,0.4348,0.3922,0.4505,0.4505,0.4525,0.4255,0.4,0.4,0.3774,0.3774,0.3774,0.4651,0.4545,0.4545,,,,,,,0.4348,0.4255,0.4167,0.4545,0.4082,0.4082,0.3968,0.3861,0.3717
2006691,2/10/2026 15:15,sini,ws,13600,230,e,ts,2/10/2026,10:15:22,0,,,0.303,l,0.4167,0.3333,,0.4505,0.3831,,0.4444,0.3774,,,,,0.303,0.303,,0.4484,0.3968,,,,,0.3922,0.3636,,0.361,0.361,,0.3861,0.3205,
2094292,2/24/2026 3:47,xiny,ws,6300,150,f,ts,2/23/2026,22:47:47,0,,,0.4,l,0.4,0.4545,0.4545,0.4505,0.4505,0.4831,0.4831,0.4831,0.5,0.5,0.5,0.5,0.4545,0.4545,0.4878,0.4484,0.4484,0.4785,,,,0.5,0.5122,0.5122,,,,0.4329,0.4405,0.4545
1882241,1/22/2026 3:59,sieg,ws,5300,175,c,ts,1/21/2026,22:59:32,0,,,0.3636,l,0.4348,0.3846,,0.4525,,,0.4444,0.4115,,0.3636,0.3636,,0.4348,0.4,,0.4274,0.4274,,,,,0.4,0.4,,0.4049,0.4049,,0.3937,0.3676,
2135573,3/1/2026 3:30,paol,ws,5400,145,m,ts,2/28/2026,22:30:57,0,,,0.4082,l,0.4651,,,0.4525,,,,,,0.5349,,,0.4545,,,0.4386,,,0.4082,,,0.5,,,,,,0.4367,,
2136941,3/1/2026 18:23,lepc,ws,5700,165,c,ts,3/1/2026,13:23:26,0,,,0.3774,l,0.4651,,,0.4545,,,0.4386,,,0.3774,,,0.4762,,,0.4274,,,0.4651,,,0.4255,,,,,,0.4082,,
2020148,2/12/2026 23:45,navo,ws,6000,160,f,ts,2/12/2026,18:45:36,0,,,0.3846,l,0.3846,,,0.4545,,,0.4587,,,0.5122,,,0.4651,,,0.4274,,,,,,0.4878,,,0.4237,,,0.4167,,
2094342,2/24/2026 4:00,vach,ws,3700,150,c,ts,2/23/2026,23:00:27,0,,,0.4,w,0.4651,,0.4348,0.4545,,0.4219,0.4444,,0.4115,0.4,,0.4,0.4348,,0.4167,0.4587,,0.4386,,,,0.4545,,0.4348,,,,0.4202,,0.3876
2012658,2/12/2026 0:41,tabi,ws,9500,165,c,ts,2/11/2026,19:41:54,0,,,0.3774,w,0.4651,0.3704,0.3704,0.4545,0.3704,0.3704,0.4545,0.3448,0.3704,0.3774,0.3774,0.3774,0.4651,0.3846,0.3846,0.4695,0.3876,0.3876,,,,0.3846,0.3922,0.4,,,,0.4274,0.3378,0.3472
2019507,2/12/2026 18:46,marz,ws,3100,150,c,ts,2/12/2026,13:46:05,0,,,0.4,w,0.4651,0.4255,,0.4566,0.4255,,0.4386,0.4167,,0.4,0.4,,0.4651,0.4348,,,,,,,,,,,0.4274,0.4274,,0.4167,0.3876,
2074480,2/21/2026 20:05,dole,ws,4500,160,c,ts,2/21/2026,15:05:22,0,,,0.3846,w,0.4444,0.3922,0.3922,0.4566,0.3968,0.3968,0.4386,0.3704,0.3704,0.3846,0.3846,0.3846,0.4348,0.3846,0.3846,0.4484,0.3968,0.3968,,,,,,,,,,0.4082,0.3521,0.3521
2139972,3/1/2026 23:40,day,ws,4700,150,c,ts,3/1/2026,18:40:02,0,,,0.4,w,,,,0.4566,0.4115,0.4098,0.463,0.4386,0.4386,0.4,0.4,0.4,0.4545,0.4167,0.4167,0.4878,0.4587,0.4386,0.4762,0.4444,0.4444,0.4444,0.4348,0.4348,0.4545,0.4545,0.4545,0.4237,0.3922,0.3984
2006968,2/10/2026 17:53,land,ws,20500,210,c,ts,2/10/2026,12:53:43,0,,,0.3226,w,0.5,0.3448,0.3448,0.4566,,0.3077,0.5,0.2857,0.3509,0.3226,0.3226,0.3226,,,,,,,,,,,,,,,,0.4405,,0.2994
2002309,2/9/2026 15:29,humb,ws,17400,119,d,ts,2/9/2026,10:29:33,0,,,0.4566,w,0.5455,0.6,0.6,0.4566,0.5726,0.5726,0.5726,0.6109,0.6109,0.6296,0.6296,0.6296,0.5455,0.5455,0.6154,,,,,,,0.5833,0.6226,0.6226,0.5868,0.6032,0.6032,0.5283,0.5708,0.5745
1973850,2/5/2026 20:13,korp,ws,5100,119,d,ts,2/5/2026,15:13:58,0,,,0.4566,w,0.5,0.5455,,0.4566,0.5475,,,,,0.5745,0.5745,,0.5,0.5,,0.4878,0.4975,,,,,0.5652,0.5652,,,,,0.4808,0.5098,
2069031,2/20/2026 20:23,mens,ws,5300,165,c,ts,2/20/2026,15:23:35,0,,,0.3774,l,0.4348,,0.3922,0.4587,,0.4202,0.4545,,0.4202,0.3774,,0.3774,0.4651,,0.4082,0.4386,,0.4184,,,,0.4255,,0.4255,,,,0.4082,,0.3788
2094277,2/24/2026 3:45,xiny,ws,5300,118,d,ts,2/23/2026,22:45:00,0,,,0.4587,l,,,,0.4587,,0.4587,0.5192,,0.5495,0.5349,,0.5833,0.4878,,0.4878,0.5074,,0.5074,,,,0.5349,,0.5652,,,,0.4831,,0.5
2103972,2/26/2026 1:25,atma,ws,3600,170,f,ts,2/25/2026,20:25:45,0,,,0.3704,w,0.3704,,0.4167,0.4587,,0.4739,0.4386,,0.4651,0.4348,,0.4545,0.4545,,0.4545,0.3968,,0.4386,,,,0.4545,,0.4545,,,,0.3906,,0.4167
2093628,2/24/2026 1:55,town,ws,4100,165,c,ts,2/23/2026,20:55:38,0,,,0.3774,w,0.4651,0.3774,,0.4587,0.4587,,0.4444,0.4444,,0.3774,0.3774,,0.4348,0.4348,,0.4184,0.4184,,,,,0.4167,0.3922,,,,,0.4,0.3717,
2083331,2/22/2026 0:46,chaa,ws,3100,150,c,ts,2/21/2026,19:46:34,0,,,0.4,w,0.4651,0.3636,0.3636,0.4587,0.3663,0.3663,,,,0.4,0.4,0.4,,,,,,,,,,,,,,,,0.4167,0.3344,0.3344
2092762,2/23/2026 18:26,para,ws,3100,160,c,ts,2/23/2026,13:26:10,0,,,0.3846,l,0.4545,0.4545,0.4082,0.4608,0.4608,0.4608,0.4255,0.4255,0.4255,0.4255,0.3846,0.3846,0.4348,0.4348,0.4348,0.4184,0.4184,0.4184,,,,0.4348,0.4167,0.4082,,,,0.4032,0.3968,0.3846
2141677,3/2/2026 22:01,agud,ws,4200,150,l,ts,3/2/2026,17:01:28,0,,,0.4,w,,,,0.4608,0.3984,0.3906,0.4608,0.4082,0.4082,0.4348,0.4348,0.4348,,,,,,,,,,0.4167,0.4,0.4082,0.4219,0.4219,0.4219,0.4219,0.3731,0.3676
2112883,2/27/2026 2:17,agst,ws,5100,160,c,ts,2/26/2026,21:17:19,0,,,0.3846,l,0.4545,0.4348,0.4348,0.463,0.4202,0.4202,0.4587,0.4386,0.4386,0.3846,0.3846,0.3846,0.4167,0.4167,0.4167,0.4274,0.4082,0.4082,0.4444,0.4255,0.4255,0.4444,0.4444,0.4444,,,,0.4115,0.3937,0.3953
2091840,2/23/2026 0:45,meji,ws,5800,135,c,ts,2/22/2026,19:45:54,0,,,0.4255,l,0.5,0.5,0.5,0.463,0.4425,0.4425,0.495,0.495,0.495,0.4255,0.4255,0.4255,0.4878,0.4762,0.4762,0.4975,0.4878,0.4878,,,,0.4878,0.4545,0.4444,,,,0.4545,0.4444,0.4425
1999236,2/8/2026 16:54,line,ws,6000,190,c,ts,2/8/2026,11:54:00,0,,,0.3448,w,0.4348,,,0.463,,,0.4115,,,0.3448,,,0.4348,,,0.4184,,,,,,0.3774,,,0.3717,,,0.3802,,
2047444,2/16/2026 22:29,sebo,ws,6300,116,d,ts,2/16/2026,17:29:52,0,,,0.463,w,0.5122,0.5455,0.5455,0.463,0.5192,0.5192,,,,0.5652,0.5652,0.5652,,,,,,,,,,0.5556,0.5745,0.5745,,,,0.4926,0.5146,0.5146
2011066,2/11/2026 18:49,bura,ws,4100,150,f,ts,2/11/2026,13:49:28,0,,,0.4,l,0.4,0.4,0.4348,0.4651,0.4651,0.4651,0.4762,,,0.4651,0.4651,0.4651,,,,0.4386,0.4386,0.4386,,,,0.4762,0.4878,0.4878,0.4673,0.4651,0.4651,0.4184,0.4049,0.4167
1960452,2/3/2026 21:12,shis,ws,5400,150,c,ts,2/3/2026,16:12:03,0,,,0.4,l,0.4762,0.4255,0.4255,0.4673,0.3968,0.3968,0.4762,0.4167,0.4167,0.4,0.4,0.4,,,,,,,,,,,,,,,,0.4274,0.3759,0.3759
1887362,1/23/2026 2:06,taus,ws,7100,150,c,ts,1/22/2026,21:06:07,0,,,0.4,l,0.4878,0.4348,0.4348,0.4673,0.3788,0.3788,0.5098,0.4608,0.4608,0.4,0.4,0.4,0.4651,0.4167,0.4167,0.4695,0.4386,0.4184,,,,0.4444,0.4348,0.4444,,,,0.4367,0.4032,0.4016
2117292,2/27/2026 22:48,bouz,ws,7700,135,c,ts,2/27/2026,17:48:56,0,,,0.4255,l,0.5122,0.4167,,0.4695,0.4167,,0.5305,0.4202,,0.4255,0.4255,,0.5,0.5,,0.4878,0.4695,,0.5238,0.5238,,0.4651,0.4444,,,,,0.4673,0.4016,
2092907,2/23/2026 23:47,kasi,ws,8400,175,c,ts,2/23/2026,18:47:11,0,,,0.3636,w,0.4878,,,0.4695,,,0.431,,,0.3636,,,0.4762,,,0.4695,,,,,,0.3922,,,,,,0.4098,,
1876431,1/21/2026 6:13,foki,ws,7400,165,l,ts,1/20/2026,1:13:35,0,,,0.3774,w,0.5,0.3846,0.3846,0.4695,0.365,0.365,0.5074,0.3509,0.3509,0.3333,0.3333,0.3333,0.4651,0.3704,0.3704,0.4695,0.4386,0.3356,,,,0.3774,0.3846,0.3846,0.5025,0.3731,0.3731,0.4167,0.3344,0.3344
2117260,2/27/2026 21:49,bouz,ws,5900,140,c,ts,2/27/2026,16:49:26,0,,,0.4167,l,0.5,0.4348,0.4348,0.4717,0.4386,0.4386,0.4831,0.4255,0.4255,0.4167,0.4167,0.4167,0.4762,0.4348,0.4348,0.4785,0.4587,0.4587,0.5,0.4444,0.4444,0.4545,0.4444,0.4444,,,,0.4464,0.4049,0.4049
1888498,1/23/2026 2:57,sonm,ws,3400,150,c,ts,1/22/2026,21:57:50,0,,,0.4,l,0.4651,0.4167,0.4167,0.4739,0.4566,0.3861,0.4608,0.4608,0.4115,0.4,0.4,0.4,0.4651,0.4651,0.4167,0.4587,0.4386,0.4386,,,,0.4348,0.4167,0.4167,,,,0.4184,0.4098,0.3745
2144834,3/3/2026 16:02,blan,ws,6000,150,c,ts,3/3/2026,11:02:24,0,,,0.4,w,0.4762,0.4255,0.4255,0.4739,0.4219,0.4386,0.4717,0.431,0.431,0.4,0.4,0.4,,,,,,,0.5,0.4545,0.4545,,,,,,,0.431,0.3876,0.3876
2054343,2/18/2026 16:34,gauf,ws,4500,155,f,ts,2/18/2026,11:34:18,0,,,0.3922,w,0.3922,0.5,0.5,0.4739,0.4739,0.5556,0.4762,0.4762,0.5556,0.4348,0.4762,0.4762,,,,0.4386,0.4386,0.4878,,,,0.5,0.5349,0.5349,,,,0.4167,0.4484,0.4878
1926679,1/29/2026 23:32,kord,ws,6000,125,c,ts,1/29/2026,18:32:08,0,,,0.4444,w,0.5455,0.4651,0.4651,0.4739,0.4902,0.3922,0.5122,0.5122,0.4484,0.4444,0.4444,0.4444,,,,,,,,,,,,,,,,0.4739,0.4425,0.4082
2000124,2/8/2026 18:36,gojo,ws,10500,110,d,ts,2/8/2026,13:36:28,0,,,0.4762,l,0.5455,0.5833,0.5833,0.4762,0.5392,0.5413,0.6032,0.6032,0.6032,0.5745,0.5745,0.5745,,,,,,,,,,,,,,,,0.5215,0.5455,0.5455
2071652,2/21/2026 17:03,mand,ws,4800,110,d,ts,2/21/2026,12:03:36,0,,,0.4762,w,0.5238,0.5833,,0.4762,0.5575,,0.5763,0.6183,,0.5122,0.5745,,0.5122,0.5833,,0.5169,0.5475,,,,,,,,,,,0.4975,0.5556,
2066417,2/20/2026 2:54,fons,ws,11000,200,c,ts,2/19/2026,21:54:24,0,,,0.3333,l,0.4651,,,0.4785,,,0.463,,,0.3333,,,0.4545,,,,,,,,,0.3571,,,,,,0.3953,,
2026902,2/13/2026 22:40,bubl,ws,16900,175,l,ts,2/13/2026,17:40:34,0,,,0.3636,w,0.5,0.3636,0.3636,0.4785,0.3175,0.3175,0.4854,0.3571,0.3571,0.4167,0.4167,0.4348,0.4762,0.3125,0.3125,0.4878,0.3876,0.3876,,,,0.3774,0.3636,0.3636,,,,0.4608,0.33,0.3311
2026903,2/13/2026 22:40,bubl,ws,8700,140,c,ts,2/13/2026,17:40:35,0,,,0.4167,w,0.5,,0.3636,0.4785,,0.3175,0.4854,,0.3571,0.4167,,0.4348,0.4762,,0.3125,0.4975,,0.3876,,,,0.3774,,0.3636,,,,0.4608,,0.33
1883107,1/22/2026 5:30,sieg,ws,7500,165,c,ts,1/21/2026,0:30:58,0,,,0.3774,l,0.4545,0.3636,0.3636,0.4808,0.4219,0.4149,0.4831,0.4115,0.4115,0.3774,0.3774,0.3774,0.9231,0.9231,0.9231,0.4386,0.4386,0.3559,,,,0.4082,0.4167,0.4082,,,,0.4329,0.3984,0.3906
2068885,2/20/2026 19:05,drog,ws,10500,160,c,ts,2/20/2026,14:05:39,0,,,0.3846,l,0.5,0.4082,0.4082,0.4808,0.3906,0.3968,0.4878,0.4202,0.4082,0.3846,0.3846,0.4348,,,,,,,,,,,,,,,,0.4405,0.369,0.369
2006776,2/10/2026 16:10,para,ws,7200,140,f,ts,2/10/2026,11:10:34,0,,,0.4167,l,0.4545,0.5238,0.5238,0.4808,0.4808,0.4808,0.4902,0.4902,0.4902,0.5238,0.5238,0.5238,0.5,0.5,0.5238,0.4785,0.4785,0.4695,,,,0.5238,0.5238,0.5238,0.5349,0.5349,0.5349,0.4587,0.4717,0.4717
2061774,2/19/2026 21:35,sinn,ws,14400,150,l,ts,2/19/2026,16:35:04,0,,,0.4,l,0.5122,0.4082,0.4082,0.4808,0.3704,0.3788,0.5305,0.4545,0.4348,0.4,0.4,0.4,0.4651,0.3704,0.3704,0.4878,0.4184,0.4184,,,,0.4,0.4,0.3922,,,,0.4739,0.3788,0.3745
2081266,2/21/2026 23:30,pard,ws,4900,108,d,ts,2/21/2026,18:30:10,0,,,0.4808,l,0.5455,0.5745,0.5745,0.4808,0.5122,0.5122,0.5392,0.569,0.569,0.5349,0.5745,0.5745,0.5122,0.5122,0.5455,0.5283,0.5475,0.5475,,,,0.5745,0.5833,0.5833,,,,0.5,0.5305,0.5305
2047012,2/16/2026 18:59,scot,ws,5100,160,c,ts,2/16/2026,13:59:17,0,,,0.3846,l,0.4348,0.4348,0.3922,0.4808,0.4808,0.4808,,,,0.3846,0.4255,0.4255,,,,,,,,,,0.4762,0.4255,0.4255,,,,0.4115,0.4032,0.3788
2141783,3/2/2026 23:15,tsen,ws,3300,160,c,ts,3/2/2026,18:15:06,0,,,0.3846,w,0.4255,0.3636,,0.4808,0.4785,,0.4444,0.4444,,0.3846,0.3846,,,,,0.4386,0.4386,,,,,0.4444,0.4255,,,,,0.4032,0.3876,
2068982,2/20/2026 19:56,mens,ws,6600,150,c,ts,2/20/2026,14:56:13,0,,,0.4,l,0.5,0.4255,0.4255,0.4831,0.4149,0.4149,0.463,0.4255,0.4255,0.4,0.4,0.4,0.4762,0.4167,0.4167,0.4785,0.4484,0.4386,,,,0.4444,0.4444,0.4444,,,,0.4348,0.3968,0.3906
2006891,2/10/2026 17:19,para,ws,10300,140,c,ts,2/10/2026,12:19:20,0,,,0.4167,l,0.5,0.3846,0.3846,0.4831,,,0.5169,0.4255,0.4255,0.4167,0.4167,0.4167,0.5455,0.5455,0.5455,0.4785,0.4386,0.3663,,,,0.4167,0.4082,0.4082,0.3876,0.3876,0.3876,0.4673,0.3817,0.3817
2006890,2/10/2026 17:19,para,ws,10300,140,l,ts,2/10/2026,12:19:20,0,,,0.4167,l,0.5,0.3846,0.3846,0.4831,,,0.5169,0.4255,0.4255,0.4167,0.4167,0.4167,0.5455,0.5455,0.5455,0.4785,0.4386,0.3663,,,,0.4167,0.4082,0.4082,0.3876,0.3876,0.3876,0.4673,0.3817,0.3817
2141275,3/2/2026 18:13,smic,ws,4800,107,d,ts,3/2/2026,13:13:17,0,,,0.4831,l,0.5614,,0.5614,0.4831,,0.537,0.5215,,0.5413,0.5122,,0.5455,0.5238,,0.5455,0.537,,0.5475,0.5455,,0.5745,0.5556,,0.5652,0.5516,,0.5475,0.5025,,0.5192
2009190,2/11/2026 2:26,bouj,ws,5200,107,d,ts,2/10/2026,21:26:41,0,,,0.4831,l,0.5455,,0.5455,0.4831,,0.4808,0.5726,,0.5726,0.5122,,0.5122,,,,,,,,,,,,,,,,0.505,,0.505
2088508,2/22/2026 17:07,pela,ws,8800,135,l,ts,2/22/2026,12:07:11,0,,,0.4255,w,0.5,0.3922,0.3922,0.4831,0.3876,0.3876,0.5122,0.4386,0.4386,,,,0.4762,0.3846,0.3846,0.5074,0.4695,0.4785,,,,0.4255,0.4167,0.4167,,,,0.4695,0.369,0.369
2118958,2/28/2026 2:27,sele,ws,21700,195,l,ts,2/27/2026,21:27:24,0,,,0.339,l,0.5,0.3226,0.3226,0.4854,,,0.4902,0.3571,0.3571,,,,0.4762,0.3125,0.3125,0.4785,0.346,0.3356,0.5,0.3571,0.3571,0.339,0.339,0.339,,,,0.4608,0.3058,0.3021
1890492,1/23/2026 6:20,paol,ws,4900,130,c,ts,1/22/2026,1:20:50,0,,,0.4348,l,0.4878,0.4651,0.4651,0.4854,0.4831,0.4831,0.5098,0.5098,0.5098,0.4348,0.4348,0.4348,0.5,0.5,0.5,0.4975,0.4975,0.4695,,,,0.5,0.5,0.5,,,,0.4587,0.4525,0.4505
2092890,2/23/2026 23:01,marz,ws,8700,130,c,ts,2/23/2026,18:01:42,0,,,0.4348,l,0.5,0.4348,0.4348,0.4854,,,0.5392,0.4545,0.4545,0.4348,0.4348,0.4348,0.5,0.4545,0.4545,,,,,,,,,,,,,0.4762,0.4115,0.4115
2047139,2/16/2026 20:21,stom,ws,4500,150,c,ts,2/16/2026,15:21:08,0,,,0.4,w,0.4762,0.4762,0.4255,0.4854,0.4854,0.4098,,,,0.4,0.4,0.4,,,,,,,,,,0.4545,0.4167,0.4082,,,,0.4237,0.4082,0.3817
2002492,2/9/2026 17:38,roye,ws,5700,160,c,ts,2/9/2026,12:38:01,0,,,0.3846,l,0.5122,0.4545,0.4545,0.4878,0.3802,0.3802,0.463,0.4,0.4,0.3846,0.3846,0.3846,0.4545,0.3846,0.3846,0.4587,0.4484,0.4274,,,,0.4082,0.4082,0.4082,,,,0.4237,0.3731,0.3802
2091245,2/22/2026 22:34,karl,ws,20000,190,c,ts,2/22/2026,17:34:23,0,,,0.3448,l,0.5,0.3125,0.3125,0.4878,,,0.495,0.3509,0.3509,0.3448,0.3448,0.3448,0.4878,0.3226,0.3226,0.4975,0.5575,0.5575,,,,0.3279,0.3333,0.3333,,,,0.4545,0.2915,0.2915
2042721,2/15/2026 16:45,svrc,ws,5200,105,d,ts,2/15/2026,11:45:40,0,,,0.4878,l,0.5455,0.5455,0.5455,0.4878,0.5434,0.5434,,,,0.5745,0.5745,0.5745,,,,0.6078,0.6078,0.6078,,,,0.5556,0.5556,0.5556,,,,0.5098,0.5192,0.5192
2044413,2/15/2026 20:10,gaub,ws,6900,105,d,ts,2/15/2026,15:10:16,0,,,0.4878,w,0.5833,0.5833,0.5833,0.4878,,0.4878,0.5475,0.5475,0.5475,0.5556,0.5556,0.5556,0.5238,0.5238,0.5238,0.5575,0.5575,0.5575,,,,0.5455,0.5556,0.5556,0.5556,0.5652,0.5652,0.5169,0.5215,0.5192
2079734,2/21/2026 22:46,chaa,ws,5500,105,d,ts,2/21/2026,17:46:48,0,,,0.4878,w,0.5652,0.5652,0.5455,0.4878,0.4878,0.4739,,,,0.5238,0.4762,0.4762,,,,,,,,,,,,,,,,0.5098,0.5025,0.4878
2134272,3/1/2026 2:08,zhas,ws,4900,120,m,ts,2/28/2026,21:08:36,0,,,0.4545,l,0.5455,0.5455,0.5455,0.4902,0.5261,0.5261,,,,0.5238,0.5238,0.5238,0.4762,0.5349,0.5349,0.4785,0.5475,0.5283,0.4545,0.5122,0.5122,0.5349,0.5349,0.5455,,,,0.4785,0.5025,0.5025
2138040,3/1/2026 19:57,pard,ws,9300,104,d,ts,3/1/2026,14:57:57,0,,,0.4902,w,0.5833,0.5918,0.5918,0.4902,0.5261,0.5261,0.5495,0.5495,0.5495,,,,0.5349,0.5349,0.5349,0.5781,0.5868,0.5868,0.5745,0.5833,0.5833,0.5745,0.5745,0.5833,,,,0.5283,0.5305,0.5327
2071741,2/21/2026 17:18,mont,ws,7400,120,l,ts,2/21/2026,12:18:38,0,,,0.4545,l,0.5455,,0.5,0.4926,,0.4255,0.5074,,0.4386,0.4762,,0.4762,0.5,,0.4348,0.537,,0.537,,,,0.4545,,0.4545,,,,0.4902,,0.4184
2073572,2/21/2026 19:31,day,ws,5300,103,d,ts,2/21/2026,14:31:43,0,,,0.4926,l,0.5455,0.5556,0.5556,0.4926,0.5146,0.5074,0.5595,0.5595,0.569,,,,0.5455,0.5455,0.5455,0.5475,0.5781,0.5575,,,,,,,,,,0.5146,0.5238,0.5261
2094132,2/24/2026 3:19,kyps,ws,5100,103,d,ts,2/23/2026,22:19:01,0,,,0.4926,w,0.5455,0.5455,0.5833,0.4926,0.537,0.537,0.5327,0.5327,0.5327,0.5349,0.5349,0.5349,0.5349,0.5455,0.5455,0.5575,0.5575,0.5575,,,,0.5745,0.5833,0.6078,,,,0.5146,0.5169,0.5327
2141547,3/2/2026 20:47,maes,ws,11400,103,d,ts,3/2/2026,15:47:34,0,,,0.4926,w,0.5745,0.5745,0.5745,0.4926,0.5283,0.5283,0.639,0.5763,0.5763,0.5455,0.5455,0.5455,0.5556,0.5556,0.5556,0.705,0.5475,0.5475,0.5833,0.5833,0.5833,0.5833,0.5745,0.5745,,,,0.5413,0.5283,0.5283
2092773,2/23/2026 18:32,haly,ws,20700,190,c,ts,2/23/2026,13:32:18,0,,,0.3448,l,0.5122,0.3448,0.3448,0.495,0.3021,0.3021,0.4902,0.3636,0.3636,0.3448,0.3448,0.3448,0.5,0.3226,0.3226,0.5074,0.3559,0.4386,,,,0.3636,0.339,0.3448,,,,0.431,0.3067,0.3077
2007107,2/10/2026 19:05,tien,ws,6700,125,c,ts,2/10/2026,14:05:55,0,,,0.4444,l,0.5238,0.5,0.5,0.495,0.4717,0.4717,0.5074,0.4673,0.4673,0.4444,0.4444,0.4,0.6875,0.6875,0.6875,,,,,,,0.4878,0.4762,0.4762,,,,0.4808,0.4545,0.4525
2027593,2/14/2026 1:54,kecm,ws,9600,230,f,ts,2/13/2026,20:54:27,0,,,0.303,l,0.4651,,,0.495,,,0.5074,,,0.3636,,,,,,0.4878,,,,,,0.3704,,,0.3356,,,0.4505,,
2027595,2/14/2026 1:54,kecm,ws,5400,150,l,ts,2/13/2026,20:54:29,0,,,0.4,l,0.4651,0.303,0.303,0.495,0.3367,0.3367,0.5074,0.3846,0.3846,0.3636,0.3636,0.3636,,,,0.4878,0.4082,0.3356,,,,0.4,0.3704,0.3704,0.3356,0.3356,0.3356,0.4274,0.3322,0.3165
2049958,2/17/2026 19:57,crok,ws,10800,102,d,ts,2/17/2026,14:57:58,0,,,0.495,w,0.5455,0.6154,0.6154,0.495,0.5918,0.5868,,,,0.6154,0.6154,0.6774,,,,,,,,,,0.6226,0.6429,0.6429,0.6226,0.6226,0.6269,0.5392,0.5798,0.5918
2135683,3/1/2026 3:43,cobo,ws,5100,102,d,ts,2/28/2026,22:43:00,0,,,0.495,w,0.5455,0.5556,0.5556,0.495,0.5122,0.5122,,,,0.5652,0.5652,0.5652,0.5238,0.5238,,0.5283,0.5575,0.5575,0.5745,0.5833,0.5833,0.5745,0.5745,0.5833,,,,0.5146,0.5238,0.5283
1913417,1/27/2026 5:09,bert,ws,6000,125,c,ts,1/26/2026,0:09:37,0,,,0.4444,l,0.5122,,0.4651,0.4975,,0.4167,0.5327,,0.495,0.4444,,0.4545,,,,,,,,,,,,,,,,0.4739,,0.431
1882919,1/22/2026 5:13,gea,ws,6600,101,d,ts,1/21/2026,0:13:51,0,,,0.4975,l,0.5556,0.5556,0.5556,0.4975,0.5122,0.5122,,,,0.5833,0.5833,0.5833,,,,,,,,,,,,,,,,0.5238,0.5261,0.5261
2000563,2/8/2026 19:20,pela,ws,5000,101,d,ts,2/8/2026,14:20:22,0,,,0.4975,w,0.5556,0.5918,0.5918,0.4975,0.5885,0.5816,0.5455,0.5885,0.5781,,,,0.5556,0.6,0.6,0.5575,0.5781,0.5781,,,,0.5918,0.6078,0.6078,0.5671,0.6016,0.6016,0.5169,0.5575,0.5536
2051963,2/18/2026 1:41,baez,ws,4900,135,c,ts,2/17/2026,20:41:17,0,,,0.4255,l,0.4878,0.4878,0.4878,0.5,0.5,0.505,0.4651,0.4651,0.4651,0.4255,0.4255,0.4255,0.4762,0.4762,0.4762,0.4975,0.4878,0.4695,,,,0.5,0.4878,0.4878,,,,0.4505,0.4484,0.4464
2047306,2/16/2026 21:33,ofne,ws,6500,135,c,ts,2/16/2026,16:33:07,0,,,0.4255,l,0.5,,0.4545,0.5,,0.4405,0.5098,,0.4608,0.4255,,0.4255,,,,,,,,,,,,,,,,0.4587,,0.4115
2139208,3/1/2026 21:55,stak,ws,3400,150,c,ts,3/1/2026,16:55:47,0,,,0.4,w,0.4545,0.4167,0.4167,0.5,0.5,0.4255,0.4717,0.4717,0.4386,0.4,0.4,0.4,0.4878,0.4878,0.4348,0.4386,0.4274,0.3876,0.4545,0.4545,0.4082,0.4444,0.4348,0.4348,,,,0.4184,0.4082,0.3817
2116208,2/27/2026 5:26,nakb,ws,5000,130,f,ts,2/26/2026,0:26:50,0,,,0.4348,w,0.4348,0.4348,0.4348,0.5,0.4831,0.4831,0.5238,0.5238,0.5238,0.5455,0.5455,0.5238,0.5,0.5,0.4762,0.4587,0.4587,0.4587,,,,0.5122,0.5,0.5,,,,0.4587,0.4566,0.4505
2117189,2/27/2026 20:50,town,ws,13200,100,d,ts,2/27/2026,15:50:58,0,,,0.5,w,0.6503,0.6503,0.6503,0.5,0.5781,0.5745,0.5763,0.6139,0.6139,,,,,,,0.5575,0.6078,0.5968,,,,0.6,0.6078,0.6078,,,,0.5536,0.5833,0.5816
2074208,2/21/2026 19:50,bren,ws,5900,100,d,ts,2/21/2026,14:50:41,0,,,0.5,w,0.5556,0.6,0.6,0.5,0.5633,0.5633,0.5781,0.5781,0.5781,,,,0.5349,0.5833,0.5833,0.5575,0.6169,0.6169,,,,,,,,,,0.5238,0.5495,0.5495
1963030,2/4/2026 2:28,marn,ws,16500,100,d,ts,2/3/2026,21:28:27,0,,,0.5,w,0.5833,,0.6875,0.5,,0.7101,0.6364,,0.7101,0.7059,,0.7059,,,,,,,,,,,,,,,,0.5671,,0.6552
2000968,2/8/2026 19:46,kyps,ws,6400,120,l,ts,2/8/2026,14:46:12,0,,,0.4545,l,0.5455,,0.4878,0.5025,,0.4386,0.5122,,0.4484,0.5122,,0.4348,0.4878,,0.4348,0.5169,,0.4386,,,,0.4762,,0.4444,0.4695,,0.463,0.4854,,0.4237
1887396,1/23/2026 2:07,taus,ws,9400,140,c,ts,1/22/2026,21:07:18,0,,,0.4167,l,0.5122,,,0.5025,,,0.5192,,,0.4167,,,0.5,,,0.4975,,,,,,0.4762,,,,,,0.463,,
2081564,2/21/2026 23:39,pard,ws,5200,115,c,ts,2/21/2026,18:39:58,0,,,0.4651,l,0.5349,0.5349,0.6552,0.5025,0.5025,0.5392,0.5327,0.5327,0.5327,0.4651,0.5918,0.5918,0.5,0.5,0.5,0.5074,0.5074,0.5475,,,,0.5918,0.6364,0.6429,,,,0.4902,0.4975,0.5475
2061440,2/19/2026 17:41,ruzi,ws,6400,-101,d,ts,2/19/2026,12:41:03,0,,,0.5025,l,0.5349,,,0.5025,,,0.5455,,,0.6154,,,0.5349,,,,,,,,,0.6078,,,,,,0.5261,,
2001100,2/8/2026 19:53,pela,ws,12100,155,l,ts,2/8/2026,14:53:19,0,,,0.3922,w,0.5,0.3704,0.3704,0.5025,0.3846,0.3846,0.4762,0.3571,0.3571,,,,0.5238,0.3846,0.3846,0.4785,0.3559,0.3559,,,,0.4444,0.3922,0.3846,0.3717,0.3717,0.3717,0.4587,0.3356,0.3344
2125644,2/28/2026 20:55,stea,ws,12800,140,c,ts,2/28/2026,15:55:38,0,,,0.4167,w,0.5122,0.4545,,0.5025,,,0.5122,0.4348,,0.4167,0.4167,,0.5238,0.4167,,0.5074,0.4975,,0.5238,0.4444,,,,,,,,0.4808,0.4049,
2068934,2/20/2026 19:29,mens,ws,5200,130,c,ts,2/20/2026,14:29:14,0,,,0.4348,l,0.5,0.4167,,0.505,0.505,,0.5,0.5,,0.4348,0.4348,,0.5,0.5,,0.4975,0.4785,,,,,0.4878,0.4762,,,,,0.463,0.4405,
2089904,2/22/2026 20:05,masa,ws,10600,-102,d,ts,2/22/2026,15:05:31,0,,,0.505,w,0.5833,0.5833,0.5833,0.505,,0.5098,0.5968,0.5968,0.5816,0.5918,0.5918,0.5918,0.5556,0.5556,0.5556,0.6169,0.6169,0.6169,,,,,,,,,,0.5475,0.5536,0.5413
1999326,2/8/2026 17:12,line,ws,6400,130,c,ts,2/8/2026,12:12:29,0,,,0.4348,w,0.5122,,,0.505,,,,,,0.4348,,,0.5238,,,0.5074,,,,,,0.5,,,0.5098,,,0.4717,,
2068802,2/20/2026 18:14,gauf,ws,15600,190,c,ts,2/20/2026,13:14:23,0,,,0.3448,l,0.5,0.3704,0.3704,0.5074,0.3425,0.3425,0.5146,0.3704,0.3704,0.3448,0.3448,0.3448,,,,0.4587,0.3356,0.3356,,,,0.3846,0.3846,0.3846,,,,0.431,0.3344,0.3344
2071752,2/21/2026 17:22,mont,ws,5200,-103,d,ts,2/21/2026,12:22:03,0,,,0.5074,l,0.5918,0.5918,0.6078,0.5074,0.5192,0.5392,0.5495,0.5495,0.5633,0.5556,0.5556,0.5556,0.5349,0.5349,0.5455,0.5671,0.5671,0.5781,,,,0.5745,0.5745,0.5745,,,,0.5283,0.5283,0.537
1914774,1/28/2026 0:56,ryba,ws,5200,-103,d,ts,1/27/2026,19:56:48,0,,,0.5074,w,0.5556,0.6,0.6,0.5074,0.5652,0.5652,0.5475,0.5781,0.5781,0.6,0.6,0.6,0.5349,0.5349,0.5349,,,,,,,0.5918,0.6078,0.6078,,0.6016,0.6016,0.5283,0.5575,0.5575
2054351,2/18/2026 16:37,golu,ws,7500,135,c,ts,2/18/2026,11:37:11,0,,,0.4255,w,0.5122,,0.4545,0.5074,,0.4405,,,,0.4255,,0.4255,,,,,,,,,,,,,,,,0.463,,0.4115
2088406,2/22/2026 15:12,etch,ws,5500,135,c,ts,2/22/2026,10:12:28,0,,,0.4255,w,0.5,,0.4082,0.5098,,0.5098,0.495,,0.495,0.4255,,0.4255,0.4762,,0.4762,,,,,,,0.4762,,0.4348,,,,0.4525,,0.4202
2020025,2/12/2026 22:04,bubl,ws,5100,-104,d,ts,2/12/2026,17:04:16,0,,,0.5098,w,,,,0.5098,0.5413,0.5261,0.5652,0.5816,0.5816,0.5833,0.6154,0.6154,,,,0.5781,0.5781,0.5968,,,,0.5556,0.5556,0.5745,0.5833,0.5868,0.5968,0.5283,0.5516,0.5475
2050249,2/17/2026 21:52,guo,ws,5300,125,c,ts,2/17/2026,16:52:47,0,,,0.4444,w,0.5238,0.5,0.5,0.5098,0.5098,0.4695,,,,0.4444,0.4444,0.4444,,,,,,,,,,0.5238,0.5,0.5,,,,0.4762,0.4587,0.4525
2009639,2/11/2026 3:03,giro,ws,6700,140,c,ts,2/10/2026,22:03:50,0,,,0.4167,l,0.4651,0.4651,0.4167,0.5122,0.5122,0.4386,0.495,0.495,0.4587,0.4167,0.4167,0.3846,0.5,0.5,0.4651,,,,,,,0.5,0.4545,0.4545,,0.4,0.4292,0.4505,0.4274,0.4065
2026268,2/13/2026 5:38,paut,ws,8800,125,c,ts,2/12/2026,0:38:25,0,,,0.4444,l,0.5238,,,0.5122,,,0.5349,,,0.4444,,,0.5238,,,0.537,,,,,,0.5,,,0.4975,,,0.4854,,
2110440,2/27/2026 1:04,cobo,ws,10700,120,c,ts,2/26/2026,20:04:50,0,,,0.4545,w,0.5556,0.4545,0.4545,0.5122,0.431,0.431,0.5327,0.4673,0.4673,0.4545,0.4545,0.4545,0.5349,0.4348,0.4348,0.5074,0.4386,0.4386,0.5556,0.4651,0.4651,0.4651,0.4651,0.4651,,,,0.5025,0.4255,0.4255
1893401,1/24/2026 2:15,dard,ws,4900,-105,d,ts,1/23/2026,21:15:52,0,,,0.5122,w,0.5349,0.5652,0.5652,0.5122,0.5455,0.5951,0.5763,0.6109,0.6109,0.5833,0.5833,0.5833,0.5455,0.5455,0.6,,,,,,,0.6,0.6154,0.6154,0.5633,0.5633,0.5633,0.5305,0.5536,0.5614
2078509,2/21/2026 22:16,sakh,ws,9900,150,c,ts,2/21/2026,17:16:40,0,,,0.4,l,0.4878,0.4255,0.4255,0.5146,0.4329,0.4329,0.4717,0.4292,0.4292,0.4,0.4,0.4,0.4878,0.4348,0.4348,0.4975,0.4484,0.4484,,,,,,,,,,0.4505,0.3906,0.3906
1960425,2/3/2026 21:04,shis,ws,5700,130,c,ts,2/3/2026,16:04:42,0,,,0.4348,l,0.5,0.4545,0.4545,0.5146,0.4464,0.4464,0.5122,0.4484,0.4673,0.4348,0.4348,0.4348,,,,,,,,,,,,,,,,0.463,0.4082,0.4184
2095311,2/24/2026 22:13,marc,ws,9600,135,c,ts,2/24/2026,17:13:30,0,,,0.4255,l,0.5455,,,0.5146,,,0.5238,,,0.4255,,,0.5556,,,,,,,,,0.4651,,,,,,0.4739,,
1999788,2/8/2026 18:11,gojo,ws,10000,-106,d,ts,2/8/2026,13:11:34,0,,,0.5146,l,0.6063,0.6063,0.6063,0.5146,0.5495,0.5575,0.6109,0.6109,,0.5652,0.5652,0.5652,,,,,,,,,,,,,,,,0.5536,0.5575,0.5556
2108459,2/26/2026 15:37,herb,ws,6800,144,f,ts,2/26/2026,10:37:14,0,,,0.4098,w,0.4098,0.4098,,0.5146,0.5146,,0.5,0.5,,0.5238,0.5238,,,,,,,,0.5122,0.5122,,,,,,,,0.4444,0.4444,
1962924,2/4/2026 2:24,ilag,ws,8200,115,c,ts,2/3/2026,21:24:02,0,,,0.4651,l,0.5918,0.5238,0.5238,0.5169,0.4762,0.4673,0.5283,0.4673,0.4831,0.4651,0.4651,0.4651,,,,,,,,,,,,,,,,0.5,0.4525,0.4525
2068709,2/20/2026 16:51,gauf,ws,9800,120,c,ts,2/20/2026,11:51:48,0,,,0.4545,l,0.5556,,0.4878,0.5169,,,0.5595,,0.4717,0.4545,,0.4545,,,,0.5169,,0.4975,,,,0.5349,,0.5,,,,0.505,,0.4525
2054798,2/18/2026 20:48,acst,ws,6800,135,c,ts,2/18/2026,15:48:03,0,,,0.4255,w,0.5,0.4167,0.4167,0.5169,0.4329,,0.5098,0.4545,0.4386,0.4255,0.4255,0.4255,,,,,,,,,,,,,,,,0.4587,0.3937,
2056282,2/19/2026 0:58,tabi,ws,12000,120,c,ts,2/18/2026,19:58:10,0,,,0.4545,w,0.5455,0.5122,0.5122,0.5169,0.5169,0.5169,0.5556,0.5556,0.5556,0.4545,0.5122,0.5122,0.5455,0.5238,0.5238,0.5475,0.5781,0.5781,,,,0.5556,,,,,,0.5074,0.5098,0.5098
2046937,2/16/2026 18:15,sach,ws,9700,140,c,ts,2/16/2026,13:15:10,0,,,0.4167,l,0.5238,0.4444,0.4444,0.5192,,,0.5074,0.4444,0.4444,0.4167,0.4167,0.4167,,,,,,,,,,,,,,,,0.4651,,
2120455,2/28/2026 17:40,acst,ws,13700,125,c,ts,2/28/2026,12:40:39,0,,,0.4444,w,0.5455,0.4651,0.4651,0.5192,0.4525,0.4464,0.5726,0.4673,0.495,0.4444,0.4444,0.4444,,,,,,,0.5556,0.4762,0.4762,,,,,,,0.5074,0.4255,0.4348
2049960,2/17/2026 19:58,bura,ws,6300,-108,d,ts,2/17/2026,14:58:27,0,,,0.5192,w,0.5652,0.6154,0.6154,0.5192,0.5763,0.6047,,,,0.6154,0.6154,0.6154,,,,,,,,,,0.6078,0.6154,0.6154,0.6139,0.6139,0.6139,0.5434,0.5763,0.5885
2145221,3/3/2026 21:57,land,ws,5900,125,c,ts,3/3/2026,16:57:41,0,,,0.4444,l,0.5238,,,0.5215,,,0.5283,,,0.4444,,,0.5349,,,0.4975,,,0.5122,,,0.5238,,,,,,0.4785,,
2002359,2/9/2026 16:12,humb,ws,5100,125,c,ts,2/9/2026,11:12:13,0,,,0.4444,w,0.5122,0.4545,0.4878,0.5215,0.5215,0.4484,0.5,0.5,0.431,0.4444,0.4444,0.4444,,,,,,,,,,0.5,0.4762,0.4651,0.4274,0.4274,0.4274,0.4695,0.4425,0.4237
2006751,2/10/2026 15:55,osom,ws,5700,125,c,ts,2/10/2026,10:55:54,0,,,0.4444,w,0.5,0.4348,0.4348,0.5215,0.4566,0.4566,0.5327,0.4545,0.4545,0.4444,0.4444,0.4444,0.5349,0.4651,0.4651,0.5169,0.5169,0.4695,,,,0.4762,0.4545,0.4545,0.4425,0.4425,0.4425,0.4717,0.4292,0.4202
2144825,3/3/2026 15:48,blan,ws,10600,120,c,ts,3/3/2026,10:48:52,0,,,0.4545,w,0.5455,0.4762,0.4762,0.5215,,,0.5763,0.5122,0.5122,0.4545,0.4545,0.4545,,,,,,,0.5349,0.4651,0.4651,,,,,,,0.5025,0.4464,0.4464
2054879,2/18/2026 21:33,hanf,ws,9100,150,c,ts,2/18/2026,16:33:15,0,,,0.4,l,0.5,,,0.5238,,,0.495,,,0.4,,,0.5,,,0.4587,,,,,,0.4545,,,,,,0.4464,,
2071644,2/21/2026 17:00,appl,ws,8000,110,c,ts,2/21/2026,12:00:38,0,,,0.4762,l,0.5556,0.4762,0.4762,0.5238,0.5146,0.5146,0.5556,0.5,0.5,0.4762,0.4762,0.4762,0.5455,0.5455,0.4762,0.537,0.5169,0.4878,,,,,,,,,,0.5098,0.463,0.4545
2117276,2/27/2026 22:27,bouz,ws,4800,100,c,ts,2/27/2026,17:27:04,0,,,0.5,l,0.5455,,,0.5238,,,0.5851,,,0.5,,,0.5455,,,0.5575,,,0.5833,,,0.5349,,,,,,0.5215,,
2044953,2/15/2026 20:36,mont,ws,5400,100,e,ts,2/15/2026,15:36:47,0,,,0.5,w,0.5918,,0.5833,0.5238,,0.537,0.5475,,0.5392,0.5455,,0.5455,0.5,,0.5,0.5671,,0.5475,,,,0.5556,,0.5556,0.5614,,0.5614,0.5215,,0.5098
2011565,2/11/2026 21:15,kopr,ws,5000,-110,d,ts,2/11/2026,16:15:31,0,,,0.5238,w,0.5652,0.5652,0.5652,0.5238,,0.5392,0.5851,0.6,0.6,0.6,0.6,0.6,0.6296,0.5833,,0.5968,0.5781,0.5781,,,,0.5918,0.5918,0.5918,0.5726,0.5652,0.5652,0.5455,0.5516,0.5495
2073219,2/21/2026 19:19,lepc,ws,6600,-110,d,ts,2/21/2026,14:19:30,0,,,0.5238,w,0.5833,0.5833,0.661,0.5238,0.5238,0.6094,0.5968,0.5968,0.6454,0.5918,0.5918,0.5918,0.5556,0.5556,0.6296,0.5475,0.5169,0.5968,,,,,,,,,,0.5495,0.5392,0.5968
2094805,2/24/2026 17:10,moll,ws,6400,110,l,ts,2/24/2026,12:10:16,0,,,0.4762,w,0.5556,0.4878,0.4878,0.5261,0.4505,0.4464,0.5327,0.4545,0.4545,0.4762,0.4762,0.4762,,,,,,,,,,0.4762,0.4762,0.4762,,,,0.5025,0.4348,0.4329
2020023,2/12/2026 22:04,bubl,ws,6000,-111,d,ts,2/12/2026,17:04:05,0,,,0.5261,w,,,,0.5261,,,0.5816,,,0.6154,,,,,,0.5968,,,,,,0.5745,,,0.5968,,,0.5475,,
2000533,2/8/2026 19:18,gojo,ws,4500,160,c,ts,2/8/2026,14:18:02,0,,,0.3846,l,0.4444,0.3774,0.3774,0.5305,0.3846,0.3846,0.4484,0.4484,0.4,0.3846,0.3846,0.3846,,,,,,,,,,,,,,,,0.4082,0.3663,0.3472
2069104,2/20/2026 20:53,ruud,ws,5800,110,c,ts,2/20/2026,15:53:40,0,,,0.4762,l,0.5349,,0.5349,0.5305,,0.5392,0.5169,,0.5283,0.4762,,0.5122,0.5238,,0.5455,0.5575,,0.5671,,,,0.5455,,0.5556,,,,0.5,,0.5074
1872147,1/21/2026 1:18,gibs,ws,6300,130,c,ts,1/20/2026,20:18:46,0,,,0.4348,l,0.5,,,0.5305,,,0.5238,,,0.4878,,,0.5455,,,0.4785,,,,,,0.4878,,,,,,0.4785,,
2095853,2/25/2026 0:19,yuay,ws,4800,110,c,ts,2/24/2026,19:19:42,0,,,0.4762,w,0.5349,0.4545,0.4545,0.5305,0.5614,0.4717,0.5283,0.5283,0.4348,0.4762,0.4762,0.4762,0.5455,0.5455,0.4762,0.5074,0.5475,0.4274,,,,0.5,0.4651,0.4545,,,,0.4854,0.4695,0.4202
2071925,2/21/2026 17:52,mand,ws,15500,135,c,ts,2/21/2026,12:52:14,0,,,0.4255,w,0.5238,,,0.5305,,,0.5413,,,0.4255,,,0.5556,,,0.5575,,,,,,,,,,,,0.5,,
2006872,2/10/2026 17:10,para,ws,5600,120,c,ts,2/10/2026,12:10:49,0,,,0.4545,l,0.5122,0.4651,0.4651,0.5327,0.5495,0.4975,0.5122,0.4762,0.4762,0.4545,0.4545,0.4545,0.5455,0.5652,0.4762,0.5074,0.5074,0.4878,,,,0.5122,0.5122,0.5122,,0.5,0.5,0.4808,0.4566,0.4525
1882266,1/22/2026 4:02,sieg,ws,9000,135,c,ts,1/21/2026,23:02:07,0,,,0.4255,l,0.5238,0.4651,0.4651,0.5327,0.4695,0.4695,0.5283,0.4717,0.4717,0.4255,0.4255,0.4255,0.5238,0.5238,0.4545,0.537,0.5575,0.4587,,,,0.4762,0.4545,0.4545,0.5192,0.4505,0.4505,0.4831,0.4292,0.4255
2012234,2/12/2026 0:17,tabi,ws,5000,-114,d,ts,2/11/2026,19:17:57,0,,,0.5327,w,0.6,0.6,0.6,0.5327,0.5327,0.5283,0.5652,0.5652,0.5816,0.5833,0.5833,0.5833,0.6825,0.6825,0.6825,0.5671,0.5475,0.5671,,,,0.5918,0.5918,0.5918,,,,0.5516,0.5455,0.5556
2101417,2/25/2026 18:13,rakh,ws,7900,139,d,ts,2/25/2026,13:13:43,0,,,0.4184,l,0.5122,,0.5,0.5349,,0.4132,0.4854,,0.4854,0.4878,,,0.5122,,0.4348,0.4878,,0.4274,,,,0.5,,0.5,,,,0.4695,,0.4405
2042706,2/15/2026 16:38,jara,ws,4900,105,f,ts,2/15/2026,11:38:42,0,,,0.4878,l,0.4878,0.5238,,0.5349,0.5349,,0.6255,0.6255,,0.5349,0.5833,,,,,,,,,,,,,,,,,0.5074,0.5283,
2068630,2/20/2026 14:14,pegu,ws,6800,115,f,ts,2/20/2026,9:14:18,0,,,0.4651,w,0.4651,,,0.5349,,,0.5536,,,0.5556,,,0.5122,,,0.4975,,,,,,0.5455,,,,,,0.4926,,
1876286,1/21/2026 5:35,born,ws,5700,125,c,ts,1/20/2026,0:35:41,0,,,0.4444,w,0.5,0.4878,0.4878,0.537,0.5074,0.5074,0.5,0.4762,0.4762,0.4444,0.4444,0.4444,0.5238,0.4762,0.4762,0.5169,0.5283,0.5283,,,,0.5,0.5,0.5,0.5,0.5,0.5,0.4717,0.4587,0.4587
1926718,1/29/2026 23:40,kord,ws,7500,120,c,ts,1/29/2026,18:40:57,0,,,0.4545,w,0.5652,0.4878,0.4878,0.537,0.4505,0.4505,0.5169,0.4444,0.4444,0.4545,0.4545,0.4348,,,,,,,,,,,,,,,,0.4902,0.4255,0.4219
2119862,2/28/2026 4:28,paol,ws,5000,105,m,ts,2/27/2026,23:28:12,0,,,0.4878,w,0.5455,0.5455,0.5455,0.537,0.537,0.5349,0.5349,0.5349,0.5475,0.5122,0.5122,0.5122,0.5833,0.5455,0.5455,0.5575,0.5475,0.5475,0.5238,0.4878,,0.5556,0.5556,0.5556,,,,0.5098,0.5074,0.5122
2020128,2/12/2026 23:37,ugo,ws,6000,-116,d,ts,2/12/2026,18:37:58,0,,,0.537,w,0.6154,0.6154,0.6154,0.537,0.537,0.537,0.5851,0.569,0.569,0.5745,0.5745,0.5745,0.5652,0.5652,0.5652,0.5968,0.5968,0.5968,,,,0.5918,0.5918,0.5918,0.6016,0.6016,0.6016,0.5595,0.5536,0.5536
1876405,1/21/2026 6:09,foki,ws,4900,100,f,ts,1/20/2026,1:09:29,0,,,0.5,w,0.5,0.5,0.5,0.537,0.5413,0.5413,0.5885,0.5885,0.5885,0.5455,0.5455,0.5455,0.5349,0.5349,0.5349,0.5575,0.5475,0.537,,,,0.5652,0.5652,0.5833,0.5516,0.5516,0.5516,0.5169,0.5192,0.5192
2092883,2/23/2026 22:54,come,ws,12200,160,c,ts,2/23/2026,17:54:27,0,,,0.3846,l,0.5,0.3846,0.3846,0.5392,0.3817,0.3788,0.4717,0.3509,0.3774,0.3846,0.3846,0.3846,0.4762,0.4762,0.4,,,,,,,,,,,,,0.4484,0.3497,0.3509
1882550,1/22/2026 4:28,osta,ws,6600,-117,d,ts,1/21/2026,23:28:38,0,,,0.5392,l,0.6,0.6491,0.6491,0.5392,0.5951,0.5951,0.5816,0.6429,0.6429,0.6429,0.6429,0.6429,0.5652,0.6154,0.6154,0.5781,0.6269,0.6269,,,,0.6429,0.6296,0.6296,,,,0.5633,0.5951,0.5951
1881466,1/22/2026 3:07,hurk,ws,5000,100,f,ts,1/21/2026,22:07:28,0,,,0.5,l,0.5,0.5,0.5122,0.5392,0.5392,0.5413,0.5968,0.5968,0.5968,0.5745,0.5745,0.5745,0.5455,0.5455,0.5455,0.537,0.5169,0.5169,,,,0.5833,0.5833,0.5745,0.5556,0.5556,0.5556,0.5192,0.5169,0.5192
2141798,3/2/2026 23:19,ymee,ws,6300,-117,d,ts,3/2/2026,18:19:04,0,,,0.5392,w,0.6154,0.5918,0.5918,0.5392,0.5261,0.5261,0.5885,0.569,0.569,0.5918,0.5918,0.5918,0.5652,0.5652,0.5556,0.5968,0.5671,0.5671,0.6491,0.6491,0.6226,0.6,0.5918,0.5918,,,,0.5633,0.5434,0.5413
1960511,2/3/2026 22:25,oliv,ws,6200,-117,d,ts,2/3/2026,17:25:28,0,,,0.5392,w,0.5918,0.6429,0.6429,0.5392,0.5951,0.5951,0.6364,0.6667,0.6667,0.5918,0.5918,0.6154,,,,,,,,,,,,,,,,0.5614,0.5984,0.6
1914775,1/28/2026 0:56,swia,ws,7600,130,c,ts,1/27/2026,19:56:49,0,,,0.4348,l,0.5,0.4545,0.4545,0.5413,0.5122,0.4831,0.5169,0.4854,0.4854,0.4762,0.4348,0.4348,0.5122,0.5122,0.5122,,,,,,,0.5,0.4878,0.4878,,0.4717,0.4717,0.4808,0.4444,0.4425
1999858,2/8/2026 18:17,kasa,ws,8300,150,b,ts,2/8/2026,13:17:03,0,,,0.4,w,0.5,0.4167,,0.5413,0.4608,,0.4,0.4,,0.4444,0.4444,,0.5122,0.5122,,0.4975,0.4695,,,,,0.4545,0.4348,,0.4651,0.3817,,0.4425,0.4049,
2143708,3/3/2026 2:59,kasi,ws,4800,120,c,ts,3/2/2026,21:59:03,0,,,0.4545,w,0.5,0.5,0.4255,0.5413,0.5413,0.5327,0.5305,0.5305,0.4484,0.4545,0.4545,0.4545,0.5238,0.5238,0.5238,,,,0.5745,0.5745,0.5745,0.5122,0.4878,0.4651,,,,0.4785,0.4717,0.4274
2141768,3/2/2026 23:08,ymee,ws,7000,100,l,ts,3/2/2026,18:08:24,0,,,0.5,w,0.5745,0.5,0.5,0.5413,0.4367,0.4367,0.5556,0.5556,0.495,0.5556,0.5122,0.5122,0.5556,0.5556,0.4762,0.5575,0.5283,0.4878,0.6078,0.6078,0.5349,0.5122,0.5,0.5122,,,,0.5283,0.4854,0.463
2119500,2/28/2026 3:19,bouk,ws,7800,150,f,ts,2/27/2026,22:19:12,0,,,0.4,l,0.4,0.4,0.4,0.5434,0.4975,0.495,0.4717,0.4484,0.4386,,,,0.5238,,,0.4484,0.4082,0.4082,0.505,0.4651,0.4651,0.4878,0.4878,0.4878,,,,0.4405,0.4132,0.4132
2141299,3/2/2026 18:24,smic,ws,5300,125,c,ts,3/2/2026,13:24:25,0,,,0.4444,l,0.5122,0.4444,0.4444,0.5434,0.5434,0.4525,0.5074,0.5074,0.4545,0.4444,0.4444,0.4444,0.5455,0.5455,0.4762,0.4975,0.4785,0.4386,0.5122,0.5122,0.4545,0.4878,0.4651,0.4651,0.5098,0.4367,0.4367,0.4695,0.4525,0.4167
1959436,2/3/2026 5:24,jasi,ws,12700,-119,d,ts,2/2/2026,0:24:11,0,,,0.5434,l,0.6364,0.6774,0.6774,0.5434,0.6032,0.6032,0.6454,0.6721,0.6721,0.6154,0.6154,0.6154,,,,,,,,,,,,,,,,0.5918,0.6169,0.6169
2002283,2/9/2026 15:10,osta,ws,5000,105,c,ts,2/9/2026,10:10:47,0,,,0.4878,w,0.5556,,0.5,0.5434,,0.5434,0.5413,,0.5413,0.4878,,0.4878,0.5455,,0.5455,,,,,,,0.5455,,0.5122,0.5516,,0.4878,0.5074,,0.4831
2139193,3/1/2026 21:51,kali,ws,7200,110,c,ts,3/1/2026,16:51:08,0,,,0.4762,w,0.5652,0.5238,0.5238,0.5434,0.4878,0.4878,0.5455,0.5122,0.5122,0.4762,0.4762,0.4762,0.5349,0.5349,0.4878,0.537,0.537,0.5283,0.5556,0.5238,0.5238,0.5238,0.5122,0.5122,,,,0.5074,0.4785,0.4785
2094388,2/24/2026 4:11,vach,ws,5900,105,c,ts,2/23/2026,23:11:54,0,,,0.4878,w,0.5349,0.5349,0.5349,0.5455,0.5614,0.5614,0.5495,0.5305,0.5305,0.4878,0.4878,0.4878,0.5455,0.5349,0.5349,0.5475,0.5475,0.5475,,,,0.5652,0.5652,0.5652,,,,0.5122,0.5098,0.5098
2139242,3/1/2026 22:03,kali,ws,7100,115,c,ts,3/1/2026,17:03:38,0,,,0.4651,w,0.5556,,,0.5455,,,0.5556,,,0.4651,,,0.5238,,,0.5283,,,0.5413,,,0.5,,,,,,0.5,,
1960509,2/3/2026 22:20,oliv,ws,5000,100,c,ts,2/3/2026,17:20:51,0,,,0.5,w,0.5833,0.5455,0.5455,0.5455,0.5074,0.5074,0.5633,0.5327,0.5327,0.5,0.5,0.5,,,,,,,,,,,,,,,,0.5192,0.4902,0.4902
2090095,2/22/2026 20:18,avan,ws,6200,115,c,ts,2/22/2026,15:18:21,0,,,0.4651,l,0.5238,,0.4651,0.5475,,0.4808,0.5392,,0.4854,0.4651,,0.5,0.5349,,0.4878,0.5283,,0.537,,,,0.5349,,0.5,,,,0.495,,0.4464
2111711,2/27/2026 1:41,agst,ws,7100,120,c,ts,2/26/2026,20:41:39,0,,,0.4545,l,0.5122,,,0.5475,,,0.5652,,,0.4545,,,0.5349,,,0.5169,,,0.5455,,,0.4762,,,,,,0.4902,,
2010963,2/11/2026 18:05,ryba,ws,4800,120,c,ts,2/11/2026,13:05:46,0,,,0.4545,w,0.5122,,,0.5475,,,0.5098,,,0.4545,,,0.5238,,,0.4878,,,,,,0.5349,,,0.6416,,,0.4831,,
2002422,2/9/2026 16:40,dell,ws,6800,-121,d,ts,2/9/2026,11:40:54,0,,,0.5475,w,0.6,0.6552,0.6552,0.5475,0.6198,0.635,0.5885,0.6364,0.6364,0.5918,0.6296,0.6296,0.5833,0.5833,0.6491,0.6169,0.6466,0.6855,,,,0.6364,0.6491,0.6491,0.631,0.6785,0.6785,0.5726,0.5984,0.6047
1963900,2/4/2026 3:17,ilag,ws,9400,105,c,ts,2/3/2026,22:17:12,0,,,0.4878,l,0.5833,0.5238,0.5238,0.5495,0.4785,0.4785,0.5781,0.5327,0.5327,0.4878,0.4878,0.4878,,,,,,,,,,,,,,,,0.5261,0.4808,0.4808
2094770,2/24/2026 16:31,popy,ws,9300,125,c,ts,2/24/2026,11:31:29,0,,,0.4444,w,0.5238,0.4651,0.4651,0.5495,0.5192,0.5192,0.5327,0.4854,0.4854,0.4444,0.4444,0.4444,0.5455,0.4762,0.4762,,,,,,,0.5122,0.5,0.5,,,,0.4878,0.4484,0.4484
2145206,3/3/2026 21:46,schj,ws,19300,-122,d,ts,3/3/2026,16:46:29,0,,,0.5495,w,0.6429,0.6429,0.6429,0.5495,,0.6429,0.726,0.726,0.726,0.6552,0.6552,0.6552,,,,,,,0.6774,0.6774,0.6774,,,,,,,0.6212,0.6337,0.631
2068749,2/20/2026 17:49,chaa,ws,6200,110,c,ts,2/20/2026,12:49:46,0,,,0.4762,w,0.5455,,,0.5495,,,,,,0.4762,,,,,,,,,,,,,,,,,,0.5025,,
2027901,2/14/2026 3:34,foki,ws,5500,118,f,ts,2/13/2026,22:34:17,0,,,0.4587,l,0.4587,,0.4587,0.5516,,0.5413,0.5074,,0.5074,0.5122,,0.5122,0.5349,,0.5238,0.537,,0.5283,,,,0.5349,,0.5349,,,0.5238,0.4854,,0.4808
2090914,2/22/2026 21:51,karl,ws,9100,125,c,ts,2/22/2026,16:51:45,0,,,0.4444,l,0.5455,0.5,0.5,0.5516,0.4695,0.4695,0.5305,0.4762,0.4762,0.4444,0.4444,0.4444,0.5455,0.5,0.5,0.5169,0.4695,0.4695,,,,0.5,0.5,0.5,,,,0.4878,0.4505,0.4505
2079045,2/21/2026 22:30,sakh,ws,4900,-123,d,ts,2/21/2026,17:30:27,0,,,0.5516,l,0.6154,0.6774,,0.5516,0.6169,,0.5968,0.6454,,0.6429,0.6429,,0.5833,0.5833,,0.5968,0.5968,,,,,,,,,,,0.569,0.5951,
2010967,2/11/2026 18:07,ryba,ws,5600,115,c,ts,2/11/2026,13:07:06,0,,,0.4651,w,0.5122,0.5122,0.5,0.5516,0.5516,0.5,0.5283,0.5283,0.5283,0.4651,0.4651,0.4651,0.5349,0.5349,0.5,0.5169,0.5169,0.4878,,,,0.5349,0.5122,0.5,0.6416,0.6416,0.6416,0.4926,0.4854,0.4673
2054309,2/18/2026 16:17,gauf,ws,5600,115,c,ts,2/18/2026,11:17:22,0,,,0.4651,w,,,,0.5516,0.495,,0.5392,0.4831,,0.4651,0.4651,,,,,0.537,0.537,,,,,0.5,0.5,,,,,0.4926,0.4505,
2007417,2/10/2026 21:37,berg,ws,5700,100,c,ts,2/10/2026,16:37:29,0,,,0.5,l,0.5455,0.5455,,0.5536,0.5536,,0.5763,0.5763,,0.5,0.5,,0.5652,0.5652,,0.537,0.5575,,,,,0.5652,0.5556,,0.569,0.5575,,0.5238,0.5192,
2046895,2/16/2026 16:33,geor,ws,6200,-105,c,ts,2/16/2026,11:33:23,0,,,0.5122,l,0.5745,,0.5455,0.5536,,0.5434,0.6109,,0.5816,0.5122,,0.5122,,,,,,,,,,,,,,,,0.537,,0.5122
2069218,2/20/2026 22:54,buse,ws,5600,120,c,ts,2/20/2026,17:54:50,0,,,0.4545,w,0.5122,0.4167,0.4167,0.5536,0.4425,0.4425,0.5074,0.4484,0.4484,0.4545,0.4545,0.4545,0.5455,0.5455,0.4348,0.5074,0.4878,0.4695,,,,0.4878,0.4444,0.4444,,,,0.4762,0.4115,0.4049
2042628,2/15/2026 15:22,svaz,ws,8100,-124,d,ts,2/15/2026,10:22:11,0,,,0.5536,w,0.6364,0.6875,,0.5536,0.6429,,0.6183,0.6552,,0.6,0.6429,,0.6,0.6,,0.6078,0.6753,,,,,0.6552,0.6667,,0.67,0.6575,,0.5833,0.6226,
2027951,2/14/2026 3:48,shap,ws,6500,-124,d,ts,2/13/2026,22:48:57,0,,,0.5536,w,0.6,0.5652,0.5652,0.5536,0.5536,0.5745,0.6255,0.6255,0.6183,0.6429,0.6429,0.6429,0.5833,0.5833,0.5833,0.5968,0.5968,0.5968,,,,0.6154,0.6078,0.6078,0.5816,0.5816,0.5816,0.5763,0.5652,0.5652
2145243,3/3/2026 22:09,land,ws,6600,100,c,ts,3/3/2026,17:09:58,0,,,0.5,l,0.5833,0.5122,0.5122,0.5556,0.5,0.5,0.6,0.5475,0.5475,0.5,0.5,0.5,0.5652,0.5652,0.5652,0.5475,0.4695,0.4695,0.5745,0.5122,0.5122,0.5556,0.5349,0.5349,,,,0.5305,0.4878,0.4878
2026014,2/13/2026 4:38,sakm,ws,6000,-125,d,ts,2/12/2026,23:38:08,0,,,0.5556,w,0.6078,0.6429,0.6429,0.5556,0.6416,0.6416,0.639,0.6667,0.6667,0.6296,0.6296,0.6296,,,,,,,,,,,,,,,,0.5763,0.6016,0.6016
2094384,2/24/2026 4:11,vach,ws,11500,130,c,ts,2/23/2026,23:11:30,0,,,0.4348,w,0.5349,0.4651,0.4651,0.5575,0.4673,0.4673,0.5305,0.4762,0.4762,0.4348,0.4348,0.4348,0.5238,0.4545,0.4545,0.537,0.4785,0.4785,,,,0.4878,0.4878,0.4878,,,,0.4902,0.4405,0.4405
2145072,3/3/2026 21:12,agud,ws,5900,105,l,ts,3/3/2026,16:12:34,0,,,0.4878,w,,,,0.5575,0.569,0.5434,0.5455,0.5455,0.5455,0.5556,0.4651,0.4651,,,,,,,,,,0.5122,0.4762,0.4444,,,,0.5122,0.5025,0.5
2069124,2/20/2026 20:58,ruud,ws,5800,115,c,ts,2/20/2026,15:58:56,0,,,0.4651,l,0.5349,0.5,0.5,0.5595,,,0.5192,0.4878,0.4878,0.4651,0.4651,0.4651,0.5238,0.4762,0.4762,0.5283,0.4878,0.4878,,,,0.5122,0.5122,0.5122,,,,0.4926,0.463,0.463
2104565,2/26/2026 1:41,zver,ws,21600,140,l,ts,2/25/2026,20:41:23,0,,,0.4167,l,0.5652,0.4,0.4,0.5595,0.4049,0.4049,0.5633,0.4386,0.4386,0.4545,0.4545,0.4545,0.5455,0.4,0.4,0.5475,0.4082,0.4082,,,,0.4545,0.4167,0.4167,,,,0.5192,0.3876,0.3876
2028300,2/14/2026 6:14,uchm,ws,6800,-127,d,ts,2/13/2026,1:14:53,0,,,0.5595,w,0.6078,0.6364,0.6364,0.5595,0.6441,0.6441,0.6183,0.6503,0.6503,0.6667,0.6667,0.6667,0.6,0.6,0.6491,,,,,,,0.6491,0.6667,0.6667,0.6283,0.639,0.639,0.5833,0.6063,0.6094
1973751,2/5/2026 19:54,korp,ws,4800,100,c,ts,2/5/2026,14:54:55,0,,,0.5,w,0.5556,0.5556,0.5556,0.5595,0.5595,0.5595,,,,0.5,0.5,0.5,0.5652,0.5652,0.5652,0.5575,0.5575,0.5671,,,,0.5652,0.5455,0.5349,,,,0.5192,0.5122,0.5098
2093117,2/24/2026 0:55,frul,ws,10200,125,b,ts,2/23/2026,19:55:54,0,,,0.4444,l,0.5122,,,0.5614,,,0.4444,,,0.5349,,,0.5556,,,0.5283,,,,,,0.5745,,,,,,0.4926,,
2116509,2/27/2026 16:56,gaub,ws,8400,110,c,ts,2/27/2026,11:56:36,0,,,0.4762,l,0.5652,,,0.5614,,,0.5595,,,0.4762,,,0.5652,,,0.5671,,,,,,0.5,,,,,,0.5122,,
2071792,2/21/2026 17:31,brad,ws,12600,120,c,ts,2/21/2026,12:31:41,0,,,0.4545,l,0.5556,0.4545,0.4545,0.5614,0.4274,0.4274,0.5726,0.4348,0.4348,0.4545,0.4545,0.4545,0.5652,0.4545,0.4545,0.5169,0.5074,0.4184,,,,,,,,,,0.5098,0.4219,0.4098
2061602,2/19/2026 19:13,leom,ws,8200,105,c,ts,2/19/2026,14:13:38,0,,,0.4878,l,0.5745,0.5,,0.5614,0.5,,,,,0.4878,0.4878,,,,,,,,,,,,,,,,,0.5215,0.4673,
2090997,2/22/2026 22:10,wats,ws,4800,100,c,ts,2/22/2026,17:10:34,0,,,0.5,w,0.5455,,0.5455,0.5614,,0.5614,0.5633,,0.5633,0.5,,0.5,0.5556,,0.5556,0.5671,,0.5671,,,,0.5652,,0.5122,,,,0.5192,,0.5192
2096122,2/25/2026 0:36,duck,ws,4800,105,c,ts,2/24/2026,19:36:08,0,,,0.4878,l,0.5349,0.5349,0.5349,0.5633,0.5726,0.5726,0.5475,0.5475,0.5475,0.4878,0.4878,0.4878,0.5349,0.5455,0.5455,,,,,,,0.5556,0.5556,0.5122,,,,0.5074,0.5074,0.5
2089076,2/22/2026 19:02,garl,ws,9100,100,c,ts,2/22/2026,14:02:42,0,,,0.5,l,0.5745,0.5238,0.5238,0.5633,0.5192,0.5192,0.5968,0.5968,0.5536,0.5,0.5,0.5,0.5652,0.5652,0.5,0.5671,0.5671,0.5169,,,,,,,,,,0.537,0.5098,0.495
1888674,1/23/2026 3:08,maro,ws,5300,-129,d,ts,1/22/2026,22:08:51,0,,,0.5633,l,0.6296,0.5652,0.5652,0.5633,0.5633,0.5633,0.6183,0.6183,0.6183,0.5918,0.5918,0.6552,0.5833,0.5833,0.5833,0.6169,0.6078,0.6078,,,,0.6154,0.6226,0.6364,0.5885,0.5885,0.6466,0.5816,0.5671,0.5745
2061688,2/19/2026 20:10,fari,ws,8600,115,c,ts,2/19/2026,15:10:54,0,,,0.4651,w,0.5833,0.5,0.5,0.5633,0.4762,0.4762,0.5392,0.4808,0.4808,0.4651,0.4651,0.4651,0.5652,0.4651,0.4651,0.5575,0.4975,0.4975,,,,0.5,0.4878,0.4878,,,,0.5074,0.4545,0.4545
2054350,2/18/2026 16:36,gauf,ws,10100,120,c,ts,2/18/2026,11:36:53,0,,,0.4545,w,0.5455,0.4545,,0.5633,0.5455,,0.5763,0.4484,,0.4545,0.4545,,,,,0.537,0.5283,,,,,0.5122,0.4762,,,,,0.505,0.4484,
2137092,3/1/2026 18:38,walt,ws,6500,-130,d,ts,3/1/2026,13:38:54,0,,,0.5652,l,0.6429,0.6875,0.6875,0.5652,0.6255,0.6255,0.6226,0.661,0.661,0.6296,0.6552,0.6552,0.6,0.6,0.6491,0.6269,0.6269,0.6466,0.6,0.6,0.6364,0.6364,0.6667,0.6667,,,,0.5868,0.6032,0.6154
2116536,2/27/2026 17:10,gaub,ws,15500,-130,d,ts,2/27/2026,12:10:15,0,,,0.5652,l,0.6552,0.7143,0.7143,0.5652,,0.6875,0.6429,0.6429,0.7143,0.7059,0.7059,0.7059,,,0.5652,0.6466,0.6564,0.7151,0.6552,0.6552,0.7143,0.6774,0.726,0.7183,,,,0.6169,0.6441,0.6721
2110572,2/27/2026 1:09,cobo,ws,5400,120,c,ts,2/26/2026,20:09:27,0,,,0.4545,w,0.5,0.4348,0.4348,0.5652,0.4673,0.4587,0.5146,0.4348,0.4545,0.5238,0.4545,0.4545,0.5238,0.5238,0.4545,0.4975,0.4975,0.4386,0.5238,0.4651,0.4651,0.4651,0.4651,0.4651,,,,0.4831,0.4202,0.4202
2139372,3/1/2026 22:21,stak,ws,9500,120,c,ts,3/1/2026,17:21:22,0,,,0.4545,w,0.5556,,,0.5652,,,0.5495,,,0.4545,,,0.5556,,,0.537,,,0.5556,,,0.4762,,,,,,0.5,,
2137265,3/1/2026 18:59,stea,ws,9200,105,c,ts,3/1/2026,13:59:46,0,,,0.4878,w,0.5833,0.5349,0.5349,0.5652,0.5495,0.5516,0.5633,0.5305,0.5192,0.4878,0.4878,0.4878,0.5652,0.5238,0.5238,0.5575,0.5475,0.537,0.5833,0.5238,0.5238,0.5455,0.5349,0.5349,,,,0.5283,0.4975,0.4975
2065707,2/20/2026 2:24,berr,ws,5000,-120,e,ts,2/19/2026,21:24:00,0,,,0.5455,w,0.6154,0.6154,0.6154,0.5652,0.5652,0.5726,0.6,0.6,0.6,0.5918,0.5918,0.5918,0.5455,0.5455,0.5455,,,,,,,0.6,0.5918,0.5652,,,,0.5633,0.5614,0.5536
2000958,2/8/2026 19:44,wild,ws,8200,100,l,ts,2/8/2026,14:44:48,0,,,0.5,l,0.5652,,,0.5671,,,0.5763,,,,,,0.5652,,,0.5475,,,,,,0.5,,,0.4717,,,0.5327,,
2006781,2/10/2026 16:11,osom,ws,7500,110,c,ts,2/10/2026,11:11:33,0,,,0.4762,w,0.5455,0.5455,0.5455,0.5671,0.5238,0.5708,0.5305,0.5392,0.5392,0.4762,0.4762,0.4762,0.5455,0.5455,0.5652,0.5781,0.5475,0.5475,,,,0.5349,0.5238,0.5122,0.5475,0.5536,0.5305,0.5074,0.5,0.5025
2088427,2/22/2026 15:19,priz,ws,9800,-131,d,ts,2/22/2026,10:19:53,0,,,0.5671,w,0.6667,,0.6667,0.5671,,0.5798,0.6503,,0.6503,0.6552,,0.6552,0.6154,,0.6154,0.6364,,0.6269,,,,0.6429,,0.6552,,,,0.6016,,0.6032
2120061,2/28/2026 5:49,nakb,ws,5100,-114,b,ts,2/27/2026,0:49:08,0,,,0.5327,l,0.6,,,0.569,,,0.5327,,,0.6296,,,0.6,,,0.5868,,,0.5556,,,0.6078,,,,,,0.5475,,
2144038,3/3/2026 3:36,stef,ws,6000,-132,d,ts,3/2/2026,22:36:37,0,,,0.569,l,0.6226,,,0.569,,,0.6,,,0.6774,,,0.6154,,,,,,0.6,,,0.6491,,,,,,0.5816,,
2047407,2/16/2026 22:21,bick,ws,7500,-132,d,ts,2/16/2026,17:21:58,0,,,0.569,l,0.6226,0.7143,0.7143,0.569,0.6894,0.6894,0.6454,0.7101,0.7101,0.6875,0.6875,0.6875,,,,,,,,,,,,,,,,0.5951,0.6599,0.6599
2145068,3/3/2026 21:12,agud,ws,12600,125,l,ts,3/3/2026,16:12:26,0,,,0.4444,w,,,,0.569,0.4016,0.4016,0.5455,0.431,0.431,0.4651,0.4651,0.4651,,,,,,,,,,0.4878,0.4545,0.4651,,,,0.4785,0.4016,0.4049
2069242,2/20/2026 23:43,berr,ws,7000,120,e,ts,2/20/2026,18:43:20,0,,,0.4545,l,0.5556,0.4348,0.4348,0.5708,0.4808,0.4808,0.5146,0.4292,0.4292,0.4,0.4,0.4,0.4545,0.4545,0.4545,0.5671,0.5074,0.4785,,,,0.5,0.4651,0.4651,,,,0.4902,0.4082,0.4132
2124609,2/28/2026 20:30,birr,ws,7000,100,f,ts,2/28/2026,15:30:46,0,,,0.5,l,0.5,0.5833,0.5833,0.5708,0.5708,0.6403,0.5633,0.5633,0.6552,0.6296,0.6296,0.6296,0.5833,0.5833,0.6491,0.5575,0.5671,0.6364,0.5745,0.5745,0.6491,,,,,,,0.5283,0.5475,0.6
2001042,2/8/2026 19:49,wild,ws,14200,110,l,ts,2/8/2026,14:49:59,0,,,0.4762,l,0.5652,0.4762,0.4762,0.5708,0.4525,0.4525,0.5726,0.4762,0.4762,,,,0.5652,0.4545,0.4545,0.5671,0.4785,0.4878,,,,0.4762,0.4762,0.4762,,0.4651,0.4651,0.537,0.4386,0.4367
2111449,2/27/2026 1:35,agst,ws,15800,130,c,ts,2/26/2026,20:35:46,0,,,0.4348,l,0.5349,,0.4348,0.5708,,0.4587,0.5816,,0.5122,0.4348,,0.4348,0.5833,,0.4651,0.5169,,0.4975,0.5745,,0.4762,0.4878,,0.4878,,,,0.505,,0.4348
2088949,2/22/2026 18:46,garl,ws,6000,-133,d,ts,2/22/2026,13:46:05,0,,,0.5708,l,0.635,0.635,,0.5708,0.5708,,0.6255,0.6255,,0.6154,0.6154,,0.6,0.6,,0.6078,0.5671,,,,,,,,,,,0.5918,0.5781,
2096104,2/25/2026 0:35,tabi,ws,8200,115,c,ts,2/24/2026,19:35:28,0,,,0.4651,w,0.5556,0.5122,0.5122,0.5708,0.4902,0.4902,0.5349,0.4651,0.4545,0.4651,0.4651,0.4651,0.5455,0.5,0.5,,,,,,,0.5238,0.5122,0.5122,,,,0.5,0.4608,0.4587
2090926,2/22/2026 21:54,lepc,ws,5000,100,c,ts,2/22/2026,16:54:22,0,,,0.5,w,0.5918,0.5918,0.5238,0.5708,0.5708,0.4975,0.5455,0.5455,0.5455,0.5,0.5,0.5,0.5833,0.5833,0.5833,0.5475,0.5475,0.5475,,,,0.5556,0.5238,0.5,,,,0.5192,0.5146,0.5025
2044108,2/15/2026 19:46,gaub,ws,9000,-133,d,ts,2/15/2026,14:46:24,0,,,0.5708,w,0.6491,0.6667,0.6667,0.5708,0.6032,0.6183,0.6364,0.6429,0.6429,0.6774,0.6774,0.6774,0.6154,0.6296,0.6296,0.6466,0.6667,0.6667,,,,0.6491,0.6491,0.6552,0.6644,0.6644,0.6644,0.6032,0.6139,0.6154
2095734,2/25/2026 0:12,duck,ws,7300,126,f,ts,2/24/2026,19:12:08,0,,,0.4425,l,0.4425,0.4425,0.4425,0.5726,0.537,0.537,0.5169,0.4902,0.4902,0.5652,0.5122,0.5122,0.5455,0.5238,0.5238,,,,,,,0.5238,0.5238,0.5238,,,,0.4785,0.4608,0.4608
2002302,2/9/2026 15:25,monn,ws,7800,100,c,ts,2/9/2026,10:25:52,0,,,0.5,l,0.5833,0.5,0.5,0.5726,0.505,0.505,,,,0.5,0.5,0.5,,,,,,,,,,,,,0.4975,0.4975,0.5,0.5327,0.4695,0.4695
2135728,3/1/2026 3:47,paol,ws,12100,-130,f,ts,2/28/2026,22:47:25,0,,,0.5652,l,0.5652,0.6154,0.6154,0.5726,0.6491,0.6491,,,,0.6875,0.6875,0.6875,0.6154,0.6667,0.6667,0.6564,0.6667,0.6753,,,,0.6721,0.6721,0.6721,,,,0.5968,0.6198,0.6109
2141426,3/2/2026 19:47,moch,ws,8600,100,c,ts,3/2/2026,14:47:55,0,,,0.5,w,0.5918,0.5238,0.5238,0.5726,0.5122,0.5122,0.5781,0.5781,0.5327,0.5,0.5,0.5,,,,0.5671,0.5169,0.5169,,,,0.5652,0.5349,0.5349,0.5283,0.5283,0.5192,0.5349,0.5,0.4926
2027946,2/14/2026 3:46,shap,ws,5400,-105,f,ts,2/13/2026,22:46:21,0,,,0.5122,w,0.5122,0.5122,0.5238,0.5726,0.5726,0.5392,0.5851,0.5851,0.5968,0.5918,0.5918,0.5918,0.5652,0.5652,0.5652,0.5475,0.5475,0.5575,,,,0.5918,0.5833,0.5833,,,,0.5327,0.5327,0.5327
2065703,2/20/2026 2:23,berr,ws,6100,-120,l,ts,2/19/2026,21:23:46,0,,,0.5455,w,0.6154,,0.5556,0.5726,,0.4926,0.6,,0.5238,0.5918,,0.5556,0.5455,,0.5455,,,,,,,0.5556,,0.5556,,,,0.5671,,0.505
1914711,1/28/2026 0:51,ryba,ws,7500,120,c,ts,1/27/2026,19:51:45,0,,,0.4545,w,0.5349,0.4878,0.4878,0.5745,0.537,0.537,0.5146,0.4854,0.4717,0.4545,0.4545,0.4545,0.5349,0.5349,0.5349,,,,,,,0.5122,0.5,0.5,0.4902,0.4902,0.4902,0.4902,0.4608,0.4566
2006980,2/10/2026 17:59,hues,ws,11400,110,c,ts,2/10/2026,12:59:50,0,,,0.4762,w,0.5652,0.5,0.5,0.5745,0.4717,,0.5781,0.4545,0.4854,0.4762,0.4762,0.4762,,,,,,,,,,,,,,,,0.5238,0.4367,
2096171,2/25/2026 0:38,stea,ws,8400,-115,f,ts,2/24/2026,19:38:30,0,,,0.5349,w,0.5349,0.5652,0.5652,0.5745,0.5745,0.6416,0.5885,0.5885,0.6255,0.6667,0.6667,0.6667,0.6154,0.6154,0.6491,,,,,,,0.6491,0.6667,0.6552,,,,0.5671,0.5781,0.5935
2046813,2/16/2026 15:33,ruzi,ws,5400,-135,d,ts,2/16/2026,10:33:31,0,,,0.5745,w,0.6154,0.6364,0.6364,0.5745,0.6,0.5935,0.6454,0.6454,0.6667,0.6296,0.6296,0.6296,0.6154,0.6154,0.6154,0.6169,0.6364,0.6269,,,,0.6429,0.6429,0.6491,,,,0.5935,0.5968,0.6032
2068789,2/20/2026 18:10,chaa,ws,6200,100,c,ts,2/20/2026,13:10:16,0,,,0.5,w,0.5652,0.5238,,0.5745,0.5192,,,,,0.5,0.5,,,,,,,,,,,,,,,,,0.5261,0.4878,
2050396,2/17/2026 23:11,dial,ws,8900,105,c,ts,2/17/2026,18:11:17,0,,,0.4878,l,0.5918,,,0.5763,,,0.5595,,,0.4878,,,0.5652,,,0.5781,,,,,,0.5349,,,,,,0.5283,,
2047269,2/16/2026 21:10,altm,ws,9100,105,c,ts,2/16/2026,16:10:48,0,,,0.4878,l,0.5652,0.5,0.5,0.5781,0.4739,0.4739,0.5816,0.5327,0.5327,0.4878,0.4878,0.4878,0.5833,0.5,0.5,0.5781,0.537,0.537,,,,0.5238,0.5238,0.5238,,,,0.5261,0.4854,0.4854
2106339,2/26/2026 2:47,zver,ws,5000,-137,d,ts,2/25/2026,21:47:34,0,,,0.5781,l,0.6,0.6,0.6,0.5781,0.5935,0.5935,0.6667,0.6183,0.6183,0.6667,0.6667,0.6667,0.6154,0.6154,0.6154,0.6269,0.6169,0.6169,,,,0.6491,0.6364,0.6364,,,,0.5951,0.5885,0.5885
2019546,2/12/2026 19:00,jonj,ws,5000,105,c,ts,2/12/2026,14:00:50,0,,,0.4878,w,0.5455,0.4545,0.4545,0.5781,0.5745,0.4926,0.5726,0.5726,0.5,0.4878,0.4878,0.4878,0.5833,0.5833,0.4762,0.5169,0.5074,0.4484,,,,0.5122,0.5,0.5,0.4902,0.4902,0.4902,0.5074,0.4878,0.4505
2107770,2/26/2026 4:48,bell,ws,5200,-137,d,ts,2/25/2026,23:48:01,0,,,0.5781,w,0.6364,,,0.5781,,,0.6364,,,0.6429,,,0.6154,,,0.6169,,,0.6364,,,0.6552,,,,,,0.5951,,
2088417,2/22/2026 15:17,priz,ws,6600,-137,d,ts,2/22/2026,10:17:24,0,,,0.5781,w,0.661,0.661,0.661,0.5781,,0.5556,0.661,0.639,0.639,0.6552,0.6552,0.6552,0.6154,0.6,0.6,0.6466,0.6269,0.6269,,,,0.6296,0.6429,0.6429,,,,0.6,0.5984,0.5951
2006858,2/10/2026 16:58,land,ws,4900,-137,d,ts,2/10/2026,11:58:21,0,,,0.5781,w,0.6154,0.6154,0.6154,0.5781,,0.5745,0.6825,0.6721,0.6721,0.6,0.6,0.6,,,,,,,,,,,,,,,,0.5951,,0.5902
2002544,2/9/2026 18:23,goff,ws,7200,-105,c,ts,2/9/2026,13:23:50,0,,,0.5122,l,0.5833,,,0.5798,,,0.5968,,,0.5122,,,,,,,,,,,,,,,,,,0.5413,,
2101936,2/25/2026 23:16,line,ws,5600,-125,c,ts,2/25/2026,18:16:36,0,,,0.5556,l,0.6296,0.6296,0.6296,0.5798,0.5868,0.5868,0.6364,0.6364,0.6364,0.5556,0.5556,0.4651,0.5652,0.5652,0.6,0.6078,0.6078,0.6078,,,,0.5918,0.5455,0.5349,,,,0.5781,0.5868,0.5595
2091642,2/22/2026 23:36,tabi,ws,19100,115,l,ts,2/22/2026,18:36:34,0,,,0.4651,w,0.6,,,0.5798,,,0.5816,,,0.4762,,,0.6,,,,,,,,,0.4651,,,,,,0.5495,,
2002377,2/9/2026 16:27,dell,ws,5200,-125,c,ts,2/9/2026,11:27:36,0,,,0.5556,w,0.6491,0.6491,0.6491,0.5798,0.5816,0.5816,0.5851,0.5851,0.5851,0.5556,0.5556,0.5556,0.5652,0.5652,0.5652,0.6269,0.5968,0.5968,,,,0.6078,0.6078,0.6,0.6479,0.6479,0.6198,0.5745,0.5708,0.569
2055650,2/19/2026 0:31,kord,ws,5000,-138,d,ts,2/18/2026,19:31:10,0,,,0.5798,w,0.6491,0.6491,0.6491,0.5798,,0.5816,0.6255,0.6183,0.6183,0.6,0.6,0.6,0.6,0.6,0.6,0.6667,0.6667,0.6667,,,,0.6296,0.6296,0.6364,,,,0.5968,0.5968,0.5968
2141277,3/2/2026 18:13,shis,ws,4900,102,f,ts,3/2/2026,13:13:55,0,,,0.495,w,0.495,0.495,0.495,0.5816,0.5816,0.5816,0.5633,0.5633,0.5633,0.5745,0.5745,0.5745,0.5556,0.5556,0.5556,0.537,0.537,0.537,0.5556,0.5556,0.5556,0.5745,0.5745,0.5745,0.5614,0.5614,0.5614,0.5146,0.5146,0.5146
2028156,2/14/2026 4:58,shap,ws,14000,-105,l,ts,2/13/2026,23:58:47,0,,,0.5122,w,0.6296,0.5,0.5,0.5816,0.5025,0.5025,0.5851,0.4762,0.4762,0.5745,0.4651,0.4651,0.5833,0.6154,0.4762,0.5868,0.5671,0.4975,,,,0.5122,0.4878,0.4878,0.5968,0.5968,0.5968,0.569,0.4785,0.4525
2006641,2/10/2026 14:25,bouq,ws,9100,115,c,ts,2/10/2026,9:25:48,0,,,0.4651,w,0.5455,0.5455,0.4545,0.5816,0.5816,0.4545,,,,0.4651,0.5238,0.5238,,,,,,,,,,,,,,,,0.505,0.5122,0.431
2118014,2/28/2026 1:15,kecm,ws,7300,-115,c,ts,2/27/2026,20:15:19,0,,,0.5349,l,0.5918,0.5652,0.5652,0.5833,0.5455,0.5455,0.5968,0.5781,0.5781,0.5349,0.5349,0.5349,0.6,0.5833,0.5833,0.5868,0.5868,0.5868,0.6078,0.5833,0.5833,0.6,0.6,0.6,,,,0.5633,0.5434,0.5434
2093128,2/24/2026 0:57,mand,ws,5700,-115,f,ts,2/23/2026,19:57:55,0,,,0.5349,l,0.5349,0.5652,,0.5833,0.5833,,0.6255,0.6255,,0.5833,0.5833,,0.6154,0.6154,,0.5671,0.5868,,,,,0.6078,0.6226,,,,,0.5556,0.569,
2019664,2/12/2026 19:38,marz,ws,8000,100,c,ts,2/12/2026,14:38:36,0,,,0.5,w,0.5918,0.4651,,0.5833,,,0.5455,0.4587,,0.5,0.5,,0.6,0.6,,,,,,,,,,,0.4762,0.4762,,0.5327,0.4505,
2094772,2/24/2026 16:32,popy,ws,4900,-105,c,ts,2/24/2026,11:32:58,0,,,0.5122,w,0.5652,,0.5652,0.5833,,0.5833,0.5652,,0.5652,0.5122,,0.5122,0.5652,,0.5652,,,,,,,0.5833,,0.5745,,,,0.5305,,0.5283
2106346,2/26/2026 2:47,kecm,ws,18800,150,c,ts,2/25/2026,21:47:48,0,,,0.4,w,0.5652,0.4545,0.4545,0.5833,0.4808,0.4808,0.5816,0.4,0.4,0.4,0.4,0.4,0.5833,0.4545,0.4545,0.5169,0.4082,0.4274,,,,0.4444,0.4444,0.4444,,,,0.4975,0.3968,0.4
2106347,2/26/2026 2:47,kecm,ws,11400,120,l,ts,2/25/2026,21:47:50,0,,,0.4545,w,0.5652,0.4545,0.4545,0.5833,0.4808,0.4808,0.5816,0.4,0.4,0.4,0.4,0.4,0.5833,0.4545,0.4545,0.5575,0.4082,0.4184,,,,0.4762,0.4444,0.4444,,,,0.5098,0.3968,0.3984
2120472,2/28/2026 17:44,acst,ws,22500,120,c,ts,2/28/2026,12:44:01,0,,,0.4545,w,0.6,0.5,0.5,0.5833,0.4739,0.4739,0.6226,0.4854,0.4854,0.4545,0.4545,0.4545,,,,,,,0.6078,0.5,0.5,,,,,,,0.5556,0.4505,0.4505
2101203,2/25/2026 15:18,grie,ws,6300,-140,d,ts,2/25/2026,10:18:22,0,,,0.5833,w,0.661,0.6774,0.6774,0.5833,0.635,0.635,0.6364,0.6364,0.6503,0.6667,0.6667,0.6667,,,,0.6078,0.6364,0.6466,,,,0.6667,0.6774,0.6774,,,,0.6032,0.6241,0.6241
2100377,2/25/2026 4:00,hon,ws,16100,105,c,ts,2/24/2026,23:00:05,0,,,0.4878,w,,,,0.5833,,,0.6503,,,0.4878,0.4878,0.4878,0.6154,0.5238,0.5238,0.6078,0.5868,0.5169,,,,0.5652,0.5455,0.5455,,,,0.5595,,0.4902
2006728,2/10/2026 15:39,bouq,ws,25700,135,c,ts,2/10/2026,10:39:11,0,,,0.4255,w,0.6296,0.4545,,0.5833,0.4255,,,,,0.4255,0.4255,,,,,,,,,,,,,,,,,0.5475,0.4082,
2002541,2/9/2026 18:22,goff,ws,9000,100,c,ts,2/9/2026,13:22:26,0,,,0.5,l,0.5745,0.5238,0.5238,0.5851,0.5122,0.5122,0.5968,0.5475,0.5475,0.5,0.5,0.5,,,,,,,,,,,,,,,,0.537,0.4902,0.4902
2135785,3/1/2026 3:54,bucs,ws,18800,115,c,ts,2/28/2026,22:54:24,0,,,0.4651,w,0.5918,,0.5918,0.5851,,0.5833,,,,0.4651,,0.5349,0.6,,0.6,0.5671,,0.5781,,,,0.6078,,0.5556,,,,0.5475,,0.5392
2110589,2/27/2026 1:10,wuy,ws,9900,-110,c,ts,2/26/2026,20:10:09,0,,,0.5238,l,0.6154,,0.5556,0.5868,,0.5556,0.6109,,0.5305,0.5238,,0.5238,0.6154,,0.5652,0.6169,,0.6169,0.6078,,0.5413,0.5833,,0.5745,,,,0.569,,0.5146
2100571,2/25/2026 4:36,ruud,ws,8500,-110,c,ts,2/24/2026,23:36:06,0,,,0.5238,l,0.5833,0.5349,0.5349,0.5868,0.5516,0.5516,0.6226,0.5595,0.5595,0.5238,0.5238,0.5238,0.6,0.5455,0.5455,0.5968,0.5575,0.5475,,,,0.5745,0.5652,0.5652,,,,0.5575,0.5146,0.5146
2092872,2/23/2026 22:46,puti,ws,6800,-120,c,ts,2/23/2026,17:46:45,0,,,0.5455,l,0.6,0.5349,0.5652,0.5868,0.5868,0.5614,0.6364,0.6364,0.6,0.5455,0.5455,0.5455,0.6,0.6,0.5652,0.5968,0.5575,0.5671,,,,0.6,0.5833,0.5833,,,,0.569,0.5413,0.5413
2061478,2/19/2026 17:57,alcz,ws,8000,-113,b,ts,2/19/2026,12:57:58,0,,,0.5305,w,0.5833,0.6154,0.6154,0.5868,0.6183,0.6183,0.5305,,0.569,0.6154,0.6552,0.6552,0.6,0.6296,0.6296,,,,,,,0.6552,0.6491,0.6429,0.6296,0.6296,0.6296,0.5614,0.5935,0.5851
2007291,2/10/2026 20:26,kecm,ws,4900,-110,f,ts,2/10/2026,15:26:43,0,,,0.5238,w,0.5238,0.5238,0.5238,0.5868,0.5868,0.5868,0.6,0.5885,0.569,0.5745,0.5745,0.5745,0.5833,0.5833,0.5833,0.5671,0.5671,0.5781,,,,0.6,0.5918,0.6,0.5652,0.5652,0.5652,0.5434,0.5392,0.5392
2011563,2/11/2026 21:14,kopr,ws,7500,-142,d,ts,2/11/2026,16:14:41,0,,,0.5868,w,0.6552,0.6552,0.6552,0.5868,0.6139,0.6124,0.6429,0.6429,0.6552,0.6552,0.6552,0.6552,0.7333,0.7333,0.7333,0.6364,0.6466,0.6364,,,,0.6491,0.661,0.6667,0.6454,0.6454,0.6454,0.6109,0.6169,0.6183
2054555,2/18/2026 19:09,assc,ws,5800,-142,d,ts,2/18/2026,14:09:20,0,,,0.5868,w,0.6875,0.6875,0.6875,0.5868,0.6094,0.6094,0.6454,0.661,0.661,0.6154,0.6154,0.6154,,,,,,,,,,,,,,,,0.6063,0.6139,0.6139
2054873,2/18/2026 21:31,chaa,ws,8700,-142,d,ts,2/18/2026,16:31:29,0,,,0.5868,w,0.6226,0.6875,0.6875,0.5868,0.6644,0.6644,,,,0.7059,0.7059,0.7059,,,,,,,,,,0.6875,0.7059,0.7059,,,,0.6078,0.6503,0.6503
1999854,2/8/2026 18:16,uchm,ws,5600,-144,d,ts,2/8/2026,13:16:38,0,,,0.5902,l,0.6364,0.697,0.697,0.5902,0.6622,0.6587,0.6667,0.6667,0.6667,0.6875,0.6875,0.6875,0.6154,0.6154,0.7059,0.6169,0.6466,0.6753,,,,0.7143,0.7143,0.6923,,0.711,0.711,0.6094,0.639,0.6441
1959401,2/3/2026 5:17,jasi,ws,7000,-144,d,ts,2/2/2026,0:17:16,0,,,0.5902,l,0.6552,,0.6667,0.5902,,0.6454,0.6875,,0.697,0.6429,,0.6296,,,,,,,,,,,,,,,,0.6139,,0.6255
2002288,2/9/2026 15:16,humb,ws,10300,-110,c,ts,2/9/2026,10:16:33,0,,,0.5238,w,0.5833,0.5,0.5,0.5902,0.5025,0.5025,0.6109,0.5283,0.5283,0.5238,0.5238,0.5238,0.6154,0.5238,0.5238,,,,,,,0.5349,0.5238,0.5349,0.5098,0.5098,0.5169,0.5633,0.4831,0.4854
2136901,3/1/2026 18:15,town,ws,5400,-110,c,ts,3/1/2026,13:15:49,0,,,0.5238,l,0.5833,0.5652,,0.5918,0.5918,,0.569,0.569,,0.5238,0.5238,,0.5833,0.5833,,0.5671,0.5781,,0.6,0.5652,,0.5745,0.5652,,,,,0.5434,0.5305,
2007238,2/10/2026 20:01,shis,ws,5900,-110,c,ts,2/10/2026,15:01:45,0,,,0.5238,l,0.5833,0.5455,0.5455,0.5935,0.5935,0.5455,0.5763,0.5763,0.5349,0.5238,0.5238,0.5238,0.6,0.6,0.5652,0.5671,0.537,0.5475,,,,0.5918,0.5652,0.5652,0.5798,0.5495,0.5495,0.5475,0.5283,0.5146
2093363,2/24/2026 1:34,mand,ws,18500,115,c,ts,2/23/2026,20:34:23,0,,,0.4651,l,0.5833,0.6154,0.6154,0.5935,0.6032,0.6032,0.5763,0.6183,0.6183,0.4651,,,0.6,0.6296,0.6296,0.5781,0.6364,0.6364,,,,0.6296,0.6296,0.6296,,,,0.5475,0.5902,0.5902
1914719,1/28/2026 0:52,swia,ws,5800,-105,e,ts,1/27/2026,19:52:23,0,,,0.5122,l,0.5652,0.5122,0.5122,0.5935,0.5816,0.5413,0.5885,0.5392,0.5392,0.5652,0.5238,0.5238,0.5122,0.5122,0.5122,,,,,,,0.5745,0.5455,0.5455,0.5495,0.5349,0.5349,0.537,0.5025,0.5
2100817,2/25/2026 5:26,wuy,ws,7800,-110,c,ts,2/24/2026,0:26:25,0,,,0.5238,w,0.6154,0.5455,0.5455,0.5935,0.5122,0.5122,0.6032,0.5283,0.5283,0.5238,0.5238,0.5238,0.6154,0.5455,0.5455,0.5671,0.5169,0.4975,,,,0.5745,0.5556,0.5556,,,,0.5536,0.5025,0.505
2049676,2/17/2026 16:09,berg,ws,6900,-147,d,ts,2/17/2026,11:09:33,0,,,0.5951,w,0.6491,0.6491,0.6491,0.5951,0.6169,0.6169,0.661,0.661,0.661,0.6774,0.6774,0.7619,0.6296,0.6296,0.6491,,,,,,,0.6721,0.6721,0.7183,0.6633,0.7041,0.7041,0.6183,0.6183,0.635
2001162,2/8/2026 19:57,wild,ws,17000,115,l,ts,2/8/2026,14:57:43,0,,,0.4651,l,0.5652,0.4444,0.4444,0.5968,,,0.5816,0.4587,0.4587,,,,0.5833,0.4545,0.4545,0.5575,0.4386,0.4386,,,,0.4651,0.4651,0.4651,0.4367,0.4367,,0.5392,0.4184,0.4184
1871535,1/21/2026 0:36,shna,ws,8700,-110,c,ts,1/20/2026,19:36:08,0,,,0.5238,w,0.6154,,0.5833,0.5968,,0.5614,0.5726,,0.5536,0.5238,,0.5238,0.6,,0.5833,0.6169,,0.5968,,,,0.5833,,0.5745,,,,0.5575,,0.537
1973928,2/5/2026 20:32,snig,ws,20000,115,c,ts,2/5/2026,15:32:42,0,,,0.4651,w,0.6,0.4545,0.4545,0.5968,,,0.5968,0.4115,0.4115,0.4651,0.4651,0.4651,0.6,0.4545,0.4545,0.5781,0.5671,0.4484,,,,0.5,0.4545,0.4545,,,,0.5305,0.431,0.4098
1882652,1/22/2026 4:36,zanb,ws,12600,120,c,ts,1/21/2026,23:36:41,0,,,0.4545,w,0.6296,0.5,0.5,0.5968,0.5968,0.4739,0.6139,0.4902,0.4902,0.4545,0.4545,0.4545,0.6,0.6,0.4651,,,,,,,0.4878,0.4762,0.4762,0.4608,0.4673,0.4673,0.5098,0.4651,0.4484
2049547,2/17/2026 14:47,gara,ws,5600,-120,c,ts,2/17/2026,9:47:27,0,,,0.5455,w,0.6154,0.5745,,0.5968,0.5215,,,,,0.5455,0.5455,,,,,,,,,,,,,,0.6,0.5726,,0.5652,0.5238,
2011060,2/11/2026 18:46,broj,ws,11400,105,c,ts,2/11/2026,13:46:33,0,,,0.4878,l,0.5833,,,0.5984,,,0.5763,,,0.4878,,,0.6,,,,,,,,,0.5652,,,0.5327,,,0.5392,,
1882543,1/22/2026 4:28,osta,ws,7800,-130,f,ts,1/21/2026,23:28:07,0,,,0.5652,l,0.5652,0.6364,0.6364,0.5984,0.6226,0.6845,0.6255,0.6923,0.6923,0.6429,0.6875,0.6875,0.6154,0.6154,0.6825,0.6269,0.6466,0.6855,,,,0.6667,0.6875,0.6875,0.6429,0.6429,0.6429,0.5918,0.6241,0.639
1973904,2/5/2026 20:28,snig,ws,16900,100,l,ts,2/5/2026,15:28:44,0,,,0.5,w,0.6,0.4348,0.4348,0.5984,0.4926,0.4926,0.5968,0.4717,0.4717,0.5918,0.4762,0.4762,0.6154,0.5238,0.5238,0.6078,0.5781,0.5283,,,,0.5,0.4878,0.4878,,,,0.569,0.4545,0.4367
2049549,2/17/2026 14:49,gara,ws,6300,-149,d,ts,2/17/2026,9:49:04,0,,,0.5984,w,0.6774,,0.6774,0.5984,,0.6656,,,,0.6429,,0.6154,,,,,,,,,,,,,0.6711,,0.6479,0.6183,,0.6269
2002592,2/9/2026 19:00,roye,ws,8100,-115,c,ts,2/9/2026,14:00:31,0,,,0.5349,l,0.6,0.5238,,0.6,0.6,,0.6183,0.495,,0.5349,0.5349,,0.6,0.6,,0.5868,0.5575,,,,,0.5349,0.5238,,,,,0.5671,0.5025,
1973923,2/5/2026 20:32,yuay,ws,7900,-105,l,ts,2/5/2026,15:32:04,0,,,0.5122,l,0.6,0.5,0.5,0.6,0.4902,0.4902,0.6226,0.5192,0.5192,0.4651,0.4651,0.4651,0.6154,0.4651,0.4651,0.5868,0.5868,0.4785,,,,0.5122,0.5122,0.5,,,,0.5434,0.4808,0.4608
1973922,2/5/2026 20:32,yuay,ws,17800,115,c,ts,2/5/2026,15:32:02,0,,,0.4651,l,0.6,0.5,0.4545,0.6,0.4902,0.4902,0.6226,0.5192,0.5192,0.4651,0.4651,0.4651,0.6154,0.4651,0.4651,0.5868,0.5868,0.4785,,,,0.5122,0.5,0.4878,,,,0.5434,0.4785,0.4484
2042700,2/15/2026 16:26,jara,ws,9200,-120,c,ts,2/15/2026,11:26:22,0,,,0.5455,l,0.6296,0.6,0.6,0.6,0.5745,0.5745,0.6454,0.6109,0.6109,0.5455,0.5455,0.5455,,,,,,,,,,,,,,,,0.5798,0.5516,0.5516
2118293,2/28/2026 1:37,kecm,ws,6800,-150,d,ts,2/27/2026,20:37:00,0,,,0.6,l,0.661,,0.661,0.6,,0.6183,0.661,,0.6552,0.6552,,0.6552,0.6296,,0.6296,0.6564,,0.6466,0.6774,,0.6667,0.6721,,0.6721,,,,0.6226,,0.6183
1960512,2/3/2026 22:36,oliv,ws,5400,-110,c,ts,2/3/2026,17:36:03,0,,,0.5238,w,0.5833,0.5455,0.5455,0.6,0.5516,0.5516,0.5968,0.5556,0.5556,0.5238,0.5238,0.5238,,,,,,,,,,,,,,,,0.5434,0.5074,0.5074
2074772,2/21/2026 20:14,etch,ws,6500,-125,c,ts,2/21/2026,15:14:44,0,,,0.5556,w,0.6154,0.5918,0.5918,0.6,0.569,0.569,0.6183,0.5885,0.5885,0.5556,0.5556,0.5556,,,,0.6169,0.6078,0.6078,,,,0.6078,0.6078,0.6078,,,,0.5798,0.5575,0.5575
2145016,3/3/2026 20:45,schj,ws,5800,-150,d,ts,3/3/2026,15:45:12,0,,,0.6,w,0.6774,0.6774,0.6774,0.6,,,0.6825,0.6825,0.6825,0.6429,0.6429,0.6429,,,,,,,0.6552,0.6552,0.6552,,,,,,,0.6183,0.6226,0.6226
2042649,2/15/2026 15:44,svaz,ws,8000,-151,d,ts,2/15/2026,10:44:34,0,,,0.6016,w,0.7143,0.7143,0.7143,0.6016,,0.5918,0.6552,0.6667,0.6667,0.6667,0.6667,0.6667,0.6667,0.6667,0.6667,0.6951,0.6951,0.6753,,,,0.6774,0.6875,0.6875,0.6774,0.6774,0.6774,0.6283,0.639,0.6364
1875648,1/21/2026 4:22,born,ws,7800,-152,d,ts,1/20/2026,23:22:59,0,,,0.6032,w,0.6923,0.6923,0.6923,0.6032,0.6441,0.6441,0.6454,,,0.6552,0.6552,0.6552,,,,0.6564,0.6855,0.6855,,,,0.6552,,,,,,0.6183,0.654,0.654
2054679,2/18/2026 20:16,hanf,ws,6700,-110,c,ts,2/18/2026,15:16:04,0,,,0.5238,l,0.6154,0.6154,0.5556,0.6047,0.6047,0.5413,0.5556,0.5556,0.5146,0.5238,0.5238,0.5238,0.6,0.6,0.5455,0.5868,0.5671,0.5575,,,,0.5918,0.5556,0.5556,,,,0.5495,0.5349,0.5025
2007351,2/10/2026 20:44,berg,ws,5800,-130,c,ts,2/10/2026,15:44:17,0,,,0.5652,l,0.6296,0.5918,0.5918,0.6047,0.5726,0.5726,0.6109,0.5885,0.5885,0.5652,0.5652,0.5652,0.6154,0.6154,0.5833,0.6269,0.6078,0.5968,,,,0.6154,0.6078,0.6078,0.5918,0.5918,0.5918,0.5851,0.5595,0.5575
2111424,2/27/2026 1:35,tabi,ws,5300,-134,b,ts,2/26/2026,20:35:03,0,,,0.5726,w,0.6154,0.6667,0.6667,0.6047,0.6845,0.6845,0.5726,0.6139,0.6139,0.6875,0.6875,0.6875,0.6154,0.6667,0.6667,0.6269,0.6753,0.6753,0.6,0.6552,0.6552,0.6721,0.6721,0.6721,,,,0.5902,0.6198,0.6241
1885504,1/23/2026 0:46,tien,ws,6100,-130,f,ts,1/22/2026,19:46:25,0,,,0.5652,w,0.5652,,0.6296,0.6047,,0.6599,0.6078,,0.639,0.6552,,0.6552,0.6154,,0.6491,0.6269,,0.6269,,,,0.661,,0.6721,0.631,,0.631,0.5885,,0.6063
2092855,2/23/2026 22:27,come,ws,9000,-110,c,ts,2/23/2026,17:27:12,0,,,0.5238,l,0.6,0.5349,0.5349,0.6063,0.5595,0.5595,0.5816,0.4878,0.4878,0.5238,0.5238,0.5238,0.6154,0.5349,0.5349,,,,,,,,,,,,,0.5595,0.495,0.495
2044222,2/15/2026 19:53,tabo,ws,6400,-154,d,ts,2/15/2026,14:53:48,0,,,0.6063,l,0.6774,0.7436,0.7436,0.6063,0.6656,0.6656,,,,0.6774,0.6774,0.6774,,,,,,,,,,0.6721,0.697,0.697,,,,0.6269,0.6622,0.6622
2095347,2/24/2026 22:26,agst,ws,12700,110,c,ts,2/24/2026,17:26:37,0,,,0.4762,w,0.6,0.5,0.5,0.6063,0.4608,0.4444,0.5968,0.4854,0.4854,0.4762,0.4762,0.4762,0.6154,0.4878,0.4762,,,,,,,0.5455,0.5,0.5,,,,0.5434,0.4545,0.4545
2137505,3/1/2026 19:22,stea,ws,6400,-135,l,ts,3/1/2026,14:22:34,0,,,0.5745,w,0.6296,0.6296,0.5349,0.6063,0.6063,0.5283,0.6364,0.6364,0.4902,0.6429,0.5349,0.5349,0.6296,0.6296,0.5349,0.6269,0.6269,0.5283,0.6667,0.6667,0.5455,0.5745,0.5745,0.5455,,,,0.5968,0.5816,0.5
2010941,2/11/2026 17:45,ryba,ws,5000,-117,b,ts,2/11/2026,12:45:35,0,,,0.5392,w,0.6154,0.6154,0.5918,0.6078,0.6078,0.6078,0.5392,0.5536,0.6183,0.5745,0.5745,0.5745,0.6154,0.6154,0.6154,0.5968,0.5968,0.6078,,,,0.6,0.6078,0.6,0.6078,0.6078,0.5868,0.5575,0.569,0.5726
2108515,2/26/2026 17:11,nava,ws,6500,-155,d,ts,2/26/2026,12:11:08,0,,,0.6078,w,0.6875,0.6875,0.6875,0.6078,,0.6139,0.6429,0.6429,0.6503,0.6552,0.6552,0.6552,0.6667,0.6667,0.6491,0.6564,0.6564,0.6564,0.6923,0.6923,0.6923,0.6774,0.6774,0.6774,,,,0.6283,0.6324,0.631
2110461,2/27/2026 1:05,wuy,ws,5500,-115,l,ts,2/26/2026,20:05:26,0,,,0.5349,l,0.5833,0.5,0.5,0.6094,0.5327,0.537,0.6139,0.5495,0.5327,0.5,0.5,0.5,0.6296,0.5349,0.5349,0.5968,0.5671,0.5283,0.6078,0.5122,0.5122,0.5349,0.5349,0.5349,,,,0.5556,0.495,0.4902
1960190,2/3/2026 20:35,vava,ws,6100,-125,c,ts,2/3/2026,15:35:06,0,,,0.5556,l,0.6154,0.6154,0.6154,0.6094,0.5951,0.6154,0.6255,0.6139,0.6139,0.5556,0.5556,0.5556,0.5833,0.5833,0.5833,0.6078,0.6078,0.5968,,,,0.6154,0.6154,0.6154,,,,0.5781,0.5726,0.5726
2006951,2/10/2026 17:50,prih,ws,8300,-120,c,ts,2/10/2026,12:50:11,0,,,0.5455,l,0.6154,,,0.6094,,,0.6364,,,0.5455,,,,,,,,,,,,,,,,,,0.5763,,
2092836,2/23/2026 21:24,come,ws,6400,-156,d,ts,2/23/2026,16:24:53,0,,,0.6094,l,0.6774,0.6875,0.6875,0.6094,0.635,0.635,0.6667,0.6875,0.6875,,,,0.6491,0.6491,0.6667,,,,,,,,,,,,,0.6296,0.6454,0.6479
2068751,2/20/2026 17:52,chaa,ws,11400,-105,c,ts,2/20/2026,12:52:25,0,,,0.5122,w,0.6,0.5652,0.5652,0.6094,0.5652,0.5652,,,,0.5122,0.5122,0.5122,,,,,,,,,,,,,,,,0.5575,0.5261,0.5261
2068781,2/20/2026 18:07,chaa,ws,9300,-115,c,ts,2/20/2026,13:07:15,0,,,0.5349,w,0.6154,0.5652,0.5652,0.6094,0.5614,0.5614,,,,0.5349,0.5349,0.5349,,,,,,,,,,,,,,,,0.5708,0.5261,0.5261
2095036,2/24/2026 19:44,kopr,ws,8000,-115,c,ts,2/24/2026,14:44:12,0,,,0.5349,l,0.6,0.5652,0.5652,0.6109,0.5652,0.5633,0.6226,0.6,0.6,0.5349,0.5349,0.5349,0.6154,0.5833,0.5833,,,,,,,0.6,0.5918,0.6,,,,0.5671,0.5455,0.5455
2105811,2/26/2026 2:29,zver,ws,10500,-120,l,ts,2/25/2026,21:29:37,0,,,0.5455,l,0.6154,,0.5,0.6109,,0.495,0.6226,,0.5305,0.5455,,0.5455,0.6,,0.5,0.6169,,0.5283,,,,0.5455,,0.5238,,,,0.5868,,0.4878
2047060,2/16/2026 19:47,wong,ws,16300,-110,l,ts,2/16/2026,14:47:03,0,,,0.5238,w,0.6491,,,0.6109,,,0.6032,,,0.5349,,,0.6154,,,0.6169,,,,,,0.5238,,,,,,0.5885,,
2146920,3/4/2026 1:03,svrc,ws,6100,-125,c,ts,3/3/2026,20:03:33,0,,,0.5556,w,0.6491,0.6491,0.6491,0.6109,0.6109,0.6109,0.639,0.639,0.639,0.5556,0.5556,0.5556,0.6154,0.6154,0.6154,0.5968,0.5968,0.5868,0.5918,0.5918,0.5918,0.6226,0.5833,0.5556,,,,0.5781,0.5708,0.5833
2139887,3/1/2026 23:28,dard,ws,5600,-135,c,ts,3/1/2026,18:28:04,0,,,0.5745,w,0.6491,,,0.6124,,,0.6454,,,0.5745,,,0.6296,,,0.6364,,,0.6226,,,0.6226,,,0.5968,,,0.5935,,
2119772,2/28/2026 4:03,bouk,ws,6100,-159,d,ts,2/27/2026,23:03:36,0,,,0.6139,l,0.6667,,,0.6139,,,0.6875,,,,,,0.6491,,,0.6364,,,0.6875,,,0.726,,,,,,0.6337,,
2061664,2/19/2026 19:56,tien,ws,7700,-125,c,ts,2/19/2026,14:56:04,0,,,0.5556,w,0.6364,0.5652,0.5652,0.6139,0.5614,0.5595,0.6183,0.5392,0.5633,0.5556,0.5556,0.6296,0.6154,0.6154,0.5652,0.6466,0.5868,0.5781,,,,0.5833,0.5833,0.6226,,,,0.5833,0.537,0.5516
2020027,2/12/2026 22:08,bubl,ws,6800,-125,c,ts,2/12/2026,17:08:59,0,,,0.5556,w,,,,0.6139,0.5098,0.5098,0.6364,0.5633,0.5633,0.5556,0.5556,0.5556,,,,0.5968,0.5575,0.5575,,,,0.5455,0.5455,0.5556,0.5575,0.5516,0.5763,0.5798,0.5146,0.5192
2054346,2/18/2026 16:34,mert,ws,5900,-130,c,ts,2/18/2026,11:34:58,0,,,0.5652,l,0.6364,0.5455,0.5455,0.6154,0.4854,0.4854,0.6078,0.5455,0.5455,0.5652,0.5652,0.5652,,,,0.6078,0.5968,0.5575,,,,0.5745,0.5652,0.5745,,,,0.5851,0.5238,0.5169
2007053,2/10/2026 18:47,navr,ws,5400,-125,c,ts,2/10/2026,13:47:43,0,,,0.5556,l,0.6,0.6,0.5556,0.6154,0.5935,0.5575,0.6183,0.6183,0.5851,0.5556,0.5556,0.5556,0.6154,0.6,0.5652,0.6078,0.5968,0.5671,,,,0.6154,0.5918,0.5918,0.635,0.635,0.635,0.5745,0.5652,0.537
1880521,1/22/2026 2:18,dard,ws,5700,-115,c,ts,1/21/2026,21:18:14,0,,,0.5349,w,0.6154,,,0.6154,,,0.5885,,,0.5349,,,0.6154,,,,,,,,,0.5833,,,,,,0.5556,,
1914812,1/28/2026 0:59,ryba,ws,8300,-115,e,ts,1/27/2026,19:59:54,0,,,0.5349,w,0.6154,0.5652,0.5652,0.6154,0.6047,0.5781,0.5968,0.5595,0.5595,0.5833,0.5833,0.5833,0.5349,0.5349,0.5349,,,,,,,0.6078,0.5918,0.5918,0.5868,0.5868,0.5868,0.5671,0.5392,0.537
2047128,2/16/2026 20:18,mich,ws,8500,-108,f,ts,2/16/2026,15:18:51,0,,,0.5192,w,0.5192,0.5192,,0.6154,0.6154,,0.5968,0.5968,,0.5833,0.5833,,0.6154,0.6154,,,,,,,,0.6226,0.6,,,,,0.5556,0.5475,
2134503,3/1/2026 2:23,frec,ws,5900,-130,c,ts,2/28/2026,21:23:17,0,,,0.5652,w,0.6296,0.5652,0.5652,0.6154,0.5984,0.5413,,,,0.5652,0.5652,0.5652,0.6154,0.6154,0.5455,0.6078,0.6078,0.5575,0.6491,0.6491,0.6,0.6078,0.6,0.5918,,,,0.5833,0.5595,0.537
2137481,3/1/2026 19:20,town,ws,13600,-115,c,ts,3/1/2026,14:20:55,0,,,0.5349,l,0.6154,0.4651,0.4651,0.6169,0.5025,0.5025,0.6226,0.4878,0.4878,0.5349,0.5349,0.5349,0.6296,0.5349,0.5349,0.6169,0.4695,0.4695,0.6364,0.5238,0.5238,0.5455,0.5238,0.5238,,,,0.5868,0.4651,0.4673
2137482,3/1/2026 19:20,town,ws,11100,-120,l,ts,3/1/2026,14:20:55,0,,,0.5455,l,0.6154,0.4651,0.4651,0.6169,0.5025,0.5025,0.6226,0.4878,0.4878,0.5349,0.5349,0.5349,0.6296,0.5349,0.5349,0.6169,0.4695,0.4695,0.6364,0.5238,0.5238,0.5455,0.5238,0.5238,,,,0.5868,0.4651,0.4673
2019426,2/12/2026 17:59,mbok,ws,11300,-125,c,ts,2/12/2026,12:59:18,0,,,0.5556,w,0.6364,0.5349,,0.6169,0.6169,,0.6255,0.6255,,0.5556,0.5556,,0.6491,0.6491,,0.6078,0.5968,,,,,0.5745,0.5455,,0.9,0.5633,,0.5816,0.5633,
2049675,2/17/2026 16:09,berg,ws,6000,-161,d,ts,2/17/2026,11:09:23,0,,,0.6169,w,0.6491,0.7368,0.7368,0.6169,0.7207,,0.661,0.7333,0.7333,0.7619,0.7619,0.7619,0.6491,0.6491,0.7333,,,,,,,0.7183,0.75,0.7561,0.7041,0.7537,0.7625,0.635,0.6979,0.705
2071913,2/21/2026 17:50,brad,ws,12200,-125,c,ts,2/21/2026,12:50:13,0,,,0.5556,l,0.661,0.5238,0.5238,0.6183,0.5455,0.5455,0.6454,0.5192,0.5475,0.5556,0.5556,0.5556,0.6296,0.5238,0.5238,0.6078,0.5868,0.5074,,,,,,,,,,0.6,0.4926,0.5025
2052908,2/18/2026 3:01,paut,ws,13900,-105,c,ts,2/17/2026,22:01:44,0,,,0.5122,w,0.6491,,,0.6183,,,0.6364,,,0.6154,,,0.6296,,,,,,,,,0.5556,,,,,,0.6016,,
2099129,2/25/2026 2:54,dole,ws,7900,-120,c,ts,2/24/2026,21:54:18,0,,,0.5455,w,0.6154,,0.5652,0.6183,,0.5833,0.6364,,0.5968,0.5455,,0.5455,0.6154,,0.5652,,,,,,,0.6,,0.5918,,,,0.5763,,0.5455
2100695,2/25/2026 4:57,wuy,ws,6000,-162,d,ts,2/24/2026,23:57:20,0,,,0.6183,w,0.6774,0.6774,0.6774,0.6183,0.6183,0.6183,0.6774,0.6774,0.6774,0.6552,0.6552,0.6552,0.6491,0.6491,0.6491,0.6667,0.6667,0.6667,,,,0.6923,0.6923,0.6923,,,,0.6364,0.635,0.635
1890433,1/23/2026 5:23,gauf,ws,7700,-162,d,ts,1/22/2026,0:23:15,0,,,0.6183,w,0.6491,,,0.6183,,,0.7143,,,0.6875,,,,,,0.6564,,,,,,0.7143,,,,,,0.6416,,
1875654,1/21/2026 4:23,pota,ws,5200,-120,c,ts,1/20/2026,23:23:43,0,,,0.5455,w,0.6,0.5238,0.5238,0.6198,0.6032,0.5413,0.6364,0.6364,0.5536,0.5455,0.5455,0.5455,0.6,0.6,0.5455,0.5868,0.5671,0.5575,,,,0.5833,0.5652,0.5652,,,,0.5652,0.537,0.5122
2006864,2/10/2026 17:05,land,ws,5200,-135,c,ts,2/10/2026,12:05:05,0,,,0.5745,w,0.6154,,,0.6198,,,0.6721,,,0.5745,,,,,,,,,,,,,,,,,,0.5918,,
2002518,2/9/2026 17:56,roye,ws,5300,-130,c,ts,2/9/2026,12:56:42,0,,,0.5652,l,0.6154,0.5918,0.5918,0.6212,0.6212,0.5902,0.6139,0.6139,0.5763,0.5652,0.5652,0.5652,0.6154,0.6154,0.5833,0.6078,0.5968,0.5868,,,,0.6296,0.6078,0.6154,,,,0.5833,0.5726,0.5575
2088491,2/22/2026 16:46,pela,ws,7900,-120,l,ts,2/22/2026,11:46:13,0,,,0.5455,w,0.6154,0.5455,0.5455,0.6212,0.5327,0.5305,0.5968,0.5146,0.5146,,,,0.6154,0.5238,0.5238,0.5968,0.5575,0.5671,,,,0.5455,0.5238,0.5238,,,,0.5745,0.4902,0.4902
2042701,2/15/2026 16:27,jara,ws,7200,-140,c,ts,2/15/2026,11:27:16,0,,,0.5833,l,0.6667,0.6296,0.6296,0.6226,0.6226,0.5745,0.6825,0.6454,0.6454,0.5833,0.5833,0.5833,,,,,,,,,,,,,,,,0.6078,0.5851,0.5816
2073520,2/21/2026 19:30,trev,ws,5700,-135,c,ts,2/21/2026,14:30:14,0,,,0.5745,w,0.6491,0.6491,0.5918,0.6226,0.6226,0.5902,0.6552,0.6552,0.6078,0.5745,0.5745,0.5918,0.6296,0.6296,0.6154,0.6269,0.6269,0.6466,,,,0.6296,0.6,0.6,,,,0.5935,0.5902,0.5652
1875559,1/21/2026 4:15,radu,ws,5100,-130,c,ts,1/20/2026,23:15:53,0,,,0.5652,l,0.6296,0.6296,0.6296,0.6241,0.6241,0.6241,0.6139,0.6139,0.6139,0.5652,0.5652,0.5652,,,,0.6078,0.5968,0.5968,,,,0.6296,0.6296,0.6078,,,,0.5833,0.5798,0.5745
2043700,2/15/2026 19:26,cerf,ws,5100,-125,f,ts,2/15/2026,14:26:02,0,,,0.5556,w,0.5556,,0.5556,0.6241,,0.5984,0.6109,,0.6109,0.6,,0.6,0.6296,,0.6154,,,,,,,0.6364,,0.6552,0.6109,,,0.5745,,0.5633
2141300,3/2/2026 18:26,maes,ws,4800,-140,c,ts,3/2/2026,13:26:10,0,,,0.5833,w,0.6429,0.6296,0.6296,0.6241,0.6169,0.6183,0.6255,0.6255,0.6255,0.5833,0.5833,0.5833,0.6491,0.6296,0.6296,0.6364,0.6269,0.6269,0.6774,0.6774,0.6774,0.6552,0.6552,0.6552,0.6667,0.654,0.654,0.6,0.5968,0.5984
1882787,1/22/2026 4:50,osta,ws,13900,100,c,ts,1/21/2026,23:50:28,0,,,0.5,l,0.6296,0.5349,0.5349,0.6255,0.6255,0.5122,0.6109,0.5098,0.5098,0.5,0.5,0.5,0.6296,0.6296,0.5238,0.6364,0.6364,0.5074,,,,0.5745,0.5455,0.5455,0.495,0.495,0.495,0.5575,0.5,0.4902
2144220,3/3/2026 3:52,stef,ws,17000,105,c,ts,3/2/2026,22:52:44,0,,,0.4878,l,0.6429,0.5122,0.5122,0.6255,0.4926,0.4926,0.6255,0.4673,0.4673,0.4878,0.4878,0.4878,0.6296,0.5,0.5,,,,0.6491,0.5122,0.5122,0.5349,0.5122,0.5122,,,,0.5652,0.4651,0.4651
1888682,1/23/2026 3:09,maro,ws,6200,-145,c,ts,1/22/2026,22:09:08,0,,,0.5918,l,0.697,0.6296,0.6296,0.6255,0.5708,0.5708,0.6721,0.6,0.6,0.5918,0.5918,0.5918,0.6491,0.5833,0.5833,0.6269,0.6269,0.5968,,,,0.6296,0.6154,0.6226,,,0.5885,0.6124,0.5816,0.5763
2011092,2/11/2026 18:58,broj,ws,6500,-167,d,ts,2/11/2026,13:58:23,0,,,0.6255,l,0.6774,0.6774,0.6774,0.6255,0.639,0.639,0.6875,0.6875,0.7059,0.6875,0.6875,0.6875,0.6667,0.6667,0.6667,,,,,,,0.7015,0.7015,0.7101,0.6904,0.6904,0.729,0.6454,0.6466,0.6528
2089075,2/22/2026 19:02,masa,ws,5500,-130,c,ts,2/22/2026,14:02:38,0,,,0.5652,w,0.6226,0.5745,0.5745,0.6255,0.6255,0.5671,0.6255,0.5885,0.5885,0.5652,0.5652,0.5652,0.6154,0.6154,0.5833,0.6078,0.6169,0.5868,,,,,,,,,,0.5851,0.5516,0.5455
2050285,2/17/2026 22:13,cerj,ws,9000,-120,c,ts,2/17/2026,17:13:15,0,,,0.5455,w,0.6,,0.5652,0.6255,,0.569,0.639,,0.6032,0.5455,,0.5455,0.6296,,0.6,,,,,,,0.6154,,0.6154,,,,0.5781,,0.5536
2094822,2/24/2026 17:20,moll,ws,6800,-135,c,ts,2/24/2026,12:20:26,0,,,0.5745,w,0.6296,,,0.6255,,,0.6454,,,0.5745,,,,,,,,,,,,0.6364,,,,,,0.5984,,
2116449,2/27/2026 16:23,rubl,ws,7500,-168,d,ts,2/27/2026,11:23:17,0,,,0.6269,l,,0.6491,0.6774,0.6269,0.6154,0.6154,0.7354,0.7143,0.7143,,,,0.7143,0.7143,0.7143,0.6951,0.6951,0.6951,0.6667,0.6552,0.6774,0.6875,0.6825,0.6825,,,,0.6503,0.6364,0.6491
1963982,2/4/2026 3:21,marn,ws,6300,110,c,ts,2/3/2026,22:21:38,0,,,0.4762,w,0.5238,0.4651,0.4651,0.6269,0.4785,0.4785,0.5595,0.4902,0.4902,0.4762,0.4762,0.4762,,,,,,,,,,,,,,,,0.5025,0.4386,0.4386
2108481,2/26/2026 16:29,nava,ws,5100,-115,c,ts,2/26/2026,11:29:20,0,,,0.5349,w,0.6,0.5556,,0.6269,0.6269,,0.5652,0.5652,,0.5349,0.5349,,0.6,0.6,,0.5671,0.5671,,0.6078,0.6078,,0.5833,0.5652,,,,,0.5536,0.5413,
2042623,2/15/2026 15:19,svaz,ws,7600,-125,c,ts,2/15/2026,10:19:22,0,,,0.5556,w,0.6552,0.6154,0.6154,0.6269,0.5902,0.5902,0.6364,0.6,0.6,0.5556,0.5556,0.5556,0.6296,0.6,0.6,0.6078,0.5868,0.5868,,,,0.6,0.6,0.6,0.5968,0.5968,0.5868,0.5833,0.5633,0.5595
2137103,3/1/2026 18:39,walt,ws,5200,-140,c,ts,3/1/2026,13:39:50,0,,,0.5833,l,0.6667,0.6667,0.6667,0.6283,0.6283,0.6226,0.639,0.639,0.6454,0.5833,0.5833,0.5833,0.6296,0.6296,0.6296,0.6466,0.6667,0.6364,0.6364,0.6364,0.6364,0.6552,0.6491,0.6429,,,,0.6,0.5984,0.6016
1935509,1/31/2026 2:01,svaz,ws,6600,-169,d,ts,1/30/2026,21:01:25,0,,,0.6283,w,0.697,,0.697,0.6283,,0.631,0.726,,0.726,0.6552,,0.6552,,,,,,,,,,,,,,,,0.6479,,0.6491
2054654,2/18/2026 19:59,chaa,ws,14400,-169,d,ts,2/18/2026,14:59:57,0,,,0.6283,w,0.7297,0.7778,0.7778,0.6283,0.7076,0.7076,,,,0.7222,0.7222,0.7222,,,,,,,,,,0.7143,0.726,0.726,,,,0.6667,0.7183,0.7183
1962630,2/4/2026 2:07,ilag,ws,8900,-125,c,ts,2/3/2026,21:07:27,0,,,0.5556,l,0.6429,0.6,0.6,0.6296,0.569,0.569,0.6364,0.5816,0.5816,0.5556,0.5556,,,,,,,,,,,,,,,,,0.5885,0.5413,
1872852,1/21/2026 1:52,gibs,ws,18100,-115,c,ts,1/20/2026,20:52:49,0,,,0.5349,l,0.6774,0.5833,0.5833,0.6296,0.5455,0.5455,0.639,0.5455,0.5455,0.5349,0.5349,0.5349,0.6296,0.5,0.5,0.6564,0.5575,0.5671,,,,0.5745,0.5556,0.5556,,,,0.5951,0.5169,0.5146
2127248,2/28/2026 21:57,hanf,ws,5500,-115,f,ts,2/28/2026,16:57:59,0,,,0.5349,w,0.5349,0.5652,0.5652,0.6296,0.6296,0.6,0.5816,0.5816,0.5885,0.5918,0.5918,0.5918,0.6296,0.6296,0.6296,0.5781,0.5781,0.5968,0.6,0.6,0.6078,0.6154,0.6226,0.6226,,,,0.5556,0.5595,0.5652
2095313,2/24/2026 22:14,birr,ws,15700,-115,l,ts,2/24/2026,17:14:30,0,,,0.5349,w,0.6296,0.5,0.5,0.6296,0.5536,0.5536,0.6552,0.5122,0.5122,0.5349,0.5349,0.5349,0.6296,0.5122,0.5122,,,,,,,0.5349,0.5349,0.5349,,,,0.5951,0.4854,0.4854
2055739,2/19/2026 0:33,kord,ws,8100,-150,c,ts,2/18/2026,19:33:58,0,,,0.6,w,0.6875,,,0.6296,,,0.6667,,,0.6,,,0.6491,,,0.6951,,,,,,0.6429,,,,,,0.6269,,
2125954,2/28/2026 21:09,stea,ws,18500,-170,d,ts,2/28/2026,16:09:44,0,,,0.6296,w,0.7297,0.7917,0.7917,0.6296,0.7253,0.7253,0.726,0.8,0.8,0.8462,0.8462,0.8462,,,,0.705,0.763,0.7727,0.7015,0.7778,0.7778,,,,,,,0.6865,0.7525,0.7596
2008949,2/11/2026 2:05,come,ws,6400,-103,b,ts,2/10/2026,21:05:19,0,,,0.5074,l,0.5349,0.5833,0.5833,0.631,0.639,0.639,0.5074,0.5495,0.5495,0.5652,0.5652,0.5652,0.6,0.6154,0.6154,,,,,,,0.6226,0.6154,0.6,0.5763,,0.569,0.5327,0.5556,0.5495
2145191,3/3/2026 21:42,land,ws,7200,-125,c,ts,3/3/2026,16:42:53,0,,,0.5556,l,0.6364,0.5556,,0.631,0.5475,,0.6429,0.5851,,0.5556,0.5556,,0.6296,0.5652,,0.5968,0.537,,0.6364,0.5745,,0.5833,0.5652,,,,,0.5816,0.5261,
2011514,2/11/2026 20:49,berr,ws,11300,-120,c,ts,2/11/2026,15:49:45,0,,,0.5455,l,0.6296,,,0.631,,,0.6503,,,0.5918,,,0.6296,,,0.6169,,,,,,0.5918,,,0.5745,,,0.5968,,
2118752,2/28/2026 2:11,sele,ws,10700,-125,c,ts,2/27/2026,21:11:24,0,,,0.5556,l,0.6364,0.5556,0.5556,0.631,0.5575,0.5575,0.6667,0.5763,0.5763,0.5556,0.5556,0.5556,0.6491,0.5652,0.5652,0.6169,0.5781,0.5475,,,,0.5918,0.5833,0.5833,,,,0.5951,0.5327,0.5327
1914763,1/28/2026 0:55,ryba,ws,5500,-115,c,ts,1/27/2026,19:55:44,0,,,0.5349,w,0.6296,0.5455,0.5455,0.631,0.5575,0.5575,0.5781,0.5305,0.5305,0.5349,0.5349,0.5349,0.5349,0.5349,0.5349,,,,,,,0.5652,0.5556,0.5455,0.5434,0.5434,0.5434,0.5556,0.5098,0.5098
2100369,2/25/2026 3:58,hon,ws,10300,-140,l,ts,2/24/2026,22:58:53,0,,,0.5833,w,,,,0.631,0.6124,0.537,0.6875,0.6875,0.5885,0.6296,0.5556,0.5556,0.6491,0.6491,0.5652,0.6364,0.6667,0.5781,,,,0.5833,0.5833,0.5833,,,,0.6183,0.5816,0.537
2144829,3/3/2026 15:52,blan,ws,14500,-135,c,ts,3/3/2026,10:52:33,0,,,0.5745,w,0.6774,0.5918,0.5918,0.631,0.5122,0.5122,0.7015,0.6109,0.6364,0.5745,0.5745,0.5745,,,,,,,0.6667,0.5833,0.5833,,,,,,,0.6255,0.5475,0.5516
2085099,2/22/2026 2:17,tien,ws,8800,-125,c,ts,2/21/2026,21:17:34,0,,,0.5556,l,0.6154,0.5652,0.5652,0.6324,0.6094,0.5595,0.6503,0.6,0.6,0.5556,0.5556,0.5556,0.6491,0.6491,0.5833,0.5968,0.5968,0.5575,,,,0.6296,0.6078,0.6078,,,,0.5885,0.5595,0.5475
2028327,2/14/2026 6:38,uchm,ws,8600,-110,c,ts,2/13/2026,1:38:07,0,,,0.5238,w,0.6296,,,0.6324,,,0.5851,,,0.5238,,,0.6296,,,,,,,,,0.5652,,,0.5726,,,0.5575,,
2068665,2/20/2026 15:11,pegu,ws,7300,-120,c,ts,2/20/2026,10:11:26,0,,,0.5455,w,0.6364,0.5455,,0.6324,0.5495,,0.5885,0.5305,,0.5455,0.5455,,0.6226,0.5652,,0.6078,0.6078,,,,,0.5833,0.5652,,,,,0.569,0.5261,
2100691,2/25/2026 4:56,wuy,ws,5700,-140,c,ts,2/24/2026,23:56:12,0,,,0.5833,w,0.6552,0.6154,0.6154,0.6324,0.6109,0.6109,0.6503,0.6,0.6,0.5833,0.5833,0.5918,0.6296,0.6,0.6,0.6466,0.5781,0.5781,,,,0.6296,0.6154,0.6154,,,,0.6032,0.569,0.569
2006791,2/10/2026 16:16,vera,ws,7000,-110,c,ts,2/10/2026,11:16:28,0,,,0.5238,w,0.6,0.6,,0.6337,0.6337,,0.5652,0.5652,,0.5238,0.5238,,0.6154,0.6154,,0.5781,0.5868,,,,,0.5833,0.5652,,0.6016,0.5192,,0.5495,0.5327,
2112386,2/27/2026 2:02,tabi,ws,5000,-130,l,ts,2/26/2026,21:02:08,0,,,0.5652,w,,,,0.6337,0.6337,0.5349,0.6,0.6,0.4717,0.5556,0.5556,0.5556,0.6296,0.6296,0.5349,0.6078,0.6078,0.537,0.6364,0.6364,0.5455,0.6226,0.5556,0.5652,,,,0.5798,0.5833,0.4975
2108871,2/26/2026 20:57,dole,ws,6800,-135,c,ts,2/26/2026,15:57:50,0,,,0.5745,l,0.6364,,,0.635,,,0.6454,,,0.5745,,,0.6296,,,0.6269,,,0.7015,,,0.6364,,,,,,0.6,,
2092804,2/23/2026 19:44,pela,ws,11000,-125,l,ts,2/23/2026,14:44:23,0,,,0.5556,w,0.6154,,0.5349,0.635,,0.5169,0.6364,,0.5652,,,,0.6296,,0.5455,0.6364,,0.5575,,,,0.5556,,0.5556,,,,0.5951,,0.5169
2002274,2/9/2026 15:01,zakh,ws,6300,-140,f,ts,2/9/2026,10:01:39,0,,,0.5833,l,0.5833,,0.6774,0.6364,,0.7076,0.6255,,0.6923,0.6875,,0.6875,0.6491,,0.7059,,,,,,,0.6721,,0.7101,0.654,,0.6914,0.6047,,0.6575
2094115,2/24/2026 3:16,pota,ws,7600,-130,c,ts,2/23/2026,22:16:44,0,,,0.5652,l,0.6364,0.6,0.6,0.6364,0.6364,0.5868,0.639,0.639,0.6078,0.5652,0.5652,0.5652,0.6296,0.6296,0.6,0.6078,0.5968,0.5781,,,,0.6226,0.6078,0.6078,,,,0.5918,0.5781,0.5614
2141370,3/2/2026 19:01,smic,ws,6100,-140,l,ts,3/2/2026,14:01:21,0,,,0.5833,l,0.6364,0.5455,0.5455,0.6364,0.5575,0.5575,0.6429,0.5851,0.5851,0.6296,0.5556,0.5556,0.6491,0.5652,0.5652,0.6364,0.5671,0.5575,0.6667,0.5833,0.5833,0.5833,0.5652,0.5745,0.5516,0.5516,,0.6047,0.5305,0.5305
1881714,1/22/2026 3:21,hurk,ws,8200,-125,c,ts,1/21/2026,22:21:41,0,,,0.5556,l,0.6154,,,0.6364,,,0.6454,,,0.5556,,,0.6296,,,0.5868,,,,,,0.6364,,,,,,0.5851,,
2103627,2/26/2026 1:16,dard,ws,7400,-135,l,ts,2/25/2026,20:16:09,0,,,0.5745,w,0.6491,,0.5652,0.6364,,0.5413,0.6255,,0.5495,0.5833,,0.5833,0.6491,,0.5556,0.6364,,0.5575,,,,0.5918,,0.5833,,,,0.6,,0.5283
2120621,2/28/2026 18:08,acst,ws,10600,-115,c,ts,2/28/2026,13:08:38,0,,,0.5349,w,0.6,0.5,0.5,0.6364,,,0.639,0.5652,0.5652,0.5349,0.5349,0.5349,,,,,,,0.6226,0.5349,0.5349,,,,,,,0.5745,0.495,0.495
1957585,2/3/2026 1:23,arak,ws,6400,-135,c,ts,2/2/2026,20:23:40,0,,,0.5745,w,0.6364,,0.5745,0.6364,,0.5652,0.6667,,0.6109,0.5745,,0.5745,,,,,,,,,,,,,,,,0.5968,,0.5434
2095133,2/24/2026 20:20,tjen,ws,7800,-124,b,ts,2/24/2026,15:20:57,0,,,0.5536,l,0.6,0.6,0.6,0.6377,0.6377,0.6377,0.5536,0.5816,0.5968,0.6429,0.6429,0.6429,0.6296,0.6296,0.6296,0.6269,0.6364,0.6364,,,,0.6429,0.6429,0.6491,,,,0.5816,0.5868,0.5902
2046980,2/16/2026 18:41,atma,ws,6400,-115,c,ts,2/16/2026,13:41:10,0,,,0.5349,w,0.6,0.5349,0.5349,0.6377,0.5327,0.5327,0.6109,0.5633,0.5633,0.5349,0.5349,0.5349,0.6154,0.5349,0.5349,,,,,,,0.5918,0.5556,0.5556,,,,0.5652,0.5122,0.5098
2072612,2/21/2026 18:50,lepc,ws,6700,-140,c,ts,2/21/2026,13:50:02,0,,,0.5833,w,0.6667,0.6429,0.6429,0.6377,0.5984,0.5951,0.6429,0.6183,0.6183,0.5833,0.5833,0.5833,0.6154,0.6,0.6,0.6364,0.6269,0.6269,,,,,,,,,,0.6063,0.5851,0.5885
2092857,2/23/2026 22:28,marz,ws,15700,-125,c,ts,2/23/2026,17:28:45,0,,,0.5556,l,0.6491,,,0.6403,,,0.6721,,,0.5556,,,0.6491,,,,,,,,,,,,,,,0.6124,,
1887316,1/23/2026 2:04,mbok,ws,8700,-105,c,ts,1/22/2026,21:04:04,0,,,0.5122,w,0.6154,0.5455,0.5455,0.6403,0.5392,0.5392,0.5763,0.5192,0.5192,0.5122,0.5122,0.5122,0.6154,0.5349,0.5349,0.6078,0.5283,0.5283,,,,0.5652,0.5455,0.5349,,,,0.5516,0.5,0.5
1914790,1/28/2026 0:58,swia,ws,5200,-105,e,ts,1/27/2026,19:58:04,0,,,0.5122,l,0.5556,0.5556,,0.6416,0.6416,,0.5816,0.5816,,0.5238,0.5238,,0.5122,0.5122,,,,,,,,0.5652,0.5455,,,0.5349,,0.5327,0.5283,
2139869,3/1/2026 23:24,osuw,ws,11800,-122,f,ts,3/1/2026,18:24:58,0,,,0.5495,l,0.5495,0.5495,0.5495,0.6416,0.5868,0.5868,0.6255,0.6,0.6,0.6154,0.6154,0.6154,0.6296,0.6,0.6,0.6564,0.6466,0.6169,0.6774,0.6491,0.6491,0.6364,0.6296,0.6296,0.6795,0.6416,0.639,0.5935,0.5633,0.5708
2001055,2/8/2026 19:50,wild,ws,13800,-130,l,ts,2/8/2026,14:50:34,0,,,0.5652,l,0.6491,0.5652,0.5652,0.6416,0.6296,0.5671,0.6667,0.5455,0.5455,,,,0.6491,0.6491,0.5556,0.6466,0.6364,0.5671,,,,0.5918,0.5652,0.5745,0.6212,0.5633,0.5633,0.6139,0.5327,0.5261
2140074,3/1/2026 23:59,jean,ws,8300,-125,c,ts,3/1/2026,18:59:48,0,,,0.5556,w,0.6491,0.5918,0.5918,0.6416,0.5726,0.5708,0.6364,0.5763,0.5885,0.5556,,,0.6154,0.5833,0.5833,0.6269,0.5868,0.5868,0.6078,0.5556,0.5556,0.5918,0.5918,0.6078,0.6016,0.6016,0.6016,0.5851,0.5495,0.5556
2088990,2/22/2026 18:48,masa,ws,6800,-145,c,ts,2/22/2026,13:48:54,0,,,0.5918,w,0.6774,0.6226,0.6226,0.6416,0.6416,0.6154,0.6503,0.6503,0.6109,0.5918,0.5918,0.5918,0.6491,0.6491,0.6154,0.6466,0.6466,0.6269,,,,,,,,,,0.6139,0.5968,0.5816
2145035,3/3/2026 20:59,agud,ws,6400,-179,d,ts,3/3/2026,15:59:01,0,,,0.6416,w,,,,0.6416,,,0.6721,,,0.7727,,,,,,,,,,,,0.7368,,,,,,0.6599,,
2050379,2/17/2026 23:02,dial,ws,10700,-180,d,ts,2/17/2026,18:02:08,0,,,0.6429,l,0.7222,0.7778,0.7778,0.6429,0.7468,0.7468,0.7015,0.7531,0.7531,0.7222,0.7222,0.7222,0.6923,0.7647,0.7647,0.6951,0.7151,0.763,,,,0.7561,0.7727,0.7727,,,,0.6732,0.7167,0.726
2019561,2/12/2026 19:03,cili,ws,4800,-130,f,ts,2/12/2026,14:03:58,0,,,0.5652,w,0.5652,0.6154,0.6154,0.6429,0.6429,0.6825,0.5885,0.5885,0.6552,0.7059,0.7059,0.7059,0.6491,0.6491,0.6825,0.6078,0.6078,0.6466,,,,0.6552,0.6825,0.6825,,,,0.5816,0.5951,0.6212
2006783,2/10/2026 16:12,korn,ws,6700,-180,d,ts,2/10/2026,11:12:16,0,,,0.6429,w,0.7059,0.7222,0.7222,0.6429,0.6885,0.6885,,,,0.7222,0.7222,0.7222,,,,,,,,,,,,,0.7199,0.7199,0.7199,0.6622,0.6825,0.6825
2097352,2/25/2026 1:37,stom,ws,13500,-140,c,ts,2/24/2026,20:37:19,0,,,0.5833,l,0.697,0.6364,0.6364,0.6454,0.5671,0.5671,0.6875,0.6255,0.6255,0.5833,0.5833,,0.7333,0.7333,0.7333,,,,,,,0.6226,0.6296,0.6364,,,,0.6296,0.5968,0.5951
2006784,2/10/2026 16:12,osom,ws,7400,-120,c,ts,2/10/2026,11:12:33,0,,,0.5455,w,0.6296,0.5556,0.5556,0.6454,0.5671,0.5671,0.6109,0.5327,0.5327,0.5455,0.5455,0.5455,0.6296,0.5652,0.5652,0.6169,0.5968,0.5475,,,,0.5652,0.5556,0.5556,0.5575,0.5575,0.5575,0.5726,0.5215,0.5169
2109125,2/26/2026 23:27,sonm,ws,7100,-135,c,ts,2/26/2026,18:27:38,0,,,0.5745,w,0.6491,,0.6,0.6454,,0.5935,0.6364,,0.5781,0.5745,,0.6154,0.6491,,0.6,0.6269,,0.5781,0.6491,,0.6,0.6226,,0.6154,,,,0.5951,,0.5614
2101954,2/25/2026 23:27,kasi,ws,10800,-135,c,ts,2/25/2026,18:27:02,0,,,0.5745,w,0.6774,0.5556,0.5556,0.6454,,,0.6667,0.569,0.569,0.5745,0.5745,0.5745,0.6825,0.5652,0.5652,0.6753,0.5868,0.5868,,,,0.5918,0.5833,0.5833,,,,0.6124,0.5392,0.5392
2049526,2/17/2026 14:37,bain,ws,6400,-182,d,ts,2/17/2026,9:37:47,0,,,0.6454,w,0.7297,,0.7222,0.6454,,0.6283,,,,0.6667,,0.6667,,,,,,,,,,,,,0.7067,,0.7015,0.6633,,0.6564
1959437,2/3/2026 5:25,jasi,ws,9900,-150,c,ts,2/2/2026,0:25:08,0,,,0.6,l,0.6875,0.6491,0.6491,0.6466,0.5833,0.5833,0.6923,0.661,0.661,0.6,0.6,0.6,,,,,,,,,,,,,,,,0.6324,0.5968,0.5968
2139072,3/1/2026 21:25,stak,ws,5400,-122,f,ts,3/1/2026,16:25:56,0,,,0.5495,w,0.5495,,,0.6466,,,0.6183,,,0.6,,,0.6154,,,0.5781,,,0.6226,,,0.6154,,,,,,0.5708,,
2149767,3/4/2026 2:38,hiji,ws,10900,-125,l,ts,3/3/2026,21:38:33,0,,,0.5556,w,0.6552,,,0.6466,,,0.6255,,,0.5455,,,0.6491,,,0.6078,,,0.6364,,,0.5556,,,,,,0.5951,,
2092798,2/23/2026 19:19,pela,ws,5500,-150,f,ts,2/23/2026,14:19:21,0,,,0.6,w,0.6,0.6,0.6,0.6466,0.6466,0.6564,0.6774,0.6774,0.6774,,,,0.6667,0.6667,0.6667,0.6564,0.6466,0.6466,,,,0.6774,0.6721,0.6774,,,,0.6183,0.6154,0.6154
2054565,2/18/2026 19:10,assc,ws,5900,-150,c,ts,2/18/2026,14:10:53,0,,,0.6,w,0.6667,0.6491,0.6078,0.6466,0.6466,0.5984,0.6825,0.6825,0.6364,0.6,0.6,0.6,,,,,,,,,,,,,,,,0.6198,0.6109,0.5763
2143770,3/3/2026 3:06,bura,ws,29900,130,c,ts,3/2/2026,22:06:26,0,,,0.4348,w,0.697,0.5238,0.5238,0.6466,0.5,0.5,,,,0.4348,0.4348,0.4348,,,,0.6466,0.5475,0.5074,0.6491,0.4878,0.4878,0.5122,0.5,0.4762,,,,0.5763,0.4566,0.4587
2088386,2/22/2026 14:39,kopr,ws,7400,-184,d,ts,2/22/2026,9:39:07,0,,,0.6479,l,0.7059,0.7368,0.7368,0.6479,0.6835,0.6835,0.7059,0.726,0.726,0.7222,0.7222,0.7222,0.6825,0.7059,0.7059,,,,,,,0.7368,0.7368,0.7368,,,,0.6689,0.6904,0.6904
2074392,2/21/2026 20:02,stom,ws,10800,-130,c,ts,2/21/2026,15:02:01,0,,,0.5652,l,0.661,0.5745,0.5745,0.6479,0.5708,0.5708,,,,0.5652,0.5918,0.5918,,,,,,,,,,,,,,,,0.6032,0.5434,0.5434
2073455,2/21/2026 19:27,trev,ws,5500,-140,c,ts,2/21/2026,14:27:55,0,,,0.5833,w,0.6491,0.6491,,0.6479,0.6479,,0.661,0.661,,0.5833,0.5833,,0.6667,0.6667,,0.6269,0.6269,,,,,0.6429,0.6,,,,,0.6016,0.5935,
2119704,2/28/2026 3:47,krua,ws,7800,-145,c,ts,2/27/2026,22:47:26,0,,,0.5918,w,0.661,,0.6154,0.6479,,0.5816,0.6825,,0.6364,0.6552,,0.5918,,,,0.6564,,0.6169,0.6667,,0.6154,0.6364,,0.6296,,,,0.6283,,0.5868
2076186,2/21/2026 21:01,kopr,ws,5400,-130,c,ts,2/21/2026,16:01:52,0,,,0.5652,l,0.6296,0.6296,0.6154,0.6491,0.6491,0.6491,0.6032,0.6032,0.6032,0.5652,0.5652,0.5652,0.6296,0.6296,0.6296,0.5968,0.5968,0.6169,,,,0.6296,0.6296,0.6226,,,,0.5833,0.5833,0.5798
2069250,2/20/2026 23:48,tien,ws,9000,-185,d,ts,2/20/2026,18:48:36,0,,,0.6491,w,0.7059,0.7059,0.7143,0.6491,,0.6656,0.7101,0.7101,0.7101,0.7368,0.7368,0.7368,0.6825,0.6825,0.6923,0.7151,0.7151,0.7151,,,,0.7222,0.7297,0.7436,,,,0.6753,0.6795,0.6835
2047164,2/16/2026 20:27,stom,ws,6000,-130,c,ts,2/16/2026,15:27:45,0,,,0.5652,w,0.6667,0.6667,0.6078,0.6491,0.6491,0.6491,,,,0.5652,0.5652,0.5652,,,,,,,,,,0.6078,0.5918,0.5745,,,,0.5868,0.5798,0.5726
2054809,2/18/2026 20:55,acst,ws,7700,-135,c,ts,2/18/2026,15:55:27,0,,,0.5745,w,0.6667,0.6296,0.6296,0.6503,0.6063,0.6063,0.6503,0.6109,0.6109,0.5745,0.5745,0.5745,,,,,,,,,,,,,,,,0.6016,0.5708,0.5708
2108468,2/26/2026 16:08,herb,ws,7200,-140,c,ts,2/26/2026,11:08:21,0,,,0.5833,w,0.6667,,0.6,0.6503,,0.5614,0.6503,,0.6032,0.5833,,0.5833,,,,,,,0.6552,,0.6078,,,,,,,0.6078,,0.5556
2047083,2/16/2026 19:56,brun,ws,9300,-145,c,ts,2/16/2026,14:56:20,0,,,0.5918,w,0.7222,0.697,0.697,0.6503,0.6047,0.6047,0.661,0.639,0.639,0.5918,0.5918,0.5745,,,,,,,,,,,,,,,,0.6226,0.6016,0.6
2002557,2/9/2026 18:38,goff,ws,10000,-115,c,ts,2/9/2026,13:38:28,0,,,0.5349,l,0.6154,0.5455,0.5455,0.6516,0.5614,0.5614,0.6183,0.5595,0.5595,0.5349,0.5349,0.5349,,,,,,,,,,,,,,,,0.5726,0.5098,0.5098
2124537,2/28/2026 20:29,birr,ws,11400,-125,c,ts,2/28/2026,15:29:23,0,,,0.5556,l,0.6154,,,0.6528,,,0.6364,,,0.5556,,,0.6491,,,0.6078,,,0.6491,,,,,,,,,0.5968,,
2143810,3/3/2026 3:10,svrc,ws,6200,-135,c,ts,3/2/2026,22:10:44,0,,,0.5745,w,0.6774,0.6154,0.6154,0.6528,0.5726,0.5726,0.6503,0.5851,0.5851,0.5745,0.5745,0.5745,0.6491,0.5833,0.5833,0.6564,0.5868,0.5868,0.6154,0.5413,0.5413,0.6078,0.6,0.6,,,,0.5984,0.5536,0.5536
1999979,2/8/2026 18:25,gojo,ws,10700,100,b,ts,2/8/2026,13:25:11,0,,,0.5,l,0.6296,0.5652,0.5652,0.654,0.654,0.5885,0.5,0.5,0.5,0.5556,0.5556,0.5556,,,,,,,,,,,,,,,,0.5434,0.5122,0.5074
2026925,2/13/2026 23:25,bubl,ws,14100,-140,c,ts,2/13/2026,18:25:32,0,,,0.5833,w,0.661,0.5833,0.5833,0.654,0.5902,0.5902,0.6774,0.5633,0.5968,0.5833,0.5833,0.5833,0.6825,0.6,0.6,0.6753,0.6364,0.6169,,,,0.5918,0.6,0.6,0.6667,0.6667,0.6667,0.6337,0.5516,0.5614
2088398,2/22/2026 15:02,priz,ws,6000,-189,d,ts,2/22/2026,10:02:28,0,,,0.654,w,0.7222,,0.7222,0.654,,0.6743,0.726,,0.726,0.7059,,0.7059,0.6875,,0.7143,0.6951,,0.6951,,,,0.7183,,0.726,,,,0.6711,,0.6774
2006685,2/10/2026 15:09,bouq,ws,8900,-189,d,ts,2/10/2026,10:09:02,0,,,0.654,w,0.7059,0.7059,,0.654,0.7732,,,,,0.8462,0.8462,,,,,,,,,,,,,,,,,0.6795,0.7067,
2094962,2/24/2026 18:45,berr,ws,7600,-120,c,ts,2/24/2026,13:45:45,0,,,0.5455,l,0.6,0.6,0.5,0.6552,0.6552,0.5595,0.6032,0.6032,0.5475,0.5455,0.5455,0.5455,0.6296,0.6296,0.5455,,,,,,,0.6226,0.5745,0.5455,,,,0.5745,0.5614,0.5
2011063,2/11/2026 18:47,broj,ws,11900,-135,c,ts,2/11/2026,13:47:06,0,,,0.5745,l,0.6667,0.5833,0.5833,0.6552,0.5935,0.5935,0.6721,0.5968,0.5968,0.5745,0.5745,0.5745,0.6825,0.6825,0.6,,,,,,,0.6364,0.6078,0.6078,0.6016,0.6016,0.6016,0.6154,0.5652,0.5595
2056721,2/19/2026 1:14,tabi,ws,8600,-140,c,ts,2/18/2026,20:14:16,0,,,0.5833,w,0.661,0.661,0.6154,0.6552,0.6032,0.5516,0.6454,0.639,0.6226,0.5833,0.5833,0.5122,0.6491,0.6491,0.5455,0.6753,0.6667,0.6466,,,,0.6491,0.6154,0.6364,,,,0.6078,0.5984,0.5745
2146948,3/4/2026 1:04,svrc,ws,13400,-130,l,ts,3/3/2026,20:04:54,0,,,0.5652,w,0.6875,0.5833,0.5833,0.6552,0.5536,0.5536,0.6667,0.5781,0.5781,0.6667,0.5556,0.5556,0.6667,0.5652,0.5652,0.6466,0.5868,0.5475,0.6154,0.5238,,0.5652,0.5652,0.5652,,,,0.6124,0.5349,0.5392
2140164,3/2/2026 0:24,jean,ws,6900,-145,c,ts,3/1/2026,19:24:15,0,,,0.5918,w,0.6667,,0.6078,0.6552,,0.6047,0.6721,,0.6139,0.5918,,0.6154,0.6667,,0.6154,0.6466,,0.6169,0.6667,,0.6,0.6429,,0.6296,0.6416,,0.6078,0.6154,,0.5781
2009061,2/11/2026 2:15,bouj,ws,6000,-191,d,ts,2/10/2026,21:15:29,0,,,0.6564,l,0.7222,,0.7222,0.6564,,0.6644,0.7409,,0.7409,0.6774,,0.7222,,,,,,,,,,,,,,,,0.6732,,0.6785
2068651,2/20/2026 14:59,anis,ws,7100,-192,d,ts,2/20/2026,9:59:03,0,,,0.6575,l,0.7059,0.7059,0.7059,0.6575,0.6575,0.6622,0.7015,0.6875,0.6875,0.7059,0.7059,0.7727,0.8621,0.8621,0.8621,0.705,0.705,0.6951,,,,0.7297,0.7183,0.7368,,,,0.6785,0.6721,0.6785
2148902,3/4/2026 2:07,hiji,ws,5900,-145,c,ts,3/3/2026,21:07:57,0,,,0.5918,w,0.6875,0.6875,0.6667,0.6575,0.639,0.6212,0.639,0.639,0.6139,0.5918,0.5918,0.5918,0.6667,0.6491,0.6296,0.6466,0.6466,0.6364,0.6491,0.6491,0.6226,0.6667,0.6429,0.6429,,,,0.6109,0.6047,0.5935
2049799,2/17/2026 17:58,eala,ws,6500,-135,c,ts,2/17/2026,12:58:04,0,,,0.5745,w,0.6491,0.5652,0.5652,0.6575,0.5885,0.5885,0.6552,0.569,0.569,0.5745,0.5745,0.5745,0.6667,0.6,0.6,0.6564,0.5868,0.6169,,,,0.6226,0.5918,0.5918,0.5816,0.5816,0.5816,0.5968,0.5475,0.5455
1875597,1/21/2026 4:18,radu,ws,5800,-150,c,ts,1/20/2026,23:18:03,0,,,0.6,l,0.6667,0.6154,0.6154,0.6587,0.6154,0.6154,0.6721,0.6078,0.6078,0.6,0.6,0.6,0.6667,0.6154,0.6154,0.6564,0.6169,0.6078,,,,0.6429,0.6296,0.6296,,,,0.6183,0.5816,0.5816
2104137,2/26/2026 1:30,atma,ws,6500,-125,c,ts,2/25/2026,20:30:43,0,,,0.5556,w,0.5918,,,0.6587,,,0.6255,,,0.5556,,,0.6296,,,0.5968,,,,,,0.6154,,,,,,0.5763,,
1963588,2/4/2026 2:55,bolt,ws,11400,-193,d,ts,2/3/2026,21:55:22,0,,,0.6587,w,0.7368,0.7368,0.7368,0.6587,,0.6587,0.759,0.759,0.759,0.7059,0.7059,0.7059,,,,,,,,,,,,,,,,0.6914,,0.6914
2110329,2/27/2026 0:57,wuy,ws,6500,-160,c,ts,2/26/2026,19:57:41,0,,,0.6154,l,0.6774,,,0.6599,,,0.6875,,,0.6667,,,0.6667,,,0.6753,,,0.6774,,,0.6667,,,,,,0.6429,,
1960342,2/3/2026 20:52,vava,ws,5600,-145,c,ts,2/3/2026,15:52:13,0,,,0.5918,l,0.6552,,,0.661,,,0.6454,,,0.5918,,,0.6491,,,0.6364,,,,,,0.6552,,,0.7436,,,0.6109,,
2100073,2/25/2026 3:41,zarr,ws,5300,-150,l,ts,2/24/2026,22:41:42,0,,,0.6,l,,,,0.661,0.5763,,0.661,0.5781,,0.6,0.6,,0.6667,0.6,,0.6364,0.5868,,,,,0.6154,0.6,,,,,0.6169,0.5556,
2011053,2/11/2026 18:40,quin,ws,9400,-150,f,ts,2/11/2026,13:40:16,0,,,0.6,w,0.6,0.6774,0.6774,0.661,0.661,0.7222,0.6667,0.726,0.726,0.6774,0.75,0.75,0.6825,0.6825,0.75,,,,,,,0.7297,0.7436,0.7468,0.7067,0.7159,0.7159,0.631,0.6743,0.6845
2139279,3/1/2026 22:10,stak,ws,5400,-145,c,ts,3/1/2026,17:10:22,0,,,0.5918,w,0.6491,,0.6,0.661,,,0.6667,,0.6032,0.5918,,0.5918,0.6667,,0.6154,0.6269,,0.6078,0.6875,,0.6364,0.6491,,0.6226,,,,0.6094,,0.5708
2002660,2/9/2026 21:04,foki,ws,9800,-150,f,ts,2/9/2026,16:04:23,0,,,0.6,w,0.6,0.7059,0.7059,0.661,0.661,0.7297,0.7015,0.7015,0.759,0.6667,0.75,0.75,0.6875,0.6875,0.7647,0.6753,0.7245,0.734,,,,0.7059,0.759,0.7561,0.6466,0.7368,0.7368,0.6324,0.6825,0.7041
2141383,3/2/2026 19:17,shis,ws,6600,-196,d,ts,3/2/2026,14:17:30,0,,,0.6622,w,0.7619,0.7619,0.7222,0.6622,0.6622,0.6622,0.7143,0.7143,0.7143,0.7222,0.6875,0.6875,,0.7143,0.7143,0.6855,0.6951,0.6855,0.7333,0.7333,0.7333,0.7297,0.7101,0.697,0.7475,0.7041,0.7041,0.6805,0.6774,0.6667
2050825,2/18/2026 0:29,marz,ws,6100,-150,f,ts,2/17/2026,19:29:24,0,,,0.6,l,0.6,,0.661,0.6633,,0.6815,0.6875,,0.7143,0.6875,,0.6875,0.6825,,0.6923,,,,,,,,,,,,,0.6198,,0.6552
1885455,1/23/2026 0:44,tien,ws,5000,-140,c,ts,1/22/2026,19:44:20,0,,,0.5833,w,0.6296,0.5349,,0.6633,0.6633,,0.6454,0.6454,,0.5833,0.5833,,0.6667,0.6667,,0.6466,0.6078,,,,,0.6364,0.5918,,0.5652,0.5652,,0.6032,0.5708,
2049761,2/17/2026 17:10,meza,ws,4800,-150,c,ts,2/17/2026,12:10:13,0,,,0.6,w,0.661,0.5918,0.5918,0.6633,0.5868,0.5868,,,,0.6,0.6,0.6,,,,,,,,,,,,,,,,0.6154,0.5595,0.5595
2054334,2/18/2026 16:31,golu,ws,11000,-140,c,ts,2/18/2026,11:31:07,0,,,0.5833,w,0.6774,0.6078,0.6078,0.6633,0.5935,0.5935,,,,0.5833,0.5833,,,,,,,,,,,,,,,,,0.6212,0.5671,
2090932,2/22/2026 21:55,lepc,ws,5500,-135,l,ts,2/22/2026,16:55:01,0,,,0.5745,w,0.6774,0.5918,0.5918,0.6656,0.5745,0.5745,0.6139,0.5283,0.5283,0.5745,0.5745,0.5745,0.6667,0.5833,0.5833,0.6078,0.5968,0.5968,,,,0.5745,0.5745,0.5745,,,,0.5935,0.5305,0.5305
2049671,2/17/2026 16:07,dama,ws,10900,-125,c,ts,2/17/2026,11:07:20,0,,,0.5556,l,0.6364,0.5556,,0.6667,0.5495,,0.639,0.5633,,0.5556,0.5556,,,,,,,,,,,,,,,,,0.5951,0.5169,
2009056,2/11/2026 2:14,bouj,ws,13300,-200,d,ts,2/10/2026,21:14:51,0,,,0.6667,l,0.7561,0.7561,,0.6667,0.6933,,0.759,0.759,,0.7222,0.75,,,,,,,,,,,,,,,,,0.7015,0.7059,
2141302,3/2/2026 18:26,maes,ws,7500,-150,c,ts,3/2/2026,13:26:22,0,,,0.6,w,0.6774,0.6429,0.6429,0.6667,0.6491,0.6241,0.6552,0.6255,0.6255,0.6,0.5833,0.5833,0.6667,0.6491,0.6491,0.6667,0.6466,0.6364,0.7143,0.6774,0.6774,0.661,0.6552,0.6552,0.6667,0.6667,0.6667,0.6241,0.6016,0.6
2139252,3/1/2026 22:05,kali,ws,12300,-140,c,ts,3/1/2026,17:05:10,0,,,0.5833,w,0.697,,0.6296,0.6667,,0.5968,0.6774,,0.6255,0.5833,,0.5833,0.6667,,0.5833,0.6564,,0.6078,0.6774,,0.6226,0.6364,,0.6154,,,,0.6255,,0.5816
2113715,2/27/2026 2:41,zhas,ws,8600,-160,c,ts,2/26/2026,21:41:20,0,,,0.6154,w,0.697,0.6364,0.6364,0.6667,0.6667,0.6212,0.7059,0.7059,0.6429,0.6154,0.6154,0.6154,0.6825,0.6825,0.6296,0.6564,0.6564,0.6169,0.6875,0.6875,0.6364,0.6721,0.6491,0.6491,,,,0.6429,0.6269,0.5984
2054460,2/18/2026 18:12,cobo,ws,7800,-128,f,ts,2/18/2026,13:12:19,0,,,0.5614,w,0.5614,,0.5614,0.6678,,0.6324,0.6429,,0.6078,0.6,,0.6,0.6491,,0.6296,0.6078,,0.5671,,,,0.6491,,0.6296,,,,0.5935,,0.5671
2001173,2/8/2026 19:59,pela,ws,26300,-105,l,ts,2/8/2026,14:59:00,0,,,0.5122,w,0.6774,0.5,0.5,0.6678,0.4505,0.4505,0.661,0.5413,0.5413,,,,0.6667,0.4878,0.4878,0.6269,0.4878,0.4878,,,,0.5122,0.5122,0.5122,,0.5,0.5,0.6183,0.4717,0.4717
2011390,2/11/2026 20:18,berr,ws,8200,-150,c,ts,2/11/2026,15:18:47,0,,,0.6,l,0.6491,,,0.6689,,,0.6721,,,0.6,,,0.6667,,,0.6564,,,,,,0.697,,,0.6667,,,0.6269,,
2104639,2/26/2026 1:43,zver,ws,19900,-120,e,ts,2/25/2026,20:43:40,0,,,0.5455,l,0.661,0.5652,0.5652,0.6689,0.5745,0.5745,0.7015,0.6139,0.6139,0.6429,0.6429,0.6429,0.5455,0.5455,0.5455,0.6753,0.6364,0.6269,,,,0.6154,0.6078,0.6078,,,,0.6198,0.569,0.569
2097176,2/25/2026 1:30,stea,ws,8200,-140,c,ts,2/24/2026,20:30:32,0,,,0.5833,w,0.6667,0.6154,0.6154,0.6689,0.5984,0.5984,0.6552,0.6,0.6,0.5833,0.5833,0.5833,0.6875,,,,,,,,,0.6296,0.6078,0.6078,,,,0.6109,0.5708,0.5708
1875569,1/21/2026 4:16,radu,ws,6900,-145,c,ts,1/20/2026,23:16:18,0,,,0.5918,l,0.6774,0.6296,0.6296,0.67,0.6732,0.6296,0.6503,0.6503,0.6078,0.5918,0.5918,0.5918,0.6491,0.6491,,0.6466,0.5968,0.5968,,,,0.661,0.6364,0.6429,,,,0.6154,0.5951,0.5902
2071845,2/21/2026 17:42,brad,ws,20300,-110,c,ts,2/21/2026,12:42:57,0,,,0.5238,l,0.6552,,,0.67,,,0.6503,,,0.5238,,,0.6667,,,0.6269,,,,,,,,,,,,0.6032,,
2096460,2/25/2026 0:58,jonf,ws,6800,-160,c,ts,2/24/2026,19:58:32,0,,,0.6154,l,0.6774,,,0.67,,,0.7015,,,0.6667,,,0.6667,,,,,,,,,0.6667,,,,,,0.6503,,
2094139,2/24/2026 3:21,kyps,ws,15000,-125,c,ts,2/23/2026,22:21:25,0,,,0.5556,w,0.6875,0.5833,0.5833,0.67,0.5475,0.5475,0.6667,0.5726,0.5726,0.5556,0.5556,0.5556,0.6667,0.5833,0.5833,0.6667,0.5671,0.5671,,,,0.5918,0.5918,0.5918,,,,0.6109,0.5413,0.5413
1876065,1/21/2026 5:07,born,ws,7800,-145,c,ts,1/20/2026,0:07:01,0,,,0.5918,w,0.6774,0.6296,0.6296,0.67,0.639,0.6429,0.6721,0.6454,0.6454,0.5918,0.5918,0.5918,0.6667,0.6296,0.6296,0.6269,0.6269,0.5868,,,,0.661,0.6491,0.6491,0.6479,0.6479,0.6479,0.6183,0.5968,0.5984
1875125,1/21/2026 3:53,taus,ws,6200,-170,c,ts,1/20/2026,22:53:22,0,,,0.6296,w,0.6774,0.6552,0.6552,0.67,0.67,0.6454,0.7143,0.7143,0.6923,0.6296,0.6296,0.6296,0.6825,0.6825,0.6667,0.6855,0.6753,0.6753,,,,0.6923,0.6774,0.6825,,,,0.6479,0.6377,0.631
2006954,2/10/2026 17:50,navr,ws,10000,-120,c,ts,2/10/2026,12:50:47,0,,,0.5455,l,0.6154,0.5556,0.5556,0.6711,,,0.6364,0.5781,0.5781,0.5455,0.5455,0.5455,0.6491,0.5833,0.5833,0.6169,0.6078,0.5868,,,,0.5833,0.5745,0.5745,,,,0.5833,0.5349,0.537
2116490,2/27/2026 16:47,chid,ws,11300,-125,c,ts,2/27/2026,11:47:05,0,,,0.5556,l,0.6364,,,0.6711,,,0.6454,,,0.5556,,,,,,,,,,,,,,,,,,0.5968,,
2000454,2/8/2026 19:09,dell,ws,6900,-145,c,ts,2/8/2026,14:09:26,0,,,0.5918,w,0.6875,0.6875,0.6154,0.6711,0.6711,0.6047,0.6429,0.6429,0.6032,0.5918,0.5918,0.5918,0.6154,0.6667,0.6,0.6564,0.6364,0.5968,,,,0.6429,0.6226,0.6154,0.6169,0.6078,0.6078,0.6109,0.6032,0.5708
2137649,3/1/2026 19:31,sakh,ws,8000,-160,c,ts,3/1/2026,14:31:25,0,,,0.6154,w,0.7059,,0.661,0.6711,,0.6241,0.6875,,0.639,0.6154,,0.6154,0.6875,,,0.6667,,0.6466,0.6875,,0.6491,0.6825,,0.6721,,,,0.6416,,0.6094
2117303,2/27/2026 22:58,dard,ws,12200,-204,d,ts,2/27/2026,17:58:56,0,,,0.6711,w,0.7436,,0.7436,0.6711,,0.6785,0.7409,,0.7409,,,,0.7143,,0.7143,0.734,,0.734,0.7468,,0.7468,0.75,,0.7531,,,,0.7041,,0.7059
2068657,2/20/2026 15:03,anis,ws,6900,-205,d,ts,2/20/2026,10:03:21,0,,,0.6721,l,0.697,0.7436,0.7436,0.6721,0.7602,0.7602,0.7015,0.7409,0.7409,0.7619,0.7619,0.7619,0.8621,0.8621,0.8621,0.7151,0.734,0.7436,,,,0.7647,0.7802,0.7753,,,,0.6894,0.7222,0.7245
1875767,1/21/2026 4:34,born,ws,6300,-160,c,ts,1/20/2026,23:34:27,0,,,0.6154,w,0.6667,0.6667,0.6667,0.6721,0.6743,0.6743,0.6825,0.6825,0.6825,0.6154,0.6154,0.6154,0.6667,0.6667,0.6667,0.6667,0.6564,0.6564,,,,0.6923,0.6875,0.6875,,,,0.635,0.6337,0.6337
2080480,2/21/2026 23:06,vidm,ws,6300,-206,d,ts,2/21/2026,18:06:09,0,,,0.6732,l,0.75,0.7222,0.7222,0.6732,0.6732,0.6689,,,,0.7059,0.7059,0.7059,,,,,,,,,,,,,,,,0.6904,0.6721,0.6711
2089491,2/22/2026 19:34,brac,ws,7000,-135,c,ts,2/22/2026,14:34:24,0,,,0.5745,w,0.6364,0.5745,0.5745,0.6743,0.5984,0.5984,0.6774,0.6255,0.6255,0.5745,0.5745,0.5918,0.6667,0.6,0.6,0.6169,0.5671,0.5671,,,,0.6,0.6,0.5918,,,,0.5984,0.5595,0.5595
2049561,2/17/2026 14:58,bain,ws,7800,-208,d,ts,2/17/2026,9:58:53,0,,,0.6753,w,0.7561,0.7561,0.7561,0.6753,0.7085,0.7085,,,,0.7059,0.7059,0.7059,,,,,,,,,,,,,0.7319,0.7319,0.7319,0.696,0.6997,0.6997
2047536,2/16/2026 23:11,giro,ws,9200,-150,c,ts,2/16/2026,18:11:30,0,,,0.6,w,0.7015,0.7015,0.7015,0.6764,0.6078,0.5745,0.6825,0.6139,0.6139,0.6,0.6,0.6,0.6923,0.6296,0.6296,0.6667,0.6269,0.6269,,,,0.6364,0.6429,0.6429,,,,0.6296,0.6,0.5984
1934844,1/31/2026 1:22,svaz,ws,10700,-150,c,ts,1/30/2026,20:22:47,0,,,0.6,w,0.6774,0.6154,0.6154,0.6764,0.5935,0.5935,0.7015,0.6721,0.6721,0.6,0.6,0.6,,,,,,,,,,,,,,,,0.635,0.5918,0.5918
1881516,1/22/2026 3:09,sieg,ws,5600,-150,c,ts,1/21/2026,22:09:51,0,,,0.6,l,0.6667,0.6491,0.6491,0.6785,0.6644,0.6441,0.6667,0.6364,0.639,0.6,0.6,0.6,0.6667,0.6667,0.6296,0.6466,0.6364,0.6364,,,,0.6552,0.6491,0.6491,0.6364,0.6364,0.6364,0.6198,0.6032,0.6
2055816,2/19/2026 0:36,pass,ws,8000,-211,d,ts,2/18/2026,19:36:32,0,,,0.6785,l,0.7561,,,0.6785,,,0.726,,,0.7619,,,0.7059,,,0.7151,,,,,,0.7647,,,,,,0.6997,,
2116502,2/27/2026 16:51,rubl,ws,6100,-211,d,ts,2/27/2026,11:51:46,0,,,0.6785,l,0.7059,0.7059,0.7059,0.6785,0.6785,0.6785,0.7701,0.7701,0.7701,0.7222,0.7222,0.6875,,,,0.7151,0.7151,0.705,0.7647,0.7647,0.7647,0.726,0.7222,0.7101,,,,0.6942,0.6933,0.6885
1882463,1/22/2026 4:21,stea,ws,7200,-170,c,ts,1/21/2026,23:21:09,0,,,0.6296,w,0.6774,0.6774,0.6154,0.6785,0.6785,0.6255,0.7354,0.6923,0.6774,0.6296,0.6296,0.6296,0.6923,0.6923,0.6296,,,,,,,0.7059,0.6552,0.6552,0.6016,0.6016,0.6016,0.6575,0.635,0.6032
2095297,2/24/2026 22:08,birr,ws,9500,-160,c,ts,2/24/2026,17:08:47,0,,,0.6154,w,0.697,0.6,0.6,0.6795,0.6094,0.6094,0.726,0.6503,0.6503,0.6154,0.6154,0.6154,0.7059,0.6154,0.6154,,,,,,,0.6552,0.6552,0.6491,,,,0.6454,0.5968,0.5951
2094434,2/24/2026 4:24,arae,ws,6000,-213,d,ts,2/23/2026,23:24:07,0,,,0.6805,w,0.7368,0.7059,0.75,0.6805,0.6785,0.6528,0.7409,0.7531,0.7143,,,,0.7059,0.7059,0.6667,0.7245,0.7151,0.6951,,,,0.7403,0.7333,0.75,,,,0.696,0.6865,0.6835
2050894,2/18/2026 0:35,baez,ws,6800,-185,f,ts,2/17/2026,19:35:36,0,,,0.6491,l,0.6491,,,0.6835,,,0.726,,,0.75,,,0.6825,,,0.6855,,,,,,0.7403,,,,,,0.6689,,
1882256,1/22/2026 4:01,bert,ws,12900,-145,c,ts,1/21/2026,23:01:24,0,,,0.5918,w,0.6774,0.5918,0.5918,0.6835,0.5798,0.5798,0.6923,0.6139,0.6139,0.6875,0.5918,0.5918,,,,,,,,,,,,,,,,0.6454,0.5595,0.5595
2085107,2/22/2026 2:17,tien,ws,9200,-150,c,ts,2/21/2026,21:17:54,0,,,0.6,l,0.661,0.6154,0.6154,0.6845,0.6815,0.6324,0.6825,0.6825,0.6503,0.6,0.6,0.6,0.6923,0.6923,0.6491,0.6364,0.6269,0.5968,,,,0.6825,0.6552,0.6552,,,,0.6296,0.6124,0.5935
2010899,2/11/2026 17:20,etch,ws,8600,-150,c,ts,2/11/2026,12:20:05,0,,,0.6,w,0.6875,,0.6,0.6845,,0.6063,0.697,,0.6364,0.6,,0.6,,,,0.6564,,0.6078,,,,0.661,,0.6296,0.6198,,0.6032,0.635,,0.5833
1874721,1/21/2026 3:40,taus,ws,8200,-195,f,ts,1/20/2026,22:40:33,0,,,0.661,w,0.661,0.7143,0.7143,0.6855,0.6855,0.7333,0.7333,0.7333,0.7701,0.75,0.75,0.75,0.7059,0.7059,0.75,0.6855,0.6855,0.734,,,,0.7647,0.7778,0.7753,0.7436,0.7436,0.7436,0.6835,0.6894,0.7159
1873660,1/21/2026 2:38,mbok,ws,6300,-218,d,ts,1/20/2026,21:38:02,0,,,0.6855,w,,,,0.6855,,0.7579,,,,0.7368,,0.7368,0.7059,,0.75,0.7436,,0.7826,,,,0.7468,,0.7619,,,,0.6979,,0.7207
2141730,3/2/2026 22:41,zarr,ws,6700,-158,f,ts,3/2/2026,17:41:42,0,,,0.6124,l,0.6124,,0.6124,0.6865,,0.6885,0.6667,,0.6667,0.6774,,0.6774,0.6875,,0.6875,,,,0.7015,,0.7015,0.6923,,0.697,0.7085,,0.7118,0.6337,,0.6296
2061582,2/19/2026 18:55,tien,ws,7500,-219,d,ts,2/19/2026,13:55:50,0,,,0.6865,w,,0.7297,,0.6865,0.6865,,0.726,0.726,,0.7222,0.7917,,0.7333,0.7143,,0.7436,0.734,,,,,0.759,0.8058,,,,,0.6979,0.6997,
1892143,1/24/2026 0:13,muse,ws,7900,-170,f,ts,1/23/2026,19:13:42,0,,,0.6296,w,0.6296,0.6667,0.6364,0.6885,0.6885,0.7059,0.7015,0.7015,0.7409,0.7222,0.7222,0.7222,0.6825,0.6825,0.7143,0.6855,0.6951,0.7151,,,,0.7222,0.75,0.75,0.7214,0.7214,0.7214,0.654,0.6575,0.6743
2008853,2/11/2026 1:59,bouj,ws,6000,-145,c,ts,2/10/2026,20:59:53,0,,,0.5918,l,0.6774,,,0.6894,,,0.6429,,,0.5918,,,,,,,,,,,,,,,,,,0.6109,,
2059382,2/19/2026 2:37,giro,ws,6300,-200,e,ts,2/18/2026,21:37:26,0,,,0.6667,l,0.7143,0.7143,0.7143,0.6894,0.6894,0.6894,0.7531,0.7531,0.7531,0.7368,0.7368,0.7368,0.6667,0.6667,0.6667,0.6951,0.6951,0.6951,,,,0.7403,0.7368,0.726,,,,0.6835,0.6825,0.6805
2102905,2/26/2026 0:45,dard,ws,5000,-150,c,ts,2/25/2026,19:45:11,0,,,0.6,w,0.6552,,,0.6904,,,0.6552,,,0.6,,,0.6667,,,0.6667,,,,,,0.6429,,,,,,0.6183,,
2069221,2/20/2026 23:06,berr,ws,6100,-130,e,ts,2/20/2026,18:06:33,0,,,0.5652,l,0.6,0.6,,0.6914,0.6914,,0.6139,0.6139,,0.5833,0.5833,,0.5652,0.5652,,0.6169,0.6078,,,,,0.6552,0.6154,,,,,0.5885,0.5781,
2028099,2/14/2026 4:32,foki,ws,6300,-224,d,ts,2/13/2026,23:32:19,0,,,0.6914,l,0.75,,0.75,0.6914,,0.7403,0.7409,,0.7354,0.7619,,0.75,0.7143,,0.7778,0.7245,,0.7151,,,,0.7647,,0.7701,0.999,,0.999,0.7076,,0.7126
2002718,2/9/2026 21:42,nard,ws,6300,-224,d,ts,2/9/2026,16:42:55,0,,,0.6914,w,0.7778,0.8113,0.8113,0.6914,0.7222,0.7396,0.7531,0.7531,0.7826,0.75,0.75,0.75,,,,,,,,,,,,,,,,0.7067,0.7222,0.7409
2043709,2/15/2026 19:26,cerf,ws,5000,-150,f,ts,2/15/2026,14:26:40,0,,,0.6,w,0.6,0.6,0.6,0.6923,0.6923,0.705,0.661,0.661,0.661,0.6552,0.6,0.6,0.6667,0.6667,0.6825,,,,,,,0.6825,0.6774,0.661,,0.6552,0.5984,0.6154,0.6063,0.6032
2084315,2/22/2026 1:36,paut,ws,8800,-160,c,ts,2/21/2026,20:36:10,0,,,0.6154,w,0.7143,0.6667,0.6667,0.6933,0.6656,0.6169,0.6825,0.6364,0.6364,0.6667,0.6154,0.6154,0.6825,0.6154,0.6154,0.6855,0.6951,0.6466,,,,0.6667,0.6552,0.6491,,,,0.6564,0.6078,0.6063
2054417,2/18/2026 17:06,gauf,ws,6900,-160,c,ts,2/18/2026,12:06:57,0,,,0.6154,w,0.6774,,,0.6933,,,0.6923,,,0.6154,,,,,,0.6667,,,,,,0.6875,,,,,,0.6429,,
2059534,2/19/2026 2:45,giro,ws,7100,-200,e,ts,2/18/2026,21:45:58,0,,,0.6667,l,0.7297,0.7297,0.7297,0.6942,0.6855,0.6855,0.7333,0.7333,0.7333,0.7222,0.7222,0.6875,0.6667,0.6667,0.6667,0.705,0.705,0.6951,,,,0.7368,0.726,0.7101,,,,0.6855,0.6825,0.6764
2093822,2/24/2026 2:24,town,ws,9500,-140,c,ts,2/23/2026,21:24:04,0,,,0.5833,w,0.661,0.6154,0.6154,0.6942,0.6564,0.6564,0.661,0.6183,0.6183,0.5833,0.5833,0.5833,0.6875,0.6491,0.6491,0.6364,0.6364,0.6269,,,,0.6491,0.6429,0.6429,,,,0.6154,0.5968,0.5968
2143915,3/3/2026 3:23,bura,ws,6700,-160,c,ts,3/2/2026,22:23:49,0,,,0.6154,w,0.7059,0.6226,0.6226,0.6942,0.6226,0.6139,,,,0.6154,0.6154,0.6154,,,,0.6753,0.6269,0.5968,0.7333,0.6491,0.6491,0.661,0.6296,0.6226,,,,0.6416,0.5918,0.5833
2136914,3/1/2026 18:18,town,ws,7300,-160,c,ts,3/1/2026,13:18:16,0,,,0.6154,l,0.697,,0.6296,0.6951,,0.6403,0.6721,,0.639,0.6154,,0.6154,0.6825,,0.6296,0.6753,,0.6269,0.7143,,0.6667,0.6491,,0.6429,,,,0.6377,,0.5984
2116419,2/27/2026 16:08,rubl,ws,9500,-165,m,ts,2/27/2026,11:08:17,0,,,0.6226,l,0.697,0.6491,0.6491,0.6951,0.6466,0.6466,0.6774,0.6226,0.6226,0.6552,0.6552,0.6552,0.6825,0.6825,0.6825,0.7151,0.6951,0.6951,0.6226,0.5833,,0.697,0.6825,0.6825,,,,0.6516,0.6109,0.6255
2095195,2/24/2026 20:58,marc,ws,12900,-225,d,ts,2/24/2026,15:58:28,0,,,0.6923,l,0.7872,0.7872,0.7872,0.696,0.7297,0.7297,0.7531,0.7701,0.7701,0.75,0.7059,0.7059,0.75,0.75,0.7895,,,,,,,0.7619,0.7561,0.7561,,,,0.7214,0.7238,0.726
1962976,2/4/2026 2:26,marn,ws,14600,-145,c,ts,2/3/2026,21:26:16,0,,,0.5918,w,0.6774,,,0.696,,,0.7101,,,0.5918,,,,,,,,,,,,,,,,,,0.6416,,
2088612,2/22/2026 18:13,zhas,ws,6700,-210,c,ts,2/22/2026,13:13:06,0,,,0.6774,w,0.7727,,0.7436,0.696,,0.6528,0.7468,,0.7143,0.6774,,0.6774,0.7143,,0.6875,0.705,,0.6951,,,,0.7468,,0.7222,,,,0.697,,0.6732
1883375,1/22/2026 6:18,gea,ws,6600,-231,d,ts,1/21/2026,1:18:25,0,,,0.6979,l,0.7561,0.7619,0.7619,0.6979,0.7126,,,,,0.75,0.75,0.75,0.7333,0.7333,0.7647,,,,,,,,,,,,,0.7143,0.7222,
2094386,2/24/2026 4:11,arae,ws,10900,-231,d,ts,2/23/2026,23:11:37,0,,,0.6979,w,0.7619,0.7619,0.7619,0.6979,,0.696,0.7753,0.7826,0.7826,0.7619,0.7619,0.7619,,,,0.734,0.7436,0.7436,,,,0.7826,0.7802,0.7674,,,,0.7253,0.7326,0.7253
2143697,3/3/2026 2:56,stef,ws,6300,-160,c,ts,3/2/2026,21:56:14,0,,,0.6154,l,0.7222,0.7222,0.6491,0.6988,0.6988,0.6154,0.6774,0.6774,0.6226,0.6154,0.6154,0.6154,0.6875,0.6875,0.6875,,,,0.6552,0.6552,0.6552,0.6721,0.6429,0.6296,,,,0.635,0.6283,0.6016
2136959,3/1/2026 18:26,walt,ws,12000,-170,c,ts,3/1/2026,13:26:32,0,,,0.6296,l,0.7368,0.6774,0.6774,0.6997,0.6564,0.6528,0.6923,0.6429,0.6552,0.6296,0.6296,0.6296,0.7143,0.6875,0.6875,0.6951,0.6667,0.6564,0.7333,0.6875,0.6875,0.6875,0.6721,0.6721,,,,0.6656,0.6241,0.6255
2028235,2/14/2026 5:48,bolt,ws,16500,-180,c,ts,2/13/2026,0:48:45,0,,,0.6429,l,0.7619,,0.697,0.7015,,0.6454,0.7468,,0.7015,0.6429,,0.6429,,,,,,,,,,,,,,,,0.6914,,0.6403
1960147,2/3/2026 20:25,shis,ws,8100,-235,d,ts,2/3/2026,15:25:35,0,,,0.7015,l,0.7619,,0.7619,0.7015,,0.7167,0.7895,,0.7895,0.7619,,0.7368,,,,,,,,,,,,,,,,0.7214,,0.7199
1999406,2/8/2026 17:22,line,ws,15000,-130,c,ts,2/8/2026,12:22:12,0,,,0.5652,w,0.6774,,,0.7015,,,0.6825,,,0.5652,,,0.6875,,,0.6667,,,,,,0.6,,,,,,0.6198,,
2007391,2/10/2026 21:23,kecm,ws,14000,-140,c,ts,2/10/2026,16:23:40,0,,,0.5833,w,0.7297,,,0.7015,,,0.7015,,,0.5833,,,0.7059,,,0.6667,,,,,,0.5918,,,0.5671,,,0.631,,
2143846,3/3/2026 3:14,svrc,ws,13900,-170,c,ts,3/2/2026,22:14:09,0,,,0.6296,w,0.7619,0.6364,0.6364,0.7015,0.5745,0.5745,0.7059,0.5851,0.5851,0.6296,0.6296,0.6296,0.7333,0.6154,0.6154,0.7245,0.6364,0.6269,0.6774,0.5455,0.5455,0.6296,0.6,0.6078,,,,0.6721,0.5633,0.5726
2069156,2/20/2026 21:14,ruud,ws,4800,-145,c,ts,2/20/2026,16:14:16,0,,,0.5918,l,0.6364,0.5745,,0.7024,0.6337,,0.6454,0.6109,,0.5918,0.5918,,0.6825,0.6154,,0.6564,0.6269,,,,,0.6364,0.6296,,,,,0.6109,0.5798,
2150054,3/4/2026 2:49,hiji,ws,14900,-160,c,ts,3/3/2026,21:49:50,0,,,0.6154,w,0.7368,0.6552,0.6552,0.7024,,,0.697,0.6139,0.6139,0.6154,0.6154,0.6154,0.7143,0.6491,0.6491,0.6951,0.6667,0.6466,0.7333,0.6491,0.6491,0.6825,0.6491,0.6491,,,,0.6633,0.5968,0.5968
2042602,2/15/2026 15:10,wong,ws,6200,-188,f,ts,2/15/2026,10:10:42,0,,,0.6528,w,0.6528,,0.6528,0.7024,,0.7389,0.7015,,0.7015,0.75,,0.75,0.6825,,0.7143,0.7245,,0.7245,,,,0.7222,,0.6923,0.723,,0.723,0.67,,0.6678
2137254,3/1/2026 18:58,sakh,ws,13400,-180,c,ts,3/1/2026,13:58:03,0,,,0.6429,w,0.7826,,0.697,0.7024,,0.6785,0.7409,,0.6667,0.6429,,0.6429,0.75,,0.6491,0.7436,,0.6855,0.7468,,0.6875,0.7059,,0.6825,,,,0.6988,,0.639
2026900,2/13/2026 22:38,muna,ws,6600,-170,c,ts,2/13/2026,17:38:56,0,,,0.6296,l,0.6774,0.6491,0.6491,0.7033,0.6732,0.6743,0.7015,0.7015,0.6825,0.6296,0.6296,0.6296,0.7143,0.7143,0.6923,0.6564,0.6753,0.6269,,,,0.7059,0.697,0.697,,,,0.6491,0.6429,0.6283
2088939,2/22/2026 18:43,masa,ws,6000,-190,c,ts,2/22/2026,13:43:52,0,,,0.6552,w,0.7297,,,0.7041,,,0.7101,,,0.6552,,,0.7059,,,0.705,,,,,,,,,,,,0.6721,,
2002661,2/9/2026 21:04,foki,ws,9500,-200,c,ts,2/9/2026,16:04:47,0,,,0.6667,w,0.7561,0.6774,0.6774,0.7041,0.639,0.639,0.7701,0.6825,0.6825,0.6667,0.6667,0.6667,0.7333,0.7333,0.6667,0.7245,0.6951,0.6667,,,,0.6875,0.6774,0.6721,0.67,0.67,0.6429,0.6923,0.6466,0.631
1999283,2/8/2026 17:06,kasa,ws,10000,-160,f,ts,2/8/2026,12:06:57,0,,,0.6154,w,0.6154,,0.6774,0.705,,0.705,0.7015,,0.7015,,,,0.6875,,0.6875,0.6753,,0.6753,,,,0.7183,,0.7368,,,,0.6466,,0.654
1963168,2/4/2026 2:33,marn,ws,17800,-135,c,ts,2/3/2026,21:33:15,0,,,0.5745,w,0.6774,0.5455,,0.7059,0.569,,0.7015,0.5763,,0.7059,0.5745,,,,,,,,,,,,,,,,,0.6479,0.5238,
1973906,2/5/2026 20:29,snig,ws,16800,-145,c,ts,2/5/2026,15:29:08,0,,,0.5918,w,0.7143,,0.6,0.7059,,0.5868,0.7059,,0.5968,0.5918,,0.5918,0.7059,,0.5833,0.7151,,0.5968,,,,0.661,,0.6078,0.998,,,0.6564,,0.5633
2054356,2/18/2026 16:38,mert,ws,13500,-170,c,ts,2/18/2026,11:38:16,0,,,0.6296,l,0.7143,0.6,,0.7067,0.5902,,0.7059,0.5595,,0.6296,0.6296,,,,,0.705,0.7151,,,,,0.6429,0.6154,,,,,0.6711,0.5633,
2046954,2/16/2026 18:23,geor,ws,21500,-170,c,ts,2/16/2026,13:23:53,0,,,0.6296,l,0.7561,,0.661,0.7076,,0.6269,0.759,,0.7015,0.6296,,0.6296,,,,,,,,,,,,,,,,0.6923,,0.6212
2049486,2/17/2026 14:14,khac,ws,6000,-185,l,ts,2/17/2026,9:14:34,0,,,0.6491,w,0.697,0.6296,0.6296,0.7076,0.6454,0.6454,0.7059,0.6139,0.6139,0.6667,0.6667,0.6667,0.7059,0.7059,0.6491,0.6951,0.6855,0.6667,,,,0.6667,0.6491,0.6552,0.631,0.631,0.6337,0.6667,0.6139,0.6047
2054375,2/18/2026 16:43,mert,ws,17900,-140,c,ts,2/18/2026,11:43:21,0,,,0.5833,l,0.7143,0.5833,0.5833,0.7085,,,0.7059,0.5851,0.5851,0.5833,0.5833,0.5833,,,,0.6951,0.6753,0.5781,,,,0.6296,0.5918,0.5745,,,,0.6454,0.5763,0.5556
2071686,2/21/2026 17:09,brad,ws,12700,-180,c,ts,2/21/2026,12:09:47,0,,,0.6429,l,0.7368,0.6774,0.6774,0.7085,0.6564,,0.726,0.6721,0.6721,0.6429,0.6429,0.6429,0.7143,0.6667,0.6667,0.705,0.6667,0.6667,,,,,,,,,,0.6805,0.631,0.631
2006768,2/10/2026 16:06,osom,ws,11100,-150,c,ts,2/10/2026,11:06:41,0,,,0.6,w,0.6774,,0.5918,0.7085,,0.5968,0.6875,,0.6364,0.6,,0.6,0.6923,,0.6296,0.6855,,0.6269,,,,0.6364,,0.6226,0.6154,,0.6154,0.6364,,0.5798
2108540,2/26/2026 18:00,krua,ws,9700,-170,c,ts,2/26/2026,13:00:30,0,,,0.6296,w,0.7143,0.661,0.661,0.7085,0.6441,0.6441,0.6923,0.639,0.639,0.6296,0.6296,0.6296,0.7059,,0.6296,0.705,0.6667,0.6667,0.7468,0.6875,0.6875,0.6774,0.6667,0.6667,,,,0.661,0.6154,0.6154
1893828,1/24/2026 2:40,dard,ws,6400,-200,c,ts,1/23/2026,21:40:47,0,,,0.6667,w,0.7143,0.7143,0.6774,0.7101,0.7101,0.7101,0.7409,0.7409,0.7409,0.6667,0.6667,0.6667,0.7143,0.7143,0.7143,,,,,,,0.7333,0.7183,0.7015,0.7175,0.7175,0.6764,0.6835,0.6785,0.6633
2012582,2/12/2026 0:37,tabi,ws,17900,-130,c,ts,2/11/2026,19:37:50,0,,,0.5652,w,0.6875,0.5833,0.5833,0.711,0.6,0.6,0.697,0.6078,0.6078,0.5652,0.5652,0.5652,0.5455,0.5455,0.5455,0.6855,0.6169,0.6169,,,,0.6226,0.6226,0.6226,,,,0.6296,0.5633,0.5671
2088480,2/22/2026 16:25,vall,ws,8400,-180,c,ts,2/22/2026,11:25:48,0,,,0.6429,w,0.7561,0.7561,0.7561,0.7118,0.6785,0.6743,0.7015,0.6667,0.6774,0.6429,0.6429,0.6429,0.7143,0.6875,0.6875,0.7151,0.7245,0.6855,,,,0.6923,0.697,0.697,,,,0.6678,0.6552,0.6564
2139946,3/1/2026 23:36,dard,ws,13000,-170,c,ts,3/1/2026,18:36:54,0,,,0.6296,w,0.7143,,,0.7118,,,0.7333,,,0.6296,,,0.7333,,,0.7245,,,0.7143,,,0.6552,,,0.6491,,,0.6689,,
2137074,3/1/2026 18:37,walt,ws,8900,-170,c,ts,3/1/2026,13:37:24,0,,,0.6296,l,0.7297,,,0.7126,,,0.7015,,,0.6296,,,0.7059,,,0.6951,,,0.6875,,,0.6875,,,,,,0.6575,,
2118575,2/28/2026 1:55,kecm,ws,7500,-200,c,ts,2/27/2026,20:55:52,0,,,0.6667,l,0.7561,0.7561,0.6875,0.7126,0.7126,0.6528,0.726,0.726,0.6667,0.6667,0.6667,0.6667,0.7143,0.7143,0.6667,0.705,0.6855,0.6564,0.7333,0.7333,0.6667,0.7101,0.6825,0.6774,,,,0.6875,0.6785,0.635
2108473,2/26/2026 16:18,herb,ws,9400,-190,c,ts,2/26/2026,11:18:46,0,,,0.6552,w,0.7436,,0.697,0.7126,,0.6337,0.726,,0.6825,0.6552,,0.6552,,,,,,,0.7403,,0.6923,,,,,,,0.6815,,0.6364
2094038,2/24/2026 2:58,pota,ws,14700,-249,d,ts,2/23/2026,21:58:05,0,,,0.7135,l,0.7872,0.8113,0.8113,0.7135,0.789,0.789,0.7895,0.8131,0.8131,,,,0.7647,0.7647,0.8182,0.763,0.7727,0.8113,,,,0.8113,0.8148,0.8198,,,,0.7481,0.7664,0.7778
2010909,2/11/2026 17:28,etch,ws,21500,-145,c,ts,2/11/2026,12:28:56,0,,,0.5918,w,0.7143,,,0.7135,,,0.7059,,,0.5918,,,,,,0.6855,,,,,,0.6154,,,0.5671,,,0.6644,,
2094768,2/24/2026 16:25,majc,ws,8000,-250,d,ts,2/24/2026,11:25:19,0,,,0.7143,l,0.7778,,,0.7143,0.7143,0.7143,0.7701,0.7701,0.7701,0.75,0.75,0.75,0.7647,0.7647,0.7647,,,,,,,0.7849,0.7802,0.7802,,,,0.7333,0.7253,0.7253
2047278,2/16/2026 21:15,stom,ws,6200,-180,c,ts,2/16/2026,16:15:26,0,,,0.6429,w,0.7059,,0.7059,0.7151,,0.7126,,,,0.6774,,0.6429,,,,,,,,,,0.7143,,0.7059,,,,0.6644,,0.6587
2011366,2/11/2026 20:15,berr,ws,9000,-170,c,ts,2/11/2026,15:15:22,0,,,0.6296,l,0.697,0.6667,0.6667,0.7159,0.6689,0.6689,0.7015,0.6774,0.6774,0.6296,0.6296,0.6296,,,,0.6855,0.6667,0.6667,,,,0.7015,0.697,0.697,0.6711,0.6711,0.6711,0.6575,0.6337,0.6337
2095286,2/24/2026 22:05,cerj,ws,7600,-160,c,ts,2/24/2026,17:05:44,0,,,0.6154,l,0.6875,0.6296,0.6296,0.7167,0.6403,0.6403,0.6875,0.6429,0.6429,0.6154,0.6154,0.6154,0.6875,0.6875,0.6296,,,,,,,0.661,0.6429,0.6429,,,,0.639,0.6,0.5968
1999611,2/8/2026 17:48,uchm,ws,6600,-210,f,ts,2/8/2026,12:48:12,0,,,0.6774,l,0.6774,,0.75,0.7167,,0.7812,0.7354,,0.7701,0.7619,,0.7619,0.7333,,0.7778,0.7151,,0.7537,,,,0.7727,,0.7917,0.7877,,0.7877,0.6951,,0.7361
2119923,2/28/2026 4:52,paol,ws,8200,-180,c,ts,2/27/2026,23:52:03,0,,,0.6429,w,0.7059,0.6364,,0.7167,0.631,,0.7143,0.7143,,0.6429,0.6429,,0.7059,0.7059,,0.705,0.6753,,0.7143,0.7143,,0.697,0.6667,,,,,0.6678,0.639,
2145947,3/4/2026 0:18,sakh,ws,19900,-170,l,ts,3/3/2026,19:18:45,0,,,0.6296,w,0.7778,0.6296,0.6296,0.7167,0.5745,0.5745,0.7143,0.5763,0.5763,0.6296,0.6296,0.6296,0.7333,0.6154,0.6154,,,,0.7333,0.6,0.6,0.6491,0.6154,0.6226,,,,0.6689,0.569,0.5708
1885634,1/23/2026 1:01,mbok,ws,9500,-200,l,ts,1/22/2026,20:01:18,0,,,0.6667,w,0.7143,0.7143,0.5652,0.7167,0.7167,,0.7468,0.7468,0.6364,0.7059,0.5918,0.5918,0.7143,0.7143,0.6296,0.7245,0.734,0.6169,,,,0.697,0.6226,0.6226,,,,0.6923,0.661,0.5763
2108128,2/26/2026 5:26,tiaf,ws,19100,-155,l,ts,2/25/2026,0:26:05,0,,,0.6078,w,0.7222,,0.5833,0.7167,,0.6032,0.7753,,0.5327,0.5455,,0.5455,0.7333,,0.5833,0.7245,,0.5868,0.75,,0.6154,0.6226,,0.6078,,,,0.6743,,0.5475
2119885,2/28/2026 4:34,krua,ws,26700,-253,d,ts,2/27/2026,23:34:53,0,,,0.7167,w,0.8182,0.8824,,0.7167,0.8239,,0.8198,0.901,,,,,,0.8333,,0.7826,0.8684,,0.8333,0.8889,,0.9103,0.9052,,,,,0.7797,0.8538,
2054329,2/18/2026 16:29,drog,ws,24600,-160,c,ts,2/18/2026,11:29:19,0,,,0.6154,w,0.7674,,0.661,0.7167,,0.6337,,,,0.6154,,0.6154,,,,,,,,,,,,,,,,0.6942,,0.6094
2094379,2/24/2026 4:10,arae,ws,7100,-254,d,ts,2/23/2026,23:10:14,0,,,0.7175,w,0.7368,0.7778,0.7778,0.7175,0.7481,0.7951,0.7938,0.7938,0.8198,0.8,0.8,0.8,0.7647,0.7647,0.8,0.763,0.763,0.8016,,,,0.8261,0.8305,0.8347,,,,0.734,0.7494,0.7763
2047010,2/16/2026 18:58,wong,ws,21500,-135,l,ts,2/16/2026,13:58:53,0,,,0.5745,w,0.7436,0.5556,,0.7183,0.5726,,0.7143,0.7143,,0.5455,0.5455,,0.7647,0.7647,,0.705,0.6169,,,,,0.5745,0.5833,,,,,0.6503,0.5935,
2049594,2/17/2026 15:18,copp,ws,15100,-150,c,ts,2/17/2026,10:18:14,0,,,0.6,l,0.6875,0.6226,,0.7191,0.6364,,0.7143,0.6454,,0.6,0.6,,,,,,,,,,,,,,,,,0.6503,0.5935,
1885618,1/23/2026 0:59,tien,ws,8300,-170,c,ts,1/22/2026,19:59:04,0,,,0.6296,w,0.7059,0.6296,0.6296,0.7191,0.7191,0.6255,0.7101,0.7101,0.661,0.6296,0.6296,0.6296,0.6923,0.6923,0.6296,0.6753,0.6667,0.6667,,,,0.6923,0.6491,0.6491,0.6269,0.6269,0.6269,0.6564,0.6364,0.6
2116401,2/27/2026 15:01,chid,ws,6900,-210,c,ts,2/27/2026,10:01:07,0,,,0.6774,l,0.75,0.75,0.75,0.7199,0.7436,0.6914,0.7826,0.759,0.759,0.6774,0.6774,0.6774,,,,,,,0.7143,0.7143,0.7143,,,,,,,0.696,0.6904,0.6875
2002390,2/9/2026 16:32,ocon,ws,6900,-170,c,ts,2/9/2026,11:32:44,0,,,0.6296,w,0.7143,,0.661,0.7207,,0.6885,0.6667,,0.6226,0.6296,,0.6296,0.7143,,0.6667,0.6855,,0.6753,,,,0.6774,,0.6721,0.67,,0.67,0.6503,,0.6183
1960516,2/3/2026 22:42,oliv,ws,9400,-170,c,ts,2/3/2026,17:42:18,0,,,0.6296,w,0.7059,,0.661,0.7214,,0.6296,0.7101,,0.6667,0.6296,,0.6296,,,,,,,,,,,,,,,,0.6575,,0.6109
2011601,2/11/2026 21:52,mana,ws,6200,-210,c,ts,2/11/2026,16:52:37,0,,,0.6774,w,0.7297,,,0.7214,,,0.7333,,,0.7059,,,0.7143,,,,,,,,,0.7436,,,0.7596,,,0.6951,,
2092695,2/23/2026 17:13,para,ws,6000,-160,c,ts,2/23/2026,12:13:02,0,,,0.6154,l,0.6774,0.6774,0.6774,0.7222,0.7222,0.7222,0.6503,0.6503,0.6503,0.6154,0.6154,0.6154,0.6875,0.6875,0.6875,0.6667,0.6564,0.6564,,,,0.6825,0.6825,0.6552,,,,0.635,0.6337,0.6269
2059670,2/19/2026 2:55,giro,ws,11000,-200,e,ts,2/18/2026,21:55:39,0,,,0.6667,l,0.7619,0.7619,0.6154,0.7222,0.7222,,0.7701,0.7701,0.6183,0.5833,0.5833,0.5833,0.6667,0.6667,0.6667,0.734,0.6951,0.5968,,,,0.7059,0.6154,0.6154,,,,0.696,0.6656,0.5851
2088589,2/22/2026 18:05,etch,ws,8200,-215,e,ts,2/22/2026,13:05:52,0,,,0.6825,w,0.7727,0.7727,0.7727,0.723,0.723,0.723,0.7409,0.7409,0.7409,0.7222,0.5556,0.5556,0.6825,0.6825,0.6825,,,,,,,0.7403,0.75,0.7143,,,,0.7041,0.697,0.6865
2054502,2/18/2026 18:55,cobo,ws,9100,-170,c,ts,2/18/2026,13:55:07,0,,,0.6296,w,0.7143,0.661,,0.7238,0.6587,,0.697,0.6503,,0.6296,0.6296,,0.7059,0.7059,,0.6855,0.6564,,,,,0.6774,0.6667,,,,,0.6575,0.6212,
2002667,2/9/2026 21:11,nard,ws,6900,-262,d,ts,2/9/2026,16:11:28,0,,,0.7238,w,0.7826,0.7826,0.7826,0.7238,,0.7238,0.8131,0.8131,0.8131,0.75,0.75,0.75,,,,,,,,,,,,,,,,0.7396,,0.7396
2002666,2/9/2026 21:11,nard,ws,6900,-262,d,ts,2/9/2026,16:11:21,0,,,0.7238,w,0.7826,0.7872,0.7872,0.7238,0.7333,0.7596,0.8131,0.8131,0.8198,0.75,0.75,0.75,,,,,,,,,,,,,,,,0.7396,0.7442,0.7481
2116476,2/27/2026 16:40,chid,ws,9300,-190,c,ts,2/27/2026,11:40:23,0,,,0.6552,l,0.7143,,0.6552,0.7245,,,0.759,,0.7015,0.6552,,0.6552,,,,,,,,,,,,,,,,0.6815,,
2108827,2/26/2026 20:47,frec,ws,7500,-263,d,ts,2/26/2026,15:47:52,0,,,0.7245,w,0.7619,0.7619,0.7619,0.7245,0.7743,0.7743,0.7826,0.7826,0.7826,0.7727,0.7727,0.7727,0.7647,0.7647,0.8,0.7245,0.7245,0.734,0.7895,0.7895,0.7895,0.8,0.8077,0.8077,,,,0.7409,0.7442,0.7494
2108968,2/26/2026 22:00,lia,ws,6900,-190,c,ts,2/26/2026,17:00:48,0,,,0.6552,l,0.7059,,,0.726,,,0.7101,,,0.6552,,,0.75,,,0.734,,,0.6923,,,0.7222,,,,,,0.6743,,
1926542,1/29/2026 22:11,vera,ws,8100,-240,c,ts,1/29/2026,17:11:34,0,,,0.7059,w,0.7674,0.7222,0.7222,0.726,0.696,0.696,0.8,0.7409,0.7409,0.75,0.7059,0.7059,,,,,,,,,,,,,,,,0.729,0.6795,0.6795
2049598,2/17/2026 15:19,copp,ws,12500,-160,c,ts,2/17/2026,10:19:18,0,,,0.6154,l,0.697,,,0.7268,,,0.7143,,,0.6154,,,,,,,,,,,,,,,,,,0.6552,,
2050374,2/17/2026 23:01,dial,ws,16100,-180,c,ts,2/17/2026,18:01:22,0,,,0.6429,l,0.7619,0.6667,,0.7268,0.6429,,0.7409,0.6825,,0.6429,0.6429,,0.75,0.6491,,0.7436,0.6951,,,,,0.6774,0.6774,,,,,0.6904,0.6377,
2141337,3/2/2026 18:39,moch,ws,6500,-266,d,ts,3/2/2026,13:39:33,0,,,0.7268,w,0.7917,0.8113,0.8113,0.7268,0.7531,0.7531,0.7701,0.7826,0.7826,0.7619,0.7619,0.7619,,,,0.7727,0.7826,0.7826,0.7778,0.8,0.8,0.7938,0.7917,0.7917,0.8069,0.8069,0.8069,0.7416,0.7525,0.7519
2002267,2/9/2026 14:57,zakh,ws,7400,-220,f,ts,2/9/2026,9:57:19,0,,,0.6875,l,0.6875,0.6875,0.7436,0.7275,0.7275,0.7238,0.7531,0.7531,0.7826,0.7619,0.7619,0.8182,0.7647,0.7647,0.7647,,,,,,,0.7674,0.7802,0.8,0.7199,0.7468,0.7625,0.7067,0.7024,0.7361
2007246,2/10/2026 20:05,shis,ws,8700,-170,c,ts,2/10/2026,15:05:52,0,,,0.6296,l,0.697,0.661,0.661,0.7283,0.7183,0.6835,0.697,0.6364,0.6364,0.6296,0.6296,0.6296,0.7143,0.7143,0.6825,0.6753,0.6753,0.6564,,,,0.7015,0.6875,0.6825,0.6622,0.6622,0.6622,0.6564,0.6269,0.6226
1880821,1/22/2026 2:34,hurk,ws,6400,-180,c,ts,1/21/2026,21:34:19,0,,,0.6429,l,0.6875,0.6875,,0.729,0.729,,0.7143,0.7143,,0.6429,0.6429,,0.7059,0.7059,,0.6855,0.6564,,,,,0.7183,0.6825,,0.6678,0.6678,,0.661,0.6503,
2069207,2/20/2026 22:37,kord,ws,9600,-200,c,ts,2/20/2026,17:37:00,0,,,0.6667,w,0.7368,0.6774,,0.729,0.6764,,0.7409,0.7409,,0.6667,0.6667,,0.75,0.75,,0.705,0.6855,,,,,0.7297,0.7059,,,,,0.6933,0.6678,
1926527,1/29/2026 22:04,vera,ws,20300,-180,c,ts,1/29/2026,17:04:12,0,,,0.6429,w,0.7368,0.6491,0.6491,0.729,0.6564,,0.7938,0.7059,0.7059,0.6429,0.6429,0.6429,,,,,,,,,,,,,,,,0.7033,0.6226,
1882598,1/22/2026 4:32,nosk,ws,9000,-180,c,ts,1/21/2026,23:32:30,0,,,0.6429,w,0.7222,0.6552,0.6552,0.7297,0.6678,0.6678,0.7468,0.6923,0.6923,0.6429,0.6429,0.6429,0.7333,0.6667,0.6667,,,,,,,0.7059,0.6875,0.6875,0.7214,0.6633,0.6633,0.6845,0.6364,0.6364
2091662,2/22/2026 23:44,etch,ws,6300,-270,d,ts,2/22/2026,18:44:28,0,,,0.7297,w,0.7872,,,0.7297,0.7619,0.7619,0.7701,0.8077,0.8077,0.7917,0.7917,0.7917,0.75,0.7647,0.7647,,,,,,,0.8182,0.8182,0.8182,,,,0.7436,0.7625,0.7625
2100531,2/25/2026 4:26,ruud,ws,7400,-200,c,ts,2/24/2026,23:26:28,0,,,0.6667,l,0.7143,0.7059,0.7059,0.7305,0.7207,0.7191,0.7333,0.7143,0.7143,0.6667,0.6667,0.6667,,,,0.7245,0.705,0.7151,,,,0.726,0.7222,0.7222,,,,0.6875,0.6753,0.6764
2088564,2/22/2026 17:44,chaa,ws,12000,-200,c,ts,2/22/2026,12:44:15,0,,,0.6667,w,0.7561,,0.6491,0.7312,,0.6552,,,,0.6667,,0.6667,,,,,,,,,,,,,,,,0.6997,,0.6139
2054985,2/18/2026 22:22,cerj,ws,7400,-200,l,ts,2/18/2026,17:22:10,0,,,0.6667,w,0.7297,0.6491,0.6491,0.7319,0.6403,0.6403,0.7059,0.6139,0.6139,0.6552,0.6552,0.6552,0.7143,0.6296,0.6296,0.734,0.6667,0.6667,,,,0.6667,0.6491,0.6364,,,,0.6865,0.6063,0.6032
1887504,1/23/2026 2:09,mbok,ws,6700,-210,c,ts,1/22/2026,21:09:39,0,,,0.6774,w,0.75,0.75,,0.7319,0.7319,,0.7354,0.7354,,0.6774,0.6774,,0.75,0.75,,0.7151,0.7151,,,,,0.7403,0.7101,,,,,0.6951,0.6885,
1885916,1/23/2026 1:13,tien,ws,7500,-274,d,ts,1/22/2026,20:13:06,0,,,0.7326,w,0.7778,,,0.7326,,,0.8077,,,0.7826,,,0.7647,,,0.763,,,,,,0.8131,,,0.7988,,,0.7494,,
2071627,2/21/2026 16:47,mand,ws,9600,-210,c,ts,2/21/2026,11:47:02,0,,,0.6774,w,0.7436,0.7059,0.7059,0.7333,0.697,0.697,0.7531,0.7333,0.7333,0.6774,0.6774,0.6774,0.75,0.7059,0.7059,0.734,0.7436,0.7151,,,,,,,,,,0.7033,0.6721,0.6774
2094519,2/24/2026 5:23,kovc,ws,19400,-200,c,ts,2/23/2026,0:23:12,0,,,0.6667,w,0.75,,,0.7333,,,0.7701,,,0.6667,,,0.7778,,,,,,,,,0.6774,,,,,,0.7207,,
1957656,2/3/2026 1:32,arak,ws,9400,-220,c,ts,2/2/2026,20:32:35,0,,,0.6875,w,0.7674,0.7222,0.7222,0.7333,0.6923,0.6923,0.7895,0.7531,0.7531,0.6875,0.6875,0.6875,,,,,,,,,,,,,,,,0.7118,0.6774,0.6774
2127671,2/28/2026 22:10,hanf,ws,15200,-275,d,ts,2/28/2026,17:10:34,0,,,0.7333,w,0.8039,,0.8571,0.7333,,0.8413,0.7938,,0.8413,0.8333,,0.8333,0.8182,,0.8571,0.7921,,0.859,0.8,,0.84,0.8462,,0.8675,,,,0.7669,,0.8165
2120063,2/28/2026 5:52,nakb,ws,11800,-235,l,ts,2/27/2026,0:52:13,0,,,0.7015,l,0.7727,0.7727,0.7727,0.734,0.734,0.734,0.7826,0.7826,0.7826,0.75,0.75,0.75,0.7778,0.7778,0.7778,0.734,0.734,0.7436,0.7647,0.7647,0.7647,0.7015,0.7183,0.6296,,,,0.7305,0.7305,0.7319
2095379,2/24/2026 22:42,cerj,ws,9900,-276,d,ts,2/24/2026,17:42:12,0,,,0.734,l,0.7917,0.7917,0.7917,0.734,0.7701,0.7701,0.8077,0.8077,0.8077,0.7727,0.7727,0.8182,0.7647,0.7647,0.7895,,,,,,,0.8039,0.8095,0.8305,,,,0.7561,0.7602,0.7712
2099701,2/25/2026 3:22,zarr,ws,8700,-276,d,ts,2/24/2026,22:22:57,0,,,0.734,l,0.7872,0.8571,0.8571,0.734,0.8069,0.8069,0.8131,0.8621,0.8621,,,,0.7647,0.7647,0.8333,0.7727,0.7826,0.8113,,,,0.8507,0.871,0.8726,,,,0.7555,0.8192,0.8138
2091326,2/22/2026 22:39,wats,ws,24400,-150,c,ts,2/22/2026,17:39:58,0,,,0.6,w,0.75,,,0.734,,,0.7101,,,0.6,,,0.7143,,,0.7151,,,,,,0.6226,,,,,,0.6815,,
2097410,2/25/2026 1:39,stea,ws,14300,-170,e,ts,2/24/2026,20:39:28,0,,,0.6296,w,0.7727,0.6875,0.6875,0.734,0.6575,0.6575,0.726,0.6667,0.6667,0.6667,0.6667,0.6667,0.6296,0.6296,0.6296,,,,,,,0.6721,0.6721,0.6667,,,,0.6732,0.631,0.6283
2140421,3/2/2026 1:21,bucs,ws,12700,-200,c,ts,3/1/2026,20:21:03,0,,,0.6667,w,0.75,0.6667,,0.734,0.711,,0.7531,0.7531,,0.6667,0.6667,,0.75,0.75,,0.7436,0.7436,,0.75,0.7647,,0.7183,0.7015,,0.7006,0.6491,,0.7041,0.6805,
2110387,2/27/2026 1:01,wuy,ws,9800,-200,c,ts,2/26/2026,20:01:18,0,,,0.6667,l,0.7368,0.6667,0.6667,0.7347,0.7347,0.67,0.7354,0.7354,0.6825,0.6667,0.6667,0.6667,0.7333,0.7333,0.6923,0.734,0.734,0.6667,0.7333,0.7333,0.6774,0.7101,0.6923,0.6923,,,,0.6933,0.6764,0.6403
2095336,2/24/2026 22:22,cerj,ws,6000,-277,d,ts,2/24/2026,17:22:22,0,,,0.7347,l,0.7872,0.8462,0.8462,0.7347,0.8035,0.8035,0.7826,0.8198,0.8198,0.7619,0.8182,0.8182,0.7647,0.8333,0.8333,,,,,,,0.8246,0.8413,0.8438,,,,0.7475,0.7972,0.798
2143732,3/3/2026 3:02,svrc,ws,7600,-250,m,ts,3/2/2026,22:02:15,0,,,0.7143,w,0.7727,,,0.7347,,,0.7468,,,0.7727,,,0.75,,,0.7537,,,0.7143,,,0.802,,,,,,0.7207,,
2023591,2/13/2026 2:31,shel,ws,6400,-277,d,ts,2/12/2026,21:31:27,0,,,0.7347,w,0.8667,0.8667,0.8667,0.7347,0.7347,0.7305,0.7701,0.7701,0.759,0.7727,0.7727,0.7727,0.7647,0.7647,0.7647,0.763,0.763,0.763,,,,0.7753,0.7701,0.7674,0.75,0.75,0.75,0.7487,0.7475,0.7436
2046777,2/16/2026 15:14,kals,ws,12300,-220,c,ts,2/16/2026,10:14:05,0,,,0.6875,w,0.7727,,0.7059,0.7361,,0.705,0.7701,,0.7015,0.6875,,0.6875,0.7647,,0.6825,,,,,,,0.75,,0.726,0.999,,0.999,0.7191,,0.6689
2054634,2/18/2026 19:46,chaa,ws,6900,-200,c,ts,2/18/2026,14:46:37,0,,,0.6667,w,0.7561,0.7561,0.7143,0.7361,0.7361,0.6865,,,,0.6667,0.6667,0.6667,,,,,,,,,,0.7222,0.7015,0.697,,,,0.6855,0.6753,0.6528
2028330,2/14/2026 6:42,uchm,ws,7800,-170,c,ts,2/13/2026,1:42:13,0,,,0.6296,w,0.7297,,,0.7368,,,0.6774,,,0.6296,,,0.7333,,,,,,,,,0.6774,,,0.6552,,,0.6528,,
2055768,2/19/2026 0:34,kord,ws,6800,-240,c,ts,2/18/2026,19:34:53,0,,,0.7059,w,0.7561,0.7561,0.7561,0.7368,0.7468,0.7468,0.759,0.7354,0.7354,0.7059,0.7059,0.7059,0.7647,0.7647,0.7647,0.7537,0.763,0.763,,,,0.7701,0.7701,0.7701,,,,0.7222,0.7183,0.7183
2006861,2/10/2026 17:00,land,ws,12500,-220,c,ts,2/10/2026,12:00:31,0,,,0.6875,w,0.7619,0.697,0.697,0.7368,0.6894,0.6894,0.8,0.7409,0.7409,0.6875,0.6875,0.6875,,,,,,,,,,,,,,,,0.7199,0.6633,0.6633
2011093,2/11/2026 18:58,quin,ws,7000,-210,f,ts,2/11/2026,13:58:59,0,,,0.6774,w,0.6774,0.7143,0.7143,0.7382,0.7382,0.7416,0.7468,0.7468,0.7468,0.7222,0.7368,0.7368,0.75,0.75,0.7647,,,,,,,0.7561,0.7674,0.7674,0.7183,0.7475,0.7475,0.696,0.7076,0.7085
2108469,2/26/2026 16:10,vall,ws,10600,-166,f,ts,2/26/2026,11:10:18,0,,,0.6241,l,0.6241,0.6241,0.6241,0.7389,0.7389,0.7024,0.6923,0.6923,0.6503,0.7059,0.7059,0.7059,0.7143,0.7143,0.6875,0.7151,0.705,0.6951,0.7015,0.7015,0.6667,0.7143,0.697,0.697,,,,0.6587,0.6491,0.6283
2139829,3/1/2026 23:13,dard,ws,10500,-283,d,ts,3/1/2026,18:13:21,0,,,0.7389,w,0.8,0.8462,0.8462,0.7389,0.811,0.811,0.7895,0.8198,0.8198,0.8333,0.8333,0.8333,0.7778,0.8182,0.8182,0.763,0.8208,0.8208,0.7895,0.8333,0.8333,0.8438,0.8485,0.8485,0.8459,0.8459,0.8459,0.7619,0.7972,0.7972
2047312,2/16/2026 21:34,ofne,ws,21800,100,c,ts,2/16/2026,16:34:56,0,,,0.5,l,0.6296,0.5238,0.5238,0.7403,0.5238,0.5238,0.6364,0.5556,0.5556,0.5,0.5,0.5,,,,,,,,,,,,,,,,0.5902,0.495,0.495
2090888,2/22/2026 21:45,avan,ws,12300,-210,c,ts,2/22/2026,16:45:56,0,,,0.6774,l,0.7727,0.697,0.697,0.7403,0.705,0.67,0.7531,0.7531,0.6875,0.75,0.6774,0.6774,0.75,0.75,0.6667,0.7537,0.7727,0.8016,,,,0.7368,0.7101,0.7101,,,,0.7222,0.6721,0.6479
2107850,2/26/2026 4:57,tiaf,ws,13200,-180,c,ts,2/25/2026,23:57:48,0,,,0.6429,w,0.7368,0.6875,0.6875,0.7403,0.6894,0.6894,0.7354,0.6774,0.6774,0.6429,0.6429,0.6429,0.75,0.6923,0.6923,0.7436,0.6855,0.6855,0.7647,0.7015,0.7015,0.7015,0.7015,0.697,,,,0.6942,0.6491,0.6516
2071624,2/21/2026 16:44,mand,ws,7100,-220,c,ts,2/21/2026,11:44:57,0,,,0.6875,w,0.7561,0.7222,0.7222,0.7403,0.7159,0.7159,0.759,0.7333,0.7333,0.6875,0.6875,0.6875,0.75,0.7143,0.7143,0.7151,0.7151,0.7151,,,,,,,,,,0.7059,0.6815,0.6815
2050023,2/17/2026 20:23,crok,ws,10600,-200,c,ts,2/17/2026,15:23:28,0,,,0.6667,w,0.7727,,0.6774,0.7403,,0.6575,,,,0.6667,,0.6875,,,,,,,,,,0.7333,,0.697,0.6914,,0.6865,0.696,,0.6416
2028247,2/14/2026 5:55,bolt,ws,8400,-286,d,ts,2/13/2026,0:55:14,0,,,0.7409,l,0.8182,,0.7778,0.7409,,,0.8077,,0.7531,0.7917,,0.7619,,,,,,,,,,,,,,,,0.759,,
2051320,2/18/2026 1:04,baez,ws,7200,-210,c,ts,2/17/2026,20:04:43,0,,,0.6774,l,0.7143,0.661,0.661,0.7423,0.7423,0.6644,0.7753,0.7753,0.7059,0.6774,0.6774,0.6774,0.75,0.75,0.6825,0.7151,0.705,0.6667,,,,0.7333,0.7059,0.7059,,,,0.696,0.6785,0.6491
2046812,2/16/2026 15:33,kals,ws,12200,-210,c,ts,2/16/2026,10:33:05,0,,,0.6774,w,0.7778,,0.7143,0.7429,,0.6732,0.7531,,0.6875,0.6774,,0.6774,0.7778,,0.6667,,,,,,,0.7297,,0.7059,,,,0.711,,0.6564
2089590,2/22/2026 19:39,brac,ws,7900,-240,c,ts,2/22/2026,14:39:32,0,,,0.7059,w,0.7619,0.7619,0.697,0.7429,0.7429,0.6743,0.8,0.8,0.7468,0.7059,0.7059,0.7059,0.7647,0.7647,0.7143,0.7727,0.7727,0.7727,,,,0.7531,0.7368,0.7222,,,,0.7253,0.7159,0.6721
2019629,2/12/2026 19:21,mbok,ws,20200,-170,c,ts,2/12/2026,14:21:47,0,,,0.6296,w,0.7436,0.6154,0.6154,0.7436,0.6016,0.6016,0.759,0.6255,0.6255,0.6296,0.6296,0.6296,0.7647,0.5833,0.5833,0.763,0.6564,0.6078,,,,0.6491,0.6429,0.6429,,,,0.6914,0.5918,0.5902
2042607,2/15/2026 15:11,sile,ws,35700,-150,c,ts,2/15/2026,10:11:15,0,,,0.6,w,0.8,0.6491,0.6491,0.7436,0.5918,0.5918,,,,0.6,0.6429,0.6429,,,,,,,,,,,,,0.6337,0.6337,0.6337,0.7191,0.5968,0.5968
2046902,2/16/2026 16:49,bado,ws,8600,-220,c,ts,2/16/2026,11:49:22,0,,,0.6875,w,0.7561,0.7059,0.7059,0.7442,0.7817,0.7135,0.7531,0.7059,0.7059,0.6875,0.6875,0.6875,0.7647,0.7647,0.6923,,,,,,,0.7531,0.7297,0.7333,,,,0.7126,0.6815,0.6743
2136450,3/1/2026 5:11,cobo,ws,6300,-250,m,ts,2/28/2026,0:11:56,0,,,0.7143,w,0.7297,0.875,0.875,0.7449,0.7449,0.8718,0.7333,0.7333,0.8485,0.8571,0.8571,0.8571,0.7674,0.7674,0.8824,0.7436,0.7436,0.84,0.7143,0.7143,0.8621,0.8473,0.8995,0.899,,,,0.729,0.7674,0.8358
2002445,2/9/2026 17:01,dell,ws,7000,-292,d,ts,2/9/2026,12:01:05,0,,,0.7449,w,0.7727,0.8182,0.8182,0.7449,0.8131,0.8131,0.8,0.8333,0.8333,0.8333,0.8333,0.8333,0.7778,0.8333,0.8333,0.7727,0.8113,0.8113,,,,0.8333,0.8425,0.8425,0.8498,0.8498,0.8498,0.759,0.7947,0.7947
2006721,2/10/2026 15:34,bouq,ws,29200,-150,c,ts,2/10/2026,10:34:35,0,,,0.6,w,0.7674,0.5833,0.5833,0.7449,0.5851,0.5851,,,,0.6,0.6,0.6,,,,,,,,,,,,,,,,0.697,0.5536,0.5536
2001530,2/8/2026 20:40,kyps,ws,13700,-200,c,ts,2/8/2026,15:40:42,0,,,0.6667,l,0.7778,0.7059,0.7059,0.7455,0.6825,,0.7701,0.7143,0.7059,0.6667,0.6667,0.6667,0.7647,0.7059,0.7059,0.7436,0.6951,0.6753,,,,0.7015,0.7015,0.7101,0.7118,0.7118,0.7118,0.7059,0.661,0.6587
2130847,2/28/2026 23:21,dard,ws,6300,-295,d,ts,2/28/2026,18:21:39,0,,,0.7468,w,0.8,0.8,0.8,0.7468,0.7468,0.7468,,,,0.7727,0.7727,0.7727,,,,0.8016,0.8016,0.8016,0.75,0.75,0.75,0.7938,0.7849,0.7959,,,,0.7602,0.7573,0.7602
2103240,2/26/2026 1:05,kecm,ws,13800,-170,c,ts,2/25/2026,20:05:07,0,,,0.6296,w,0.7436,0.6491,0.6491,0.7475,0.6283,0.6283,0.7143,0.6454,0.6454,0.6296,0.6296,0.6296,0.75,0.6491,0.6491,0.6951,0.6269,0.6269,,,,0.6923,0.661,0.661,,,,0.6764,0.6078,0.6078
2090800,2/22/2026 21:33,avan,ws,7600,-210,c,ts,2/22/2026,16:33:45,0,,,0.6774,l,0.75,,0.6875,0.7481,,0.67,0.7531,,0.7059,0.6774,,0.6774,0.7333,,0.6667,0.7151,,0.6855,,,,0.7403,,0.7059,,,,0.6988,,0.6528
2137833,3/1/2026 19:44,sakh,ws,11600,-220,c,ts,3/1/2026,14:44:27,0,,,0.6875,w,0.7826,,,0.7487,,,0.7701,,,0.6875,,,0.75,,,0.7537,,,0.7647,,,0.7368,,,,,,0.7199,,
2050198,2/17/2026 21:28,nakb,ws,22100,-190,c,ts,2/17/2026,16:28:44,0,,,0.6552,w,0.7872,0.6667,0.6667,0.7494,0.6241,0.6241,0.7895,0.7015,0.7015,0.6552,0.6552,0.6552,0.7647,0.6491,0.6491,,,,,,,0.7183,0.6774,0.6721,,,,0.7183,0.6337,0.6324
2100541,2/25/2026 4:30,ruud,ws,8000,-240,c,ts,2/24/2026,23:30:23,0,,,0.7059,l,0.7619,0.7619,0.7222,0.75,0.75,0.7222,0.7701,0.7701,0.7468,0.7059,0.7059,0.7059,,,,0.763,0.7436,0.734,,,,0.759,0.7561,0.7468,,,,0.7253,0.7191,0.697
1960145,2/3/2026 20:25,shis,ws,7900,-300,d,ts,2/3/2026,15:25:01,0,,,0.75,l,0.8113,0.8113,0.8113,0.75,0.7658,0.7658,0.8276,0.8276,0.8333,0.7917,0.7917,0.7917,,,,,,,,,,,,,,,,0.7664,0.7701,0.7732
2080957,2/21/2026 23:19,vidm,ws,6200,-302,d,ts,2/21/2026,18:19:06,0,,,0.7512,l,0.8182,0.8039,0.8039,0.7512,0.7512,0.7416,,,,0.7727,0.7727,0.7368,,,,,,,,,,,,,,,,0.7636,0.7549,0.7462
2137852,3/1/2026 19:45,sakh,ws,14100,-210,c,ts,3/1/2026,14:45:31,0,,,0.6774,w,0.7826,0.7222,0.7222,0.7512,0.6678,0.6622,0.7701,0.6923,0.7101,0.6774,0.6774,0.6774,0.75,0.6875,0.6875,0.763,0.7151,0.705,0.7647,0.7015,0.7015,0.7222,0.7101,0.7143,,,,0.7167,0.661,0.6656
2064032,2/20/2026 1:30,fons,ws,6200,-240,c,ts,2/19/2026,20:30:33,0,,,0.7059,l,0.7778,,0.7368,0.7525,,0.7093,0.7701,,0.7143,0.7059,,0.7059,0.7778,,0.7059,,,,,,,0.7468,,0.7436,,,,0.723,,0.6894
1913259,1/27/2026 3:56,zver,ws,9800,-304,d,ts,1/26/2026,22:56:30,0,,,0.7525,w,0.7872,0.8246,0.8246,0.7525,,,0.8,0.8333,0.8333,0.8182,0.8182,0.8182,0.84,0.84,0.84,0.763,0.7921,0.8113,,,,0.8462,0.8519,0.8519,0.8217,0.8217,0.8217,0.7696,0.7959,0.798
2007447,2/10/2026 22:08,mich,ws,6400,-210,c,ts,2/10/2026,17:08:06,0,,,0.6774,w,0.7297,0.7059,0.7059,0.7531,0.7268,0.7361,0.726,0.726,0.7015,0.6774,0.6774,0.6774,0.75,0.75,0.7143,,,,,,,0.7468,0.7436,0.7436,0.7238,0.7238,0.7238,0.6942,0.6845,0.6774
2071688,2/21/2026 17:10,brac,ws,7600,-305,d,ts,2/21/2026,12:10:56,0,,,0.7531,w,0.8182,0.8182,0.8182,0.7531,0.7531,0.7531,0.7826,0.7826,0.7826,,0.7222,0.7222,,,,0.8208,0.8208,0.8302,,,,,,,,,,0.7685,0.7653,0.7658
2055002,2/18/2026 23:07,agst,ws,7400,-220,c,ts,2/18/2026,18:07:12,0,,,0.6875,w,0.7297,0.7297,0.7143,0.7537,0.7537,0.7041,0.7531,0.7531,0.7531,0.6875,0.6875,0.6875,0.75,0.75,0.7143,0.734,0.705,0.6667,,,,0.7531,0.7368,0.7368,,,,0.7067,0.7024,0.6825
1892640,1/24/2026 1:24,mach,ws,7800,-220,c,ts,1/23/2026,20:24:33,0,,,0.6875,l,0.7727,0.697,0.697,0.7549,0.7382,0.7191,0.7531,0.6923,0.6923,0.6875,0.6875,0.6875,0.7778,0.7778,0.7059,0.7436,0.734,0.6951,,,,0.7183,0.7183,0.7183,0.7118,0.7118,0.7118,0.7076,0.6795,0.6656
1871298,1/21/2026 0:13,cerf,ws,6800,-310,d,ts,1/20/2026,19:13:16,0,,,0.7561,w,0.8,0.8182,0.8182,0.7561,0.8092,0.8092,0.8198,0.8333,0.8333,0.7826,0.7826,0.7826,0.8,0.8182,0.8182,0.7921,0.8113,0.8113,,,,0.8333,0.8413,0.8413,,,,0.7696,0.7886,0.7886
2145460,3/3/2026 23:40,kasi,ws,16100,-220,c,ts,3/3/2026,18:40:46,0,,,0.6875,w,0.7826,0.7059,0.7059,0.7567,0.6951,0.6951,0.7826,0.7143,0.7143,0.6875,0.6875,0.6875,0.7778,0.6875,0.6875,0.763,0.7436,0.705,0.7778,0.6875,0.6875,0.7403,0.7183,0.7183,,,,0.729,0.6656,0.6656
1973614,2/5/2026 18:19,augr,ws,14200,-311,d,ts,2/5/2026,13:19:25,0,,,0.7567,w,0.8182,,,0.7567,,,,,,0.875,,,,,,0.8016,,,,,,,,,0.999,,,0.7854,,
2093618,2/24/2026 1:54,frul,ws,15700,-200,c,ts,2/23/2026,20:54:22,0,,,0.6667,l,0.7619,0.6875,0.6875,0.7579,0.6845,0.6845,0.7701,0.7059,0.7059,0.6667,0.6667,0.6667,0.7778,0.7059,0.7059,0.734,0.7151,0.7245,,,,0.7143,0.7101,0.7059,,,,0.7101,0.6587,0.6587
2054610,2/18/2026 19:35,acst,ws,10600,-220,c,ts,2/18/2026,14:35:37,0,,,0.6875,w,0.7619,0.7222,0.7222,0.7585,0.6875,0.6875,0.7753,0.7409,0.7409,0.6875,0.6875,0.6875,,,,,,,,,,,,,,,,0.7151,0.6764,0.6764
2050159,2/17/2026 21:16,joda,ws,6200,-315,d,ts,2/17/2026,16:16:20,0,,,0.759,w,0.8246,0.8182,0.8182,0.759,0.759,0.7519,0.8131,0.8131,0.8131,0.7727,0.7727,0.7727,0.7778,0.8,0.7778,,,,,,,0.8113,0.8113,0.8113,,,,0.7701,0.7701,0.7685
1973804,2/5/2026 20:02,snig,ws,7000,-260,c,ts,2/5/2026,15:02:49,0,,,0.7222,w,0.8039,0.8039,0.7619,0.7608,0.7608,0.7608,0.759,0.759,0.759,0.7222,0.7222,0.7222,0.7778,0.7778,0.7778,0.763,0.763,0.763,,,,0.802,0.7727,0.759,0.998,0.998,0.998,0.7389,0.7319,0.7238
1885839,1/23/2026 1:09,medv,ws,7300,-320,d,ts,1/22/2026,20:09:49,0,,,0.7619,w,0.8039,,,0.7619,,,0.8077,,,0.8182,,,0.7778,,,0.8208,,,,,,0.8246,,,0.8069,,,0.7753,,
1963771,2/4/2026 3:05,bolt,ws,6900,-324,d,ts,2/3/2026,22:05:25,0,,,0.7642,w,0.8182,,0.8571,0.7642,,0.8239,0.8333,,0.8485,0.8182,,0.8182,,,,,,,,,,,,,,,,0.7778,,0.8047
1882470,1/22/2026 4:21,nosk,ws,11300,-324,d,ts,1/21/2026,23:21:46,0,,,0.7642,w,0.8,0.8462,0.8462,0.7642,0.827,0.827,0.8413,0.8485,0.8485,0.8182,0.8182,0.8182,0.8,0.8571,0.8571,,,,,,,0.845,0.8529,0.8529,0.8208,0.8208,0.8208,0.7863,0.8092,0.8092
2068652,2/20/2026 14:59,anis,ws,8600,-240,c,ts,2/20/2026,9:59:09,0,,,0.7059,l,0.7778,0.7059,0.7059,0.7647,0.6575,0.6575,0.759,0.7015,0.7015,0.7059,0.7059,0.7059,0.8621,0.8621,0.8621,0.763,0.705,0.705,,,,0.7297,0.7297,0.7183,,,,0.7268,0.6785,0.6753
2137987,3/1/2026 19:53,stea,ws,14600,-325,d,ts,3/1/2026,14:53:39,0,,,0.7647,w,0.8039,0.875,0.875,0.7647,0.7835,0.8592,0.8198,0.8198,0.8621,0.875,0.875,0.875,,0.8182,0.8824,0.8016,0.8113,0.84,0.8261,0.8261,0.875,0.883,0.8942,0.8974,,,,0.793,0.8092,0.8403
1926528,1/29/2026 22:07,vera,ws,8000,-260,c,ts,1/29/2026,17:07:03,0,,,0.7222,w,0.7778,0.7222,0.7222,0.7664,0.7183,0.7143,0.8131,0.7753,0.7826,0.7222,0.7222,0.7222,,,,,,,,,,,,,,,,0.7409,0.6979,0.6979
1890147,1/23/2026 4:38,puti,ws,18500,-220,c,ts,1/22/2026,23:38:06,0,,,0.6875,w,0.7917,,,0.7669,,,0.7531,,,0.6875,,,0.8,,,0.7826,,,,,,0.7101,,,,,,0.7354,,
1893337,1/24/2026 2:10,muse,ws,9500,-280,f,ts,1/23/2026,21:10:45,0,,,0.7368,w,0.7368,0.7826,0.7917,0.7669,0.7669,0.7763,0.8413,0.8413,0.8413,0.7826,0.7826,0.7826,0.7778,0.7778,0.7778,0.7727,0.763,0.763,,,,0.8291,0.8361,0.8361,0.8047,,,0.7567,0.7658,0.7706
2123281,2/28/2026 19:56,stea,ws,6500,-250,f,ts,2/28/2026,14:56:45,0,,,0.7143,w,0.7143,0.75,0.75,0.768,0.7854,0.7854,0.7468,0.7468,0.7826,0.8,0.8,0.8,0.7778,0.7778,0.8,0.7537,0.763,0.7921,0.8,0.8,0.8261,,,,,,,0.7297,0.7375,0.7512
1882137,1/22/2026 3:48,stea,ws,6800,-250,f,ts,1/21/2026,22:48:22,0,,,0.7143,w,0.7143,0.7561,0.7561,0.768,0.768,0.8233,0.759,0.7826,0.7826,0.8,0.8,0.8,0.8,0.8,0.8182,,,,,,,0.8039,0.823,0.8198,,,,0.7305,0.7506,0.7543
2011067,2/11/2026 18:49,quin,ws,10500,-250,f,ts,2/11/2026,13:49:37,0,,,0.7143,w,0.7143,0.7619,0.7826,0.7691,0.7821,0.8106,0.7701,0.8131,0.8,0.8,0.8,0.8,0.7778,0.8,0.8333,,,,,,,0.8182,0.8347,0.8361,0.7585,0.7967,0.7967,0.7382,0.7625,0.7712
1873603,1/21/2026 2:34,mbok,ws,6000,-260,c,ts,1/20/2026,21:34:01,0,,,0.7222,w,,,,0.7691,,,,,,0.7222,,,0.7778,,,0.763,,,,,,0.7917,,,,,,0.7361,,
2011638,2/11/2026 22:35,mana,ws,9700,-334,d,ts,2/11/2026,17:35:19,0,,,0.7696,w,0.8571,,,0.7696,,,0.8131,,,0.8182,,,0.8,,,,,,,,,0.8305,,,0.8559,,,0.789,,
1873637,1/21/2026 2:35,mbok,ws,6000,-260,c,ts,1/20/2026,21:35:32,0,,,0.7222,w,,,,0.7696,0.7669,,,,,0.7222,0.7222,,0.7778,0.7778,,0.7727,0.7727,,,,,0.7872,0.7849,,,,,0.7361,0.7354,
1883226,1/22/2026 5:49,gea,ws,10700,-240,c,ts,1/21/2026,0:49:05,0,,,0.7059,l,0.8039,,0.7619,0.7712,,0.7275,,,,0.7059,,0.7059,0.7778,,0.75,,,,,,,,,,,,,0.7525,,0.7191
2007183,2/10/2026 19:36,mina,ws,6700,-280,c,ts,2/10/2026,14:36:48,0,,,0.7368,w,0.7826,0.7826,0.7826,0.7712,0.7712,0.7712,0.7895,0.7895,0.7895,0.7368,0.7368,0.7368,,,,,,,,,,0.7959,0.7895,0.759,0.7768,0.7768,0.7214,0.7487,0.7475,0.7368
2012839,2/12/2026 0:47,tabi,ws,16600,-185,l,ts,2/11/2026,19:47:52,0,,,0.6491,w,0.7872,,,0.7717,,,0.7531,,,0.6154,,,0.7778,,,0.763,,,,,,0.6491,,,,,,0.6997,,
1882810,1/22/2026 4:52,mert,ws,6900,-338,d,ts,1/21/2026,23:52:47,0,,,0.7717,w,0.8182,,0.8182,0.7717,,0.7783,0.8276,,0.8333,0.8,,0.8,0.8333,,0.8333,,,,,,,0.8305,,0.8319,0.8217,,0.8217,0.7845,,0.7868
1882812,1/22/2026 4:52,mert,ws,8300,-338,d,ts,1/21/2026,23:52:55,0,,,0.7717,w,0.8182,,0.8182,0.7717,,0.7717,0.8276,,0.8276,0.8,,0.8,0.8333,,0.8333,,,,,,,0.8305,,0.8319,0.8188,,0.8217,0.7872,,0.7845
2002276,2/9/2026 15:03,zakh,ws,13500,-220,c,ts,2/9/2026,10:03:00,0,,,0.6875,l,0.7619,0.7143,0.7143,0.7722,0.7722,0.7126,0.7531,0.7531,0.697,0.6875,0.6774,0.6774,0.7778,0.7778,0.7059,,,,,,,0.7561,0.7101,0.7101,0.7717,0.6933,0.6933,0.7222,0.6875,0.6656
2112356,2/27/2026 2:01,toml,ws,6400,-220,c,ts,2/26/2026,21:01:03,0,,,0.6875,w,,,,0.7722,0.7613,0.7118,0.7701,0.7701,0.697,0.6875,0.6875,0.6875,0.75,0.75,0.6923,,,,0.7468,0.7468,0.6923,0.7436,0.7101,0.7143,,,,0.7101,0.7006,0.6599
2002556,2/9/2026 18:35,anvm,ws,6200,-339,d,ts,2/9/2026,13:35:41,0,,,0.7722,w,0.8113,0.8462,0.8462,0.7722,0.8302,0.8302,0.8131,0.8333,0.8333,0.8462,0.8462,0.8462,0.8,0.8,0.8462,0.8016,0.8302,0.8302,,,,0.8496,0.8582,0.8582,0.8498,0.8498,0.8498,0.784,0.8054,0.8084
1882611,1/22/2026 4:33,spiz,ws,7100,-300,c,ts,1/21/2026,23:33:29,0,,,0.75,w,0.8039,,0.7727,0.7727,,0.7253,0.8276,,0.8077,0.75,,0.75,0.7778,,0.7647,0.7826,,0.7727,,,,0.7727,,0.7674,,,0.7778,0.7647,,0.7382
1973921,2/5/2026 20:31,fils,ws,10100,-341,d,ts,2/5/2026,15:31:57,0,,,0.7732,w,0.8246,0.875,0.875,0.7732,0.845,0.845,0.8131,0.8485,0.8485,0.875,0.875,0.875,0.8,0.8571,0.8571,,,,,,,0.8462,0.8675,0.8693,0.999,0.999,0.999,0.7877,0.8264,0.8273
2045483,2/15/2026 21:19,mont,ws,17600,-220,c,ts,2/15/2026,16:19:48,0,,,0.6875,w,0.7872,0.7059,0.7059,0.7743,0.6894,0.6894,0.7701,0.661,0.661,0.6875,0.6875,0.6875,0.7778,0.6825,0.6825,0.6466,0.5968,0.5968,,,,0.7297,0.697,0.697,0.6825,0.6785,0.6785,0.7015,0.6466,0.6466
2002610,2/9/2026 19:07,ocon,ws,50500,-135,l,ts,2/9/2026,14:07:10,0,,,0.5745,w,0.7917,0.5349,0.5349,0.7753,0.5283,0.5283,0.7895,0.5851,0.5851,0.7727,0.5349,0.5349,0.7895,0.5556,0.5556,0.7826,0.5575,0.5074,,,,0.5745,0.5833,0.5833,,,,0.7549,0.5261,0.5215
2011121,2/11/2026 19:12,quin,ws,17400,-345,d,ts,2/11/2026,14:12:29,0,,,0.7753,w,,,,0.7753,0.8308,0.8308,0.8485,0.8485,0.8551,0.8571,0.8571,0.8571,0.8182,0.8182,0.8462,,,,,,,0.8561,0.8621,0.8639,,,,0.8077,0.8141,0.8192
2071548,2/21/2026 14:50,korn,ws,12200,-260,c,ts,2/21/2026,9:50:20,0,,,0.7222,w,0.8039,0.7436,0.7436,0.7753,0.7118,0.7118,,,,0.7222,0.7222,0.7222,,,,,,,,,,,,,,,,0.75,0.6942,0.6942
2047276,2/16/2026 21:13,agst,ws,6500,-346,d,ts,2/16/2026,16:13:10,0,,,0.7758,w,0.8246,,,0.7758,,,0.8333,,,0.8333,,,0.8,,,,,,,,,0.8261,,,,,,0.7877,,
2112326,2/27/2026 2:00,toml,ws,10400,-210,c,ts,2/26/2026,21:00:01,0,,,0.6774,w,,,,0.7763,,,0.7701,,,0.6774,,,0.7647,,,,,,0.7468,,,0.7222,,,,,,0.705,,
2050610,2/18/2026 0:03,marz,ws,6800,-349,d,ts,2/17/2026,19:03:53,0,,,0.7773,l,0.8182,,,0.7773,,,0.8413,,,0.7917,,,0.8,,,,,,,,,,,,,,,0.7899,,
2011549,2/11/2026 21:12,grie,ws,9700,-225,e,ts,2/11/2026,16:12:25,0,,,0.6923,w,0.7297,0.697,0.697,0.7773,0.7494,0.7494,0.7826,0.7531,0.7531,0.7727,0.7222,0.7222,0.6923,0.6923,0.6923,0.7436,0.7245,0.7245,,,,0.7727,0.7647,0.7619,0.7326,0.7354,0.7354,0.7191,0.697,0.696
2061605,2/19/2026 19:16,tien,ws,12100,-280,c,ts,2/19/2026,14:16:24,0,,,0.7368,w,0.8039,,0.7368,0.7773,,0.7207,0.8131,,0.7354,0.7368,,0.7368,0.8,,0.7143,0.7826,,0.7245,,,,0.7727,,0.759,,,,0.7549,,0.7015
2120341,2/28/2026 17:27,bick,ws,9700,-350,d,ts,2/28/2026,12:27:16,0,,,0.7778,l,0.8667,,,0.7778,,,0.8621,,,,,,,,,,,,0.8182,,,,,,,,,0.7955,,
2109141,2/26/2026 23:30,sonm,ws,15000,-200,c,ts,2/26/2026,18:30:13,0,,,0.6667,w,0.7727,0.7143,0.7143,0.7778,0.711,0.711,0.759,0.7015,0.7015,0.6667,0.6667,0.6667,0.75,0.6825,0.6825,0.7151,0.6855,0.6753,0.7468,0.7015,0.7015,0.726,0.7143,0.7143,,,,0.7085,0.6644,0.661
1889489,1/23/2026 3:38,puti,ws,7800,-310,f,ts,1/22/2026,22:38:35,0,,,0.7561,w,0.7561,0.8182,0.8182,0.7778,0.7778,0.8316,0.8198,0.8198,0.8551,0.8462,0.8462,0.8462,0.8,0.8,0.8571,0.7826,0.7826,0.8208,,,,0.845,0.8561,0.8561,,,,0.7717,0.7845,0.8066
2050302,2/17/2026 22:24,nakb,ws,10300,-350,d,ts,2/17/2026,17:24:53,0,,,0.7778,w,0.8305,,0.8305,0.7778,,0.7763,0.8485,,0.8485,0.8182,,0.8182,0.8182,,0.8182,,,,,,,0.8361,,0.8361,,,,0.7967,,0.7967
2002533,2/9/2026 18:14,nakb,ws,11300,-240,c,ts,2/9/2026,13:14:48,0,,,0.7059,w,0.7727,0.75,0.75,0.7792,0.7543,0.7543,0.7701,0.7531,0.7531,0.7059,0.7059,0.7059,0.7778,0.7647,0.7647,0.7537,0.7537,0.7537,,,,0.7753,0.7753,0.7753,0.7807,0.7778,0.7778,0.7333,0.7199,0.7199
1980664,2/7/2026 0:53,gojo,ws,7200,-260,c,ts,2/6/2026,19:53:10,0,,,0.7222,w,0.7674,,0.7222,0.7792,,,0.8198,,0.7826,0.7222,,0.7222,,,,,,,,,,,,,,,,0.7389,,
2149669,3/4/2026 2:34,tsen,ws,10900,-240,c,ts,3/3/2026,21:34:40,0,,,0.7059,l,0.8113,0.7222,0.7222,0.7797,0.7214,,0.7895,0.7059,0.6875,0.7059,0.7059,0.7059,,,,0.763,0.705,0.6951,,,,0.7297,0.7183,0.7015,,,,0.7326,0.6743,0.661
1962984,2/4/2026 2:26,bolt,ws,6000,-260,c,ts,2/3/2026,21:26:39,0,,,0.7222,w,0.7917,,0.7561,0.7797,,0.7743,0.7826,,0.7826,0.7222,,0.7222,,,,,,,,,,,,,,,,0.7361,,0.723
2130478,2/28/2026 23:11,dard,ws,6500,-280,c,ts,2/28/2026,18:11:02,0,,,0.7368,w,0.8,0.8,0.7561,0.7797,0.7797,0.7283,,,,0.8,0.7368,0.7368,0.7778,0.7778,0.7333,0.7826,0.7826,0.734,0.7468,0.7468,0.7143,0.7917,0.759,0.7561,,,,0.7619,0.7416,0.7076
1882168,1/22/2026 3:51,osta,ws,10800,-220,c,ts,1/21/2026,22:51:27,0,,,0.6875,l,0.7619,0.7222,0.7222,0.7802,0.7151,0.7151,0.7468,0.7409,0.7409,0.6875,0.6875,0.6875,0.7778,0.75,0.75,0.7727,0.7245,0.705,,,,0.7436,0.7436,0.7436,,,,0.7207,0.6933,0.6914
2011640,2/11/2026 22:35,mana,ws,6800,-356,d,ts,2/11/2026,17:35:33,0,,,0.7807,w,0.8571,,0.8571,0.7807,,0.7821,0.8131,,0.8131,0.8182,,0.8182,0.8182,,0.8182,,,,,,,0.8387,,0.8333,0.859,,0.8559,0.793,,0.7921
2051251,2/18/2026 0:58,baez,ws,16700,-210,c,ts,2/17/2026,19:58:55,0,,,0.6774,l,0.7619,0.7059,0.7059,0.7821,0.7382,0.7382,0.7701,0.726,0.726,0.6774,0.6774,0.6774,0.8,0.75,0.75,0.7537,0.705,0.705,,,,0.7531,0.7531,0.7531,,,,0.723,0.6885,0.6855
2069995,2/21/2026 1:37,tiaf,ws,12800,-260,c,ts,2/20/2026,20:37:00,0,,,0.7222,l,0.8824,0.8824,0.8824,0.7821,0.7167,0.7093,0.7895,0.697,0.7143,0.7222,0.7222,0.7222,0.8182,0.75,0.75,0.763,0.6667,0.705,,,,0.7561,0.75,0.7619,,,,0.7543,0.7268,0.7214
2145001,3/3/2026 20:27,schj,ws,12100,-210,c,ts,3/3/2026,15:27:14,0,,,0.6774,w,0.7436,0.6667,0.6667,0.7821,0.6979,0.6979,0.759,0.7015,0.7015,0.6774,0.6774,0.6552,,,,,,,0.7647,0.6923,0.6923,,,,,,,0.7101,0.6429,0.6403
1909752,1/25/2026 6:03,gauf,ws,15900,-359,d,ts,1/24/2026,1:03:10,0,,,0.7821,w,0.8462,0.8824,0.8824,0.7821,0.8501,0.8501,0.8333,0.8413,0.8701,0.7917,0.8333,0.8333,,,,0.8494,0.859,0.8779,,,,0.8726,0.8883,0.8883,,,,0.811,0.8325,0.8428
1883067,1/22/2026 5:24,anis,ws,6800,-359,d,ts,1/21/2026,0:24:54,0,,,0.7821,w,0.8,0.8113,0.8113,0.7821,0.7912,0.8276,0.8413,0.8413,0.8413,0.8182,0.8462,0.8462,0.9756,0.9756,0.9756,,,,,,,0.8387,0.8425,0.8425,,,,0.7951,0.8016,0.8058
2042677,2/15/2026 16:03,wong,ws,6400,-362,d,ts,2/15/2026,11:03:56,0,,,0.7835,w,0.8462,0.8462,0.8462,0.7835,0.8016,0.8016,0.8276,0.8276,0.8276,0.8462,0.8571,0.8571,0.8182,0.8182,0.8333,0.8208,0.8302,0.8302,,,,0.8291,0.8333,0.8438,0.8397,0.8397,0.8529,0.7951,0.7976,0.7996
2042728,2/15/2026 16:52,smia,ws,11900,-280,c,ts,2/15/2026,11:52:01,0,,,0.7368,w,0.8462,,0.7778,0.784,,0.7167,,,,0.7368,,0.7368,,,,,,,,,,0.8,,0.7674,0.8099,,0.7525,0.7625,,0.7191
2026259,2/13/2026 5:23,paut,ws,9800,-366,d,ts,2/12/2026,0:23:53,0,,,0.7854,l,0.8462,,0.8571,0.7854,,0.8012,0.8485,,0.8621,0.8333,,0.8333,0.8182,,0.8333,0.8208,,0.8208,,,,0.8496,,0.8529,0.998,,0.8689,0.8028,,0.8113
2113025,2/27/2026 2:21,toml,ws,13900,-240,c,ts,2/26/2026,21:21:25,0,,,0.7059,w,0.7872,,0.7059,0.7854,,0.7101,0.7826,,0.6875,0.7059,,0.7059,0.7778,,0.6923,,,,0.8095,,0.7333,0.7561,,0.7333,,,,0.7396,,0.6743
2049503,2/17/2026 14:24,dama,ws,8500,-367,d,ts,2/17/2026,9:24:57,0,,,0.7859,l,0.8667,0.875,0.875,0.7859,0.8099,0.8221,0.8413,0.8413,0.8621,0.8182,0.8182,0.8182,,,,,,,,,,,,,,,,0.8008,0.8069,0.8148
2091159,2/22/2026 22:27,wats,ws,12600,-240,c,ts,2/22/2026,17:27:11,0,,,0.7059,w,0.8039,0.7368,0.7368,0.7859,0.7015,0.7015,0.7938,0.7059,0.7059,0.7059,0.7059,0.7059,0.8,0.8,0.75,0.763,0.8016,0.6855,,,,0.7674,0.7297,0.7333,,,,0.7403,0.6835,0.6785
1893458,1/24/2026 2:18,sinn,ws,8000,-367,d,ts,1/23/2026,21:18:37,0,,,0.7859,w,0.8182,0.8462,0.8462,0.7859,0.811,0.811,,,,0.8182,0.8333,0.8333,0.8333,0.8571,0.8571,0.8494,0.8684,0.84,,,,0.8507,0.8551,0.8507,0.858,0.858,0.858,0.8,0.8175,0.8124
2120076,2/28/2026 6:09,tiaf,ws,22400,-205,l,ts,2/27/2026,1:09:55,0,,,0.6721,w,0.7619,0.6491,0.6491,0.7863,0.6063,0.6516,0.7895,0.661,0.661,0.7222,0.7222,0.7222,0.7778,0.6667,,0.7436,0.6269,0.6564,0.7647,0.6667,0.6667,0.6721,0.6721,0.6721,,,,0.7333,0.6255,0.6269
2096436,2/25/2026 0:56,svrc,ws,8700,-260,c,ts,2/24/2026,19:56:50,0,,,0.7222,w,0.8,0.7561,0.7561,0.7872,0.7585,0.7585,0.7826,0.7333,0.7333,0.7222,0.7222,0.7222,0.8,0.75,0.75,,,,,,,0.7647,0.759,0.7531,,,,0.7423,0.711,0.7101
2044255,2/15/2026 20:00,tabo,ws,24300,-220,c,ts,2/15/2026,15:00:42,0,,,0.6875,l,0.8462,0.8462,0.7561,0.7881,0.7881,0.6656,,,,0.6875,0.7368,0.7368,,,,,,,,,,0.7849,0.7701,0.7297,,,,0.7506,0.7481,0.6885
1980847,2/7/2026 1:25,gojo,ws,6000,-320,c,ts,2/6/2026,20:25:38,0,,,0.7619,w,0.8214,,0.8039,0.789,,0.7685,0.8276,,0.8131,0.7619,,0.7619,,,,,,,,,,,,,,,,0.7738,,0.7567
2095008,2/24/2026 19:26,kopr,ws,6600,-260,c,ts,2/24/2026,14:26:36,0,,,0.7222,l,0.7872,0.7872,0.8039,0.7895,0.7895,0.812,0.7333,0.7333,0.759,0.7222,0.7368,0.7368,0.7895,0.7895,0.8,,,,,,,0.8039,0.8113,0.8148,,,,0.7368,0.7368,0.7537
2006763,2/10/2026 16:05,korn,ws,10300,-320,c,ts,2/10/2026,11:05:07,0,,,0.7619,w,0.8462,,0.8214,0.7895,,0.7773,,,,0.7619,,0.7619,,,,,,,,,,,,,0.811,,0.811,0.7821,,0.7674
2042651,2/15/2026 15:45,smia,ws,12700,-300,c,ts,2/15/2026,10:45:42,0,,,0.75,w,0.8667,,,0.7895,,,,,,0.8462,,,,,,,,,,,,0.802,,,0.7706,,,0.8165,,
2019738,2/12/2026 20:20,marz,ws,6100,-280,c,ts,2/12/2026,15:20:35,0,,,0.7368,w,0.7872,0.7436,0.7436,0.7899,0.7375,0.7375,0.7826,0.7468,0.7468,0.7368,0.7368,0.7368,0.7778,0.7778,0.75,,,,,,,,,,0.7596,0.7596,0.7596,0.75,0.7159,0.7135
2119878,2/28/2026 4:32,krua,ws,9100,-376,d,ts,2/27/2026,23:32:23,0,,,0.7899,w,0.8462,0.8462,0.8113,0.7899,0.7972,0.7972,0.8485,0.8485,0.8485,0.8462,0.8462,0.8182,0.8,0.8182,0.8182,0.8113,0.8113,0.8016,0.8462,0.8462,0.8462,0.8582,0.8485,0.8276,,,,0.8054,0.8047,0.7912
2145272,3/3/2026 22:27,barn,ws,6200,-240,c,ts,3/3/2026,17:27:41,0,,,0.7059,l,0.7674,0.7674,0.7222,0.7908,0.7835,0.7423,0.759,0.759,0.7409,0.7059,0.7059,0.7059,0.6667,0.6667,0.6667,,,,0.7647,0.7647,0.7647,0.7701,0.7531,0.7468,,,,0.7207,0.7159,0.6904
2141309,3/2/2026 18:28,maes,ws,6000,-240,c,ts,3/2/2026,13:28:38,0,,,0.7059,w,0.7727,0.7727,0.75,0.7917,0.7691,0.7691,0.7468,0.7354,0.7354,0.7059,0.7059,0.7059,0.6875,0.6875,0.6875,0.7537,0.734,0.734,0.7778,0.7778,0.7778,0.7778,0.7727,0.7727,0.7908,0.7849,0.7849,0.7207,0.7151,0.711
2049759,2/17/2026 17:06,meza,ws,11500,-260,c,ts,2/17/2026,12:06:21,0,,,0.7222,w,0.8,0.7368,,0.7917,0.7326,,,,,0.7222,0.7222,,,,,,,,,,,,,,,,,0.7487,0.697,
2094997,2/24/2026 19:24,kopr,ws,8500,-240,c,ts,2/24/2026,14:24:22,0,,,0.7059,l,0.7826,0.7561,0.7561,0.7921,0.7921,0.7886,0.726,0.726,0.726,0.7059,0.7059,0.7059,0.7778,0.7778,0.7647,,,,,,,0.7849,0.7872,0.7895,,,,0.726,0.7191,0.7191
2096062,2/25/2026 0:32,stea,ws,6200,-280,f,ts,2/24/2026,19:32:57,0,,,0.7368,w,0.7727,0.7368,0.7368,0.7921,0.7455,0.7669,0.8131,0.8131,0.8131,,,,0.7895,0.7895,0.7895,,,,,,,0.8039,0.8113,0.8182,,,,0.759,0.7494,0.7537
2050238,2/17/2026 21:49,berr,ws,7800,-382,d,ts,2/17/2026,16:49:32,0,,,0.7925,w,0.8462,0.8571,0.8571,0.7925,0.8371,0.8311,0.8551,0.8551,0.8701,0.8462,0.8462,0.8462,0.8333,0.8333,0.8667,0.8113,0.8208,0.8302,,,,0.8582,0.8667,0.8773,,,,0.8058,0.8201,0.827
2136095,3/1/2026 4:31,bucs,ws,7700,-383,d,ts,2/28/2026,23:31:58,0,,,0.793,w,0.8182,0.8462,0.8462,0.793,0.8236,0.8236,,,,0.8571,0.8571,0.8571,0.8571,0.8571,0.8571,0.8494,0.84,0.84,,,,0.8718,0.8726,0.878,,,,0.8102,0.8201,0.8205
2054856,2/18/2026 21:23,cerj,ws,7300,-325,l,ts,2/18/2026,16:23:09,0,,,0.7647,w,0.8039,0.7297,0.7297,0.7938,0.7938,0.7382,0.8198,0.8198,0.7531,0.8333,0.7917,0.7917,,,0.75,0.8113,0.7436,0.7151,,,,0.7778,0.7531,0.759,,,,0.7821,0.7283,0.711
2011050,2/11/2026 18:37,etch,ws,10800,-300,c,ts,2/11/2026,13:37:59,0,,,0.75,w,0.7826,0.7826,0.7826,0.7942,0.7942,0.7942,0.8701,0.8701,0.8701,0.75,0.7619,0.7619,,,,0.7921,0.7826,0.7921,,,,0.8131,0.8148,0.823,0.7917,0.8047,0.8077,0.7722,0.7712,0.7758
1932872,1/30/2026 5:08,alcz,ws,8500,-387,d,ts,1/29/2026,0:08:11,0,,,0.7947,w,0.8305,,0.8182,0.7947,,0.7947,0.8621,,0.8621,0.8333,,0.8,,,0.8148,0.8302,,0.8208,,,,0.8561,,0.84,0.8397,,0.8299,0.8092,,0.7967
2092787,2/23/2026 18:52,pela,ws,7500,-390,d,ts,2/23/2026,13:52:46,0,,,0.7959,w,0.875,0.875,0.875,0.7959,0.8058,,0.8198,0.8198,0.8413,,,,0.8333,0.8333,0.8621,0.8302,0.84,0.859,,,,0.8675,0.875,0.8701,,,,0.8084,0.8134,0.827
2138502,3/1/2026 20:30,pard,ws,6900,-390,d,ts,3/1/2026,15:30:29,0,,,0.7959,w,0.8571,0.8571,0.8667,0.7959,0.7959,0.8047,0.8276,0.8276,0.8276,0.8182,0.8182,0.8182,0.8333,0.8333,0.8333,0.8302,0.8302,0.84,0.8571,0.8571,0.8621,0.8582,0.854,0.8551,,,,0.8073,0.8054,0.8092
2101096,2/25/2026 5:57,wuy,ws,7100,-230,l,ts,2/24/2026,0:57:14,0,,,0.697,w,0.7778,0.6296,0.6296,0.7963,0.6633,0.6633,0.7753,0.6774,0.6774,0.6296,0.6296,0.6296,0.8,0.6923,0.6923,0.734,0.6466,0.6364,,,,0.697,0.6825,0.6825,,,,0.7143,0.6255,0.6212
2084508,2/22/2026 1:44,ymee,ws,6600,-300,c,ts,2/21/2026,20:44:46,0,,,0.75,w,0.8,,,0.7963,,,0.7826,,,0.75,,,0.8182,,,0.8113,,,,,,0.8438,,,,,,0.7636,,
2049813,2/17/2026 18:03,eala,ws,15000,-240,c,ts,2/17/2026,13:03:47,0,,,0.7059,w,0.8,0.7368,0.7143,0.7963,,,0.7938,0.726,0.726,0.7059,0.7059,0.7059,0.8,0.7143,0.7143,0.7727,0.7151,0.7151,,,,0.7531,0.7297,0.7222,0.7297,0.7207,0.7207,0.7423,0.6885,0.6825
1894500,1/24/2026 3:24,muse,ws,20200,-240,c,ts,1/23/2026,22:24:29,0,,,0.7059,w,0.8,0.7222,0.7222,0.798,0.7275,0.7275,0.8485,0.7701,0.7895,0.7059,0.7059,0.7059,0.8333,0.8333,0.7647,0.7727,0.763,0.7151,,,,0.7802,0.759,0.7619,,,,0.7573,0.7159,0.7085
2092961,2/24/2026 0:19,kasi,ws,17300,-220,c,ts,2/23/2026,19:19:44,0,,,0.6875,w,0.8182,0.7143,0.7143,0.7984,0.7093,0.7093,0.7938,0.6721,0.6721,0.6875,0.6875,0.6875,0.8182,,,0.8016,0.705,0.705,,,,0.726,0.7101,0.7059,,,,0.7455,0.6599,0.6633
2092962,2/24/2026 0:19,kasi,ws,8700,-265,l,ts,2/23/2026,19:19:46,0,,,0.726,w,0.8182,,0.7143,0.7984,,0.7093,0.7938,,0.6721,0.6875,,0.6875,0.8182,,,0.7826,,0.705,,,,0.7436,,0.7059,,,,0.7487,,0.6599
2112989,2/27/2026 2:20,tabi,ws,8700,-300,c,ts,2/26/2026,21:20:11,0,,,0.75,w,0.8039,0.8039,0.8039,0.7988,0.7988,0.7988,0.8,0.8,0.8,0.8333,0.75,0.75,0.8,0.8,0.8,0.7826,0.7826,0.7826,0.8182,0.8182,0.8182,0.8261,0.798,0.7647,,,,0.7743,0.7619,0.7555
2112741,2/27/2026 2:12,toml,ws,12600,-280,c,ts,2/26/2026,21:12:50,0,,,0.7368,w,,,,0.8,0.7792,0.7468,0.8077,0.8077,0.7531,0.7368,0.7368,0.75,0.8,0.75,0.75,,,,0.8182,0.8182,0.7647,0.8077,0.7753,0.7778,,,,0.7642,0.7475,0.7207
1894647,1/24/2026 3:56,shel,ws,11800,-280,c,ts,1/23/2026,22:56:05,0,,,0.7368,w,0.8305,0.7872,0.7872,0.8008,0.7361,0.729,0.8131,0.7826,0.7895,0.7368,0.7368,0.7368,0.8,0.7647,0.7647,,,,,,,0.7849,0.7849,0.7895,,,,0.7625,0.7368,0.7409
1894645,1/24/2026 3:55,shel,ws,6200,-320,c,ts,1/23/2026,22:55:24,0,,,0.7619,w,0.823,,0.823,0.8028,,0.8028,0.8131,,0.8131,0.7826,,0.7619,0.8,,0.8,,,,,,,0.823,,0.8165,,,,0.7753,,0.7727
1894643,1/24/2026 3:55,shel,ws,7200,-320,c,ts,1/23/2026,22:55:09,0,,,0.7619,w,0.823,0.823,0.823,0.8028,0.7647,0.7625,0.8276,0.8131,0.8131,0.7619,0.7619,0.7619,0.8,,,,,,,,,0.8095,0.8039,0.8039,,0.7826,0.7826,0.7758,0.7669,0.7669
2138520,3/1/2026 20:31,pard,ws,17000,-320,c,ts,3/1/2026,15:31:27,0,,,0.7619,w,0.8571,0.8276,0.8276,0.8031,0.7886,0.7886,0.8276,0.8,0.8,0.7619,0.8,0.8,0.8182,0.7895,0.7895,0.8208,0.8113,0.8113,0.8571,0.8261,0.8261,0.8361,0.8261,0.8276,,,,0.798,0.7788,0.7792
1973741,2/5/2026 19:52,fils,ws,6400,-280,c,ts,2/5/2026,14:52:40,0,,,0.7368,w,0.8276,0.8276,0.8276,0.8051,0.7691,0.7691,0.7701,0.7701,0.7701,0.7368,0.7368,0.7368,0.7778,0.7778,0.7778,,,,,,,0.7895,0.7826,0.7778,,,,0.7506,0.7462,0.7442
2047346,2/16/2026 22:00,gast,ws,19100,-300,c,ts,2/16/2026,17:00:37,0,,,0.75,w,0.8571,0.7778,0.7778,0.8054,0.7442,0.7442,0.8413,0.7701,0.7701,0.75,0.75,0.7222,,,,,,,,,,,,,,,,0.7895,0.7222,0.7207
2061466,2/19/2026 17:56,leom,ws,12100,-340,c,ts,2/19/2026,12:56:17,0,,,0.7727,l,0.8462,0.8182,0.8182,0.8062,0.7669,0.7669,,,,0.7727,0.7727,0.7727,,,,,,,,,,,,,,,,0.7955,0.7674,0.7674
2061961,2/19/2026 23:47,paut,ws,16700,-340,c,ts,2/19/2026,18:47:48,0,,,0.7727,w,0.8462,0.8462,0.8462,0.8062,0.8073,0.8073,0.8333,0.8333,0.8333,0.7727,0.8182,0.8182,0.8333,0.8462,0.8462,0.8302,0.8302,0.8302,,,,0.8561,0.8758,0.8817,,,,0.8043,0.8084,0.8084
2140154,3/2/2026 0:16,osuw,ws,9400,-320,c,ts,3/1/2026,19:16:03,0,,,0.7619,l,0.8462,0.7872,0.7872,0.8066,0.7712,0.7712,0.8333,0.7895,0.7895,0.7619,0.7619,0.7619,0.8333,0.8333,0.7895,0.8016,0.7921,0.7727,0.8182,0.7647,0.7647,0.802,0.7826,0.7872,0.8328,0.7868,0.7868,0.7802,0.7436,0.7429
2095260,2/24/2026 21:47,birr,ws,6900,-260,c,ts,2/24/2026,16:47:43,0,,,0.7222,w,0.7872,0.7143,0.7143,0.8073,0.7183,0.7183,0.7895,0.7333,0.7333,0.7222,0.7222,0.7222,0.7895,0.7143,0.7143,,,,,,,0.759,0.7436,0.7436,,,,0.7423,0.6904,0.6904
1909721,1/25/2026 5:50,gauf,ws,18400,-320,c,ts,1/24/2026,0:50:36,0,,,0.7619,w,0.8462,0.8462,0.8667,0.8073,0.7664,0.7664,0.8276,0.8276,0.8276,0.7619,0.7917,0.7917,,,,0.8302,0.8302,0.84,,,,0.8519,0.8561,0.8658,0.8478,0.8478,0.871,0.7984,0.7988,0.8054
2054027,2/18/2026 7:50,anis,ws,15200,-420,d,ts,2/18/2026,2:50:03,0,,,0.8077,w,0.8462,0.8462,0.8462,0.8077,0.8233,0.8185,0.8773,0.8773,0.8851,0.9,0.9,0.9,0.8462,0.8462,0.8462,0.8494,0.8494,0.8494,,,,0.8901,0.8942,0.9005,,,,0.8319,0.8333,0.8371
2065411,2/20/2026 2:12,frit,ws,8100,-250,f,ts,2/19/2026,21:12:49,0,,,0.7143,w,0.7143,,0.7222,0.8081,,0.7988,0.7826,,0.7826,0.7917,,0.7917,0.8,,0.8,0.7436,,0.7436,,,,0.8,,0.7849,,,,0.7354,,0.7319
2092861,2/23/2026 22:33,marz,ws,8000,-320,c,ts,2/23/2026,17:33:00,0,,,0.7619,l,0.7872,0.7143,0.7143,0.8084,0.7537,0.7537,0.8413,0.7701,0.7701,0.7619,0.7619,0.7619,0.8333,0.7647,0.7647,,,,,,,,,,,,,0.7778,0.7151,0.7151
2125552,2/28/2026 20:51,birr,ws,16400,-260,c,ts,2/28/2026,15:51:52,0,,,0.7222,l,0.7917,,,0.8088,,,0.7895,,,0.7222,,,0.8182,,,0.7921,,,0.7895,,,,,,,,,0.7602,,
1873069,1/21/2026 2:03,shna,ws,12900,-260,c,ts,1/20/2026,21:03:44,0,,,0.7222,w,0.8,0.7143,0.7143,0.8088,0.723,0.723,0.8198,0.759,0.759,0.7222,0.7222,0.7222,0.8,0.7059,0.7059,0.7727,0.7727,0.7245,,,,0.7561,0.7561,0.7561,,,,0.7519,0.7076,0.6997
2064109,2/20/2026 1:32,fons,ws,8500,-340,c,ts,2/19/2026,20:32:08,0,,,0.7727,l,0.8305,0.8305,0.8305,0.8092,0.8092,0.8092,0.8131,0.8131,0.8131,0.7727,0.7727,0.75,0.8333,0.8182,0.8182,,,,,,,0.8425,0.8291,0.8113,,,,0.7886,0.7835,0.7763
2061442,2/19/2026 17:43,leom,ws,7300,-320,c,ts,2/19/2026,12:43:36,0,,,0.7619,l,0.8182,0.8182,0.8,0.8092,0.8092,0.7881,,,,0.7619,0.7619,0.7619,,,,,,,,,,,,,0.798,0.7706,0.7706,0.7763,0.7613,0.7506
2068700,2/20/2026 15:48,pegu,ws,9300,-426,d,ts,2/20/2026,10:48:37,0,,,0.8099,w,0.8571,,0.8889,0.8099,,0.8701,0.8701,,0.901,0.875,,0.9,0.84,,0.8947,0.8302,,0.8969,,,,0.9038,,0.9286,,,,0.8246,,0.8677
2085209,2/22/2026 2:21,tien,ws,7500,-260,c,ts,2/21/2026,21:21:56,0,,,0.7222,l,0.7826,0.697,0.697,0.8102,0.8102,0.7191,0.7938,0.7938,0.7354,0.7222,0.7222,0.7222,0.8182,0.8182,0.7333,0.7436,0.734,0.6753,,,,0.759,0.7436,0.7403,,,,0.7396,0.7175,0.6795
2076392,2/21/2026 21:07,carl,ws,6600,-340,c,ts,2/21/2026,16:07:37,0,,,0.7727,w,0.8462,0.8,0.8,0.8102,0.7899,0.7899,0.8131,0.7895,0.7895,0.7727,0.7727,0.7727,0.8333,0.7895,0.7895,0.8208,0.8302,0.8302,,,,,,,,,,0.7849,0.7561,0.7561
2069533,2/21/2026 0:48,tien,ws,12100,-432,d,ts,2/20/2026,19:48:44,0,,,0.812,w,0.8667,,0.9,0.812,,0.8525,0.8701,,0.893,0.875,,0.9091,0.8462,,0.8824,0.8494,,0.8969,,,,0.8919,,0.9065,,,,0.8322,,0.8665
2042710,2/15/2026 16:42,smia,ws,10300,-434,d,ts,2/15/2026,11:42:04,0,,,0.8127,w,0.8667,0.9048,0.9048,0.8127,0.875,0.875,,,,0.875,0.9,0.9,,,,,,,,,,0.8773,0.9038,0.9024,0.89,0.89,0.89,0.8288,0.8617,0.8609
2055029,2/18/2026 23:19,agst,ws,19100,-435,d,ts,2/18/2026,18:19:14,0,,,0.8131,w,,,,0.8131,0.8433,0.8433,0.893,,,0.8889,0.8889,0.8889,,,,0.859,0.8779,0.8779,,,,0.8889,0.8864,0.8844,,,,0.8428,0.843,0.842
2050577,2/18/2026 0:00,marz,ws,18600,-436,d,ts,2/17/2026,19:00:27,0,,,0.8134,l,0.875,0.875,0.875,0.8134,,0.8214,0.8851,0.8851,0.8851,0.8571,0.8571,0.8571,0.8462,0.8462,0.8571,,,,,,,,,,,,,0.8423,0.8464,0.8433
1883229,1/22/2026 5:49,gea,ws,11100,-300,c,ts,1/21/2026,0:49:29,0,,,0.75,l,0.8039,0.8039,0.8039,0.8134,0.7732,0.7712,,,,0.75,0.75,0.7059,0.8182,0.7778,0.7778,,,,,,,,,,,,,0.7727,0.7596,0.7525
2044401,2/15/2026 20:09,tabo,ws,16700,-340,l,ts,2/15/2026,15:09:58,0,,,0.7727,l,0.8667,0.8113,0.8113,0.8134,0.7685,0.7685,,,,0.7619,0.7619,,,,,,,,,,,0.7727,0.7727,0.7826,,,,0.8043,0.7613,
1883230,1/22/2026 5:49,bert,ws,10800,-320,c,ts,1/21/2026,0:49:34,0,,,0.7619,w,0.8214,0.7778,0.7778,0.8138,0.7585,0.7585,0.8276,0.8276,0.7826,0.7619,0.7619,0.7619,,,,,,,,,,,,,,,,0.7831,0.7531,0.7375
2006893,2/10/2026 17:19,korn,ws,7400,-320,c,ts,2/10/2026,12:19:30,0,,,0.7619,w,0.8182,0.7778,0.7778,0.8138,0.7802,0.7802,,,,0.7619,0.7917,0.7917,,,,,,,,,,,,,0.7797,0.7797,,0.7763,0.7442,0.7442
2054246,2/18/2026 14:01,quev,ws,9300,-437,d,ts,2/18/2026,9:01:13,0,,,0.8138,w,0.8667,0.8667,0.8667,0.8138,0.8131,0.8131,,,,0.8571,0.8571,0.8571,,,,,,,,,,,,,,,,0.8282,0.8243,0.8243
2026078,2/13/2026 4:43,paut,ws,6600,-340,c,ts,2/12/2026,23:43:53,0,,,0.7727,l,0.8305,,,0.8141,,,0.8131,,,0.7727,,,0.8333,,,0.8016,,,,,,0.845,,,0.8288,,,0.7849,,
2050318,2/17/2026 22:33,guo,ws,7400,-320,c,ts,2/17/2026,17:33:47,0,,,0.7619,w,0.8182,0.7619,0.7619,0.8145,0.7549,0.7549,,,,0.7619,0.7619,0.7619,,,,,,,,,,0.7753,0.7701,0.7727,,,,0.7763,0.723,0.723
2145259,3/3/2026 22:18,barn,ws,6600,-250,f,ts,3/3/2026,17:18:45,0,,,0.7143,l,0.7143,0.7143,0.7143,0.8148,0.8148,0.812,0.7701,0.7701,0.7701,0.7917,0.7917,0.7368,0.7778,0.7778,0.7778,,,,0.7647,0.7647,0.7647,0.7895,0.7895,0.7778,,,,0.7297,0.7297,0.723
2101967,2/25/2026 23:28,kasi,ws,15800,-270,l,ts,2/25/2026,18:28:34,0,,,0.7297,w,0.8462,,,0.8148,,,0.8198,,,0.6875,,,0.8333,,,0.8208,,,,,,0.7297,,,,,,0.7653,,
2050545,2/17/2026 23:54,cerj,ws,17700,-220,c,ts,2/17/2026,18:54:09,0,,,0.6875,w,0.8462,0.7368,0.7368,0.8148,0.7167,0.723,0.8485,0.726,0.7531,0.6875,0.6875,0.6875,0.8333,0.75,0.75,,,,,,,0.7619,0.7674,0.7674,,,,0.7738,0.7024,0.7093
2095356,2/24/2026 22:30,agst,ws,16400,-210,c,ts,2/24/2026,17:30:18,0,,,0.6774,w,0.7561,0.7143,0.7143,0.8152,0.7455,0.7455,0.759,0.7059,0.7059,0.6774,0.6774,0.6774,0.8,0.75,0.75,,,,,,,0.7561,0.75,0.7468,,,,0.723,0.6855,0.6835
2095329,2/24/2026 22:20,birr,ws,9900,-320,c,ts,2/24/2026,17:20:25,0,,,0.7619,w,0.8246,0.8246,0.7619,0.8179,0.8179,0.7436,0.8276,0.8276,0.759,0.7619,0.7619,0.7222,0.8,0.8,0.7333,,,,,,,0.8148,0.7802,0.7753,,,,0.7817,0.7717,0.7238
2010920,2/11/2026 17:35,ryba,ws,10300,-449,d,ts,2/11/2026,12:35:05,0,,,0.8179,w,0.8667,0.8667,0.8667,0.8179,0.8188,0.8188,0.8773,0.8701,0.8701,0.875,0.875,0.875,0.8571,0.8571,0.8571,0.8494,0.8302,0.8302,,,,0.8844,0.8844,0.8844,0.8639,0.859,0.859,0.8333,0.8308,0.8308
2050116,2/17/2026 20:51,bura,ws,7200,-320,c,ts,2/17/2026,15:51:01,0,,,0.7619,w,0.8305,0.7872,0.7872,0.8182,0.7573,0.7573,0.8198,0.7895,0.7895,0.7619,0.7619,0.7619,,,,,,,,,,0.8058,0.798,0.798,0.7959,0.7959,0.7959,0.7788,0.7506,0.7506
1913249,1/27/2026 3:54,zver,ws,6400,-400,c,ts,1/26/2026,22:54:13,0,,,0.8,w,0.8667,0.8462,0.8182,0.8188,0.8117,,0.8413,0.8413,0.8198,0.8,0.8,0.8,0.84,0.84,0.84,0.8302,0.8302,0.8208,,,,0.8485,0.84,0.8413,0.8358,0.802,0.802,0.8106,0.8031,0.7938
2002496,2/9/2026 17:42,ocon,ws,8200,-320,c,ts,2/9/2026,12:42:17,0,,,0.7619,w,0.7917,,0.7368,0.8205,,0.7763,0.8413,,0.8,0.7619,,0.7619,0.8182,,0.8182,0.7921,,0.7727,,,,0.8361,,0.7895,,,,0.7778,,0.7442
2065459,2/20/2026 2:13,frit,ws,6500,-320,f,ts,2/19/2026,21:13:52,0,,,0.7619,w,0.7619,0.7619,0.7619,0.8208,0.8221,0.8221,0.8198,0.8131,0.8131,0.8182,0.8182,0.8182,0.8333,0.8333,0.8333,0.7921,0.7921,0.7921,,,,0.8347,0.8333,0.8291,,,,0.7738,0.7727,0.7717
1890326,1/23/2026 5:05,puti,ws,14900,-260,c,ts,1/22/2026,0:05:10,0,,,0.7222,w,0.8113,0.7436,0.7436,0.8211,0.7199,0.7199,0.7895,0.726,0.726,0.7222,0.7059,0.7059,0.8,0.7059,0.7059,0.8016,0.7727,0.7245,,,,0.7727,0.75,0.7436,0.7167,0.7167,0.7167,0.7567,0.7024,0.6914
1880684,1/22/2026 2:28,dard,ws,9000,-280,c,ts,1/21/2026,21:28:52,0,,,0.7368,w,,,,0.8217,0.8185,0.7802,0.8077,0.7826,0.7826,0.7368,0.7368,0.7368,0.8182,0.8182,0.7778,,,,,,,0.7895,0.7849,0.7826,,,,0.7561,0.7409,0.7347
2145503,3/3/2026 23:47,barn,ws,7200,-380,c,ts,3/3/2026,18:47:39,0,,,0.7917,l,0.8571,0.8214,0.8214,0.8224,0.8224,0.8148,0.8485,0.8485,0.8198,0.7917,0.7917,0.7917,0.8333,0.8333,0.7895,,,,0.84,0.84,0.8095,0.8485,0.8291,0.8198,,,,0.8054,0.7934,0.7773
2026911,2/13/2026 22:47,muna,ws,21700,-210,c,ts,2/13/2026,17:47:09,0,,,0.6774,l,0.7917,0.697,0.697,0.8227,0.7283,,0.7895,0.6454,0.6875,0.6774,0.6774,0.6774,0.8462,0.75,0.75,0.7436,0.6466,0.6466,,,,0.7368,0.7368,0.7403,,,,0.7354,0.6528,0.661
2107029,2/26/2026 3:38,wuy,ws,12600,-325,l,ts,2/25/2026,22:38:32,0,,,0.7647,w,0.8182,0.7368,0.7368,0.8233,0.7333,0.7333,0.8276,0.7701,0.7701,0.7917,0.7917,0.7917,0.8182,0.8182,0.7647,0.8113,0.7245,0.7245,,,,0.7647,0.7647,0.7647,,,,0.7895,0.7222,0.7191
1911118,1/26/2026 3:46,carb,ws,9400,-320,c,ts,1/25/2026,22:46:52,0,,,0.7619,l,0.8571,0.8113,0.8113,0.8236,0.7807,0.7807,0.8198,0.7895,0.7895,0.8,0.7619,0.7619,,,,,,,,,,,,,,,,0.789,0.7468,0.7468
2088715,2/22/2026 18:28,zhas,ws,15500,-320,c,ts,2/22/2026,13:28:26,0,,,0.7619,w,0.8571,0.7872,0.7872,0.8239,0.7727,0.7727,0.8485,0.7826,0.7826,0.7619,0.7619,0.7619,0.8333,0.7778,0.7778,0.8113,0.7921,0.7826,,,,0.8165,0.8,0.802,,,,0.7925,0.7481,0.7481
2022834,2/13/2026 1:58,shel,ws,10400,-340,c,ts,2/12/2026,20:58:42,0,,,0.7727,w,0.8667,0.8,0.8,0.8252,0.7525,0.7525,0.8333,0.7826,0.7826,0.7727,0.7727,0.7727,0.8333,0.7647,0.7647,0.8208,0.7727,0.7826,,,,0.7938,0.7938,0.7938,0.7938,0.7938,0.7967,0.7925,0.7487,0.7494
1871730,1/21/2026 0:49,svit,ws,6300,-400,c,ts,1/20/2026,19:49:09,0,,,0.8,w,0.8571,0.8462,0.7826,0.8261,0.8261,0.7783,0.8621,0.8621,0.8198,0.8,0.8,0.8,0.8462,0.8462,0.8,0.8113,0.8113,0.763,,,,0.8561,0.8246,0.8165,,,,0.8102,0.8081,0.7642
1958012,2/3/2026 2:02,arak,ws,11200,-475,d,ts,2/2/2026,21:02:16,0,,,0.8261,w,0.8889,0.9167,0.9167,0.8261,0.8824,0.8824,0.9091,0.9346,0.9346,0.8889,0.8889,0.8889,,,,,,,,,,,,,,,,0.8423,0.87,0.87
2050033,2/17/2026 20:28,crok,ws,9500,-340,c,ts,2/17/2026,15:28:32,0,,,0.7727,w,0.8462,0.8462,0.7917,0.8264,0.8264,0.8264,,,,0.7727,0.7727,0.7727,,,,,,,,,,0.8319,0.8131,0.7826,0.8339,0.7748,0.7807,0.7904,0.7821,0.759
2006958,2/10/2026 17:50,hues,ws,29100,-260,c,ts,2/10/2026,12:50:58,0,,,0.7222,w,0.8571,0.7297,0.7297,0.8267,,,0.8413,0.7143,0.7143,0.7222,0.7222,0.7059,,,,,,,,,,,,,,,,0.7895,,
1911125,1/26/2026 3:49,carb,ws,8400,-300,c,ts,1/25/2026,22:49:44,0,,,0.75,l,0.8462,0.7872,0.7872,0.8273,0.7854,0.7854,0.8077,0.759,0.759,0.75,0.75,0.75,,,,,,,,,,,,,,,,0.7674,0.7297,0.7297
2146017,3/4/2026 0:21,sakh,ws,31300,-265,l,ts,3/3/2026,19:21:51,0,,,0.726,w,0.875,0.7561,0.7561,0.8273,0.6933,0.6933,0.8198,0.6923,0.6923,0.7222,0.7222,0.7222,0.8462,0.75,0.75,,,,0.8333,0.7015,0.7015,0.726,0.7297,0.7333,,,,0.7972,0.6795,0.6795
2002315,2/9/2026 15:33,monn,ws,17000,-380,c,ts,2/9/2026,10:33:22,0,,,0.7917,l,0.875,0.875,0.8571,0.8276,0.8276,0.8285,,,,0.7917,0.8182,0.8182,,,,,,,,,,,,,0.8478,0.8397,0.8397,0.8211,0.8264,0.8113
2001190,2/8/2026 20:01,dell,ws,12000,-480,d,ts,2/8/2026,15:01:15,0,,,0.8276,w,0.8889,0.8889,0.8667,0.8276,0.8516,,0.901,0.901,0.901,0.875,0.8571,0.8571,0.8621,0.8621,0.8621,0.8494,0.8494,0.84,,,,0.887,0.8844,0.8765,0.8879,0.875,0.8549,0.8447,0.845,0.8392
2108988,2/26/2026 22:14,lia,ws,6200,-300,e,ts,2/26/2026,17:14:57,0,,,0.75,l,0.8182,0.8182,0.8182,0.8279,0.8279,0.8279,0.7753,0.7753,0.7753,0.7619,0.7619,0.7619,0.75,0.75,0.75,0.8016,0.7921,0.7921,0.7895,0.7895,0.7895,0.8095,0.8039,0.8095,,,,0.763,0.7613,0.7619
1880687,1/22/2026 2:28,kals,ws,9300,-481,d,ts,1/21/2026,21:28:54,0,,,0.8279,w,,,,0.8279,0.8279,0.8611,0.8621,0.8621,0.8851,0.875,0.875,0.875,0.8667,0.8667,0.8824,0.8779,0.8779,0.9063,,,,0.8953,0.9057,0.9057,,,,0.839,0.8382,0.8557
1883131,1/22/2026 5:34,spiz,ws,15600,-400,f,ts,1/21/2026,0:34:04,0,,,0.8,w,0.8,0.8667,0.8667,0.8279,0.8279,0.8507,0.8773,0.901,0.901,0.9,0.9,0.9,0.8824,0.8824,0.8824,0.8494,0.859,0.8969,,,,0.8701,0.9005,0.9005,0.87,0.87,0.87,0.8246,0.8473,0.8542
2054283,2/18/2026 15:50,golu,ws,15900,-482,d,ts,2/18/2026,10:50:18,0,,,0.8282,w,0.8889,0.9091,0.9091,0.8282,0.8649,0.8649,,,,0.8889,0.9,0.9,,,,,,,,,,,,,,,,0.851,0.865,0.865
2006663,2/10/2026 14:42,galf,ws,18800,-320,c,ts,2/10/2026,9:42:19,0,,,0.7619,w,0.8571,0.8571,0.8571,0.8296,0.8296,0.8285,,,,0.7619,0.8182,0.8182,,,,,,,,,,,,,0.8339,0.8339,0.8308,0.7992,0.8092,0.8088
2045425,2/15/2026 21:11,mont,ws,9500,-280,l,ts,2/15/2026,16:11:19,0,,,0.7368,w,0.8462,,0.7222,0.8299,,0.7118,0.8,,0.697,0.6667,,0.6667,0.8333,,0.7059,0.8016,,0.6753,,,,0.7368,,0.7183,0.7297,,0.7297,0.7573,,0.6667
2139685,3/1/2026 22:53,dard,ws,9900,-300,c,ts,3/1/2026,17:53:34,0,,,0.75,w,0.8462,0.7778,0.7778,0.8305,0.7585,0.7585,0.7938,0.7468,0.7468,0.75,0.75,0.75,0.8182,0.8182,0.7647,0.8016,0.7826,0.7436,0.8095,0.8095,0.7468,0.7917,0.7753,0.7727,,,,0.7706,0.7403,0.7245
2002622,2/9/2026 19:26,golu,ws,15200,-490,d,ts,2/9/2026,14:26:21,0,,,0.8305,w,0.8824,0.92,0.92,0.8305,0.8876,0.8876,,,,0.9231,0.9231,0.9231,,,,,,,,,,,,,,,,0.8519,0.8825,0.8825
2007402,2/10/2026 21:26,kecm,ws,9600,-305,l,ts,2/10/2026,16:26:42,0,,,0.7531,w,0.8462,0.7059,0.7059,0.8316,,,0.8276,0.6923,0.6923,0.7368,0.7368,0.7368,0.8462,0.7059,0.7059,0.8113,0.6855,0.6855,,,,0.7531,0.7436,0.7468,0.7199,0.7585,0.7585,0.7727,0.6721,0.6743
2055083,2/18/2026 23:45,kord,ws,10100,-340,c,ts,2/18/2026,18:45:33,0,,,0.7727,w,0.8305,0.7727,0.7727,0.8319,0.7712,0.7712,0.8413,0.7895,0.7895,0.7727,0.7727,0.7727,0.8571,0.8,0.8,0.8016,0.7921,0.7921,,,,0.8214,0.8077,0.8077,,,,0.7917,0.7549,0.7525
2050056,2/17/2026 20:34,berr,ws,13400,-325,e,ts,2/17/2026,15:34:47,0,,,0.7647,w,0.8667,0.8113,0.8113,0.8322,0.7797,0.7797,0.8276,0.7895,0.7895,0.7917,0.7917,0.7917,0.7647,0.7647,0.7647,0.8494,0.8208,0.8302,,,,0.8131,0.8058,0.8058,,,,0.7988,0.7596,0.7596
2061599,2/19/2026 19:08,tien,ws,6100,-380,c,ts,2/19/2026,14:08:29,0,,,0.7917,w,0.8462,0.7917,0.7917,0.8325,0.7685,0.7685,0.8413,0.7701,0.7701,0.7917,0.7917,0.7917,0.8462,0.8462,0.8,0.84,0.7921,0.7826,,,,0.8276,0.8039,0.8,,,,0.8039,0.7567,0.7512
2109095,2/26/2026 23:13,lia,ws,13600,-340,c,ts,2/26/2026,18:13:24,0,,,0.7727,l,0.8305,,,0.8331,,,0.8551,,,0.7727,,,0.8462,,,0.8302,,,0.8261,,,0.8291,,,,,,0.7984,,
2110901,2/27/2026 1:21,cobo,ws,10100,-320,c,ts,2/26/2026,20:21:37,0,,,0.7619,w,0.8182,0.7619,0.7619,0.8333,0.8333,0.7863,0.8198,0.8198,0.7826,0.7619,0.7619,0.7619,0.8333,0.8333,0.8,0.7826,0.763,0.734,0.8333,0.8333,0.7778,0.8182,0.8,0.7895,,,,0.7817,0.763,0.7389
2119984,2/28/2026 5:04,paol,ws,19100,-320,c,ts,2/27/2026,0:04:23,0,,,0.7619,w,0.8462,0.7561,0.7561,0.8336,0.7797,,0.8485,0.7701,0.7701,0.7619,0.7619,0.7619,0.8571,0.75,0.75,0.84,0.7826,0.7537,0.84,0.7647,0.7647,0.7917,0.7895,0.7778,,,,0.7996,0.7326,0.729
2071538,2/21/2026 14:16,korn,ws,9600,-502,d,ts,2/21/2026,9:16:09,0,,,0.8339,w,0.8824,0.8824,0.8824,0.8339,0.8592,0.8592,,,,0.8889,0.8889,0.875,,,,,,,,,,,,,,,,0.8471,0.8507,0.8466
2095018,2/24/2026 19:28,kopr,ws,6300,-340,c,ts,2/24/2026,14:28:23,0,,,0.7727,l,0.8246,0.8246,0.8246,0.8355,0.8355,0.8355,0.8,0.8,0.8,0.7727,0.7727,0.7727,0.8333,0.8333,0.8333,,,,,,,0.84,0.8333,0.8333,,,,0.7845,0.7826,0.7826
2099048,2/25/2026 2:51,zakh,ws,13600,-320,c,ts,2/24/2026,21:51:09,0,,,0.7619,w,0.8462,,,0.8355,,,0.8198,,,0.7619,,,0.8333,,,,,,,,,0.8214,,,,,,0.7886,,
2134625,3/1/2026 2:30,frec,ws,9000,-380,c,ts,2/28/2026,21:30:12,0,,,0.7917,w,0.8305,0.8305,0.7619,0.8358,0.8358,0.7934,,,,0.7917,0.7917,0.8,0.8571,0.8571,0.8571,0.8208,0.8113,0.7921,0.8667,0.8667,0.8667,0.8795,0.8387,0.8165,,,,0.8095,0.7959,0.768
1908725,1/25/2026 3:05,alcz,ws,6300,-400,c,ts,1/24/2026,22:05:25,0,,,0.8,w,0.8462,0.8462,0.8462,0.8361,0.8361,0.8325,0.8485,0.8485,0.8413,0.8,0.8,0.8,0.8462,0.8462,0.8462,0.84,0.84,0.84,,,,0.8496,0.8462,0.8473,,,,0.8106,0.8084,0.8051
2119887,2/28/2026 4:35,krua,ws,13000,-510,d,ts,2/27/2026,23:35:57,0,,,0.8361,w,0.8667,0.8667,0.8667,0.8361,0.8423,0.8423,0.9091,0.8851,0.8851,,,,0.8571,0.8571,0.8571,0.8779,0.8779,0.859,0.8889,0.8889,0.8889,0.9074,0.9048,0.9057,,,,0.8538,0.8494,0.8466
2084342,2/22/2026 1:37,ymee,ws,20400,-280,c,ts,2/21/2026,20:37:29,0,,,0.7368,w,0.8571,0.7826,,0.8369,0.7696,,0.8276,0.7354,,0.7368,0.7368,,0.8333,0.7778,,0.8208,0.7921,,,,,0.7826,0.7826,,,,,0.7817,0.7354,
2006660,2/10/2026 14:41,galf,ws,16900,-340,c,ts,2/10/2026,9:41:33,0,,,0.7727,w,0.8571,0.8571,0.8571,0.8369,0.8361,0.8361,,,,0.7727,0.8571,0.8571,,,,,,,,,,,,,0.839,0.839,0.839,0.8047,0.8208,0.8208
2145504,3/3/2026 23:47,town,ws,11100,-514,d,ts,3/3/2026,18:47:53,0,,,0.8371,w,0.8667,0.9048,0.9048,0.8371,0.8765,0.8765,0.9177,0.9177,0.9346,0.9,0.9,0.9,0.8621,0.8621,0.8889,0.8684,0.8684,0.9063,0.8824,0.8824,0.9091,0.9123,0.9267,0.9267,,,,0.8523,0.8617,0.8782
1881994,1/22/2026 3:37,bert,ws,6000,-400,c,ts,1/21/2026,22:37:32,0,,,0.8,w,0.8824,,,0.8374,,,0.8276,,,0.8,,,,,,,,,,,,,,,,,,0.8099,,
2088515,2/22/2026 17:10,vall,ws,6100,-380,c,ts,2/22/2026,12:10:25,0,,,0.7917,w,0.8571,,0.8571,0.8374,,0.8397,0.8413,,0.8276,0.7917,,0.7917,0.8333,,0.8333,0.8208,,0.8302,,,,0.845,,0.8649,,,,0.8024,,0.8047
2011064,2/11/2026 18:47,augr,ws,8000,-400,c,ts,2/11/2026,13:47:10,0,,,0.8,w,0.8462,0.8462,,0.8382,0.8296,,0.8485,0.8413,,0.8,0.8,,,,,,,,,,,0.8582,0.8582,,,,,0.8134,0.8081,
1918368,1/28/2026 3:51,osom,ws,12900,-380,c,ts,1/27/2026,22:51:25,0,,,0.7917,w,0.8667,,0.7917,0.8382,,0.7877,,,,0.7917,,0.7917,,,,,,,,,,,,,,,,0.8141,,0.7561
2046903,2/16/2026 16:49,bado,ws,10600,-320,c,ts,2/16/2026,11:49:49,0,,,0.7619,w,0.8462,0.7561,0.7561,0.8384,0.7403,0.7403,0.8333,0.7701,0.7701,0.7619,0.7619,0.7619,0.8462,0.7647,0.7647,,,,,,,0.7826,0.7802,0.7674,,,,0.7826,0.7297,0.7253
2044901,2/15/2026 20:34,gaub,ws,11300,-300,c,ts,2/15/2026,15:34:23,0,,,0.75,w,0.8462,,,0.8423,,,0.8077,,,0.75,,,0.8182,,,0.8113,,,,,,0.7802,,,0.7835,,,0.7732,,
2094062,2/24/2026 3:04,town,ws,35300,-260,l,ts,2/23/2026,22:04:48,0,,,0.7222,w,0.8462,,0.697,0.8423,,0.7041,0.8198,,0.6825,,,0.7059,0.8462,,0.7143,0.84,,0.6855,,,,0.7222,,0.7183,,,,0.8039,,0.6622
1998096,2/8/2026 4:34,scho,ws,7100,-400,c,ts,2/7/2026,23:34:01,0,,,0.8,l,0.875,0.8462,0.8462,0.8425,0.8138,0.8138,0.8485,0.8198,0.8198,0.8,0.8,0.8,,,,,,,,,,,,,,,,0.8117,0.7868,0.7868
1980977,2/7/2026 1:39,gojo,ws,8900,-400,c,ts,2/6/2026,20:39:39,0,,,0.8,w,0.875,,0.8462,0.8428,,0.8127,0.8551,,0.8413,0.8,,0.8,,,,,,,,,,,,,,,,0.8148,,0.7899
2139992,3/1/2026 23:45,bucs,ws,13100,-542,d,ts,3/1/2026,18:45:54,0,,,0.8442,w,0.9,0.8889,,0.8442,0.8765,,0.8851,0.8851,,0.875,0.875,,0.9,0.9,,0.8874,0.8874,,0.9167,0.9091,,0.917,0.9163,,0.907,0.91,,0.8613,0.8603,
2083031,2/22/2026 0:36,vidm,ws,27400,-320,c,ts,2/21/2026,19:36:21,0,,,0.7619,l,0.8667,,,0.8445,,,,,,0.7619,,,,,,,,,,,,,,,,,,0.8162,,
1894326,1/24/2026 3:12,muse,ws,7700,-380,c,ts,1/23/2026,22:12:10,0,,,0.7917,w,0.8305,0.8113,0.8113,0.8445,0.8205,0.8205,0.8773,0.8621,0.8621,0.7917,0.7917,0.7917,0.8667,0.8462,0.8462,0.8113,0.8113,0.7921,,,,0.8473,0.8473,0.8473,,,,0.8051,0.7942,0.7925
2026080,2/13/2026 4:44,paut,ws,13000,-340,c,ts,2/12/2026,23:44:00,0,,,0.7727,l,0.8462,,,0.8447,,,0.8333,,,0.7727,,,0.8571,,,0.8208,,,,,,0.8438,,,0.8288,,,0.8028,,
1882465,1/22/2026 4:21,nosk,ws,12700,-360,c,ts,1/21/2026,23:21:12,0,,,0.7826,w,0.8571,0.8182,0.8182,0.8459,0.8073,0.8035,0.8851,0.8413,0.8413,0.7826,0.7826,0.8571,0.8571,0.8571,0.8182,,,,,,,0.8374,0.8246,0.8333,0.7877,0.7877,0.7877,0.8054,0.7859,0.7947
2054224,2/18/2026 13:51,quev,ws,12100,-400,c,ts,2/18/2026,8:51:12,0,,,0.8,w,0.8667,,0.8462,0.8459,,0.841,,,,0.8,,0.8,,,,,,,,,,,,,,,,0.8201,,0.7972
1890033,1/23/2026 4:17,puti,ws,17900,-300,c,ts,1/22/2026,23:17:09,0,,,0.75,w,0.8462,0.7727,0.7727,0.8462,0.7305,0.7305,0.8485,0.7826,0.7826,0.75,0.75,0.75,0.8462,0.7647,0.7647,0.8208,0.8016,0.7245,,,,0.7802,0.7802,0.7802,,,,0.7881,0.7423,0.729
2054672,2/18/2026 20:14,assc,ws,6900,-400,c,ts,2/18/2026,15:14:47,0,,,0.8,w,0.8571,,0.8214,0.8462,,0.8192,0.8621,,0.8276,0.8,,0.8,,,,,,,,,,,,,,,,0.8113,,0.7826
2088428,2/22/2026 15:19,kopr,ws,13600,-380,c,ts,2/22/2026,10:19:53,0,,,0.7917,l,0.8824,,0.8462,0.8464,,0.8008,0.8551,,0.7895,0.7917,,0.7917,0.8462,,0.8,,,,,,,0.8319,,0.8291,,,,0.8152,,0.7797
2074989,2/21/2026 20:21,bren,ws,15600,-340,c,ts,2/21/2026,15:21:12,0,,,0.7727,w,0.8667,0.8182,0.8182,0.848,0.8008,0.8008,0.8333,0.8,0.8,0.7727,0.7727,0.7727,0.8824,0.8824,0.8824,0.8113,0.7826,0.7826,,,,,,,,,,0.802,0.7743,0.7743
1872314,1/21/2026 1:26,gibs,ws,11600,-360,c,ts,1/20/2026,20:26:32,0,,,0.7826,l,0.8571,0.8,0.8,0.8483,0.8363,0.7859,0.8551,0.8131,0.8131,0.7826,0.7826,0.7826,0.8333,0.8333,0.7778,0.8302,0.84,0.763,,,,0.8333,0.8165,0.8148,,,,0.8054,0.7807,0.7625
2002468,2/9/2026 17:28,lame,ws,12000,-380,c,ts,2/9/2026,12:28:24,0,,,0.7917,w,0.8571,,0.8214,0.8483,,0.7988,,,,0.7917,,0.8182,,,,,,,,,,,,,,,,0.8124,,0.7849
1882773,1/22/2026 4:48,zanb,ws,6000,-400,c,ts,1/21/2026,23:48:44,0,,,0.8,w,0.8462,,0.8113,0.8485,,0.8031,0.8485,,0.8198,0.8,,0.8,0.8462,,0.8182,,,,,,,0.845,,0.8261,0.8418,,0.798,0.8102,,0.7783
2088608,2/22/2026 18:10,etch,ws,26300,-260,c,ts,2/22/2026,13:10:45,0,,,0.7222,w,0.8667,0.7297,0.7297,0.8485,,,0.8551,0.726,0.726,0.7222,0.7222,0.7222,0.8333,0.6923,0.6923,,,,,,,0.75,0.75,0.7561,,,,0.7831,0.6933,0.6923
1875360,1/21/2026 4:04,taus,ws,14900,-300,c,ts,1/20/2026,23:04:05,0,,,0.75,w,0.8182,0.7872,0.7872,0.8489,0.8073,0.8047,0.8276,0.7826,0.7826,0.75,0.75,0.75,0.8333,,,0.8208,0.8016,0.7921,,,,0.8113,0.8095,0.8113,,,,0.7807,0.7561,0.7555
2145485,3/3/2026 23:44,kasi,ws,6000,-360,l,ts,3/3/2026,18:44:48,0,,,0.7826,w,0.8571,0.8571,0.75,0.8489,0.8489,0.7222,0.8621,0.8621,0.7701,0.7619,0.7619,0.7727,0.8462,0.8462,0.7647,0.8016,0.8016,0.705,0.8462,0.8462,0.7468,0.7826,0.7674,0.7727,,,,0.7934,0.8069,0.7175
2113403,2/27/2026 2:32,kecm,ws,18200,-300,c,ts,2/26/2026,21:32:36,0,,,0.75,w,0.8667,0.7619,,0.8492,0.7579,,0.8077,0.7409,,0.75,0.75,,0.8571,0.75,,0.8208,0.7826,,0.8621,0.7647,,0.7802,0.7802,,,,,0.7908,0.7253,
2140201,3/2/2026 0:36,jean,ws,7000,-340,c,ts,3/1/2026,19:36:34,0,,,0.7727,w,0.8113,0.8113,0.7436,0.8496,0.8496,0.7817,0.8413,0.8413,0.7938,0.7727,0.7727,0.7727,0.8333,0.8333,0.7778,0.8113,0.8113,0.8016,0.8333,0.8333,0.7647,0.8077,0.7872,0.7826,0.8459,0.7727,0.7727,0.7859,0.7817,0.7326
1906555,1/25/2026 0:49,saba,ws,15400,-380,c,ts,1/24/2026,19:49:23,0,,,0.7917,w,0.8571,0.8182,0.8182,0.8505,0.8201,0.8201,0.8621,0.8276,0.8276,0.7917,0.7917,0.7917,0.8667,0.8333,0.8333,0.8494,0.8302,0.8016,,,,0.8473,0.8473,0.8473,0.8299,0.8299,0.8258,0.8185,0.7963,0.793
2046879,2/16/2026 16:11,bado,ws,9900,-400,c,ts,2/16/2026,11:11:03,0,,,0.8,w,0.8571,0.8113,0.8113,0.8514,0.8198,0.8198,0.8551,0.8198,0.8198,0.8,0.8,0.8,0.8571,0.8182,0.8182,,,,,,,0.8571,0.845,0.845,,,,0.8182,0.7877,0.7877
2069528,2/21/2026 0:48,tien,ws,11500,-578,d,ts,2/20/2026,19:48:21,0,,,0.8525,w,0.9,,,0.8525,,,0.893,,,0.9091,,,0.8824,,,0.8874,,,,,,0.9083,,,,,,0.8667,,
2150175,3/4/2026 2:55,hiji,ws,30900,-260,c,ts,3/3/2026,21:55:57,0,,,0.7222,w,0.8571,,,0.8534,,,0.8551,,,0.7222,,,0.875,,,0.8113,,,0.8621,,,0.7701,,,,,,0.7938,,
2042657,2/15/2026 15:49,svaz,ws,9000,-400,c,ts,2/15/2026,10:49:00,0,,,0.8,w,0.8824,0.8824,0.8571,0.8538,0.8538,0.8028,0.8333,0.8333,0.8077,0.8,0.8,0.8,0.8571,0.8462,0.8182,0.84,0.84,0.8113,,,,0.8561,0.84,0.8198,0.8628,0.8258,0.8258,0.8148,0.8069,0.7835
2052608,2/18/2026 2:41,paut,ws,8300,-380,c,ts,2/17/2026,21:41:23,0,,,0.7917,w,0.8462,0.8462,,0.8538,0.8538,,0.8333,0.8333,,0.7917,0.7917,,0.8462,0.8462,,,,,,,,0.845,0.8077,,,,,0.8058,0.7959,
2019962,2/12/2026 21:11,bubl,ws,11700,-365,l,ts,2/12/2026,16:11:11,0,,,0.7849,w,,,,0.8538,0.7409,0.7409,0.8485,0.7895,0.7895,0.8,0.8,0.8,,,,0.8113,0.763,0.763,,,,0.8148,0.7872,0.7895,0.7868,0.7868,0.7868,0.8058,0.7436,0.7449
2091205,2/22/2026 22:30,wats,ws,49900,-270,l,ts,2/22/2026,17:30:33,0,,,0.7297,w,0.8889,0.7222,,0.8553,,,0.8773,0.726,,0.8462,,,0.875,0.75,,0.8494,0.8302,,,,,0.7297,0.7297,,,,,0.84,0.6855,
2050179,2/17/2026 21:23,berr,ws,15300,-593,d,ts,2/17/2026,16:23:08,0,,,0.8557,w,0.931,0.9259,0.9259,0.8557,0.875,0.8718,0.901,0.901,0.9177,0.9,0.9,0.9,0.8824,0.8824,0.9,0.8874,0.8779,0.8969,,,,0.9213,0.9237,0.9257,,,,0.8741,0.8729,0.8819
2108573,2/26/2026 18:30,krua,ws,8200,-400,c,ts,2/26/2026,13:30:45,0,,,0.8,w,0.875,,,0.8571,,,0.8413,,,0.8,,,0.8621,,,0.8302,,,0.8571,,,0.8496,,,,,,0.8138,,
2021731,2/13/2026 1:16,ugo,ws,9700,-430,l,ts,2/12/2026,20:16:49,0,,,0.8113,w,0.875,,,0.8571,,,0.8485,,,0.8182,,,0.8667,,,0.8494,,,,,,0.8214,,,0.802,,,0.8279,,
1893938,1/24/2026 2:46,dard,ws,10900,-450,c,ts,1/23/2026,21:46:43,0,,,0.8182,w,0.8571,0.8571,0.8571,0.8571,0.8571,0.8571,0.8851,0.8851,0.8851,0.8182,0.8182,0.8182,0.8667,0.8667,0.8667,,,,,,,0.8857,0.8611,0.8462,0.8739,0.8739,0.8328,0.8347,0.8267,0.8227
1909239,1/25/2026 3:54,alcz,ws,16000,-610,d,ts,1/24/2026,22:54:53,0,,,0.8592,w,0.9231,,0.8889,0.8592,,0.8592,0.9177,,0.9177,0.9,,0.9,0.9091,,0.9091,0.8969,,0.8969,,,,0.9322,,0.9313,,,,0.8779,,0.8681
2061701,2/19/2026 20:17,sinn,ws,12400,-620,d,ts,2/19/2026,15:17:54,0,,,0.8611,l,0.931,0.9231,0.9231,0.8611,0.8795,0.8795,0.901,0.893,0.893,0.9,0.9,0.9,0.9,0.9,0.9,0.8874,0.8874,0.8874,,,,0.9203,0.9187,0.917,,,,0.8755,0.8734,0.8731
2101896,2/25/2026 23:08,kasi,ws,24000,-380,c,ts,2/25/2026,18:08:23,0,,,0.7917,w,0.8824,0.8182,0.8182,0.8611,0.7972,0.7859,0.8701,0.7701,0.7701,0.7917,0.7917,0.7917,0.8824,0.8182,0.8,0.8969,0.8302,0.8208,,,,0.8333,0.823,0.823,,,,0.8333,0.7773,0.7743
2047140,2/16/2026 20:21,wayn,ws,20000,-620,d,ts,2/16/2026,15:21:30,0,,,0.8611,w,0.931,0.96,0.96,0.8611,0.9231,0.9231,0.9434,0.9709,0.9709,0.8889,0.9333,0.9333,,,,,,,,,,,,,,,,0.8843,0.9248,0.9248
2092916,2/24/2026 0:04,priz,ws,16500,-380,c,ts,2/23/2026,19:04:26,0,,,0.7917,w,0.8667,,0.8182,0.863,,0.8145,0.8413,,0.8077,0.7917,,0.7917,0.8621,,0.8182,0.8494,,0.8208,,,,0.8592,,0.8276,,,,0.8201,,0.7807
2092897,2/23/2026 23:08,come,ws,40400,-280,c,ts,2/23/2026,18:08:52,0,,,0.7368,l,0.8667,0.6774,0.6774,0.8649,0.7101,0.7101,0.8621,0.7015,0.7015,0.7368,0.7368,0.7368,0.8621,0.7059,0.7059,,,,,,,,,,,,,0.8255,0.6644,0.6644
2047349,2/16/2026 22:01,gast,ws,37900,-300,c,ts,2/16/2026,17:01:49,0,,,0.75,w,0.8889,0.8113,0.8113,0.8649,0.7561,0.7561,0.8773,0.7895,0.7895,0.75,0.75,0.75,,,,,,,,,,,,,,,,0.8291,0.7455,0.7455
2100408,2/25/2026 4:02,hon,ws,40800,-345,l,ts,2/24/2026,23:02:00,0,,,0.7753,w,,,,0.8649,,,0.9177,,,0.7619,,,0.9,,,0.8684,,,,,,0.7753,,,,,,0.8494,,
2095374,2/24/2026 22:40,bucs,ws,14400,-500,c,ts,2/24/2026,17:40:21,0,,,0.8333,w,0.9231,,,0.8667,0.9065,0.8734,0.8773,0.8413,0.8413,0.8333,0.8333,0.8333,0.8571,0.9091,0.8824,0.8779,0.8779,0.8684,,,,0.8907,0.8675,0.8561,,,,0.8534,0.8294,0.8201
2096486,2/25/2026 1:00,frec,ws,10400,-450,c,ts,2/24/2026,20:00:52,0,,,0.8182,w,0.8571,0.8571,0.8246,0.8667,0.8667,0.8336,0.8773,0.8773,0.8413,0.8182,0.8182,0.8182,,,0.8462,0.8494,0.8494,0.8302,,,,0.8817,0.8667,0.8571,,,,0.8339,0.8302,0.8024
2050320,2/17/2026 22:34,guo,ws,12800,-380,c,ts,2/17/2026,17:34:32,0,,,0.7917,w,0.8667,0.8214,0.8214,0.8667,,,,,,0.7917,0.7917,0.7917,,,,,,,,,,0.84,0.8214,0.8198,,,,0.8138,,
1973960,2/5/2026 20:38,fils,ws,9200,-500,c,ts,2/5/2026,15:38:54,0,,,0.8333,w,0.9,0.8182,0.8182,0.8684,0.7812,0.7812,0.8701,0.8,0.8,0.8889,0.8333,0.8333,0.8824,0.8,0.8,,,,,,,0.8649,0.8165,0.8305,0.999,0.999,0.999,0.851,0.7738,0.7773
2094521,2/24/2026 5:25,kovc,ws,20400,-380,c,ts,2/23/2026,0:25:09,0,,,0.7917,w,0.8889,,0.8113,0.8684,,0.8084,0.8851,,0.8077,0.7917,,0.7917,0.9,,0.8182,,,,,,,0.8261,,0.8246,,,,0.8319,,0.7773
2108494,2/26/2026 16:49,herb,ws,27500,-380,c,ts,2/26/2026,11:49:29,0,,,0.7917,w,0.9091,,,0.8684,,,0.8851,,,0.7917,,,,,,,,,0.8824,,,,,,,,,0.8395,,
2061680,2/19/2026 20:02,sinn,ws,11500,-505,l,ts,2/19/2026,15:02:12,0,,,0.8347,l,0.8824,0.8246,0.8246,0.8701,0.8392,0.7608,0.8851,0.8198,0.8198,0.8571,0.8571,0.8571,0.9,0.9,0.8,0.859,0.8113,0.8113,,,,0.8347,0.8214,0.8214,,,,0.8505,0.8,0.784
2088513,2/22/2026 17:09,vall,ws,9400,-450,c,ts,2/22/2026,12:09:52,0,,,0.8182,w,0.8824,0.8824,0.8824,0.8701,0.8718,0.8718,0.8701,0.8551,0.8551,0.8182,0.8182,0.8182,0.8621,0.8621,0.8621,0.8494,0.8494,0.859,,,,0.875,0.875,0.871,,,,0.8322,0.827,0.8273
1908875,1/25/2026 3:16,alcz,ws,19800,-670,d,ts,1/24/2026,22:16:50,0,,,0.8701,w,0.92,0.9333,0.9333,0.8701,0.899,0.899,0.9091,0.9259,0.9259,0.9333,0.9333,0.9333,,0.9231,0.9231,0.9158,0.9158,0.9158,,,,0.9497,0.9546,0.952,,,,0.8919,0.9008,0.9002
1882666,1/22/2026 4:38,nosk,ws,11400,-670,d,ts,1/21/2026,23:38:33,0,,,0.8701,w,0.8889,,0.9048,0.8701,,0.9,0.9615,,0.9615,0.9091,,0.9091,0.9,,0.9091,,,,,,,0.9355,,0.9446,0.89,,0.89,0.8824,,0.897
2046843,2/16/2026 15:41,kals,ws,10500,-680,d,ts,2/16/2026,10:41:19,0,,,0.8718,w,0.931,0.931,0.931,0.8718,0.8718,0.8718,0.9177,0.9177,0.9177,0.9,0.7917,0.7917,0.9,0.9,0.9,,,,,,,0.9194,0.9194,0.8621,,,,0.883,0.8764,0.859
2046939,2/16/2026 18:16,hewi,ws,11400,-680,d,ts,2/16/2026,13:16:09,0,,,0.8718,w,0.8947,0.9355,0.9355,0.8718,0.9286,,,,,0.9524,0.9333,0.9333,,,,,,,,,,0.9291,0.9568,0.955,,,,0.8761,0.8997,
2028098,2/14/2026 4:30,foki,ws,8900,-400,c,ts,2/13/2026,23:30:41,0,,,0.8,l,0.875,0.8182,0.8182,0.8734,0.8239,0.8224,0.8485,0.8077,0.8077,0.8,0.8,0.8,0.8667,,,0.8302,0.8113,0.7826,,,,0.8485,0.8291,0.8305,0.8668,0.8668,0.8668,0.8162,0.7849,0.7792
2077243,2/21/2026 21:34,stom,ws,13300,-500,c,ts,2/21/2026,16:34:42,0,,,0.8333,l,0.8947,0.8571,0.8571,0.8734,0.811,0.811,,,,0.8333,0.8333,0.875,,,,,,,,,,,,,,,,0.8519,0.8106,0.8188
2002662,2/9/2026 21:06,foki,ws,11200,-400,c,ts,2/9/2026,16:06:38,0,,,0.8,w,0.8889,,,0.8734,,,0.893,,,0.8,,,0.8824,,,0.8494,,,,,,0.8561,,,0.8028,,,0.8243,,
2054034,2/18/2026 7:57,anis,ws,13400,-690,d,ts,2/18/2026,2:57:00,0,,,0.8734,w,0.9231,0.9,0.9,0.8734,0.8734,0.8718,0.9177,0.9177,0.901,0.9091,0.9091,0.9091,0.9,0.9,0.8824,0.9063,0.8969,0.8969,,,,0.9381,0.9254,0.9259,,,,0.8875,0.8782,0.8737
1973648,2/5/2026 19:04,augr,ws,9900,-450,c,ts,2/5/2026,14:04:17,0,,,0.8182,w,0.875,0.8305,0.8305,0.8734,0.8734,0.8205,,,,0.8182,0.8182,0.8462,,,,0.8494,0.84,0.8113,,,,,,,,,,0.8331,0.812,0.7996
2006830,2/10/2026 16:30,hues,ws,8600,-400,c,ts,2/10/2026,11:30:10,0,,,0.8,w,0.875,0.875,0.875,0.875,0.8288,0.8288,0.8198,0.8198,0.8198,0.8,0.8,0.8,,,,,,,,,,,,,,,,0.8141,0.8016,0.8016
2015931,2/12/2026 2:22,cerf,ws,13200,-700,d,ts,2/11/2026,21:22:19,0,,,0.875,w,0.9231,0.9231,,0.875,0.8889,,0.893,0.893,,0.9333,0.9333,,0.9615,0.9615,,,,,,,,0.9392,0.9433,,0.939,0.946,,0.8888,0.8934,
1883322,1/22/2026 6:04,spiz,ws,19800,-550,f,ts,1/21/2026,1:04:59,0,,,0.8462,w,0.8462,0.875,0.875,0.875,0.875,0.902,0.9091,0.9259,0.9259,0.9231,0.9231,0.9231,0.9,0.9,0.9231,0.9158,0.9158,0.9158,,,,0.9333,0.943,0.943,0.902,0.902,0.902,0.8716,0.8832,0.8856
1890305,1/23/2026 5:03,gauf,ws,18800,-700,d,ts,1/22/2026,0:03:07,0,,,0.875,w,0.9231,0.9259,0.9259,0.875,0.9194,0.9194,0.9177,0.9346,0.9259,0.9333,0.9231,0.9231,,,,0.9063,0.9158,0.9063,,,,0.9548,0.9571,0.9585,0.929,0.929,0.929,0.8946,0.9016,0.9001
2101922,2/25/2026 23:14,kasi,ws,7800,-360,l,ts,2/25/2026,18:14:11,0,,,0.7826,w,0.875,0.875,0.7619,0.8765,0.8571,0.7207,0.8413,0.8413,0.7468,0.8571,0.7619,0.7619,0.8571,0.8571,0.75,0.8302,0.8302,0.705,,,,0.8374,0.7778,0.7778,,,,0.8261,0.7963,0.7214
2088582,2/22/2026 18:00,zhas,ws,12400,-500,c,ts,2/22/2026,13:00:47,0,,,0.8333,w,0.9048,0.9048,0.9048,0.8765,0.8765,0.8765,0.893,0.893,0.893,0.8333,0.875,0.875,0.8889,0.8889,0.8889,0.8684,0.8684,0.8684,,,,0.8857,0.8883,0.8726,,,,0.8505,0.8527,0.8565
2061431,2/19/2026 17:23,alcz,ws,13400,-500,e,ts,2/19/2026,12:23:51,0,,,0.8333,w,0.875,0.875,0.875,0.878,0.878,0.8864,0.8851,0.8851,0.8851,0.9,0.8462,0.8462,0.8333,0.8333,0.8333,,,,,,,0.9034,0.875,0.8387,0.899,0.886,0.8168,0.8519,0.841,0.8344
2007199,2/10/2026 19:40,mina,ws,13100,-450,c,ts,2/10/2026,14:40:30,0,,,0.8182,w,0.9,0.8246,0.8246,0.878,0.7859,0.7859,0.901,0.8413,0.8276,0.8182,0.8182,0.8182,,,,,,,,,,0.8333,0.8361,0.8361,0.8127,0.8158,0.8158,0.8379,0.7942,0.7904
2049770,2/17/2026 17:16,eala,ws,10800,-720,d,ts,2/17/2026,12:16:59,0,,,0.878,w,0.9231,,0.9048,0.878,,0.8876,0.9259,,0.9177,0.9091,,0.9091,,,,0.8969,,0.8969,,,,0.9357,,0.932,0.919,,0.9089,0.889,,0.8818
1890411,1/23/2026 5:16,gauf,ws,10800,-550,c,ts,1/22/2026,0:16:10,0,,,0.8462,w,0.8824,0.8824,0.8571,0.8795,0.8795,0.8795,0.9091,0.9091,0.9091,0.8462,0.8462,0.8462,,,,0.8874,0.8684,0.8684,,,,0.9052,0.9038,0.9038,0.8759,0.8759,0.8759,0.8599,0.8573,0.8507
2002278,2/9/2026 15:07,sakk,ws,14100,-500,c,ts,2/9/2026,10:07:04,0,,,0.8333,w,0.9167,0.8667,,0.8795,,,0.9091,0.8551,,0.8333,0.8333,,0.9,0.8571,,,,,,,,0.8969,0.8969,,0.8849,,,0.8677,0.8299,
2006906,2/10/2026 17:25,korn,ws,15100,-500,c,ts,2/10/2026,12:25:50,0,,,0.8333,w,0.9091,0.9091,0.9091,0.8795,0.878,0.878,,,,0.8333,,,,,,,,,,,,,,,0.9039,0.933,0.933,0.8547,,
2127903,2/28/2026 22:16,hanf,ws,11700,-600,c,ts,2/28/2026,17:16:53,0,,,0.8571,w,0.9167,0.9167,0.9167,0.881,0.881,0.881,0.901,0.901,0.901,0.8571,0.875,0.875,0.8824,0.8824,0.8824,0.8874,0.8874,0.8874,0.9,0.9,0.9,0.9209,0.9219,0.9245,,,,0.871,0.8716,0.8721
1909748,1/25/2026 6:00,gauf,ws,17800,-500,c,ts,1/24/2026,1:00:19,0,,,0.8333,w,0.875,,,0.881,,,0.9091,,,0.8333,,,,,,0.8969,,,,,,0.8958,,,0.872,,,0.858,,
1895013,1/24/2026 4:39,sinn,ws,18400,-400,f,ts,1/23/2026,23:39:22,0,,,0.8,w,0.8,0.8462,0.8462,0.881,0.881,0.881,,,,0.8462,0.8462,0.8462,0.8824,0.8824,0.8824,0.8684,0.859,0.859,,,,0.8942,0.8985,0.8985,,,,0.8305,0.8403,0.842
2134028,3/1/2026 1:49,frec,ws,21200,-380,c,ts,2/28/2026,20:49:14,0,,,0.7917,w,0.8571,,0.7727,0.881,,0.7947,,,,0.7917,,0.7917,0.9,,0.8333,0.8302,,0.763,0.875,,0.8,,,,,,,0.8296,,0.7537
2095385,2/24/2026 22:47,bucs,ws,10100,-750,e,ts,2/24/2026,17:47:49,0,,,0.8824,w,0.9412,0.9412,0.9412,0.8824,0.9265,0.9265,0.8851,0.8851,0.8851,0.9412,0.9412,0.9412,0.9,0.9231,0.9231,0.9158,0.9251,0.9251,,,,0.9492,0.9522,0.9615,,,,0.8945,0.8983,0.8959
2054022,2/18/2026 7:44,anis,ws,17200,-750,d,ts,2/18/2026,2:44:54,0,,,0.8824,w,0.9,0.9,0.9,0.8824,,0.8824,0.9434,0.9434,0.9434,0.9524,0.9524,0.9524,0.9,0.9,0.9,0.9251,0.9251,0.9251,,,,0.9566,0.9566,0.9599,,,,0.8992,0.9008,0.8999
2116532,2/27/2026 17:08,chid,ws,9000,-450,m,ts,2/27/2026,12:08:25,0,,,0.8182,l,0.8571,0.8571,0.8571,0.8837,0.8734,0.8734,0.901,0.8773,0.8773,0.8462,0.8462,0.8462,,,,,,,0.8182,0.8182,0.8182,,,,,,,0.8316,0.8233,0.8233
2141463,3/2/2026 20:15,moch,ws,23200,-400,c,ts,3/2/2026,15:15:02,0,,,0.8,w,0.8947,0.8113,0.8113,0.8851,0.8095,0.8095,0.8773,0.7753,0.7753,0.8,0.8,0.8,,,,0.8779,0.8208,0.8302,0.8889,0.8182,0.8182,0.8438,0.8291,0.8319,0.8408,0.8408,0.8408,0.8384,0.7722,0.7743
2094516,2/24/2026 5:12,kovc,ws,12600,-450,c,ts,2/23/2026,0:12:01,0,,,0.8182,w,0.8889,0.8246,0.8246,0.8864,0.8113,0.8113,0.8773,0.8198,0.8198,0.8182,0.8182,0.8182,0.9,0.8333,0.8333,,,,,,,0.8473,0.8438,0.8425,,,,0.8371,0.7921,0.7921
2047499,2/16/2026 23:04,lajo,ws,18400,-500,l,ts,2/16/2026,18:04:16,0,,,0.8333,w,0.8824,0.8,0.8,0.8864,0.8141,0.8141,0.901,0.7826,0.7826,,0.8,0.8,0.9,0.9,0.8182,0.8684,0.8208,0.7921,,,,0.8333,0.8333,0.8333,,,,0.8588,0.7778,0.7701
1963711,2/4/2026 3:02,bolt,ws,16300,-550,c,ts,2/3/2026,22:02:11,0,,,0.8462,w,0.92,0.8889,0.8889,0.8864,0.844,0.8462,0.9259,0.893,0.8851,0.8462,0.8462,0.8462,,,,,,,,,,,,,,,,0.867,0.8425,0.8384
2046850,2/16/2026 15:44,mal,ws,9200,-780,d,ts,2/16/2026,10:44:13,0,,,0.8864,w,0.9286,,,0.8864,,,,,,0.9524,,,,,,,,,,,,,,,,,,0.8951,,
1907511,1/25/2026 2:03,saba,ws,12700,-550,c,ts,1/24/2026,21:03:25,0,,,0.8462,w,0.9,0.8667,0.8667,0.8876,0.8435,0.8397,0.9177,0.8701,0.8773,0.8462,0.8462,0.8462,0.9,0.8667,0.8667,0.8874,0.8684,0.8684,,,,0.8969,0.8817,0.8901,0.8689,0.8689,0.8689,0.8658,0.839,0.8423
2049572,2/17/2026 15:04,bain,ws,9100,-550,c,ts,2/17/2026,10:04:58,0,,,0.8462,w,0.9048,0.9048,0.875,0.8876,0.8876,0.8438,,,,0.8462,0.8462,0.8462,,,,,,,,,,,,,0.8789,0.8538,0.8538,0.8578,0.8387,0.8264
2044505,2/15/2026 20:15,cerf,ws,13800,-500,c,ts,2/15/2026,15:15:18,0,,,0.8333,w,0.9,0.8462,0.8462,0.8889,0.8889,0.845,0.8851,0.8851,0.8276,0.8333,0.8333,0.8333,0.9,0.9,0.8333,,,,,,,0.8876,0.8561,0.8561,,,,0.8525,0.8305,0.8066
1890029,1/23/2026 4:16,medv,ws,18600,-800,d,ts,1/22/2026,23:16:42,0,,,0.8889,w,0.92,0.9677,0.9677,0.8889,0.8889,0.9485,0.9524,0.9901,,0.9615,0.9615,0.9615,0.9231,0.9231,0.9756,0.9251,0.9251,0.9533,,,,,,,0.985,0.985,0.985,0.9062,0.9316,0.9407
2118753,2/28/2026 2:11,zhas,ws,13700,-800,d,ts,2/27/2026,21:11:25,0,,,0.8889,w,0.92,,,0.8889,,,0.9524,,,,,,0.9231,,,0.9158,,,0.9333,,,0.9506,,,,,,0.9022,,
2143566,3/3/2026 2:36,kopr,ws,37600,-355,l,ts,3/2/2026,21:36:12,0,,,0.7802,w,0.8889,0.7826,,0.8901,0.7773,,0.8851,0.7826,,0.7727,0.7727,,0.9,0.7895,,0.8684,0.7537,,0.8889,0.7647,,0.7895,0.7802,,,,,0.8302,0.7354,
1936184,1/31/2026 2:40,svaz,ws,18600,-450,c,ts,1/30/2026,21:40:17,0,,,0.8182,w,0.9048,,0.8571,0.8901,,0.8165,0.893,,0.8333,0.8182,,0.8182,,,,,,,,,,,,,,,,0.8464,,0.7967
1932829,1/30/2026 4:52,alcz,ws,10500,-810,d,ts,1/29/2026,23:52:57,0,,,0.8901,w,0.9167,0.931,0.931,0.8901,0.9153,0.9153,0.9346,0.9434,0.9434,0.9231,0.9231,0.9231,0.9091,0.9091,0.9167,0.9158,0.9158,0.9158,,,,0.955,0.9558,0.9562,0.941,0.941,0.941,0.8997,0.9059,0.9065
1932959,1/30/2026 5:25,alcz,ws,11300,-810,d,ts,1/29/2026,0:25:37,0,,,0.8901,w,0.931,0.9231,0.9231,0.8901,0.8901,0.8864,0.9524,0.9524,0.9524,0.9231,0.9231,0.9231,0.9091,0.9091,0.9091,0.9063,0.9063,0.9063,,,,0.9468,0.9433,0.9432,0.933,0.933,0.933,0.9005,0.8976,0.8972
1890294,1/23/2026 5:01,gauf,ws,12700,-830,d,ts,1/22/2026,0:01:41,0,,,0.8925,w,0.9231,,,0.8925,,,0.9259,,,0.9412,,,,,,0.9158,,,,,,0.9584,,,,,,0.9038,,
2068699,2/20/2026 15:46,pegu,ws,15100,-830,d,ts,2/20/2026,10:46:32,0,,,0.8925,w,0.9333,,0.9333,0.8925,,0.8936,0.9346,,0.9259,0.9615,,0.9615,0.9091,,0.9091,0.9158,,0.9063,,,,0.961,,0.9624,,,,0.906,,0.9039
1881386,1/22/2026 3:01,muse,ws,10800,-600,f,ts,1/21/2026,22:01:37,0,,,0.8571,w,0.8571,0.8571,0.8571,0.8936,0.8864,0.8864,0.9091,0.9091,0.9091,0.9,0.9,0.9,0.9231,0.9,0.9,,,,,,,0.9342,0.9342,0.9342,,,,0.87,0.8599,0.8599
2011035,2/11/2026 18:33,etch,ws,12000,-500,c,ts,2/11/2026,13:33:38,0,,,0.8333,w,,,,0.8936,,,,,,0.875,0.8333,0.8333,,,,0.8874,0.8684,0.8684,,,,0.893,0.893,0.893,0.886,0.886,0.886,0.8534,,
2002428,2/9/2026 16:46,humb,ws,22900,-400,c,ts,2/9/2026,11:46:48,0,,,0.8,w,0.875,0.8,,0.8947,0.8192,,0.893,0.7938,,0.8,0.8,,0.9,0.8333,,,,,,,,0.854,0.8507,,,,,0.8395,0.7727,
2054804,2/18/2026 20:52,cerj,ws,10300,-600,c,ts,2/18/2026,15:52:02,0,,,0.8571,w,0.9048,0.8667,0.8667,0.8947,0.8947,0.8734,0.9091,0.9091,0.8701,0.8571,0.8571,0.8571,0.9091,0.9091,0.8667,0.8969,0.8779,0.8494,,,,0.9043,0.8876,0.8876,,,,0.8693,0.8559,0.8382
2049748,2/17/2026 16:57,wint,ws,10700,-850,d,ts,2/17/2026,11:57:48,0,,,0.8947,w,0.9474,0.96,0.96,0.8947,0.9468,0.9468,0.9524,0.9524,0.9709,0.9412,0.9615,0.9615,,,,,,,,,,,,,,,,0.9041,0.9226,0.9325
2047355,2/16/2026 22:03,gast,ws,12800,-600,c,ts,2/16/2026,17:03:20,0,,,0.8571,w,0.9286,0.8947,0.8947,0.8958,0.8684,0.8684,0.9177,0.8851,0.8851,0.8571,0.8571,0.8571,,,,,,,,,,,,,,,,0.8724,0.8418,0.8418
2118773,2/28/2026 2:12,zhas,ws,9500,-860,d,ts,2/27/2026,21:12:45,0,,,0.8958,w,0.931,,0.931,0.8958,,0.8958,0.9524,,0.9524,0.9333,,,0.9231,,0.9231,0.9158,,0.9158,0.9231,,0.9231,0.9524,,0.9443,,,,0.9036,,0.9021
2049501,2/17/2026 14:23,dama,ws,24000,-550,c,ts,2/17/2026,9:23:21,0,,,0.8462,l,0.9286,0.8947,0.8947,0.8969,0.854,0.854,0.9259,0.8851,0.8851,0.8462,0.8462,0.8462,,,,,,,,,,,,,,,,0.8768,0.8403,0.8403
2061659,2/19/2026 19:48,sinn,ws,11100,-870,d,ts,2/19/2026,14:48:03,0,,,0.8969,l,0.9333,,0.9412,0.8969,,0.9123,0.9346,,0.9434,0.9524,,0.9524,0.9333,,0.9333,0.9158,,0.9158,,,,0.9598,,0.9614,,,,0.9065,,0.9127
1882999,1/22/2026 5:18,anis,ws,11100,-870,d,ts,1/21/2026,0:18:27,0,,,0.8969,w,0.931,0.9474,0.9474,0.8969,,,0.9177,0.9524,0.9524,0.9412,0.9412,0.9412,0.9756,0.9756,0.9756,,,,,,,0.961,0.969,0.9695,0.929,0.929,0.929,0.9065,0.9223,0.9225
2136078,3/1/2026 4:30,bucs,ws,12100,-600,c,ts,2/28/2026,23:30:07,0,,,0.8571,w,0.9167,,0.8462,0.8969,,0.843,,,,0.8571,,0.8571,0.9231,,0.8667,0.8969,,0.8494,,,,0.8969,,0.883,,,,0.87,,0.8294
2093284,2/24/2026 1:26,priz,ws,40700,-385,l,ts,2/23/2026,20:26:12,0,,,0.7938,w,0.9,0.7826,0.7826,0.898,0.7596,0.7596,0.901,0.7938,0.7938,0.9,0.7727,0.7727,0.8621,0.9,0.7778,0.8684,0.8684,0.7537,,,,0.7938,0.7917,0.7917,,,,0.8632,0.759,0.7506
1933034,1/30/2026 5:39,alcz,ws,9900,-880,d,ts,1/29/2026,0:39:35,0,,,0.898,w,0.931,0.9333,0.9333,0.898,0.9275,0.9275,0.9434,0.9615,0.9615,0.9333,0.9333,0.9333,0.9167,0.9355,0.9355,0.9158,0.9158,0.9158,,,,0.9625,0.9733,0.9743,0.954,0.954,0.954,0.9077,0.9186,0.9189
2019797,2/12/2026 20:41,marz,ws,37700,-380,c,ts,2/12/2026,15:41:10,0,,,0.7917,w,0.8824,0.7826,0.7826,0.899,0.7984,0.7984,0.893,0.8198,0.8198,0.7917,0.7917,0.7917,0.9,0.8182,0.8182,,,,,,,,,,0.8039,0.8039,0.8039,0.8571,0.7685,0.7685
2015799,2/12/2026 2:19,cerf,ws,23300,-890,d,ts,2/11/2026,21:19:38,0,,,0.899,w,0.9474,,,0.899,,,0.9434,,,0.9524,,,0.9333,,,,,,,,,0.9697,,,0.973,,,0.9186,,
1892183,1/24/2026 0:20,keys,ws,9100,-900,d,ts,1/23/2026,19:20:51,0,,,0.9,w,0.9375,0.9474,0.9474,0.9,0.901,0.901,0.9346,0.9346,0.9346,0.9231,0.9231,0.9231,0.9333,0.9333,0.9333,,,,,,,0.9574,0.9574,0.9592,,,,0.9076,0.9071,0.9076
2116265,2/27/2026 5:48,nakb,ws,27600,-380,c,ts,2/26/2026,0:48:32,0,,,0.7917,w,0.8667,0.7143,,0.9029,0.7118,,0.8621,0.759,,0.7917,0.7917,,0.9091,0.9091,,0.859,0.7436,,0.875,0.875,,0.7619,0.7619,,,,,0.8395,0.7442,
1871651,1/21/2026 0:43,rubl,ws,12800,-600,c,ts,1/20/2026,19:43:58,0,,,0.8571,w,0.913,,0.913,0.9029,,0.9029,0.893,,0.893,0.8571,,0.875,,,,0.8874,,0.8874,,,,0.9286,,0.9283,,,0.9169,0.8724,,0.8733
2095390,2/24/2026 22:49,bucs,ws,13700,-670,b,ts,2/24/2026,17:49:40,0,,,0.8701,w,0.92,0.9375,0.9375,0.9038,0.9296,0.9296,0.8701,0.9091,0.9091,0.9091,0.9091,0.9091,0.9231,0.9474,0.9474,0.9063,0.9158,0.9158,,,,0.9432,0.9488,0.9481,,,,0.8815,0.9014,0.9014
1881465,1/22/2026 3:07,muse,ws,25100,-550,f,ts,1/21/2026,22:07:28,0,,,0.8462,w,0.8462,0.8889,0.9231,0.9038,0.9048,0.9474,0.9091,0.9434,0.9434,0.9333,0.9333,0.9333,0.9231,0.9231,0.9474,,,,,,,0.9543,0.9707,0.9707,,0.941,0.933,0.8783,0.8913,0.9137
2086010,2/22/2026 2:56,paut,ws,14900,-590,l,ts,2/21/2026,21:56:11,0,,,0.8551,w,0.9,0.8246,0.8246,0.9038,0.8311,0.8311,0.9177,0.8198,0.8198,0.8571,0.8571,0.8571,0.9231,0.8462,0.8462,0.8779,0.84,0.84,,,,0.8551,0.8551,0.8658,,,,0.8729,0.8012,0.8051
2049833,2/17/2026 18:16,alcz,ws,18900,-940,d,ts,2/17/2026,13:16:35,0,,,0.9038,w,0.931,,0.9474,0.9038,,0.9444,0.9524,,0.9804,0.9722,,0.9722,0.9231,,0.9615,,,,,,,0.973,,0.9842,0.97,,0.97,0.9204,,0.9405
2054810,2/18/2026 20:55,cerj,ws,10200,-600,c,ts,2/18/2026,15:55:32,0,,,0.8571,w,0.9048,0.875,0.875,0.9048,0.8718,0.8718,0.893,0.8621,0.8621,0.8571,0.8571,0.8571,0.9091,0.9091,0.8824,0.8969,0.8684,0.8684,,,,0.9034,0.8925,0.8907,,,,0.8689,0.8435,0.8418
2002282,2/9/2026 15:10,sakk,ws,13200,-950,d,ts,2/9/2026,10:10:40,0,,,0.9048,w,0.9474,,,0.9048,,,0.9346,,,0.9333,,,0.9474,,,,,,,,,0.9673,,,0.958,,,0.9167,,
1887984,1/23/2026 2:29,saba,ws,22500,-950,d,ts,1/22/2026,21:29:50,0,,,0.9048,w,0.9412,0.9524,0.9524,0.9048,0.9333,0.9333,0.9615,0.9709,0.9709,0.9615,0.9615,0.9615,0.9474,0.9615,0.9615,0.9346,0.9346,0.9346,,,,0.9763,,,,,,0.9221,0.9322,0.9322
2096851,2/25/2026 1:17,atma,ws,9900,-600,c,ts,2/24/2026,20:17:52,0,,,0.8571,w,0.9333,0.875,0.875,0.9057,0.8369,0.8369,0.9177,0.8485,0.8485,0.8571,0.8571,0.8571,0.8,0.8,0.8,,,,,,,0.9057,0.8837,0.8837,,,,0.8747,0.8267,0.8267
2050222,2/17/2026 21:40,joda,ws,12100,-960,d,ts,2/17/2026,16:40:40,0,,,0.9057,w,0.9524,0.9524,,0.9057,0.9065,,0.9434,0.9434,,0.9333,0.9333,,0.9333,0.9333,,,,,,,,0.9574,0.9554,,,,,0.9165,0.9139,
2046971,2/16/2026 18:35,hewi,ws,11500,-600,c,ts,2/16/2026,13:35:54,0,,,0.8571,w,0.92,0.92,,0.9057,0.9057,,,,,0.8571,0.8889,,,,,,,,,,,0.9388,0.9057,,,,,0.8759,0.8711,
2088450,2/22/2026 15:45,priz,ws,30100,-430,l,ts,2/22/2026,10:45:32,0,,,0.8113,w,0.9048,0.8113,0.8113,0.9065,0.8035,0.8035,0.8851,0.8,0.8,0.9,0.8182,0.8182,0.9,0.7895,0.7895,0.8779,0.8302,0.7826,,,,0.8182,0.8039,0.8131,,,,0.8599,0.7763,0.7685
2099988,2/25/2026 3:38,dole,ws,11300,-600,c,ts,2/24/2026,22:38:34,0,,,0.8571,w,0.9,0.875,0.875,0.9065,0.9065,0.8824,0.901,0.901,0.8773,0.8571,0.8571,0.8571,0.9091,0.9091,0.875,,,,,,,0.9103,0.8969,0.8974,,,,0.8705,0.8599,0.8483
2054970,2/18/2026 22:08,acst,ws,11300,-600,c,ts,2/18/2026,17:08:19,0,,,0.8571,w,0.8947,,,0.9065,,,0.9259,,,0.8571,,,,,,,,,,,,,,,,,,0.8706,,
1998686,2/8/2026 5:09,scho,ws,28900,-500,c,ts,2/7/2026,0:09:02,0,,,0.8333,l,0.931,0.8667,0.8667,0.9083,0.8384,0.8384,0.9177,0.8485,0.8485,0.8333,0.8333,0.8333,,,,,,,,,,,,,,,,0.8736,0.8081,0.8081
1913334,1/27/2026 4:25,zver,ws,22600,-550,c,ts,1/26/2026,23:25:23,0,,,0.8462,w,0.92,0.875,0.875,0.9083,0.8387,0.8387,0.9259,0.893,0.893,0.8462,0.8462,0.8462,0.9,0.84,0.84,0.8969,0.859,0.8494,,,,0.8947,0.8864,0.883,,,,0.8773,0.841,0.839
2100080,2/25/2026 3:41,dole,ws,11000,-800,c,ts,2/24/2026,22:41:56,0,,,0.8889,w,0.9259,0.9259,0.9259,0.9091,0.9091,0.9091,0.9346,0.9346,0.9346,0.8889,0.8889,0.8889,0.9231,0.9231,0.9231,,,,,,,0.9505,0.92,0.9111,,,,0.8991,0.8908,0.8879
2095054,2/24/2026 19:54,juva,ws,24500,-700,c,ts,2/24/2026,14:54:09,0,,,0.875,w,0.9259,0.8571,,0.9091,,,0.9434,0.8621,,0.875,0.875,,0.9231,0.8462,,,,,,,,0.881,0.8773,,,,,0.9006,0.8294,
2007381,2/10/2026 21:08,berg,ws,16100,-500,c,ts,2/10/2026,16:08:36,0,,,0.8333,l,0.9,0.875,0.875,0.9107,0.8795,0.8795,0.8851,0.8551,0.8551,0.8333,0.8333,0.8333,0.9,0.8824,0.8824,0.8684,0.859,0.859,,,,0.8985,0.8953,0.8936,0.899,0.899,0.899,0.8563,0.8374,0.8369
1876184,1/21/2026 5:17,tien,ws,12000,-530,f,ts,1/20/2026,0:17:34,0,,,0.8413,w,0.8413,0.8413,0.8413,0.9107,0.9107,0.9107,0.8851,0.8851,0.8851,0.9,0.875,0.875,0.9091,0.9091,0.9091,0.8874,0.8779,0.8779,,,,0.9245,0.9209,0.9103,0.8879,,,0.8571,0.8525,0.8476
2086453,2/22/2026 3:13,paut,ws,31400,-400,c,ts,2/21/2026,22:13:05,0,,,0.8,w,0.8889,0.8039,0.8039,0.9107,0.8353,0.8353,0.9091,0.7938,0.7938,0.8,0.8,0.8,0.9231,0.8333,0.8333,0.8874,0.8113,0.8113,,,,0.8485,0.8462,0.8496,,,,0.8534,0.7831,0.7849
1888021,1/23/2026 2:32,saba,ws,12700,-1020,d,ts,1/22/2026,21:32:21,0,,,0.9107,w,0.9474,,,0.9107,,,0.9524,,,0.9412,,,0.9474,,,0.9251,,,,,,0.9752,,,,,,0.9215,,
2047050,2/16/2026 19:36,wayn,ws,21300,-500,c,ts,2/16/2026,14:36:56,0,,,0.8333,w,0.9167,,,0.9123,,,0.901,,,0.8333,,,,,,,,,,,,,,,,,,0.863,,
1936029,1/31/2026 2:33,svaz,ws,15400,-550,c,ts,1/30/2026,21:33:34,0,,,0.8462,w,0.92,,,0.9123,,,0.9091,,,0.8462,,,,,,,,,,,,,,,,,,0.866,,
2001318,2/8/2026 20:17,svaz,ws,32200,-555,l,ts,2/8/2026,15:17:39,0,,,0.8473,w,0.9286,,0.8462,0.9123,,0.8175,0.9177,,0.8276,0.8889,,0.8889,0.9231,,0.8462,0.9063,,0.84,,,,0.8639,,0.8473,0.92,,0.8549,0.8883,,0.8039
2144847,3/3/2026 16:20,blan,ws,13600,-600,c,ts,3/3/2026,11:20:48,0,,,0.8571,w,0.9167,0.875,0.875,0.9123,0.8611,0.8611,0.9177,0.8773,0.8773,0.8571,0.8571,0.8571,,,,,,,0.9167,0.875,0.875,,,,,,,0.8733,0.8339,0.8339
1871299,1/21/2026 0:13,paut,ws,13100,-700,c,ts,1/20/2026,19:13:17,0,,,0.875,w,0.9259,0.9231,,0.9123,0.8947,,0.9259,0.9091,,0.875,0.875,,0.9231,0.9091,,0.9063,0.8874,,,,,0.9317,0.9317,,,,,0.8886,0.8785,
1875697,1/21/2026 4:27,taus,ws,12300,-700,c,ts,1/20/2026,23:27:59,0,,,0.875,w,0.9375,0.8889,0.8889,0.9123,0.8684,0.8649,0.9346,0.8773,0.893,0.875,0.875,0.875,0.9091,0.8667,0.8667,0.9158,0.9063,0.8779,,,,0.9029,0.898,0.898,,,,0.8878,0.8555,0.8525
2002279,2/9/2026 15:09,sakk,ws,15000,-1040,d,ts,2/9/2026,10:09:08,0,,,0.9123,w,0.9524,0.96,0.96,0.9123,0.9367,0.9524,0.9346,0.9346,0.9524,0.9615,0.9615,0.9615,0.9474,0.9474,0.9615,,,,,,,0.9778,0.989,0.9884,0.984,0.984,0.981,0.9246,0.9302,0.9375
2139333,3/1/2026 22:16,vidm,ws,16700,-1040,d,ts,3/1/2026,17:16:38,0,,,0.9123,w,0.9677,0.9677,0.9677,0.9123,0.9306,0.9306,0.9524,0.9615,0.9615,0.9524,0.9524,0.9524,0.9333,0.9333,0.9333,0.9439,0.9533,0.9533,0.9524,0.9524,0.9524,0.9715,0.9753,0.9753,,,,0.9258,0.9317,0.9317
1973612,2/5/2026 18:06,augr,ws,34400,-450,c,ts,2/5/2026,13:06:11,0,,,0.8182,w,0.9231,0.8246,0.8246,0.9123,,,,,,0.8182,0.8182,0.8182,,,,0.8779,0.8016,0.8016,,,,,,,0.999,0.999,0.999,0.8703,0.7959,0.793
1880715,1/22/2026 2:30,dard,ws,19800,-450,c,ts,1/21/2026,21:30:04,0,,,0.8182,w,,,,0.9138,0.9138,0.8567,0.893,0.8551,0.8551,0.8182,0.8182,0.8182,0.9091,0.9091,0.8667,,,,,,,0.8851,0.8758,0.8765,,0.8619,0.8619,0.8483,0.8299,0.8201
2094491,2/24/2026 4:42,kyps,ws,37700,-340,c,ts,2/23/2026,23:42:42,0,,,0.7727,w,0.9167,0.7872,,0.9138,0.7967,,0.9259,0.7531,,0.7727,0.7727,,0.9231,0.7778,,0.8874,0.7826,,,,,0.802,0.7959,,,,,0.8496,0.7481,
1918824,1/28/2026 5:04,osom,ws,9100,-700,c,ts,1/27/2026,0:04:23,0,,,0.875,w,0.9355,,0.9167,0.9138,,0.9057,,,,,,0.875,,,,,,,,,,,,,0.932,,0.916,,,0.877
2049541,2/17/2026 14:45,koev,ws,10300,-600,c,ts,2/17/2026,9:45:04,0,,,0.8571,w,0.9355,0.9355,0.9048,0.9138,0.9138,0.9296,,,,0.8571,0.8889,0.8889,,,,,,,,,,,,,0.8849,0.8849,0.8849,0.8695,0.8876,0.8731
2050315,2/17/2026 22:32,nakb,ws,23200,-600,c,ts,2/17/2026,17:32:44,0,,,0.8571,w,0.9259,0.875,0.875,0.9153,0.875,0.875,0.9346,0.901,0.901,0.8571,0.8571,0.8571,0.9231,0.9231,0.8824,,,,,,,0.9399,0.9052,0.8995,,,,0.8946,0.8596,0.8538
2011273,2/11/2026 20:00,augr,ws,21400,-1080,d,ts,2/11/2026,15:00:06,0,,,0.9153,w,0.9474,0.9474,0.9524,0.9153,0.9324,0.9324,0.9709,0.9709,0.9804,0.9231,0.9412,0.9412,,,,,,,,,,0.9821,0.9821,,0.959,0.972,0.972,0.9305,0.9328,0.9388
2068730,2/20/2026 17:36,alcz,ws,26200,-600,c,ts,2/20/2026,12:36:43,0,,,0.8571,w,0.9259,0.8889,0.8889,0.9167,0.8592,0.8592,0.9346,0.8851,0.8851,0.8571,0.8571,0.8571,0.9167,0.875,0.875,0.9158,0.8874,0.8874,,,,0.9213,0.9052,0.9074,,,,0.8925,0.8582,0.8567
2074333,2/21/2026 19:59,gald,ws,21300,-600,c,ts,2/21/2026,14:59:23,0,,,0.8571,w,0.9412,0.875,0.875,0.9167,0.8544,0.8544,0.9434,0.893,0.893,0.8571,0.8571,0.8571,0.9231,0.875,0.875,0.9063,0.859,0.859,,,,0.8837,0.8817,0.8758,,,,0.883,0.843,0.8413
1885439,1/23/2026 0:43,medv,ws,11000,-580,f,ts,1/22/2026,19:43:28,0,,,0.8529,w,0.8529,0.8529,0.8529,0.918,0.918,0.918,0.8851,0.8851,0.8851,0.9091,0.875,0.875,0.9231,0.9231,0.9231,0.9063,0.8969,0.8969,,,,0.9216,0.9194,0.9163,0.9029,0.9029,0.886,0.8675,0.8632,0.8624
1887649,1/23/2026 2:14,mbok,ws,33700,-450,c,ts,1/22/2026,21:14:31,0,,,0.8182,w,0.9231,0.8246,0.8246,0.918,0.8205,0.8205,0.901,0.8333,0.8333,0.8182,0.8182,0.8182,0.9091,0.8333,0.8333,0.8969,0.8779,0.8113,,,,0.84,0.84,0.8387,,,,0.8693,0.8066,0.7921
1913419,1/27/2026 5:17,zver,ws,13500,-800,c,ts,1/26/2026,0:17:11,0,,,0.8889,w,0.9333,0.9231,0.9231,0.918,0.8925,0.8925,0.9434,0.9259,0.9259,0.8889,0.8889,0.8889,0.9167,0.9167,0.9,0.9063,0.9063,0.9063,,,,0.9471,0.9363,0.9344,,,,0.9014,0.89,0.8888
2094467,2/24/2026 4:31,vach,ws,14100,-525,l,ts,2/23/2026,23:31:59,0,,,0.84,w,0.9231,0.8113,0.8113,0.9194,0.841,0.841,0.901,0.901,0.8,0.7619,0.7619,0.7619,0.9333,0.9333,0.8462,0.8969,0.8208,0.7921,,,,0.8462,0.84,0.84,,,,0.8601,0.8113,0.7788
2145490,3/3/2026 23:45,kasi,ws,13700,-600,c,ts,3/3/2026,18:45:11,0,,,0.8571,w,0.931,0.8571,0.8571,0.9194,0.8534,0.8534,0.9259,0.8485,0.8485,0.8571,0.8571,0.8571,,0.8462,0.8462,0.8874,0.8779,0.8113,0.9167,0.8462,0.8462,0.878,0.8639,0.8639,,,,0.8734,0.8208,0.8134
2050559,2/17/2026 23:56,cerj,ws,61000,-495,l,ts,2/17/2026,18:56:08,0,,,0.8319,w,0.9412,0.8246,0.8246,0.9194,,,0.9524,0.8,0.8,,0.75,0.75,0.9474,0.8182,0.8182,,,,,,,0.8462,0.8319,0.8387,,,,0.9175,0.7763,0.7783
2011282,2/11/2026 20:03,augr,ws,16100,-1140,d,ts,2/11/2026,15:03:53,0,,,0.9194,w,0.9474,0.9474,0.9474,0.9194,0.9254,0.9254,0.9709,0.9709,0.9709,0.9333,0.9333,0.9333,,,,,,,,,,0.9794,0.9793,0.979,0.975,0.975,0.975,0.9314,0.9318,0.9316
2009005,2/11/2026 2:10,ugo,ws,18900,-450,c,ts,2/10/2026,21:10:15,0,,,0.8182,w,0.8824,,,0.9206,,,0.8851,,,0.8182,,,0.9,,,,,,,,,0.8693,,,0.8619,,,0.8469,,
2023781,2/13/2026 2:39,shel,ws,11700,-650,f,ts,2/12/2026,21:39:12,0,,,0.8667,w,0.8667,,0.8667,0.9206,,0.8958,0.9259,,0.8773,0.9333,,0.9231,0.9474,,0.9,0.9063,,0.8779,,,,0.917,,0.9156,,,,0.8797,,0.8573
1911177,1/26/2026 3:57,anis,ws,9300,-800,c,ts,1/25/2026,22:57:26,0,,,0.8889,w,0.9231,0.8824,0.8824,0.9219,0.9167,0.902,0.9346,0.893,0.893,0.8889,0.8889,0.8889,0.9333,0.9333,0.9,,,,,,,0.9324,0.9153,0.917,0.8959,0.8959,0.8959,0.8975,0.8686,0.8656
2068729,2/20/2026 17:35,alcz,ws,14600,-900,c,ts,2/20/2026,12:35:07,0,,,0.9,w,0.9474,,0.9333,0.9219,,0.9029,0.9524,,0.9434,0.9,,0.9,0.9259,,0.9091,0.9251,,0.9158,,,,0.9512,,0.9523,,,,0.9122,,0.9027
2049836,2/17/2026 18:17,alcz,ws,17500,-770,b,ts,2/17/2026,13:17:23,0,,,0.8851,w,0.9524,,0.9412,0.9231,,0.9242,0.8851,,0.9434,0.9524,,0.9524,0.9615,,0.9,,,,,,,0.939,,0.9291,0.953,,0.919,0.9034,,0.903
2002262,2/9/2026 14:51,sakk,ws,19700,-600,c,ts,2/9/2026,9:51:57,0,,,0.8571,w,0.9231,0.8667,0.8667,0.9231,0.9123,0.863,0.9091,0.9091,0.8701,0.8571,0.8571,0.8571,0.9333,0.9333,0.9,,,,,,,0.9065,0.8919,0.8936,0.922,0.8909,0.8909,0.8805,0.8599,0.843
1882526,1/22/2026 4:26,stea,ws,19200,-700,c,ts,1/21/2026,23:26:16,0,,,0.875,w,0.9167,0.9167,,0.9231,0.9231,,0.9346,0.893,,0.875,0.875,,0.9231,0.9231,,,,,,,,0.9387,0.8907,,,0.8328,,0.8951,0.8675,
1892194,1/24/2026 0:25,keys,ws,10500,-800,c,ts,1/23/2026,19:25:12,0,,,0.8889,w,0.9333,,,0.9231,,,0.9346,,,0.8889,,,0.9333,,,,,,,,,0.9417,,,,,,0.8986,,
1958039,2/3/2026 2:04,arak,ws,14300,-800,c,ts,2/2/2026,21:04:18,0,,,0.8889,w,0.9524,0.92,0.92,0.9231,0.8824,0.8824,0.9709,0.9434,0.9434,0.8889,0.8889,0.8889,,,,,,,,,,,,,,,,0.9022,0.8716,0.8716
2002486,2/9/2026 17:33,lame,ws,12400,-700,c,ts,2/9/2026,12:33:41,0,,,0.875,w,0.9286,0.92,0.92,0.9231,0.9123,0.9123,,,,0.875,0.875,0.875,,,,,,,,,,,,,,,,0.8879,0.8782,0.8782
2092868,2/23/2026 22:38,marz,ws,39900,-550,c,ts,2/23/2026,17:38:17,0,,,0.8462,l,0.9231,0.8571,0.8571,0.9242,0.878,0.878,0.9434,0.8773,0.8773,0.8462,0.8462,0.8462,0.9231,0.8824,0.8824,,,,,,,,,,,,,0.8973,0.8418,0.8418
2073286,2/21/2026 19:21,gald,ws,10000,-600,c,ts,2/21/2026,14:21:41,0,,,0.8571,w,0.92,0.92,0.875,0.9254,0.9254,0.9153,0.901,0.901,0.901,0.8571,0.8571,0.8571,0.9,0.9,0.9,0.8874,0.8874,0.8779,,,,0.9034,0.893,0.878,,,,0.8689,0.867,0.8536
1911104,1/26/2026 3:42,anis,ws,12300,-700,c,ts,1/25/2026,22:42:03,0,,,0.875,w,0.9259,,,0.9254,,,0.9259,,,0.875,,,0.9231,,,,,,,,,0.9177,,,0.8729,,,0.8894,,
2008030,2/11/2026 1:10,ugo,ws,13200,-700,c,ts,2/10/2026,20:10:59,0,,,0.875,w,0.9259,0.875,0.875,0.9254,0.9254,0.8649,0.9259,0.9259,0.893,0.875,0.875,0.875,0.9333,0.9333,0.8824,,,,,,,0.9095,0.8913,0.8876,0.8959,0.8959,0.8959,0.8888,0.8696,0.8492
2075003,2/21/2026 20:21,dole,ws,12500,-600,c,ts,2/21/2026,15:21:46,0,,,0.8571,w,0.9412,0.8889,0.8889,0.9254,0.8701,0.8701,0.9346,0.8621,0.8621,0.8571,0.8571,0.8571,0.4,0.4,0.4,0.9251,0.8779,0.8494,,,,,,,,,,0.872,0.8012,0.8012
2050338,2/17/2026 22:39,nakb,ws,12600,-1240,d,ts,2/17/2026,17:39:44,0,,,0.9254,w,0.9524,0.9524,0.9524,0.9254,0.9254,0.951,0.9709,0.9709,0.9709,0.9412,0.875,0.875,0.9474,0.9474,0.9474,,,,,,,0.9842,0.9893,0.9893,,,,0.9343,0.9281,0.9301
2011614,2/11/2026 22:23,grie,ws,22800,-600,c,ts,2/11/2026,17:23:44,0,,,0.8571,w,0.9231,,,0.9265,,,0.9259,,,0.8571,,,0.9333,,,0.8969,,,,,,0.9222,,,0.894,,,0.8865,,
2117300,2/27/2026 22:54,town,ws,12400,-700,c,ts,2/27/2026,17:54:05,0,,,0.875,w,0.92,0.8667,0.8667,0.9265,0.8925,0.8925,0.9434,0.893,0.893,0.875,0.875,0.875,0.9333,0.9333,0.8824,0.9063,0.9063,0.84,0.9167,0.8621,0.8621,0.9167,0.9034,0.9061,,,,0.8879,0.8607,0.8464
2011603,2/11/2026 21:59,foki,ws,10900,-1260,d,ts,2/11/2026,16:59:03,0,,,0.9265,w,0.9524,,0.9524,0.9265,,0.9432,0.9615,,0.9615,0.9722,,0.9722,0.9474,,0.9615,0.9533,,0.9439,,,,0.9771,,0.9818,0.999,,0.999,0.9343,,0.9346
1894039,1/24/2026 2:53,sinn,ws,18700,-1260,d,ts,1/23/2026,21:53:20,0,,,0.9265,w,0.96,0.96,0.96,0.9265,0.95,0.9451,,,,0.9615,0.9615,0.9615,0.9615,0.9615,0.9615,0.9533,0.9533,0.9627,,,,0.9881,0.9899,0.9899,,0.991,0.991,0.9391,0.9414,0.9427
2069214,2/20/2026 22:41,kord,ws,21300,-700,c,ts,2/20/2026,17:41:24,0,,,0.875,w,0.9375,0.9048,0.9048,0.9275,0.8876,0.8837,0.9434,0.893,0.901,0.875,0.875,0.875,0.9474,0.9,0.9,0.9063,0.8874,0.8874,,,,0.9142,0.916,0.9167,,,,0.8972,0.8658,0.8689
2051002,2/18/2026 0:42,day,ws,37600,-1300,d,ts,2/17/2026,19:42:11,0,,,0.9286,w,0.9783,0.9804,0.9804,0.9286,,,,,,0.9804,0.9804,0.9804,,,,,,,,,,,,,,,,0.952,,
2050194,2/17/2026 21:26,joda,ws,26000,-600,c,ts,2/17/2026,16:26:30,0,,,0.8571,w,0.9474,,,0.9296,,,0.9346,,,0.8571,,,0.9474,,,,,,,,,0.8925,,,,,,0.8881,,
2095101,2/24/2026 20:12,navo,ws,11300,-550,c,ts,2/24/2026,15:12:46,0,,,0.8462,w,0.875,0.8462,0.8462,0.9315,0.9048,0.9048,0.8851,0.8621,0.8621,0.8462,0.8462,0.8462,0.9231,0.9091,0.9091,,,,,,,0.9145,0.9083,0.9057,,,,0.8605,0.8397,0.8392
2050240,2/17/2026 21:49,joda,ws,11800,-1360,d,ts,2/17/2026,16:49:44,0,,,0.9315,w,0.96,0.96,0.9756,0.9315,0.9315,0.9545,0.9709,0.9709,0.9901,0.9524,0.9615,0.9615,0.9474,0.9474,0.9615,,,,,,,0.9855,,,,,,0.9392,0.939,0.9556
2101808,2/25/2026 21:19,priz,ws,16200,-1400,d,ts,2/25/2026,16:19:22,0,,,0.9333,l,0.9677,,,0.9333,,,0.9804,,,0.9722,,,0.9722,,,0.9533,,,,,,,,,,,,0.9463,,
2002456,2/9/2026 17:21,ocon,ws,38700,-500,c,ts,2/9/2026,12:21:29,0,,,0.8333,w,0.9259,,0.8305,0.9333,,0.8701,0.9434,,0.8621,0.8333,,0.8333,0.9474,,0.8621,0.9063,,0.8494,,,,0.898,,0.8795,,,0.844,0.8881,,0.8224
2145179,3/3/2026 21:39,agud,ws,22600,-550,c,ts,3/3/2026,16:39:55,0,,,0.8462,w,,,,0.9333,0.8701,0.8701,0.9524,0.8851,0.8851,0.8462,0.8462,0.8462,,,,,,,,,,0.8925,0.8925,0.8895,,,,0.8752,0.844,0.8428
2047257,2/16/2026 21:05,agst,ws,19200,-1400,d,ts,2/16/2026,16:05:41,0,,,0.9333,w,0.9677,0.9677,0.9677,0.9333,,0.939,0.9709,0.9709,0.9709,0.9615,0.9615,0.9615,0.9615,0.9615,0.9615,,,,,,,0.9872,0.9869,0.9869,,,,0.945,0.9467,0.945
1918456,1/28/2026 4:02,osom,ws,25600,-800,c,ts,1/27/2026,23:02:08,0,,,0.8889,w,0.9474,,,0.9333,,,,,,0.8889,,,,,,,,,,,,,,,,,,0.9075,,
2007466,2/10/2026 22:41,medj,ws,18600,-600,c,ts,2/10/2026,17:41:21,0,,,0.8571,w,0.931,0.8462,,0.9342,0.8559,,0.9259,0.8701,,0.8571,0.8571,,0.9333,0.9333,,0.8969,0.84,,,,,0.881,0.8802,,,,,0.8794,0.8305,
2009014,2/11/2026 2:10,ugo,ws,17700,-700,c,ts,2/10/2026,21:10:45,0,,,0.875,w,0.9375,0.8824,0.8824,0.9342,0.8969,0.9206,0.9346,0.8773,0.8851,0.875,0.875,0.875,0.9474,0.9,0.9,,,,,,,0.898,0.9091,0.9111,0.912,0.916,0.916,0.8934,0.8561,0.8607
2101794,2/25/2026 21:11,priz,ws,10600,-1440,d,ts,2/25/2026,16:11:54,0,,,0.9351,l,0.9677,,0.96,0.9351,,0.9275,0.9709,,0.9709,0.9722,,0.9722,0.9722,,0.9722,0.9439,,0.9439,,,,,,,,,,0.9418,,0.938
2086685,2/22/2026 3:21,paut,ws,40500,-625,l,ts,2/21/2026,22:21:49,0,,,0.8621,w,0.9375,0.8462,0.8462,0.9351,,,0.9434,0.8077,0.8413,0.875,0.875,0.875,0.9474,0.8571,0.8571,0.9251,0.8494,0.8302,,,,0.8621,0.8611,0.8649,,,,0.9086,0.8088,0.8145
2054412,2/18/2026 17:01,drog,ws,20100,-800,c,ts,2/18/2026,12:01:18,0,,,0.8889,w,0.9474,,,0.9351,,,,,,0.8889,,,,,,,,,,,,,,,,,,0.9075,,
1909776,1/25/2026 6:42,gauf,ws,12500,-800,c,ts,1/24/2026,1:42:09,0,,,0.8889,w,0.9375,0.9167,0.9167,0.9359,0.9194,0.9206,0.9434,0.9177,0.9177,0.8889,0.8889,0.8889,,,,0.9063,0.9063,0.8874,,,,0.9329,0.931,0.931,,,,0.9005,0.889,0.8853
1913901,1/27/2026 21:50,mont,ws,9700,-700,c,ts,1/27/2026,16:50:52,0,,,0.875,w,0.9167,0.8824,0.8824,0.9367,0.9,0.9,0.9346,0.901,0.901,0.875,0.875,0.875,,,,,,,,,,,,,,,,0.8852,0.8521,0.8521
2145303,3/3/2026 22:44,town,ws,15800,-710,f,ts,3/3/2026,17:44:06,0,,,0.8765,w,0.8765,0.8765,0.8765,0.9383,0.9231,0.918,0.9177,0.9177,0.901,0.9524,0.9333,0.9333,,,,0.9063,0.9063,0.8874,0.9412,0.9412,0.9231,0.9373,0.9306,0.9283,,,,0.8928,0.8857,0.8762
1911243,1/26/2026 4:15,anis,ws,9700,-900,c,ts,1/25/2026,23:15:36,0,,,0.9,w,0.9231,0.9,0.875,0.9383,0.9206,0.9091,0.9434,0.9434,0.9346,0.9,0.9,0.9,0.9474,0.9474,0.9231,,,,,,,0.949,0.9385,0.9317,0.8789,0.8789,0.8789,0.908,0.8972,0.8804
1890479,1/23/2026 6:09,much,ws,11400,-1520,d,ts,1/22/2026,1:09:14,0,,,0.9383,w,0.9524,0.9677,0.9677,0.9383,0.9545,0.9677,0.9901,0.9901,,0.9804,0.9804,0.9804,0.9615,0.9615,0.9756,0.9627,0.9627,0.9627,,,,,,,0.976,0.988,0.988,0.9451,0.9512,0.951
2049916,2/17/2026 19:39,snig,ws,11400,-1520,d,ts,2/17/2026,14:39:55,0,,,0.9383,w,0.9722,0.9677,0.9677,0.9383,0.9383,0.9383,,,,0.9615,0.9615,0.9615,,,,,,,,,,,,,0.994,0.994,0.994,0.9451,0.9416,0.9416
1890483,1/23/2026 6:10,much,ws,12200,-1540,d,ts,1/22/2026,1:10:26,0,,,0.939,w,0.9524,0.9677,0.9677,0.939,0.96,0.9697,0.9901,0.9901,,0.9804,0.9804,0.9804,0.9615,0.9615,0.9756,0.9627,0.9627,0.972,,,,,,,0.977,0.989,0.989,0.9462,0.9523,0.9544
1882900,1/22/2026 5:10,spiz,ws,10900,-750,e,ts,1/21/2026,0:10:34,0,,,0.8824,w,0.9231,0.9231,0.9231,0.9398,0.9398,0.9398,0.9259,0.9259,0.9259,0.9231,0.9231,0.9091,0.8824,0.8824,0.8824,0.8969,0.8969,0.8969,,,,0.9394,0.9288,0.9262,0.929,,0.91,0.893,0.8888,0.8869
2011631,2/11/2026 22:33,grie,ws,31900,-600,c,ts,2/11/2026,17:33:00,0,,,0.8571,w,0.9333,0.8889,0.8889,0.9398,0.8718,0.8824,0.9346,0.8551,0.8773,0.8571,0.8571,0.8571,0.9474,0.9,0.9,0.9158,0.8779,0.8779,,,,0.9399,0.9203,0.9203,0.8969,0.8969,0.8969,0.9031,0.8505,0.8563
2002347,2/9/2026 16:02,osta,ws,17800,-900,c,ts,2/9/2026,11:02:19,0,,,0.9,w,0.9259,0.8246,0.8246,0.9398,0.8667,0.8667,0.9524,0.8701,0.8701,0.9,0.9,0.9,0.9615,0.9,0.9,,,,,,,0.9,0.8964,0.9,0.8569,0.8569,0.8569,0.9148,0.8384,0.8395
2002346,2/9/2026 16:02,osta,ws,17800,-900,l,ts,2/9/2026,11:02:19,0,,,0.9,w,0.9259,0.8246,0.8246,0.9398,0.8667,0.8667,0.9524,0.8701,0.8701,0.9,0.9,0.9,0.9615,0.9,0.9,,,,,,,0.9,0.8964,0.9,0.8569,0.8569,0.8569,0.9148,0.8384,0.8395
2002339,2/9/2026 16:01,osta,ws,12400,-900,c,ts,2/9/2026,11:01:17,0,,,0.9,w,0.92,0.92,0.8667,0.9398,0.9398,0.8969,0.9524,0.9524,0.8851,0.9524,0.9,0.9,0.9615,0.9615,0.9091,,,,,,,0.9595,0.9408,0.9203,0.8919,0.8919,0.89,0.9179,0.9075,0.8619
1926744,1/29/2026 23:48,kord,ws,13200,-900,c,ts,1/29/2026,18:48:17,0,,,0.9,w,0.9474,,,0.9398,,,0.9615,,,0.9,,,,,,,,,,,,,,,,,,0.911,,
1981203,2/7/2026 2:21,gojo,ws,10500,-1560,d,ts,2/6/2026,21:21:39,0,,,0.9398,w,0.9783,0.9722,0.9722,0.9398,0.9643,0.9468,,,0.9804,0.9524,0.9524,0.9524,,,,,,,,,,,,,,,,0.9459,0.9479,0.9374
2095377,2/24/2026 22:42,agst,ws,10100,-800,c,ts,2/24/2026,17:42:01,0,,,0.8889,w,0.931,,0.8824,0.9412,,0.9107,0.9346,,0.901,0.8889,,0.8889,0.9474,,0.9091,,,,,,,0.927,,0.9283,,,,0.8983,,0.8721
2068744,2/20/2026 17:43,alcz,ws,19100,-800,c,ts,2/20/2026,12:43:43,0,,,0.8889,w,0.9412,0.9048,0.9048,0.9419,0.9138,0.9138,0.9524,0.9259,0.9259,0.8889,0.8889,0.8889,0.9355,0.9,0.9,0.9251,0.9251,0.9251,,,,0.9333,0.9333,0.9254,,,,0.9065,0.8885,0.8867
2074405,2/21/2026 20:02,gald,ws,41000,-600,c,ts,2/21/2026,15:02:34,0,,,0.8571,w,0.9524,0.8667,0.8667,0.9419,0.8485,0.8532,0.9709,0.9091,0.8851,0.8571,0.8571,0.8571,0.9524,0.875,0.875,0.9439,0.8969,0.859,,,,0.8864,0.8864,0.8824,,,,0.906,0.8452,0.839
2131811,3/1/2026 0:03,dard,ws,13600,-900,c,ts,2/28/2026,19:03:34,0,,,0.9,w,0.9259,0.9048,0.9048,0.9425,0.9231,0.9231,,,,0.9,0.9,0.9,0.9615,0.9615,0.9474,0.9346,0.9251,0.9251,0.9524,0.9333,0.9333,0.9593,0.9516,0.9516,,,,0.9113,0.8988,0.898
2053345,2/18/2026 3:36,paut,ws,10900,-1115,b,ts,2/17/2026,22:36:44,0,,,0.9177,w,0.9524,,0.9524,0.9432,,0.9432,0.9177,,0.9346,0.9722,,0.9722,0.9615,,0.9615,,,,,,,0.9789,,0.9627,,,,0.9264,,0.9236
2047058,2/16/2026 19:46,atma,ws,11200,-800,c,ts,2/16/2026,14:46:05,0,,,0.8889,w,0.9375,0.9048,0.9048,0.9432,,,0.9346,0.893,0.893,0.8889,0.8889,0.8889,0.9474,0.9231,0.9091,,,,,,,0.9298,0.9167,0.9209,,,,0.9014,0.8718,0.8711
2140427,3/2/2026 1:22,bucs,ws,45300,-500,c,ts,3/1/2026,20:22:57,0,,,0.8333,w,0.9375,,,0.9438,,,0.9615,,,0.8333,,,0.9474,,,0.9346,,,0.9615,,,0.8693,,,0.8227,,,0.8991,,
2101806,2/25/2026 21:18,priz,ws,17200,-1700,d,ts,2/25/2026,16:18:49,0,,,0.9444,l,0.9756,0.9804,0.9804,0.9444,0.9524,0.9524,0.9901,,,0.9804,0.9868,0.9868,0.9804,0.9868,0.9868,0.9533,0.9627,0.9627,,,,,,,,,,0.9532,0.9562,0.9562
2140303,3/2/2026 1:02,bucs,ws,13400,-900,c,ts,3/1/2026,20:02:54,0,,,0.9,w,0.9474,0.9,0.9,0.9444,0.9254,0.8876,0.9434,0.9434,0.901,0.9,0.9,0.9,0.9474,0.9474,0.9091,0.9158,0.9063,0.8874,0.9524,0.9524,0.9,0.9487,0.9234,0.9231,0.915,0.89,0.89,0.9112,0.895,0.8706
2047241,2/16/2026 20:59,agst,ws,10200,-1700,d,ts,2/16/2026,15:59:48,0,,,0.9444,w,0.9677,0.9677,0.9677,0.9444,0.9444,0.9485,0.9804,0.9804,0.9709,0.9722,0.9722,0.9615,0.9615,0.9615,0.9615,,,,,,,0.5238,0.9898,0.9879,,,,0.95,0.9491,0.9444
2054940,2/18/2026 21:51,chaa,ws,11200,-900,c,ts,2/18/2026,16:51:02,0,,,0.9,w,0.9474,,0.9091,0.9444,,0.902,,,,0.9,,0.9,,,,,,,,,,0.9301,,0.9156,,,,0.8991,,0.8716
2046907,2/16/2026 16:52,bado,ws,22300,-635,l,ts,2/16/2026,11:52:06,0,,,0.8639,w,0.9474,0.8462,0.8462,0.9451,0.8285,0.8285,0.9524,0.8621,0.8621,0.8462,0.8462,0.8462,0.9474,0.8462,0.8462,,,,,,,0.8667,0.8639,0.8621,,,,0.8899,0.8192,0.8182
2094840,2/24/2026 17:38,popy,ws,12100,-1760,d,ts,2/24/2026,12:38:36,0,,,0.9462,w,0.9677,0.9756,0.9756,0.9462,0.9615,0.9615,0.9901,0.9901,,0.9722,0.9722,0.9722,0.9615,0.9615,0.9756,,,,,,,,,,,,,0.9525,0.9574,0.9556
2011644,2/11/2026 22:42,mana,ws,25500,-900,c,ts,2/11/2026,17:42:57,0,,,0.9,w,0.96,,,0.9474,,,0.9434,,,0.9,,,0.9615,,,,,,,,,0.9502,,,0.969,,,0.9213,,
1918461,1/28/2026 4:02,osom,ws,29800,-900,c,ts,1/27/2026,23:02:33,0,,,0.9,w,0.96,0.9474,0.9474,0.9474,0.9315,0.9315,,,,0.9,0.9091,0.9091,,,,,,,,,,,,,,,,0.9249,0.9121,0.9121
2054593,2/18/2026 19:25,alcz,ws,15100,-1820,d,ts,2/18/2026,14:25:41,0,,,0.9479,w,0.9756,0.9756,0.9756,0.9479,0.9615,0.9615,,,,0.9804,0.9868,0.9868,0.9756,0.9756,0.9756,0.972,0.972,0.972,,,,0.9901,0.9901,0.9901,,,,0.9553,0.9569,0.9569
2097507,2/25/2026 1:43,frec,ws,15700,-700,c,ts,2/24/2026,20:43:50,0,,,0.875,w,0.9412,0.875,0.875,0.9485,0.8837,0.8837,0.9615,0.8773,0.8773,0.9412,0.875,0.875,0.8182,0.8182,0.8182,0.9251,0.8874,0.8684,,,,0.8901,0.8876,0.8837,,,,0.896,0.8438,0.8403
2090983,2/22/2026 22:06,lepc,ws,42100,-965,l,ts,2/22/2026,17:06:27,0,,,0.9061,w,0.96,0.8947,0.8947,0.9485,0.8701,0.8701,0.9804,0.8851,0.8851,0.9231,0.9231,0.9231,0.9722,0.9091,0.9091,0.9533,0.859,0.859,,,,0.9087,0.9061,0.9127,,,,0.9374,0.8586,0.8601
2049941,2/17/2026 19:47,snig,ws,17700,-1840,d,ts,2/17/2026,14:47:02,0,,,0.9485,w,0.9804,0.9804,0.9804,0.9485,0.96,0.96,,,,0.9804,0.9804,0.9804,,,,,,,,,,,,,0.997,0.997,0.997,0.9568,0.9591,0.9591
2136446,3/1/2026 5:10,cobo,ws,13300,-710,l,ts,2/28/2026,0:10:54,0,,,0.8765,w,0.9375,,0.8571,0.949,,0.84,0.9434,,0.8485,0.8182,,0.8182,0.9355,,0.8621,0.9063,,0.8494,0.9333,,0.84,0.8765,,0.883,,,,0.8893,,0.8165
2002664,2/9/2026 21:08,foki,ws,14700,-900,c,ts,2/9/2026,16:08:10,0,,,0.9,w,0.9524,0.931,0.931,0.949,0.949,0.9231,0.9615,0.9615,0.9177,0.9,0.9,0.9,0.9524,0.9524,0.9231,0.9346,0.9251,0.9063,,,,0.9615,0.9373,0.9373,0.9039,0.9039,0.9039,0.9122,0.9009,0.8888
2054598,2/18/2026 19:26,alcz,ws,11600,-1860,d,ts,2/18/2026,14:26:54,0,,,0.949,w,0.9756,0.9677,0.9677,0.949,0.949,0.9351,,,0.9901,0.9722,0.9722,0.9722,0.9756,0.9756,0.9615,0.972,0.972,0.9627,,,,0.9901,0.9901,0.9901,,,,0.9547,0.9504,0.9522
2069215,2/20/2026 22:47,kord,ws,17000,-900,c,ts,2/20/2026,17:47:45,0,,,0.9,w,0.9375,,,0.9495,,,0.9615,,,0.9,,,0.9333,,,0.9251,,,,,,0.9585,,,,,,0.9142,,
2006940,2/10/2026 17:44,hues,ws,33900,-800,c,ts,2/10/2026,12:44:18,0,,,0.8889,w,0.9524,0.8889,,0.9495,0.8901,0.8824,0.9709,0.9259,0.9091,0.9412,0.8889,0.8889,,,,,,,,,,,,,,,,0.9248,0.866,
1885508,1/23/2026 0:46,saba,ws,18900,-1600,c,ts,1/22/2026,19:46:48,0,,,0.9412,w,0.9756,0.9756,0.9756,0.9515,0.9515,0.9515,0.9804,0.9804,0.9804,0.9412,0.9524,0.9524,0.9756,0.9756,0.9756,0.972,0.972,0.972,,,,,,,,,,0.9513,0.952,0.952
1926552,1/29/2026 22:22,vera,ws,37400,-900,c,ts,1/29/2026,17:22:00,0,,,0.9,w,0.9677,0.92,0.92,0.9515,,,,0.9177,0.9177,0.9,0.9,0.9,,,,,,,,,,,,,,,,0.9312,,
2139301,3/1/2026 22:13,vidm,ws,10200,-1400,e,ts,3/1/2026,17:13:04,0,,,0.9333,w,0.9722,0.9722,0.9677,0.9524,0.9524,0.9524,0.9709,0.9709,0.9709,0.9615,0.9615,0.9615,0.9333,0.9333,0.9333,0.9533,0.9533,0.9533,0.9615,0.9615,0.9615,0.9863,0.983,0.9808,,,,0.94,0.9394,0.9382
2136415,3/1/2026 5:07,cobo,ws,13400,-1000,c,ts,2/28/2026,0:07:17,0,,,0.9091,w,0.9474,0.9259,0.9259,0.9545,0.9107,0.9107,0.9524,0.9177,0.9177,0.9091,0.9091,0.9231,0.9444,0.9444,0.9259,0.9251,0.9251,0.9158,0.9524,0.9524,0.9167,0.9675,0.9588,0.961,,,,0.9206,0.9048,0.8954
2140232,3/2/2026 0:47,jean,ws,15300,-900,c,ts,3/1/2026,19:47:33,0,,,0.9,w,0.9474,0.8947,0.8947,0.9545,0.9138,0.9138,0.9524,0.9524,0.893,0.9,0.9,0.9091,0.9524,0.9524,0.9231,0.9251,0.9251,0.9063,0.9524,0.9524,0.9,0.9478,0.9278,0.9278,0.925,0.925,0.925,0.9127,0.9014,0.8736
2054470,2/18/2026 18:28,alcz,ws,10600,-1600,c,ts,2/18/2026,13:28:50,0,,,0.9412,w,0.9783,0.9783,0.9783,0.9545,0.9545,0.9545,0.9615,0.9615,0.9524,0.9412,0.9412,0.9412,,,,0.9627,0.9627,0.9627,,,,0.9901,0.9901,0.9901,,,,0.9473,0.9466,0.9429
2145755,3/4/2026 0:09,town,ws,30300,-1000,c,ts,3/3/2026,19:09:45,0,,,0.9091,w,0.9677,0.931,0.931,0.9545,0.9038,0.9038,0.9901,0.9346,0.9346,0.9091,0.9091,0.9091,0.9524,0.9091,0.9091,0.9439,0.8779,0.8969,0.9677,0.9091,0.9091,0.954,0.9259,0.9278,,,,0.9335,0.8837,0.8897
2145378,3/3/2026 23:24,town,ws,15600,-2100,d,ts,3/3/2026,18:24:28,0,,,0.9545,w,0.9783,0.9836,0.9836,0.9545,0.963,0.975,0.9901,0.9901,,0.9868,0.9868,0.9868,0.9722,0.9722,0.9804,0.972,0.972,0.9814,0.9901,0.9901,0.9901,,,,,,,0.9611,0.9638,0.9652
2095038,2/24/2026 19:44,galf,ws,12000,-1000,c,ts,2/24/2026,14:44:56,0,,,0.9091,w,0.9474,0.9474,0.9231,0.9565,0.9565,0.9231,0.9434,0.9434,0.9091,0.9524,0.9091,0.9091,0.9524,0.9524,0.9231,,,,,,,0.9592,0.9535,0.9371,,,,0.9249,0.9181,0.8928
2104721,2/26/2026 1:46,atma,ws,20900,-700,c,ts,2/25/2026,20:46:00,0,,,0.875,w,0.9259,,,0.9565,,,0.9434,,,0.875,,,0.9474,,,0.9158,,,,,,0.9237,,,,,,0.8978,,
2138925,3/1/2026 21:05,pard,ws,28800,-1200,c,ts,3/1/2026,16:05:41,0,,,0.9231,w,0.9677,,0.9677,0.9565,,0.9565,0.9804,,0.9804,0.9231,,0.9804,0.9722,,0.9722,0.9533,,0.9533,0.9677,,0.9677,,,,,,,0.9427,,0.9467
1889818,1/23/2026 3:51,paut,ws,11600,-2200,d,ts,1/22/2026,22:51:41,0,,,0.9565,w,0.9756,0.9756,0.9756,0.9565,0.9565,0.9565,,,,,,,,,,0.9907,0.9907,0.9907,,,,,,,,,,0.9614,0.9597,0.9597
1892182,1/24/2026 0:20,pegu,ws,17500,-2200,d,ts,1/23/2026,19:20:51,0,,,0.9565,w,0.9804,0.9804,0.9804,0.9565,0.96,0.96,,,,0.9901,0.9901,0.9901,0.9836,0.9836,0.9836,,,,,,,,,,,,,0.9635,0.964,0.964
2046868,2/16/2026 15:59,mal,ws,32000,-1000,c,ts,2/16/2026,10:59:43,0,,,0.9091,w,0.9677,0.9677,0.9677,0.9565,0.9565,0.9565,,,,0.9091,0.9091,0.9091,,,,,,,,,,,,,,,,0.9347,0.9347,0.9347
2134060,3/1/2026 1:51,frec,ws,21100,-900,c,ts,2/28/2026,20:51:47,0,,,0.9,w,0.9412,0.8824,0.8824,0.9565,0.9091,0.9091,,,,0.9,0.9,0.9,0.9615,0.9231,0.9231,0.9251,0.8874,0.8494,0.9615,0.8889,0.8889,,,,,,,0.9176,0.8636,0.8592
2068753,2/20/2026 17:53,alcz,ws,9400,-900,c,ts,2/20/2026,12:53:11,0,,,0.9,w,0.92,0.92,0.8889,0.9583,0.9583,0.902,0.9615,0.9615,0.9259,0.9,0.9,0.9,0.9444,0.9444,0.9091,0.9251,0.9063,0.9063,,,,0.9422,0.932,0.932,,,,0.9078,0.9026,0.8824
2084557,2/22/2026 1:47,ymee,ws,31500,-710,l,ts,2/21/2026,20:47:21,0,,,0.8765,w,0.96,0.8667,0.8667,0.9583,0.8667,0.8667,0.9615,0.8198,0.8198,0.8333,0.8333,0.8333,0.9524,0.875,0.875,0.9533,0.9439,0.9346,,,,0.878,0.8742,0.8726,,,,0.9094,0.8198,0.8192
1886105,1/23/2026 1:19,saba,ws,13300,-1600,c,ts,1/22/2026,20:19:24,0,,,0.9412,w,0.9756,0.96,0.96,0.9583,0.9583,0.939,0.9709,0.9709,0.9615,0.9412,0.9412,0.9412,0.9756,0.9756,0.9615,0.972,0.9533,0.9533,,,,0.9901,0.9852,0.9839,,,,0.9486,0.9412,0.938
1872130,1/21/2026 1:17,paut,ws,33000,-2400,d,ts,1/20/2026,20:17:13,0,,,0.96,w,0.9877,0.9877,0.9877,0.96,0.9783,0.9783,,,,,0.9934,0.9934,0.9836,0.9836,0.9836,0.9907,0.9907,0.9907,,,,,,,,,,0.9716,0.9724,0.9724
1973924,2/5/2026 20:32,korp,ws,28800,-800,c,ts,2/5/2026,15:32:38,0,,,0.8889,w,0.9677,0.92,0.92,0.96,0.9432,0.8958,,,,0.8889,0.8889,0.8889,0.9615,0.9615,0.9,0.9346,0.8969,0.8874,,,,0.9408,0.9275,0.9267,,,,0.9155,0.8829,0.8723
2049798,2/17/2026 17:57,alcz,ws,20200,-2400,d,ts,2/17/2026,12:57:44,0,,,0.96,w,0.9877,0.9877,0.9877,0.96,,0.96,,,,0.9868,0.9868,0.9868,0.9756,0.9756,0.9756,,,,,,,,,,,,,0.9673,,0.9673
1883120,1/22/2026 5:33,anis,ws,26400,-1200,c,ts,1/21/2026,0:33:12,0,,,0.9231,w,0.96,0.96,0.9333,0.9615,0.9615,0.9231,0.9804,0.9524,0.9434,0.9231,0.9231,0.9231,0.9756,0.9756,0.9756,,,,,,,0.9875,0.9584,0.9594,0.948,0.9169,0.895,0.9412,0.9205,0.9121
1882888,1/22/2026 5:07,anis,ws,18800,-1400,c,ts,1/21/2026,0:07:37,0,,,0.9333,w,0.9677,0.9524,,0.9615,0.9615,,0.9804,0.9615,,0.9333,0.9333,,0.9756,0.9756,,,,,,,,0.9763,0.9731,,,,,0.9448,0.9294,
2054600,2/18/2026 19:28,alcz,ws,10600,-1250,f,ts,2/18/2026,14:28:32,0,,,0.9259,w,0.9259,0.9375,0.9375,0.9615,0.963,0.963,0.9804,0.9804,0.9804,0.9615,0.9615,0.9615,0.9756,0.9756,0.9756,0.9439,0.9533,0.9533,,,,,0.9806,0.9804,,,,0.9336,0.9395,0.9395
2009036,2/11/2026 2:12,ugo,ws,36700,-1100,l,ts,2/10/2026,21:12:51,0,,,0.9167,w,0.96,0.9167,0.9167,0.963,0.963,0.898,0.9709,0.9709,0.9177,0.9524,0.8889,0.8889,0.9615,0.9615,0.9091,,,,,,,0.9167,0.9187,0.9187,0.993,0.93,0.93,0.9434,0.9028,0.8817
2047283,2/16/2026 21:18,agst,ws,36400,-900,c,ts,2/16/2026,16:18:28,0,,,0.9,w,0.9677,,0.9231,0.963,,0.9057,0.9804,,0.9259,0.9,,0.9,0.9756,,0.9091,,,,,,,0.9327,,0.9306,,,,0.9304,,0.8896
1889034,1/23/2026 3:20,alcz,ws,33600,-2600,d,ts,1/22/2026,22:20:22,0,,,0.963,w,0.9877,,0.9877,0.963,,0.963,,,,0.995,,0.995,0.9836,,0.9836,0.9907,,0.9907,,,,0.9901,,0.9901,,,,0.9739,,0.9754
2024282,2/13/2026 3:03,shel,ws,23300,-1200,c,ts,2/12/2026,22:03:29,0,,,0.9231,w,0.9677,0.9677,,0.9643,0.9643,,0.9709,0.9709,,0.9231,0.9231,,0.9615,0.9615,,0.9439,0.9439,,,,,0.9852,0.9464,,,,,0.9391,0.9306,
2075802,2/21/2026 20:46,bren,ws,16000,-1200,c,ts,2/21/2026,15:46:50,0,,,0.9231,w,0.9524,0.9167,0.9167,0.9643,0.9351,0.9351,0.9804,0.9259,0.9259,0.9231,0.9231,0.9,0.9722,0.9722,0.9231,0.9439,0.9251,0.9251,,,,,,,,,,0.9345,0.8973,0.8899
2131692,2/28/2026 23:55,dard,ws,11100,-1200,c,ts,2/28/2026,18:55:53,0,,,0.9231,w,0.9524,,,0.9643,,,,,,0.9231,,,0.9615,,,0.9439,,,0.9677,,,0.9838,,,,,,0.9322,,
2011619,2/11/2026 22:25,grie,ws,55300,-600,c,ts,2/11/2026,17:25:18,0,,,0.8571,w,0.96,,,0.9655,,,0.9804,,,0.8571,,,0.9756,,,0.9439,,,,,,0.919,,,0.894,,,0.923,,
2114609,2/27/2026 3:21,zhas,ws,31100,-1000,c,ts,2/26/2026,22:21:20,0,,,0.9091,w,0.9677,0.931,0.931,0.9655,0.8876,0.8876,0.9804,0.8851,0.8851,0.9091,0.9091,0.9091,0.9756,0.9091,0.9091,0.9533,0.8969,0.8969,0.9677,0.9,0.9,0.932,0.932,0.9293,,,,0.934,0.8782,0.8776
2050373,2/17/2026 23:01,guo,ws,21300,-1200,c,ts,2/17/2026,18:01:01,0,,,0.9231,w,0.9722,0.9524,0.9524,0.9667,0.95,0.95,,,,0.9231,0.9231,0.9231,,,,,,,,,,0.9771,0.9779,0.9779,,,,0.9379,0.9265,0.9265
2002738,2/9/2026 21:54,nard,ws,39500,-1000,c,ts,2/9/2026,16:54:49,0,,,0.9091,w,0.9722,0.9355,0.9355,0.9688,0.9265,0.9265,,0.9524,0.9524,0.9091,0.9091,0.9091,,,,,,,,,,,,,,,,0.9404,0.8999,0.8999
2007502,2/10/2026 23:38,berr,ws,14200,-910,b,ts,2/10/2026,18:38:43,0,,,0.901,w,,,,0.9697,0.9697,0.9697,0.9091,0.9091,0.9091,0.9868,0.9868,0.9868,0.9756,0.9756,0.9756,,,,,,,,,,0.989,0.989,0.989,0.9167,0.9167,0.9167
2000456,2/8/2026 19:09,svaz,ws,10400,-1400,c,ts,2/8/2026,14:09:45,0,,,0.9333,w,0.9783,0.9474,0.9474,0.9697,0.9333,0.9333,0.9709,0.9346,0.9346,0.9333,0.9333,0.9333,0.9804,0.9333,0.9333,0.9533,0.9251,0.9251,,,,0.9643,0.9643,0.9667,0.961,0.961,0.961,0.9401,0.9102,0.9087
1907542,1/25/2026 2:06,saba,ws,32800,-1200,c,ts,1/24/2026,21:06:16,0,,,0.9231,w,0.9677,0.9474,0.9474,0.9697,0.9342,0.9342,0.9901,0.9615,0.9615,0.9231,0.9231,0.9333,0.9756,0.9615,0.9615,0.9627,0.9533,0.9533,,,,0.9837,0.9761,0.9771,0.955,0.955,0.955,0.9482,0.9302,0.9309
1911194,1/26/2026 4:03,anis,ws,13200,-1400,c,ts,1/25/2026,23:03:48,0,,,0.9333,w,0.9524,0.9412,0.9412,0.9706,0.96,0.9405,0.9709,0.9709,0.9615,0.9333,0.9333,0.9333,0.9756,0.9756,0.9615,,,,,,,0.9876,0.9777,0.9771,0.971,0.955,0.955,0.9421,0.9354,0.9297
1889408,1/23/2026 3:35,alcz,ws,15900,-3300,d,ts,1/22/2026,22:35:37,0,,,0.9706,w,0.9877,0.9877,0.9877,0.9706,0.9783,0.9783,,,,0.9967,0.9967,0.9967,0.9836,0.9836,0.9836,0.9907,0.9907,0.9907,,,,0.9901,0.9901,0.9901,,,,0.9749,0.9754,0.9754
1895201,1/24/2026 5:04,sinn,ws,22900,-3300,d,ts,1/23/2026,0:04:09,0,,,0.9706,w,0.995,,0.995,0.9706,,0.9792,,,,0.9901,,0.9901,0.9934,,0.9934,0.9907,,0.9907,,,,,,,,,,0.9767,,0.9775
1974117,2/5/2026 21:14,fils,ws,10800,-1600,c,ts,2/5/2026,16:14:17,0,,,0.9412,w,0.9756,,0.9524,0.9706,,0.9419,,,0.9615,0.9412,,0.9412,0.9756,,0.9615,,,,,,,0.9869,,0.9791,,,,0.9511,,0.9332
2135913,3/1/2026 4:09,bucs,ws,16500,-1400,c,ts,2/28/2026,23:09:23,0,,,0.9333,w,0.9756,0.96,0.96,0.9706,0.96,0.96,,,,0.9333,0.9333,0.9333,0.9756,0.9756,0.9615,0.9533,0.9439,0.9346,,,,0.9899,0.9847,0.9845,,,,0.9435,0.9363,0.9327
2007489,2/10/2026 23:32,berr,ws,15000,-670,b,ts,2/10/2026,18:32:01,0,,,0.8701,w,0.9,0.8824,0.8824,0.9722,0.9722,0.9722,0.8701,0.8701,0.8701,0.9868,0.9868,0.9901,0.9756,0.9756,0.9756,,,,,,,,,,,,,0.8864,0.8785,0.8792
2128726,2/28/2026 22:31,hanf,ws,36400,-1000,c,ts,2/28/2026,17:31:43,0,,,0.9091,w,0.9804,0.9375,0.9375,0.9722,0.9206,0.899,0.9524,0.9524,0.9524,0.9091,0.9091,0.9091,0.9836,0.9333,0.9231,0.9627,0.8969,0.9158,0.9901,0.9333,0.9333,0.9539,0.9516,0.9361,,,,0.938,0.9055,0.9026
2001400,2/8/2026 20:26,svaz,ws,53000,-925,l,ts,2/8/2026,15:26:23,0,,,0.9024,w,0.9722,,,0.9737,,,0.9901,,,0.9333,,,0.9804,,,0.9533,,,,,,0.9024,,,0.9139,,,0.947,,
2001402,2/8/2026 20:26,svaz,ws,33600,-1400,c,ts,2/8/2026,15:26:24,0,,,0.9333,w,0.9722,0.8947,0.8947,0.9737,0.8718,0.8718,0.9901,0.8851,0.8851,0.9333,0.9333,0.9412,0.9804,0.8889,0.8889,0.9627,0.8874,0.8874,,,,0.9048,0.9083,0.9184,0.9139,0.9139,0.936,0.953,0.8624,0.8649
2089084,2/22/2026 19:03,chaa,ws,28300,-1200,c,ts,2/22/2026,14:03:31,0,,,0.9231,w,0.9677,,,0.9744,,,,,,0.9615,,,,,,,,,,,,,,,,,,0.9485,,
1973667,2/5/2026 19:23,augr,ws,37800,-1000,c,ts,2/5/2026,14:23:12,0,,,0.9091,w,0.9677,,,0.975,,,,,,0.9091,,,,,,0.9533,,,,,,,,,,,,0.9391,,
2002618,2/9/2026 19:15,nakb,ws,45000,-2000,c,ts,2/9/2026,14:15:36,0,,,0.9524,w,0.998,0.9677,0.9677,0.975,0.975,0.9677,,,0.9804,0.9524,0.9524,0.9524,,,0.9722,0.9907,0.972,0.9533,,,,,,,,,,0.9732,0.947,0.9448
2019948,2/12/2026 21:04,much,ws,13100,-2000,c,ts,2/12/2026,16:04:36,0,,,0.9524,w,0.9804,,,0.975,,,,,,0.9524,,,0.9836,,,0.972,,,,,,,,,,,,0.9583,,
2089104,2/22/2026 19:05,chaa,ws,28500,-1200,c,ts,2/22/2026,14:05:18,0,,,0.9231,w,0.9677,0.9355,0.9355,0.975,0.9405,0.9383,,,,0.9231,0.9231,0.9231,,,,,,,,,,,,,,,,0.9425,0.8989,0.8986
1907553,1/25/2026 2:07,saba,ws,12800,-2500,c,ts,1/24/2026,21:07:22,0,,,0.9615,w,0.9877,0.9877,0.9877,0.9756,0.9825,0.9825,,,,0.9615,0.9615,0.9615,0.9836,0.9836,0.9836,0.9814,0.9814,0.972,,,,,,,0.998,0.998,0.998,0.9662,0.9646,0.9625
2011591,2/11/2026 21:37,kopr,ws,42500,-550,c,ts,2/11/2026,16:37:31,0,,,0.8462,w,0.9677,0.8462,0.8462,0.9767,0.8718,0.8718,0.9804,0.8701,0.8701,0.8462,0.8462,0.8462,0.7647,0.7647,0.7647,0.9439,0.84,0.8302,,,,0.8824,0.8817,0.8817,,0.8609,0.8609,0.908,0.8227,0.8217
1889739,1/23/2026 3:47,alcz,ws,13900,-4200,d,ts,1/22/2026,22:47:52,0,,,0.9767,w,0.995,0.995,0.995,0.9767,0.9901,0.9901,,,,0.9967,0.9967,0.9967,0.9934,0.9934,0.9934,,,,,,,0.9901,0.9901,0.9901,,,,0.9798,0.9831,0.9831
2050130,2/17/2026 20:58,crok,ws,19700,-1000,c,ts,2/17/2026,15:58:29,0,,,0.9091,w,0.9783,,0.9286,0.9783,,0.9167,,,,0.9091,,0.9,,,,,,,,,,0.9349,,0.934,0.931,,0.927,0.9258,,0.8899
2107976,2/26/2026 5:10,bell,ws,47600,-765,l,ts,2/25/2026,0:10:06,0,,,0.8844,w,0.9756,0.8571,0.8571,0.9787,,0.8483,0.9901,0.9901,0.8851,0.875,0.875,0.875,0.9756,0.9756,0.8571,0.9533,0.9251,0.859,0.9901,0.9901,0.8571,0.8844,0.8817,0.883,,,,0.9302,0.9138,0.8325
2104283,2/26/2026 1:34,dard,ws,27200,-1200,c,ts,2/25/2026,20:34:46,0,,,0.9231,w,0.9677,0.9231,,0.9787,0.9275,,0.9901,0.9177,,0.9231,0.9231,,0.9804,0.9231,,0.9627,0.9439,,,,,0.9585,0.9444,,,,,0.9417,0.8998,
2075077,2/21/2026 20:24,trev,ws,32400,-1200,e,ts,2/21/2026,15:24:52,0,,,0.9231,w,0.9722,0.9836,0.9836,0.9792,,,,,,,,,0.9231,0.9231,0.9231,0.9627,0.9907,0.9907,,,,,,,,,,0.945,,
2047824,2/17/2026 0:33,giro,ws,15200,-1600,c,ts,2/16/2026,19:33:57,0,,,0.9412,w,,,,0.9796,0.9796,,,,0.9524,0.9412,0.9412,0.9524,0.9836,0.9836,0.9836,0.972,0.9627,0.9533,,,,,0.9704,0.9751,,,,0.9495,0.9386,0.9328
2028249,2/14/2026 5:56,bolt,ws,39300,-1400,c,ts,2/13/2026,0:56:18,0,,,0.9333,l,0.9836,0.9524,0.9524,0.9815,0.9286,0.9231,,0.9524,0.9709,0.9333,0.9333,0.9333,,,,,,,,,,,,,,,,0.9562,0.9127,0.9188
2007485,2/10/2026 23:28,berr,ws,57300,-530,b,ts,2/10/2026,18:28:45,0,,,0.8413,w,0.9756,,0.96,0.9818,,0.9714,0.8413,,0.8,0.9868,,0.9868,0.9836,,0.9756,,,,,,,,,,,,,0.917,,0.8946
1895258,1/24/2026 5:15,shel,ws,10600,-2500,c,ts,1/23/2026,0:15:17,0,,,0.9615,w,0.9804,0.9756,,0.9828,0.9828,,,,,0.9615,0.9615,,0.9836,0.9836,,,,,,,,,,,0.991,0.991,,0.9655,0.9537,
2047119,2/16/2026 20:15,wong,ws,27200,-1600,c,ts,2/16/2026,15:15:49,0,,,0.9412,w,0.9756,0.9524,,0.9828,0.963,,,0.9524,,0.9412,0.9412,,0.9836,0.9615,,0.972,0.9439,,,,,,,,,,,0.9554,0.9298,
1873445,1/21/2026 2:23,shna,ws,12800,-2500,c,ts,1/20/2026,21:23:51,0,,,0.9615,w,0.9804,0.9804,0.9677,0.9833,0.9833,0.9833,,,,0.9615,0.9615,0.9615,0.9934,0.9934,0.9934,0.9814,0.9814,0.9814,,,,,,,0.993,0.993,0.993,0.9662,0.9643,0.9565
1873442,1/21/2026 2:23,shna,ws,12800,-2500,c,ts,1/20/2026,21:23:46,0,,,0.9615,w,0.9804,0.9677,,0.9833,0.9833,,,,,0.9615,0.9615,,0.9934,0.9934,,0.9814,0.9814,,,,,,,,0.993,0.993,,0.9643,0.9565,
2045623,2/15/2026 21:47,mont,ws,19700,-2500,c,ts,2/15/2026,16:47:57,0,,,0.9615,w,0.9877,0.96,0.96,0.9833,0.898,0.898,,0.9709,0.9709,0.9615,0.9615,0.9615,,,,0.9907,0.9346,0.9346,,,,0.9705,0.976,0.9745,,0.987,0.987,0.9684,0.9307,0.9303
2094523,2/24/2026 5:27,kovc,ws,19800,-2140,l,ts,2/23/2026,0:27:37,0,,,0.9554,w,0.9804,0.9333,,0.9833,0.98,,,,,0.9804,0.9231,,0.9756,0.9756,,,,,,,,0.9554,0.9563,,,,,0.9634,0.9177,
2042698,2/15/2026 16:22,wong,ws,30000,-1200,c,ts,2/15/2026,11:22:12,0,,,0.9231,w,0.9836,,,0.9841,,,,,,0.9231,,,0.9934,,,0.972,,,,,,0.9534,,,0.948,,,0.9434,,
2075086,2/21/2026 20:25,trev,ws,41100,-1200,e,ts,2/21/2026,15:25:20,0,,,0.9231,w,0.9722,0.9722,0.9722,0.9841,,0.9792,,,,0.9868,0.9868,0.9868,0.9231,0.9231,0.9231,0.9814,0.9627,0.9627,,,,,,,,,,0.9481,0.9409,0.9466
2046893,2/16/2026 16:27,mal,ws,15800,-2000,c,ts,2/16/2026,11:27:45,0,,,0.9524,w,0.9804,,0.9474,0.9853,,0.951,,,,0.9524,,0.9615,,,,,,,,,,,,,,,,0.9594,,0.9265
1913979,1/27/2026 22:23,mont,ws,25100,-2000,c,ts,1/27/2026,17:23:04,0,,,0.9524,w,0.9836,,0.96,0.9863,,0.9524,,,0.9901,0.9524,,0.9615,,,,,,,,,,,,,,,,0.9631,,0.9413
2042734,2/15/2026 16:57,smia,ws,21500,-2000,c,ts,2/15/2026,11:57:41,0,,,0.9524,w,0.9836,,0.9677,0.9888,,0.9688,,,,0.9524,,0.9524,,,,,,,,,,,,0.9837,0.998,,0.979,0.9616,,0.9437
2007407,2/10/2026 21:28,kecm,ws,32600,-2440,l,ts,2/10/2026,16:28:35,0,,,0.9606,w,0.9877,0.9333,0.9333,0.9901,0.9901,0.9333,,0.9346,0.9346,,0.9333,0.9333,0.9934,0.9934,0.9474,0.9814,0.9533,0.9346,,,,0.9606,0.9597,0.9597,0.999,0.961,0.961,0.9719,0.9233,0.9109
2120083,2/28/2026 6:34,tiaf,ws,62300,-1600,c,ts,2/27/2026,1:34:18,0,,,0.9412,w,0.9877,0.931,0.931,0.9901,0.9219,0.9219,,0.9177,0.9177,0.9412,0.9412,0.9412,0.9934,0.9333,0.9333,0.9907,0.9251,0.8969,0.9901,0.9412,0.9412,0.9478,0.9465,0.9446,,,,0.9726,0.9021,0.899
2049740,2/17/2026 16:48,osuw,ws,25000,-3500,c,ts,2/17/2026,11:48:06,0,,,0.9722,w,0.995,0.9804,0.9804,0.995,0.9773,0.9773,,,,0.9722,0.9722,0.9722,,,,,,,,,,,,,0.998,0.998,0.998,0.9784,0.9609,0.9609
2089820,2/22/2026 19:56,osuw,ws,13800,-2000,c,ts,2/22/2026,14:56:23,0,,,0.9524,w,0.9804,0.96,0.96,0.995,0.995,0.9767,,,0.9615,0.9524,0.9524,0.9524,0.995,0.995,0.9722,0.972,0.9627,0.9533,,,,,,,,,,0.9586,0.9473,0.938
2093509,2/24/2026 1:46,priz,ws,13000,-2000,c,ts,2/23/2026,20:46:55,0,,,0.9524,w,0.9877,0.9474,0.9474,0.995,0.9855,0.9438,,,0.9615,0.9524,0.9524,0.9524,,,0.9474,0.9814,0.9814,0.9439,,,,0.9752,0.976,0.9737,,,,0.9575,0.9422,0.9269
2045091,2/15/2026 20:42,cerf,ws,35000,-3500,c,ts,2/15/2026,15:42:25,0,,,0.9722,w,0.995,0.9677,0.9677,0.998,0.9714,0.9714,,,,0.9722,0.9722,0.9722,0.998,0.998,0.9756,,,,,,,,,,,,,0.9807,0.9563,0.9519
2097108,2/25/2026 1:27,svrc,ws,93200,-600,e,ts,2/24/2026,20:27:35,0,,,0.8571,w,0.998,0.998,0.998,0.999,,,,,,0.998,0.998,0.998,0.8571,0.8571,0.8571,,,,,,,,,,,,,0.9682,,
